an_component,an_table,an_column,op_component,op_table,op_column,source_expr
AMLS,AML_USER_INFO,MBR_ID,AMLS,AML_USER_INFO,USER_ID,
AMLS,AML_USER_INFO,SYS_CRE_DTTM,AMLS,AML_USER_INFO,,"from_unixtime(unix_timestamp(CREATED, 'yyyy/MM/dd HH:mm:ss'))"
AMLS,AML_USER_INFO,ASP_ID,AMLS,AML_USER_INFO,ASP_ID,
AMLS,AML_USER_INFO,EXN_DT,AMLS,AML_USER_INFO,EXPIRY_DT,
AMLS,AML_USER_INFO,MBR_ACT_ST_CD,AMLS,AML_USER_INFO,USER_STATUS,
AMLS,AML_USER_INFO,AML_ST_CD,AMLS,AML_USER_INFO,AML_STATUS,
AMLS,AML_USER_INFO,AML_RSP_CD,AMLS,AML_USER_INFO,AML_ORIGIN_STATUS,
AMLS,AML_USER_INFO,JYN_YN,AMLS,AML_USER_INFO,MINOR_YN,
AMLS,AML_USER_INFO,AML_MBR_EDD_HIST_SNO,AMLS,AML_USER_INFO,RECENT_EDD_ID,
AMLS,AML_USER_INFO,RE_EXCU_DT,AMLS,AML_USER_INFO,AML_RETRY_EXE_DT,
AMLS,AML_USER_INFO,SYS_UPD_DTTM,AMLS,AML_USER_INFO,,"from_unixtime(unix_timestamp(UPDATED, 'yyyy/MM/dd HH:mm:ss'))"
AMLS,AML_USER_INFO,EXCU_DTTM,AMLS,AML_USER_INFO,,"from_unixtime(unix_timestamp(AML_EXE_DT, 'yyyy/MM/dd HH:mm:ss'))"
AMLS,AML_USER_INFO,ERR_TID,AMLS,AML_USER_INFO,ERROR_TID,
AMLS,AML_USER_INFO,ERR_DTTM,AMLS,AML_USER_INFO,,"from_unixtime(unix_timestamp(ERROR_DT, 'yyyy/MM/dd HH:mm:ss'))"
AMLS,AML_USER_INFO,tr_rjct_rsn_cn,AMLS,AML_USER_INFO,TR_RJCT_RSN_CN,
BIZ,CCP_CARD,par_no,BIZ,CCP_CARD,PAR,
BIZ,CCP_CARD,sys_cre_dttm,BIZ,CCP_CARD,,"from_unixtime(unix_timestamp(REG_DATE, 'yyyy/MM/dd HH:mm:ss'))"
BIZ,CCP_CARD,entp_ptn_id,BIZ,CCP_CARD,PARTNER_ID,
BIZ,CCP_CARD,AFC_CRD_PRD_SNO,BIZ,CCP_CARD,PRODUCT_SEQ,
BIZ,CCP_CARD,sys_upd_dttm,BIZ,CCP_CARD,,"from_unixtime(unix_timestamp(UPT_DATE, 'yyyy/MM/dd HH:mm:ss'))"
BIZ,CCP_CARD,corp_crd_mgmt_stf_id,BIZ,CCP_CARD,CORP_CARD_MANAGER_ID,
BIZ,CCP_CARD,STF_ID,BIZ,CCP_CARD,EMPLOYEE_ID,
BIZ,CCP_CARD,bsc_stn_use_yn,BIZ,CCP_CARD,DEFAULT_SETTING_YN,
BIZ,CCP_CARD,corp_crd_comn_use_yn,BIZ,CCP_CARD,CORP_PUBLIC_USE_YN,
BIZ,CCP_CARD,corp_crd_bala_lmt_amt,BIZ,CCP_CARD,CORP_CARD_BALANCE_LIMIT,
BIZ,CCP_CARD,dscr_cn,BIZ,CCP_CARD,EXPLANATION,
BIZ,CCP_CARD,corp_crd_orgz_no,BIZ,CCP_CARD,CORP_CARD_MANAGE_PART_CD,
BIZ,CCP_CARD,crd_dsb_dtl_dttm,BIZ,CCP_CARD,,"from_unixtime(unix_timestamp(ASSIGNMENT_DATE, 'yyyy/MM/dd HH:mm:ss'))"
BIZ,CCP_CARD,crd_end_rqs_dtl_dttm,BIZ,CCP_CARD,,"from_unixtime(unix_timestamp(SUSPEND_DATE, 'yyyy/MM/dd HH:mm:ss'))"
BIZ,CCP_CARD,ort_type_cd,BIZ,CCP_CARD,OPERATION_TYPE,
BIZ,CCP_CARD,CORP_SVC_AL_TYPE_CD,BIZ,CCP_CARD,AFFILIATE_TYPE,
BIZ,CCP_CARD,mbr_id,BIZ,CCP_CARD,WALLET_USER_ID,
BIZ,CCP_CARD,crd_tak_yn,BIZ,CCP_CARD,RECEIVE_YN,
BIZ,CCP_CARD,act_rqs_owr_dv_cd,BIZ,CCP_CARD,ACTIVE_REQUESTER,
BIZ,CCP_CARD,bp_svc_grp_id,BIZ,CCP_CARD,PORTAL_SERVICE_GROUP_ID,
BIZ,CCP_MEMBER,BP_OPR_ID,BIZ,CCP_MEMBER,MEMBER_ID,
BIZ,CCP_MEMBER,OPR_NM,BIZ,CCP_MEMBER,NAME,
BIZ,CCP_MEMBER,SYS_CRE_DTTM,BIZ,CCP_MEMBER,,"from_unixtime(to_unix_timestamp(REG_DATE, 'yyyy/MM/dd HH:mm:ss'))"
BIZ,CCP_MEMBER,SYS_UPD_DTTM,BIZ,CCP_MEMBER,,"from_unixtime(to_unix_timestamp(UPT_DATE, 'yyyy/MM/dd HH:mm:ss'))"
BIZ,CCP_MEMBER,PTN_ID,BIZ,CCP_MEMBER,PARTNER_ID,
BIZ,CCP_MEMBER,FNL_LGIN_DTL_DTTM,BIZ,CCP_MEMBER,,"from_unixtime(to_unix_timestamp(LASTLOGIN_DATE, 'yyyy/MM/dd HH:mm:ss'))"
BIZ,CCP_MEMBER,PSWD_UPD_DTL_DTTM,BIZ,CCP_MEMBER,,"from_unixtime(to_unix_timestamp(PASSWD_UPT_DATE, 'yyyy/MM/dd HH:mm:ss'))"
BIZ,CCP_MEMBER,LAST_LGIN_DTL_DTTM,BIZ,CCP_MEMBER,LOGIN_FAILCOUNT,
BIZ,CCP_MEMBER,OPR_ACC_ACT_ST_CD,BIZ,CCP_MEMBER,STATUS,
BIZ,CCP_MEMBER,BP_OPR_GRP_ID,BIZ,CCP_MEMBER,MEMBER_GROUP_SEQ,
BIZ,CCP_MEMBER,PSWD_INIT_YN,BIZ,CCP_MEMBER,PASSWD_RESET_YN,
BIZ,CCP_MEMBER,PSNL_INFO_INQ_PSBL_YN,BIZ,CCP_MEMBER,PRIVACY_VIEW_YN,
BIZ,CCP_MEMBER,LGIN_ID,BIZ,CCP_MEMBER,LOGIN_ID,
BIZ,CCP_MEMBER,MTN_IDFR_CD,BIZ,CCP_MEMBER,LANGUAGE,
BIZ,CCP_MEMBER,HIER_PTN_ID,BIZ,CCP_MEMBER,PARENT_PARTNER_ID,
BIZ,CCP_MEMBER,BP_SVC_GRP_ID,BIZ,CCP_MEMBER,PORTAL_SERVICE_GROUP_ID,
BIZ,CCP_MEMBER,HDQ_KA_ID,BIZ,CCP_MEMBER,BONBU_ID,
BIZ,CCP_MEMBER,PRVC_MGMT_KA_ID,BIZ,CCP_MEMBER,GIFT_CERT_PARTNER_ID,
BIZ,CCP_MEMBER,PSNL_INFO_TT_AGRM_DTL_DTTM,BIZ,CCP_MEMBER,,"from_unixtime(to_unix_timestamp(PRIVACY_AGREE_DATE, 'yyyy/MM/dd HH:mm:ss'))"
BIZ,CCP_MEMBER,PSNL_INFO_TT_AGRM_YN,BIZ,CCP_MEMBER,PRIVACY_AGREE_YN,
BIZ,CCP_MEMBER,SECR_WTOH_AGRM_DTL_DTTM,BIZ,CCP_MEMBER,,"from_unixtime(to_unix_timestamp(SECURITY_AGREE_DATE, 'yyyy/MM/dd HH:mm:ss'))"
BIZ,CCP_MEMBER,PISP_AGRM_YN,BIZ,CCP_MEMBER,SECURITY_AGREE_YN,
BIZ,CCP_MEMBER_GROUP,BP_OPR_GRP_ID,BIZ,CCP_MEMBER_GROUP,SEQ,
BIZ,CCP_MEMBER_GROUP,OPR_GRP_NM,BIZ,CCP_MEMBER_GROUP,NAME,
BIZ,CCP_MEMBER_GROUP,HIER_BP_OPR_GRP_SNO,BIZ,CCP_MEMBER_GROUP,PARENTS_SEQ,
BIZ,CCP_MEMBER_GROUP,OPR_GRP_AUTH_LVL_CD,BIZ,CCP_MEMBER_GROUP,ACL,
BIZ,CCP_MEMBER_GROUP,DSCR_CN,BIZ,CCP_MEMBER_GROUP,EXPLANATION,
BIZ,CCP_MEMBER_GROUP,BP_SVC_GRP_ID,BIZ,CCP_MEMBER_GROUP,PORTAL_SERVICE_GROUP_ID,
BIZ,CCP_MEMBER_LOG,OPR_ACTV_REC_NO,BIZ,CCP_MEMBER_LOG,SEQ,
BIZ,CCP_MEMBER_LOG,LOG_REC_TYPE_CD,BIZ,CCP_MEMBER_LOG,CRUD,
BIZ,CCP_MEMBER_LOG,ACTV_URL,BIZ,CCP_MEMBER_LOG,ACTIVITY_URL,
BIZ,CCP_MEMBER_LOG,DSCR_CN,BIZ,CCP_MEMBER_LOG,EXPLANATION,
BIZ,CCP_MEMBER_LOG,IP_ADDR,BIZ,CCP_MEMBER_LOG,IP,
BIZ,CCP_MEMBER_LOG,SEVR_NM,BIZ,CCP_MEMBER_LOG,HOST,
BIZ,CCP_MEMBER_LOG,DATA_CRE_DTTM,BIZ,CCP_MEMBER_LOG,,"from_unixtime(to_unix_timestamp(REG_DATE, 'yyyy/MM/dd HH:mm:ss'))"
BIZ,CCP_MEMBER_LOG,BP_OPR_ID,BIZ,CCP_MEMBER_LOG,MEMBER_ID,
BIZ,CCP_MEMBER_LOG,pt_reg_dt,BIZ,CCP_MEMBER_LOG,,"translate(substr(REG_DATE,1,7),'/','')"
BIZ,CCP_PARTNER,PTN_ID,BIZ,CCP_PARTNER,PARTNER_ID,
BIZ,CCP_PARTNER,PTN_NM,BIZ,CCP_PARTNER,NAME,
BIZ,CCP_PARTNER,CON_PRCS_ST_CD,BIZ,CCP_PARTNER,STATUS,
BIZ,CCP_PARTNER,SYS_CRE_DTTM,BIZ,CCP_PARTNER,,"from_unixtime(to_unix_timestamp(REG_DATE, 'yyyy/MM/dd HH:mm:ss'))"
BIZ,CCP_PARTNER,SYS_UPD_DTTM,BIZ,CCP_PARTNER,,"from_unixtime(to_unix_timestamp(UPT_DATE, 'yyyy/MM/dd HH:mm:ss'))"
BIZ,CCP_PARTNER,BZNO,BIZ,CCP_PARTNER,BUSINESS_REG_NO,
BIZ,CCP_PARTNER,RSVT_DSB_PNT,BIZ,CCP_PARTNER,RESERVATION_POINT,
BIZ,CCP_PARTNER,RSVT_DSB_TRGT_WO_DSB_AMT,BIZ,CCP_PARTNER,RESERVATION_AMOUNT,
BIZ,CCP_PARTNER,ASP_ID,BIZ,CCP_PARTNER,ASP_ID,
BIZ,CCP_PARTNER,BP_SVC_GRP_ID,BIZ,CCP_PARTNER,PORTAL_SERVICE_GROUP_ID,
BIZ,CCP_PARTNER,ROLE_CD,BIZ,CCP_PARTNER,ROLE_CD,
BIZ,CCP_PARTNER,HIER_PTN_ID,BIZ,CCP_PARTNER,PARENT_PARTNER_ID,
BIZ,CCP_PARTNER,STTC_DATA_INQ_PTIM_STRT_DT,BIZ,CCP_PARTNER,SERVICE_START_DATE,
BIZ,CCP_PRODUCT,SVC_ID,BIZ,CCP_PRODUCT,SVC_ID,
BIZ,CCP_PRODUCT,AFC_CRD_PRD_SNO,BIZ,CCP_PRODUCT,SEQ,
BIZ,CCP_PRODUCT,ENTP_PTN_ID,BIZ,CCP_PRODUCT,PARTNER_ID,
BIZ,CCP_PRODUCT,ACHRG_YN,BIZ,CCP_PRODUCT,AUTO_RECHARGE_YN,
BIZ,CCP_PRODUCT,BIZ_RC_NO,BIZ,CCP_PRODUCT,AUTO_RECHARGER_SEQ,
BIZ,CCP_PRODUCT,ACHRG_FOM_CD,BIZ,CCP_PRODUCT,AUTO_RECHARGE_TYPE,
BIZ,CCP_PRODUCT,ACHRG_FXTM_UNIT_DV_CD,BIZ,CCP_PRODUCT,AUTO_RECHARGE_UNIT,
BIZ,CCP_PRODUCT,ACHRG_FXTM_CHRG_MM,BIZ,CCP_PRODUCT,AUTO_RECHARGE_DATE_MONTH,
BIZ,CCP_PRODUCT,ACHRG_BALA_CRI_AMT,BIZ,CCP_PRODUCT,AUTO_RECHARGE_BALANCE,
BIZ,CCP_PRODUCT,SYS_UPD_DTTM,BIZ,CCP_PRODUCT,,"from_unixtime(to_unix_timestamp(UPT_DATE, 'yyyy/MM/dd HH:mm:ss'))"
BIZ,CCP_PRODUCT,SYS_CRE_DTTM,BIZ,CCP_PRODUCT,,"from_unixtime(to_unix_timestamp(REG_DATE, 'yyyy/MM/dd HH:mm:ss'))"
BIZ,CCP_PRODUCT,USE_END_DTL_DTTM,BIZ,CCP_PRODUCT,,"from_unixtime(to_unix_timestamp(END_DATE, 'yyyy/MM/dd HH:mm:ss'))"
BIZ,CCP_PRODUCT,BIZ_CRD_USE_ST_CD,BIZ,CCP_PRODUCT,USE_STATUS,
BIZ,CCP_PRODUCT,ACHRG_FXTM_CHRG_DD,BIZ,CCP_PRODUCT,AUTO_RECHARGE_DATE_DAY,
BIZ,CCP_PRODUCT,ACHRG_AMT,BIZ,CCP_PRODUCT,AUTO_RECHARGE_AMOUNT,
BIZ,CCP_PRODUCT,ACHRG_LMT_AMT,BIZ,CCP_PRODUCT,AUTO_RECHARGE_LIMIT_AMOUNT,
BIZ,CCP_PRODUCT,ORT_TYPE_CD,BIZ,CCP_PRODUCT,OPERATION_TYPE,
BIZ,CCP_PRODUCT,CORP_SVC_AL_TYPE_CD,BIZ,CCP_PRODUCT,AFFILIATE_TYPE,
BIZ,CCP_PRODUCT,BP_SVC_GRP_ID,BIZ,CCP_PRODUCT,PORTAL_SERVICE_GROUP_ID,
BIZ,CCP_PRODUCT,SNDNG_TYPE_CD,BIZ,CCP_PRODUCT,SHIPPING_TYPE,
BIZ,CCP_PRODUCT,BSC_PTN_YN,BIZ,CCP_PRODUCT,DEFAULT_PARTNER_YN,
BIZ,CCP_PRODUCT_MANAGER,BP_OPR_ID,BIZ,CCP_PRODUCT_MANAGER,MEMBER_ID,
BIZ,CCP_PRODUCT_MANAGER,AFC_CRD_PRD_SNO,BIZ,CCP_PRODUCT_MANAGER,PRODUCT_SEQ,
BIZ,CCP_PRODUCT_MANAGER,AMT_MGMT_AUTH_YN,BIZ,CCP_PRODUCT_MANAGER,AUTHORITY_PRICE_YN,
BIZ,CCP_PRODUCT_MANAGER,APV_AUTH_YN,BIZ,CCP_PRODUCT_MANAGER,AUTHORITY_APPROVAL_YN,
BIZ,CCP_PRODUCT_MANAGER,SYS_CRE_DTTM,BIZ,CCP_PRODUCT_MANAGER,,"from_unixtime(unix_timestamp(REG_DATE, 'yyyy/MM/dd HH:mm:ss'))"
BIZ,CCP_PRODUCT_MANAGER,SYS_UPD_DTTM,BIZ,CCP_PRODUCT_MANAGER,,"from_unixtime(unix_timestamp(UPT_DATE, 'yyyy/MM/dd HH:mm:ss'))"
BIZ,CCP_PRODUCT_MANAGER,CRD_PNT_PLCY_ID,BIZ,CCP_PRODUCT_MANAGER,CARDCASH_POLICY_ID,
BIZ,CCP_PRODUCT_MANAGER,CRD_CASH_PLCY_NM,BIZ,CCP_PRODUCT_MANAGER,CARDCASH_POLICY_NAME,
BIZ,CCP_PRODUCT_MANAGER,CRD_CASH_PLCY_TYPE_CD,BIZ,CCP_PRODUCT_MANAGER,CARDCASH_POLICY_TYPE,
BIZ,CCP_PRODUCT_MANAGER,SUB_CRD_CASH_PLCY_TYPE_CD,BIZ,CCP_PRODUCT_MANAGER,CARDCASH_POLICY_SUBTYPE,
BIZ,CCP_PRODUCT_MANAGER,GE_MBR_REG_AUTH_YN,BIZ,CCP_PRODUCT_MANAGER,ACCEPTED_GENERAL_MEMBER_YN,
BIZ,CCP_RECHARGER,ENTP_PTN_ID,BIZ,CCP_RECHARGER,PARTNER_ID,
BIZ,CCP_RECHARGER,BIZ_RC_SNO,BIZ,CCP_RECHARGER,SEQ,
BIZ,CCP_RECHARGER,RC_ID,BIZ,CCP_RECHARGER,PLAYER_ID,
BIZ,CCP_RECHARGER,BP_SVC_GRP_ID,BIZ,CCP_RECHARGER,PORTAL_SERVICE_GROUP_ID,
BIZ,CCP_RECHARGER,SYS_CRE_DTTM,BIZ,CCP_RECHARGER,,"from_unixtime(unix_timestamp(SYS_CRE_DTTM, 'yyyy/MM/dd HH:mm:ss'))"
BIZ,CCP_RECHARGER,SYS_UPD_DTTM,BIZ,CCP_RECHARGER,,"from_unixtime(unix_timestamp(SYS_UPD_DTTM, 'yyyy/MM/dd HH:mm:ss'))"
BIZ,RCS_APPMEMBER_REG_HISTORY,PTN_ID,BIZ,RCS_APPMEMBER_REG_HISTORY,PARTNER_ID,
BIZ,RCS_APPMEMBER_REG_HISTORY,WRT_OPR_ID,BIZ,RCS_APPMEMBER_REG_HISTORY,MEMBER_ID,
BIZ,RCS_APPMEMBER_REG_HISTORY,MBR_ID,BIZ,RCS_APPMEMBER_REG_HISTORY,WALLET_USER_ID,
BIZ,RCS_APPMEMBER_REG_HISTORY,DATA_CRE_DTTM,BIZ,RCS_APPMEMBER_REG_HISTORY,,"from_unixtime(unix_timestamp(REG_DATE, 'yyyy/MM/dd HH:mm:ss'))"
BIZ,RCS_APPMEMBER_REG_HISTORY,BP_SVC_GRP_ID,BIZ,RCS_APPMEMBER_REG_HISTORY,PORTAL_SERVICE_GROUP_ID,
BIZ,RCS_APPMEMBER_REG_HISTORY,OFL_SLL_PO_REG_MBR_HIST_SNO,BIZ,RCS_APPMEMBER_REG_HISTORY,SEQ,
BIZ,RCS_APPMEMBER_REG_HISTORY,SYS_CRE_DTTM,BIZ,RCS_APPMEMBER_REG_HISTORY,,"from_unixtime(unix_timestamp(SYS_CRE_DTTM, 'yyyy/MM/dd HH:mm:ss'))"
BIZ,RCS_APPMEMBER_REG_HISTORY,SYS_UPD_DTTM,BIZ,RCS_APPMEMBER_REG_HISTORY,,"from_unixtime(unix_timestamp(SYS_UPD_DTTM, 'yyyy/MM/dd HH:mm:ss'))"
BIZ,RCS_APPMEMBER_REG_HISTORY,pt_cre_dt,BIZ,RCS_APPMEMBER_REG_HISTORY,,"translate(translate(substr(REG_DATE,1,8),'/',''),'-','')"
BIZ,RCS_BONBU,HDQ_KA_ID,BIZ,RCS_BONBU,BONBU_ID,
BIZ,RCS_BONBU,HDQ_KA_NM,BIZ,RCS_BONBU,NAME,
BIZ,RCS_BONBU,CON_PRCS_ST_CD,BIZ,RCS_BONBU,STATUS,
BIZ,RCS_BONBU,SYS_CRE_DTTM,BIZ,RCS_BONBU,,"from_unixtime(unix_timestamp(REG_DATE, 'yyyy/MM/dd HH:mm:ss'))"
BIZ,RCS_BONBU,SYS_UPD_DTTM,BIZ,RCS_BONBU,,"from_unixtime(unix_timestamp(UPT_DATE, 'yyyy/MM/dd HH:mm:ss'))"
BIZ,RCS_BONBU,BZNO,BIZ,RCS_BONBU,BUSINESS_REG_NO,
BIZ,RCS_BONBU,ASP_ID,BIZ,RCS_BONBU,ASP_ID,
BIZ,RCS_BONBU,BP_SVC_GRP_ID,BIZ,RCS_BONBU,PORTAL_SERVICE_GROUP_ID,
BIZ,RCS_BONBU,ASP_NM,BIZ,RCS_BONBU,ASP_NAME,
BIZ,RCS_BONBU,KA_ID,BIZ,RCS_BONBU,KA_ID,
BIZ,RCS_BONBU,KA_NM,BIZ,RCS_BONBU,KA_NAME,
BIZ,RCS_BONBU,ADMD_CD,BIZ,RCS_BONBU,ADMIN_CODE,
BIZ,RCS_BONBU,LGLD_CD,BIZ,RCS_BONBU,LEGAL_CODE,
BIZ,RCS_BONBU_MAPPING,HDQ_KA_ID,BIZ,RCS_BONBU_MAPPING,BONBU_ID,
BIZ,RCS_BONBU_MAPPING,MAPNG_ID,BIZ,RCS_BONBU_MAPPING,SEQ,
BIZ,RCS_BONBU_MAPPING,PTN_ID,BIZ,RCS_BONBU_MAPPING,PARTNER_ID,
BIZ,RCS_BONBU_MAPPING,BP_SVC_GRP_ID,BIZ,RCS_BONBU_MAPPING,PORTAL_SERVICE_GROUP_ID,
BIZ,RCS_BONBU_MAPPING,SYS_CRE_DTTM,BIZ,RCS_BONBU_MAPPING,,"from_unixtime(unix_timestamp(SYS_CRE_DTTM, 'yyyy/MM/dd HH:mm:ss'))"
BIZ,RCS_BONBU_MAPPING,SYS_UPD_DTTM,BIZ,RCS_BONBU_MAPPING,,"from_unixtime(unix_timestamp(SYS_UPD_DTTM, 'yyyy/MM/dd HH:mm:ss'))"
BIZD,contract,LGFT_MC_APL_SNO,BIZD,contract,ID,
BIZD,contract,BZNO,BIZD,contract,BIZ_NUMBER,
BIZD,contract,REP_BZPL_NM,BIZD,contract,MERCHANT_NAME,
BIZD,contract,BZPL_ADDR,BIZD,contract,ADDRESS,
BIZD,contract,BZTP_CD_AND_BZTP_NM,BIZD,contract,BIZ_TYPE_AND_NAME,
BIZD,contract,SIGN_IMG_CN,BIZD,contract,SIGNATURE_IMG,
BIZD,contract,DMC_APL_YN,BIZD,contract,WANNA_BE_KONA_YN,
BIZD,contract,APL_DTTM,BIZD,contract,,"from_unixtime(unix_timestamp(REG_DT, 'yyyy/MM/dd HH:mm:ss'))"
BIZD,contract,PSNO,BIZD,contract,ZIP_CODE,
BIZD,contract,SIDO_NM,BIZD,contract,SI,
BIZD,contract,SGG_NM,BIZD,contract,SGG,
BIZD,contract,ACQR_DV_CD,BIZD,contract,MERCHANT_TYPE,
BIZD,contract,SIDO_CD,BIZD,contract,GROUP_ID,
BIZD,contract,SGG_CD,BIZD,contract,OWNER,
BIZD,contract,KA_ID,BIZD,contract,KA_ID,
BIZD,contract,POFN_PHN_NO,BIZD,contract,TEL1,
BIZD,contract,BPOS_PHN_NO,BIZD,contract,TEL2,
BIZD,contract,ENC_APLP_BRTH_DT,BIZD,contract,SOCIAL_NO,
BIZD,contract,SEX_CD,BIZD,contract,SEX,
BIZD,contract,CHG_ST_CD,BIZD,contract,TMS_STATUS,
BIZD,contract,PRCS_ST_CD,BIZD,contract,STATUS,
BIZD,contract,PRCS_ST_DTL_CD,BIZD,contract,STATUS_DETAIL,
BIZD,contract,MC_ID,BIZD,contract,MERCHANT_ID,
BIZD,contract,APL_TYPE_CD,BIZD,contract,REG_TYPE,
BIZD,contract,ACQR_INFO_SAVE_DT,BIZD,contract,,"from_unixtime(unix_timestamp(EXTINFO_DT, 'yyyy/MM/dd HH:mm:ss'))"
BIZD,contract,BC_BANK_CD,BIZD,contract,BANK_CODE,
BIZD,contract,BC_BANK_NM,BIZD,contract,BANK_NAME,
BIZD,contract,STLM_PSBL_MC_YN,BIZD,contract,CANPAY_YN,
BIZD,contract,STLM_PSBL_MC_VLDN_DTTM,BIZD,contract,,"from_unixtime(unix_timestamp(CANPAY_DT, 'yyyy/MM/dd HH:mm:ss'))"
BIZD,contract,BC_ACQR_BAT_ID,BIZD,contract,EXTINFO_TRNS_UNIQ_NO,
BIZD,contract,SUB_REG_TYPE_CD,BIZD,contract,REG_TYPE_SUB,
BIZD,contract,TRNSF_TRGT_CN,BIZD,contract,MIGRATION_TARGET,
BIZD,contract,CPPN_YN,BIZD,contract,PRIVATE_TERM_YN,
BIZD,contract,KB_ACQR_BAT_ID,BIZD,contract,EXTINFO_KB_SEQ_NO,
BIZD,contract,KB_ACQR_BAT_DTTM,BIZD,contract,,"from_unixtime(unix_timestamp(EXTINFO_KB_DT, 'yyyy/MM/dd HH:mm:ss'))"
BIZD,contract,KB_BANK_CD,BIZD,contract,EXTINFO_BANK_CODE,
BIZD,contract,KB_BANK_NM,BIZD,contract,EXTINFO_BANK_NAME,
BIZD,contract,TRNSF_FAIL_RSN_CN,BIZD,contract,MIGRATION_REASON,
BIZD,contract,BID,BIZD,contract,BID,
BIZD,contract,QR_MC_APL_YN,BIZD,contract,QR_MERCHANT_YN,
BIZD,contract,BSRGC_FILE_NM,BIZD,contract,BIZ_LIC_FILENAME,
BIZD,contract,BSRGC_FILE_PTH_NM,BIZD,contract,BIZ_LIC_FILEPATH,
BIZD,contract,BNKB_CPY_FILE_NM,BIZD,contract,ACCOUNT_FILENAME,
BIZD,contract,BNKB_CPY_FILE_PTH_NM,BIZD,contract,ACCOUNT_FILEPATH,
BIZD,contract,EPG_MC_ADD_APL_YN,BIZD,contract,DISCOUNT_MERCHANT_YN,
BIZD,contract,BNF_MC_DCRT,BIZD,contract,DISCOUNT_VALUE,
BIZD,contract,MC_REG_RJCT_RSN_CN,BIZD,contract,REJECT_REASON,
BIZD,contract,RAPL_YN,BIZD,contract,RE_REQUEST,
BIZD,contract,MC_REG_CNCL_RSN_CN,BIZD,contract,CANCEL_REASON,
BIZD,contract,MC_REG_DT,BIZD,contract,,"from_unixtime(unix_timestamp(APPROVAL_DT, 'yyyy/MM/dd HH:mm:ss'))"
BIZD,contract,ELC_CON_APL_NO,BIZD,contract,ESIGN_APLCT_NO,
BIZD,contract,SYS_CRE_DTTM,BIZD,contract,,"from_unixtime(unix_timestamp(SYS_CRE_DTTM, 'yyyy/MM/dd HH:mm:ss'))"
BIZD,contract,SYS_CRE_ID,BIZD,contract,SYS_CRE_ID,
BIZD,contract,SYS_UPD_DTTM,BIZD,contract,,"from_unixtime(unix_timestamp(SYS_UPD_DTTM, 'yyyy/MM/dd HH:mm:ss'))"
BIZD,contract,SYS_UPD_ID,BIZD,contract,SYS_UPD_ID,
BIZD,CONTRACT_HISTORY,LGFT_MC_APV_SNO,BIZD,CONTRACT_HISTORY,HISTORY_ID,
BIZD,CONTRACT_HISTORY,MC_RGNO,BIZD,CONTRACT_HISTORY,CONTRACT_ID,
BIZD,CONTRACT_HISTORY,MC_REG_ST_CD,BIZD,CONTRACT_HISTORY,CONTRACT_STATUS,
BIZD,CONTRACT_HISTORY,CGP_SNO,BIZD,CONTRACT_HISTORY,WRITER_ID,
BIZD,CONTRACT_HISTORY,DATA_CRE_DTTM,BIZD,CONTRACT_HISTORY,,"from_unixtime(to_unix_timestamp(CREATE_DT, 'yyyy/MM/dd HH:mm:ss'))"
BIZD,CONTRACT_HISTORY,SYS_UPD_DTTM,BIZD,CONTRACT_HISTORY,,"from_unixtime(to_unix_timestamp(sys_upd_dttm, 'yyyy/MM/dd HH:mm:ss'))"
BIZD,CONTRACT_HISTORY,pt_cre_dt,BIZD,CONTRACT_HISTORY,,"translate(translate(substr(CREATE_DT,1,10),'/',''),'-','')"
BIZD,CONTRACT_MERCHANT,LGFT_REG_MC_SNO,BIZD,CONTRACT_MERCHANT,ID,
BIZD,CONTRACT_MERCHANT,SIDO_CD,BIZD,CONTRACT_MERCHANT,GROUP_ID,
BIZD,CONTRACT_MERCHANT,SGG_CD,BIZD,CONTRACT_MERCHANT,OWNER,
BIZD,CONTRACT_MERCHANT,LGFT_MC_APL_SNO,BIZD,CONTRACT_MERCHANT,CONTRACT_ID,
BIZD,CONTRACT_MERCHANT,BZNO,BIZD,CONTRACT_MERCHANT,BIZ_NUMBER,
BIZD,CONTRACT_MERCHANT,MC_ID,BIZD,CONTRACT_MERCHANT,MERCHANT_ID,
BIZD,CONTRACT_MERCHANT,MC_VRFC_ST_CD,BIZD,CONTRACT_MERCHANT,STATUS_DETAIL,
BIZD,CONTRACT_MERCHANT,MC_REG_TYPE_CD,BIZD,CONTRACT_MERCHANT,REG_TYPE_SUB,
BIZD,CONTRACT_MERCHANT,SYS_UPD_DTTM,BIZD,CONTRACT_MERCHANT,,"from_unixtime(unix_timestamp(UPDATE_DT, 'yyyy/MM/dd HH:mm:ss'))"
BIZD,CONTRACT_MERCHANT,MC_USEP_APV_DT,BIZD,CONTRACT_MERCHANT,,"from_unixtime(unix_timestamp(APPROVAL_DT, 'yyyy/MM/dd HH:mm:ss'))"
BIZD,CONTRACT_MERCHANT,MC_USEP_APV_ST_CD,BIZD,CONTRACT_MERCHANT,STATUS,
BIZD,CONTRACT_MERCHANT,MC_VRFC_REG_DT,BIZD,CONTRACT_MERCHANT,,"from_unixtime(unix_timestamp(REG_DT, 'yyyy/MM/dd HH:mm:ss'))"
BIZD,CONTRACT_MERCHANT,MC_USEP_DSBL_DT,BIZD,CONTRACT_MERCHANT,,"from_unixtime(unix_timestamp(CANCEL_DT, 'yyyy/MM/dd HH:mm:ss'))"
BIZD,CONTRACT_MERCHANT,ACQR_DV_CD,BIZD,CONTRACT_MERCHANT,MERCHANT_TYPE,
BIZD,OWNER,SGG_CD,BIZD,OWNER,OWNER,
BIZD,OWNER,CTC_PHN_NO,BIZD,OWNER,SERVICE_CENTER,
BIZD,OWNER,SGG_NM,BIZD,OWNER,OWNER_TITLE,
BIZD,OWNER,ACT_ST_CD,BIZD,OWNER,STATUS,
BIZD,OWNER,SIDO_CD,BIZD,OWNER,GROUP_ID,
BIZD,OWNER,ODNC_CN,BIZD,OWNER,CONTENT,
BIZD,OWNER,KA_ID,BIZD,OWNER,KA_ID,
BIZD,OWNER,GM_FILE_NM,BIZD,OWNER,KA_FILENAME,
BIZD,OWNER,MC_APL_YN,BIZD,OWNER,SHOW_KONA_YN,
BIZD,OWNER,MC_APL_ESTN_CHK_YN,BIZD,OWNER,SHOULD_KONA_YN,
BIZD,OWNER,SRCH_KWD_NM,BIZD,OWNER,OWNER_TITLE_SUB,
BIZD,OWNER,ASP_ID,BIZD,OWNER,ASP_ID,
BIZD,OWNER,ACQR_DV_CD,BIZD,OWNER,MERCHANT_CHANNEL,
BIZD,OWNER,LM_MC_QRY_ID,BIZD,OWNER,QUERY_ID_EXCEPT,
BIZD,OWNER,PMSN_MC_QRY_ID,BIZD,OWNER,QUERY_ID_GRANT,
BIZD,OWNER,LM_BZTP_CD_ARRAY,BIZD,OWNER,BIZ_TYPE_EXCEPT,
BIZD,OWNER,CPPN_TC_EXPS_YN,BIZD,OWNER,SHOW_PRIVATE_TERM_YN,
BIZD,OWNER,PMSN_MC_GRP_ID,BIZD,OWNER,GROUP_ID_GRANT,
BIZD,OWNER,LM_SL_CD_ARRAY,BIZD,OWNER,SALES_TYPE_EXCEPT,
BIZD,OWNER,LM_BZTP_GRP_ID_ARRAY,BIZD,OWNER,BIZTYPE_GROUP_ID_EXCEPT,
BIZD,OWNER,SL_LM_DSBL_BZTP_GRP_ID,BIZD,OWNER,SALES_BIZTYPE_GROUP_ID_GRANT,
BIZD,OWNER,RCS_INQ_PSBL_YN,BIZD,OWNER,SHOW_RCS_YN,
BIZD,OWNER,LM_MC_GRP_ID,BIZD,OWNER,GROUP_ID_EXCEPT,
BIZD,OWNER,DJMC_REG_YN,BIZD,OWNER,ADD_KONA_YN,
BIZD,OWNER,ADD_ACQR_USEP_REG_YN,BIZD,OWNER,MAPPED_YN,
BIZD,OWNER,SPC_USEP_MC_GRP_ID,BIZD,OWNER,SPECIAL_GROUP_ID_GRANT,
BIZD,OWNER,ZON_SRCH_QRY_NM,BIZD,OWNER,ADDRESS_SEARCH_KEYWORD,
BIZD,OWNER,ZON_CD,BIZD,OWNER,AREA_CODE,
BIZD,OWNER,SYS_CRE_DTTM,BIZD,OWNER,,"from_unixtime(unix_timestamp(SYS_CRE_DTTM, 'yyyy/MM/dd HH:mm:ss'))"
BIZD,OWNER,SYS_CRE_ID,BIZD,OWNER,SYS_CRE_ID,
BIZD,OWNER,SYS_UPD_DTTM,BIZD,OWNER,,"from_unixtime(unix_timestamp(SYS_UPD_DTTM, 'yyyy/MM/dd HH:mm:ss'))"
BIZD,OWNER,SYS_UPD_ID,BIZD,OWNER,SYS_UPD_ID,
BIZD,OWNER,QR_MC_INQ_PSBL_YN,BIZD,OWNER,SHOW_QR_YN,
BIZD,OWNER_MAPPED,ASP_ID,BIZD,OWNER_MAPPED,ASP_ID,
BIZD,OWNER_MAPPED,SIDO_CD,BIZD,OWNER_MAPPED,GROUP_ID,
BIZD,OWNER_MAPPED,SGG_CD,BIZD,OWNER_MAPPED,OWNER,
BIZD,OWNER_MAPPED,LM_MC_QRY_ID,BIZD,OWNER_MAPPED,QUERY_ID_EXCEPT,
BIZD,OWNER_MAPPED,PMSN_MC_GRP_ID,BIZD,OWNER_MAPPED,GROUP_ID_GRANT,
BIZD,OWNER_MAPPED,LM_BZTP_GRP_ID,BIZD,OWNER_MAPPED,BIZTYPE_GROUP_ID_EXCEPT,
BIZD,OWNER_MAPPED,LM_SL_CD_ARRAY,BIZD,OWNER_MAPPED,SALES_TYPE_EXCEPT,
BIZD,OWNER_MAPPED,SL_LM_DSBL_BZTP_GRP_ID,BIZD,OWNER_MAPPED,SALES_BIZTYPE_GROUP_ID_GRANT,
BIZD,OWNER_MAPPED,ACQR_DV_CD,BIZD,OWNER_MAPPED,MERCHANT_CHANNEL,
BIZD,OWNER_MAPPED,SRCH_KWD_NM,BIZD,OWNER_MAPPED,OWNER_TITLE_SUB,
BIZD,OWNER_MAPPED,DJMC_REG_YN,BIZD,OWNER_MAPPED,ADD_KONA_YN,
BIZD,OWNER_MAPPED,ADDR_SRCH_KWD_VAL,BIZD,OWNER_MAPPED,ADDRESS_SEARCH_KEYWORD,
BIZD,OWNER_MAPPED,SNO,BIZD,OWNER_MAPPED,ID,
BIZD,OWNER_MAPPED,PMSN_MC_QRY_ID,BIZD,OWNER_MAPPED,QUERY_ID_GRANT,
BIZD,OWNER_MAPPED,LM_MC_GRP_ID,BIZD,OWNER_MAPPED,GROUP_ID_EXCEPT,
BIZD,OWNER_MAPPED,SPC_USEP_MC_GRP_ID,BIZD,OWNER_MAPPED,SPECIAL_GROUP_ID_GRANT,
BIZD,OWNER_MAPPED,SYS_CRE_DTTM,BIZD,OWNER_MAPPED,,"from_unixtime(unix_timestamp(SYS_CRE_DTTM, 'yyyy/MM/dd HH:mm:ss'))"
BIZD,OWNER_MAPPED,SYS_UPD_DTTM,BIZD,OWNER_MAPPED,,"from_unixtime(unix_timestamp(SYS_UPD_DTTM, 'yyyy/MM/dd HH:mm:ss'))"
BIZD,OWNER_MAPPED,CNVC_USEP_GRP_ID,BIZD,OWNER_MAPPED,CNVC_USEP_GRP_ID,
BIZD,OWNER_MAPPED,DJMC_USEP_GRP_ID,BIZD,OWNER_MAPPED,DJMC_USEP_GRP_ID,
BIZD,OWNER_MAPPED,DJMC_CNVC_USEP_GRP_ID,BIZD,OWNER_MAPPED,DJMC_CNVC_USEP_GRP_ID,
BIZD,OWNER_MAPPED,USE_YN,BIZD,OWNER_MAPPED,USE_YN,
CAMS,CAM_CNVG_PAR_MAPNG_HIST,CNVG_PAR_MAPNG_HIST_SNO,CAMS,CAM_CNVG_PAR_MAPNG_HIST,CNVG_PAR_MAPNG_HIST_SNO,
CAMS,CAM_CNVG_PAR_MAPNG_HIST,SYS_CRE_DTTM,CAMS,CAM_CNVG_PAR_MAPNG_HIST,,"from_unixtime(unix_timestamp(SYS_CRE_DTTM, 'yyyy/MM/dd HH:mm:ss'))"
CAMS,CAM_CNVG_PAR_MAPNG_HIST,SYS_UPD_DTTM,CAMS,CAM_CNVG_PAR_MAPNG_HIST,,"from_unixtime(unix_timestamp(SYS_UPD_DTTM, 'yyyy/MM/dd HH:mm:ss'))"
CAMS,CAM_CNVG_PAR_MAPNG_HIST,CRD_APL_NO,CAMS,CAM_CNVG_PAR_MAPNG_HIST,CRD_APL_NO,
CAMS,CAM_CNVG_PAR_MAPNG_HIST,ASP_ID,CAMS,CAM_CNVG_PAR_MAPNG_HIST,ASP_ID,
CAMS,CAM_CNVG_PAR_MAPNG_HIST,MBR_ID,CAMS,CAM_CNVG_PAR_MAPNG_HIST,MBR_ID,
CAMS,CAM_CNVG_PAR_MAPNG_HIST,PAR_NO,CAMS,CAM_CNVG_PAR_MAPNG_HIST,PAR_NO,
CAMS,CAM_CNVG_PAR_MAPNG_HIST,SVC_ID,CAMS,CAM_CNVG_PAR_MAPNG_HIST,SVC_ID,
CAMS,CAM_CNVG_PAR_MAPNG_HIST,CNVG_ASP_ID,CAMS,CAM_CNVG_PAR_MAPNG_HIST,CNVG_ASP_ID,
CAMS,CAM_CNVG_PAR_MAPNG_HIST,CNVG_MBR_ID,CAMS,CAM_CNVG_PAR_MAPNG_HIST,CNVG_MBR_ID,
CAMS,CAM_CNVG_PAR_MAPNG_HIST,CNVG_PAR_NO,CAMS,CAM_CNVG_PAR_MAPNG_HIST,CNVG_PAR_NO,
CAMS,CAM_CNVG_PAR_MAPNG_HIST,CNVG_SVC_ID,CAMS,CAM_CNVG_PAR_MAPNG_HIST,CNVG_SVC_ID,
CAMS,CAM_CNVG_PAR_MAPNG_HIST,RS_ST_CD,CAMS,CAM_CNVG_PAR_MAPNG_HIST,RS_ST_CD,
CAMS,CAM_CNVG_PAR_MAPNG_HIST,RSP_RS_CD,CAMS,CAM_CNVG_PAR_MAPNG_HIST,RSP_RS_CD,
CAMS,CAM_CNVG_PAR_MAPNG_HIST,RSP_RS_CN,CAMS,CAM_CNVG_PAR_MAPNG_HIST,RSP_RS_CN,
CAMS,CAM_CNVG_PAR_MAPNG_HIST,RQS_CHNL_CD,CAMS,CAM_CNVG_PAR_MAPNG_HIST,RQS_CHNL_CD,
CAMS,CAM_CNVG_PAR_MAPNG_HIST,CNVG_TYPE_CD,CAMS,CAM_CNVG_PAR_MAPNG_HIST,CNVG_TYPE_CD,
CAMS,CAM_CNVG_PAR_MAPNG_HIST,pt_cre_dt,CAMS,CAM_CNVG_PAR_MAPNG_HIST,,"translate(translate(substr(SYS_CRE_DTTM,1,8),'/',''),'-','')"
CAMS,CAM_CNVG_SVC_MAPNG,CNVG_SVC_MAPNG_SNO,CAMS,CAM_CNVG_SVC_MAPNG,CNVG_SVC_MAPNG_SNO,
CAMS,CAM_CNVG_SVC_MAPNG,ASP_ID,CAMS,CAM_CNVG_SVC_MAPNG,ASP_ID,
CAMS,CAM_CNVG_SVC_MAPNG,SVC_ID,CAMS,CAM_CNVG_SVC_MAPNG,SVC_ID,
CAMS,CAM_CNVG_SVC_MAPNG,REG_CRD_RLTG_TYPE_CD,CAMS,CAM_CNVG_SVC_MAPNG,REG_CRD_RLTG_TYPE_CD,
CAMS,CAM_CNVG_SVC_MAPNG,CNVG_ASP_ID,CAMS,CAM_CNVG_SVC_MAPNG,CNVG_ASP_ID,
CAMS,CAM_CNVG_SVC_MAPNG,CNVG_SVC_ID,CAMS,CAM_CNVG_SVC_MAPNG,CNVG_SVC_ID,
CAMS,CAM_CNVG_SVC_MAPNG,CNVG_REG_CRD_RLTG_TYPE_CD,CAMS,CAM_CNVG_SVC_MAPNG,CNVG_REG_CRD_RLTG_TYPE_CD,
CAMS,CAM_CNVG_SVC_MAPNG,SYS_CRE_DTTM,CAMS,CAM_CNVG_SVC_MAPNG,,"from_unixtime(unix_timestamp(SYS_CRE_DTTM, 'yyyy/MM/dd HH:mm:ss'))"
CAMS,CAM_CNVG_SVC_MAPNG,SYS_UPD_DTTM,CAMS,CAM_CNVG_SVC_MAPNG,,"from_unixtime(unix_timestamp(SYS_UPD_DTTM, 'yyyy/MM/dd HH:mm:ss'))"
CAMS,CAM_CNVG_SVC_MAPNG,KA_ID,CAMS,CAM_CNVG_SVC_MAPNG,KA_ID,
CAMS,CAM_CRD_APL_ADD,SYS_CRE_DTTM,CAMS,CAM_CRD_APL_ADD,,"from_unixtime(unix_timestamp(SYS_CRE_DTTM, 'yyyy/MM/dd HH:mm:ss'))"
CAMS,CAM_CRD_APL_ADD,SYS_UPD_DTTM,CAMS,CAM_CRD_APL_ADD,,"from_unixtime(unix_timestamp(SYS_UPD_DTTM, 'yyyy/MM/dd HH:mm:ss'))"
CAMS,CAM_CRD_APL_ADD,CRD_APL_NO,CAMS,CAM_CRD_APL_ADD,CRD_APL_NO,
CAMS,CAM_CRD_APL_ADD,SPPM_CD_ARRAY,CAMS,CAM_CRD_APL_ADD,SPPM_CD_ARRAY,
CAMS,CAM_CRD_APL_ADD,pt_cre_dt,CAMS,CAM_CRD_APL_ADD,,"substr(SYS_CRE_DTTM,1,4)"
CAMS,CARD_DELIVERY,CRD_DLV_SNO,CAMS,CARD_DELIVERY,ID,
CAMS,CARD_DELIVERY,pt_cre_dt,CAMS,CARD_DELIVERY,,"cast(replace(substr(CREATED_AT, 1, 10), '/', '') as bigint)"
CAMS,CARD_DELIVERY,CRD_APL_NO,CAMS,CARD_DELIVERY,CARD_APPLY_NO,
CAMS,CARD_DELIVERY,CRD_APL_MBR_ID,CAMS,CARD_DELIVERY,USER_ID,
CAMS,CARD_DELIVERY,APL_CRD_PAR_NO,CAMS,CARD_DELIVERY,PAR,
CAMS,CARD_DELIVERY,CRD_SHPN_RQS_SNO,CAMS,CARD_DELIVERY,TRY_ID,
CAMS,CARD_DELIVERY,CRD_DLV_ST_CD,CAMS,CARD_DELIVERY,STATUS,
CAMS,CARD_DELIVERY,CRD_DLV_ST_DTL_CD,CAMS,CARD_DELIVERY,SHIP_INFO_CODE,
CAMS,CARD_DELIVERY,CRD_DLV_ST_CDNM,CAMS,CARD_DELIVERY,SHIP_INFO_DETAIL,
CAMS,CARD_DELIVERY,CRD_DLV_BSC_ADDR,CAMS,CARD_DELIVERY,ADDRESS_BASE,
CAMS,CARD_DELIVERY,CRD_DLV_ADDR_PSNO,CAMS,CARD_DELIVERY,ZIP_CODE,
CAMS,CARD_DELIVERY,ENC_CRD_TAKP_BRTH_DT,CAMS,CARD_DELIVERY,RECEIVER_BIRTHDAY,
CAMS,CARD_DELIVERY,SVC_ID,CAMS,CARD_DELIVERY,SVC_ID,
CAMS,CARD_DELIVERY,SVC_DV_CD,CAMS,CARD_DELIVERY,SVC_TYPE,
CAMS,CARD_DELIVERY,SVC_NM,CAMS,CARD_DELIVERY,SVC_NAME,
CAMS,CARD_DELIVERY,ENC_APLP_RSNO,CAMS,CARD_DELIVERY,CARD_HOLDER_SOCIAL,
CAMS,CARD_DELIVERY,DLV_RQS_RS_CD,CAMS,CARD_DELIVERY,REASON_CODE,
CAMS,CARD_DELIVERY,DLV_RQS_RS_MSG_CN,CAMS,CARD_DELIVERY,REASON_MESSAGE,
CAMS,CARD_DELIVERY,DLV_ENP_CD,CAMS,CARD_DELIVERY,ROUTE,
CAMS,CARD_DELIVERY,DLV_RQS_DTTM,CAMS,CARD_DELIVERY,,"from_unixtime(unix_timestamp(RECEIPT_DATE, 'yyyy/MM/dd HH:mm:ss'))"
CAMS,CARD_DELIVERY,DLV_STRT_DTTM,CAMS,CARD_DELIVERY,,"from_unixtime(unix_timestamp(SENDING_DATE, 'yyyy/MM/dd HH:mm:ss'))"
CAMS,CARD_DELIVERY,DLV_PRCS_DTTM,CAMS,CARD_DELIVERY,,"from_unixtime(unix_timestamp(COMPLETED_DATE, 'yyyy/MM/dd HH:mm:ss'))"
CAMS,CARD_DELIVERY,SYS_CRE_DTTM,CAMS,CARD_DELIVERY,,"from_unixtime(unix_timestamp(CREATED_AT, 'yyyy/MM/dd HH:mm:ss'))"
CAMS,CARD_DELIVERY,SYS_UPD_DTTM,CAMS,CARD_DELIVERY,,"from_unixtime(unix_timestamp(UPDATED_AT, 'yyyy/MM/dd HH:mm:ss'))"
CAMS,CARD_DELIVERY,CRD_SLF_TAK_YN,CAMS,CARD_DELIVERY,OWN_RECEIPT_YN,
CAMS,CARD_DELIVERY,ASP_ID,CAMS,CARD_DELIVERY,ASP_ID,
CAMS,CARD_DELIVERY,MBR_RSDP_ADDR_YN,CAMS,CARD_DELIVERY,HOME_ADDRESS_YN,
CAMS,CARD_DELIVERY,FILE_EXS_YN,CAMS,CARD_DELIVERY,BRANCH_YN,
CAMS,CARD_DELIVERY,CRD_BRCD_ID,CAMS,CARD_DELIVERY,BARCODE,
CAMS,CARD_DELIVERY,SF_PHN_NO_USE_YN,CAMS,CARD_DELIVERY,SECURE_MOBILE_USE_YN,
CAMS,CARD_DELIVERY,SF_PHN_NO_CRE_DT,CAMS,CARD_DELIVERY,SECURE_MOBILE_TAKE_DAY,
CAMS,CARD_DELIVERY,TTHR_TAK_YN,CAMS,CARD_DELIVERY,TTHR_TAK_YN,
CAMS,CARD_DELIVERY,CRD_TAKP_APLP_REL_CD,CAMS,CARD_DELIVERY,RELATION_CODE,
CAMS,CARD_DELIVERY,CRD_TAKP_APLP_REL_CDNM,CAMS,CARD_DELIVERY,RELATION_CODE_NAME,
CAMS,CARD_DELIVERY,outs_alt_tpl_cd,CAMS,CARD_DELIVERY,outs_alt_tpl_cd,
CAMS,CARD_DELIVERY,sf_phn_no_use_prd_yn,CAMS,CARD_DELIVERY,sf_phn_no_use_prd_yn,
CAMS,CARD_DELIVERY,crd_snbk_cdnm,CAMS,CARD_DELIVERY,crd_snbk_cdnm,
CAMS,CARD_DELIVERY,pre_dlv_dttm,CAMS,CARD_DELIVERY,,"from_unixtime(unix_timestamp(pre_dlv_dttm, 'yyyy/MM/dd HH:mm:ss'))"
CAMS,CARD_DELIVERY,dlv_spot_cd,CAMS,CARD_DELIVERY,dlv_spot_cd,
CAMS,CARD_ISSUE,CRD_APL_SNO,CAMS,CARD_ISSUE,ID,
CAMS,CARD_ISSUE,SYS_CRE_DTTM,CAMS,CARD_ISSUE,,"from_unixtime(unix_timestamp(CREATED_AT, 'yyyy/MM/dd HH:mm:ss'))"
CAMS,CARD_ISSUE,SYS_UPD_DTTM,CAMS,CARD_ISSUE,,"from_unixtime(unix_timestamp(UPDATED_AT, 'yyyy/MM/dd HH:mm:ss'))"
CAMS,CARD_ISSUE,CRD_APL_DT,CAMS,CARD_ISSUE,REQUEST_DAY,
CAMS,CARD_ISSUE,CRD_APL_CPLT_DT,CAMS,CARD_ISSUE,COMPLETE_DAY,
CAMS,CARD_ISSUE,CRD_APL_NO,CAMS,CARD_ISSUE,CARD_APPLY_NO,
CAMS,CARD_ISSUE,CRD_STLM_MHD_CD,CAMS,CARD_ISSUE,CARD_TYPE,
CAMS,CARD_ISSUE,CRD_APL_TYPE_CD,CAMS,CARD_ISSUE,ISSUE_TYPE,
CAMS,CARD_ISSUE,CRD_APL_RSN_CD,CAMS,CARD_ISSUE,PURPOSE,
CAMS,CARD_ISSUE,CRD_APL_ST_CD,CAMS,CARD_ISSUE,STATUS,
CAMS,CARD_ISSUE,APL_ST_CD,CAMS,CARD_ISSUE,STATUS_AT_CANCEL,
CAMS,CARD_ISSUE,MBR_ID,CAMS,CARD_ISSUE,USER_ID,
CAMS,CARD_ISSUE,ASP_ID,CAMS,CARD_ISSUE,ASP_ID,
CAMS,CARD_ISSUE,KA_ID,CAMS,CARD_ISSUE,KA_ID,
CAMS,CARD_ISSUE,WLLT_MAPNG_ID,CAMS,CARD_ISSUE,MPA_ID,
CAMS,CARD_ISSUE,MB_CRD_PAR_NO,CAMS,CARD_ISSUE,DIGITAL_PAR,
CAMS,CARD_ISSUE,MB_CRD_SVC_ID,CAMS,CARD_ISSUE,DIGITAL_SVC_ID,
CAMS,CARD_ISSUE,MB_CRD_SVC_NM,CAMS,CARD_ISSUE,DIGITAL_SVC_NM,
CAMS,CARD_ISSUE,ENC_RLTG_CRDNO,CAMS,CARD_ISSUE,PHYSICAL_CARD_NO,
CAMS,CARD_ISSUE,RLTG_CRD_PAR_NO,CAMS,CARD_ISSUE,PHYSICAL_PAR,
CAMS,CARD_ISSUE,RLTG_CRD_SVC_ID,CAMS,CARD_ISSUE,PHYSICAL_SVC_ID,
CAMS,CARD_ISSUE,RLTG_CRD_SVC_NM,CAMS,CARD_ISSUE,PHYSICAL_SVC_NM,
CAMS,CARD_ISSUE,CRD_XP_IMPN_YN,CAMS,CARD_ISSUE,CARD_COST_PAID,
CAMS,CARD_ISSUE,RPBL_ACN_TSFR_TRAN_ID,CAMS,CARD_ISSUE,CARD_COST_TRAN_ID,
CAMS,CARD_ISSUE,RPBL_ACN_TSFR_TRAN_ID,CAMS,CARD_ISSUE,,"-- CASE CARD_COST_TRAN_ID WHEN NULL then NULL WHEN '' then NULL else cast(CARD_COST_TRAN_ID as decimal(20,0)) END"
CAMS,CARD_ISSUE,ENC_MB_CRD_CVC_NO,CAMS,CARD_ISSUE,DIGITAL_STATIC_CVC,
CAMS,CARD_ISSUE,RLTG_CRD_ISU_BAT_ID,CAMS,CARD_ISSUE,ISSUE_BATCH_ID,
CAMS,CARD_ISSUE,CSH_IC_APL_YN,CAMS,CARD_ISSUE,ENABLE_FIC,
CAMS,CARD_ISSUE,CRD_XP_TYPE_CD,CAMS,CARD_ISSUE,CARD_COST_TYPE,
CAMS,CARD_ISSUE,CRD_XP_IMPN_PSP_YN,CAMS,CARD_ISSUE,CARD_COST_DELAYED,
CAMS,CARD_ISSUE,MB_PRE_ISU_YN,CAMS,CARD_ISSUE,DIGITAL_PRE_ISSUE,
CAMS,CARD_ISSUE,CRD_APL_CHNL_CD,CAMS,CARD_ISSUE,REQUESTER,
CAMS,CARD_ISSUE,RISU_APL_YN,CAMS,CARD_ISSUE,REISSUED_YN,
CAMS,CARD_ISSUE,OD_CRD_APL_NO,CAMS,CARD_ISSUE,PRE_CARD_APPLY_NO,
CAMS,CARD_ISSUE,RISU_CRD_APL_NO,CAMS,CARD_ISSUE,NEXT_CARD_APPLY_NO,
CAMS,CARD_ISSUE,MB_CRD_EXN_DT,CAMS,CARD_ISSUE,DIGITAL_EXPIRY_DATE,
CAMS,CARD_ISSUE,MB_CRD_DSC_YN,CAMS,CARD_ISSUE,DIGITAL_TERMINATED_YN,
CAMS,CARD_ISSUE,ENC_RSNO,CAMS,CARD_ISSUE,SOCIAL_NO,
CAMS,CARD_ISSUE,CRD_APL_OCR_FILE_EXS_YN,CAMS,CARD_ISSUE,OCR_FILE_EXIST,
CAMS,CARD_ISSUE,OD_PAR_NO,CAMS,CARD_ISSUE,OLD_PAR,
CAMS,CARD_ISSUE,OD_RLTG_CRD_SVC_ID,CAMS,CARD_ISSUE,OLD_PHY_SVC_ID,
CAMS,CARD_ISSUE,OD_MB_CRD_SVC_ID,CAMS,CARD_ISSUE,OLD_DIG_SVC_ID,
CAMS,CARD_ISSUE,OD_RLTG_CRD_SVC_NM,CAMS,CARD_ISSUE,OLD_PHY_SVC_NM,
CAMS,CARD_ISSUE,OD_MB_CRD_SVC_NM,CAMS,CARD_ISSUE,OLD_DIG_SVC_NM,
CAMS,CARD_ISSUE,CRD_XP_IMPN_AMT,CAMS,CARD_ISSUE,CARD_COST_AMOUNT,
CAMS,CARD_ISSUE,CALL_ERR_CD,CAMS,CARD_ISSUE,REASON,
CAMS,CARD_ISSUE,CALL_ERR_MSG_CN,CAMS,CARD_ISSUE,MESSAGE,
CAMS,CARD_ISSUE,RLTG_CRD_DLV_APL_YN,CAMS,CARD_ISSUE,CARD_DELIVERY_REQ_YN,
CAMS,CARD_ISSUE,MB_PRE_ISU_SVC_YN,CAMS,CARD_ISSUE,DIGITAL_PRE_ISSUE_PRODUCT,
CAMS,CARD_ISSUE,APL_CRD_SPC_ATTR_VAL,CAMS,CARD_ISSUE,PRODUCT_FEATURE,
CAMS,CARD_ISSUE,XP_IMPN_ST_CHK_YN,CAMS,CARD_ISSUE,COST_PAY_CHECK_STATUS,
CAMS,CARD_ISSUE,SNBK_CRD_APL_NO,CAMS,CARD_ISSUE,ORG_CARD_APPLY_NO,
CAMS,CARD_ISSUE,RLTG_CRD_RLTM_ISU_YN,CAMS,CARD_ISSUE,PHYSICAL_PERSONAL_YN,
CAMS,CARD_ISSUE,RLTG_CRD_DLV_ST_CD,CAMS,CARD_ISSUE,CARD_STATUS_OF_DELIVERY,
CAMS,CARD_ISSUE,SNBK_RISU_APL_YN,CAMS,CARD_ISSUE,RETURNED_REISSUE_YN,
CAMS,CARD_ISSUE,RLTG_CRD_DSN_YN,CAMS,CARD_ISSUE,PHYSICAL_DEFINED_YN,
CAMS,CARD_ISSUE,CRD_DLV_TYPE_CD,CAMS,CARD_ISSUE,ROUTE_TYPE,
CAMS,CARD_ISSUE,CRD_RISU_RSN_CDNM,CAMS,CARD_ISSUE,REISSUE_REASON,
CAMS,CARD_ISSUE,AFC_GM_CRD_APL_NO,CAMS,CARD_ISSUE,EXT_CARD_APPLY_NO,
CAMS,CARD_ISSUE,CRD_DLV_DTL_VAL,CAMS,CARD_ISSUE,ISSUE_SPEC,
CAMS,CARD_ISSUE,ITNC_STD_USE_YN,CAMS,CARD_ISSUE,ITNC_USE_YN,
CAMS,CARD_ISSUE,WC_STLM_USE_YN,CAMS,CARD_ISSUE,KRW_USE_YN,
CAMS,CARD_ISSUE,ITNC_APPLET_NM,CAMS,CARD_ISSUE,ITNC_BRAN,
CAMS,CARD_ISSUE,RQS_ASP_ID,CAMS,CARD_ISSUE,RQS_ASP_ID,
CAMS,CARD_ISSUE,OVRS_STLM_USE_YN,CAMS,CARD_ISSUE,OVRS_STLM_USE_YN,
CAMS,CARD_ISSUE,RQS_MBR_ID,CAMS,CARD_ISSUE,RQS_MBR_ID,
CAMS,CARD_ISSUE,RQS_KA_ID,CAMS,CARD_ISSUE,RQS_KA_ID,
CAMS,EXT_CARD_MAP,AL_CRD_MAPNG_SNO,CAMS,EXT_CARD_MAP,ID,
CAMS,EXT_CARD_MAP,SYS_CRE_DTTM,CAMS,EXT_CARD_MAP,,"to_timestamp(CREATED_AT, 'yyyy/MM/dd HH:mm:ss.SSS')"
CAMS,EXT_CARD_MAP,SYS_UPD_DTTM,CAMS,EXT_CARD_MAP,,"to_timestamp(UPDATED_AT, 'yyyy/MM/dd HH:mm:ss.SSS')"
CAMS,EXT_CARD_MAP,AFC_CRD_RGNO,CAMS,EXT_CARD_MAP,EXT_CARD_REG_NO,
CAMS,EXT_CARD_MAP,ASP_ID,CAMS,EXT_CARD_MAP,ASP_ID,
CAMS,EXT_CARD_MAP,KA_ID,CAMS,EXT_CARD_MAP,KA_ID,
CAMS,EXT_CARD_MAP,MBR_ID,CAMS,EXT_CARD_MAP,USER_ID,
CAMS,EXT_CARD_MAP,MB_CRD_PAR_NO,CAMS,EXT_CARD_MAP,DIGITAL_PAR,
CAMS,EXT_CARD_MAP,MB_CRD_SVC_ID,CAMS,EXT_CARD_MAP,DIGITAL_SVC_ID,
CAMS,EXT_CARD_MAP,MB_CRD_SVC_NM,CAMS,EXT_CARD_MAP,DIGITAL_SVC_NM,
CAMS,EXT_CARD_MAP,AL_CRD_RPL_NO,CAMS,EXT_CARD_MAP,ALT_NO,
CAMS,EXT_CARD_MAP,AL_CRD_MAPNG_ST_CD,CAMS,EXT_CARD_MAP,STATUS,
CAMS,EXT_CARD_MAP,AL_CRDCO_CDNM,CAMS,EXT_CARD_MAP,EXT_ORG,
CAMS,EXT_CARD_MAP,AL_CRD_SVC_ID,CAMS,EXT_CARD_MAP,EXT_PRODUCT_CODE,
CAMS,ISSUED_CARD_REGISTER,CRD_CONN_SNO,CAMS,ISSUED_CARD_REGISTER,ID,
CAMS,ISSUED_CARD_REGISTER,SYS_CRE_DTTM,CAMS,ISSUED_CARD_REGISTER,,"from_unixtime(unix_timestamp(CREATED_AT, 'yyyy/MM/dd HH:mm:ss'))"
CAMS,ISSUED_CARD_REGISTER,SYS_UPD_DTTM,CAMS,ISSUED_CARD_REGISTER,,"from_unixtime(unix_timestamp(UPDATED_AT, 'yyyy/MM/dd HH:mm:ss'))"
CAMS,ISSUED_CARD_REGISTER,CRD_REG_DT,CAMS,ISSUED_CARD_REGISTER,REQUEST_DAY,
CAMS,ISSUED_CARD_REGISTER,CRD_STLM_MHD_CD,CAMS,ISSUED_CARD_REGISTER,CARD_TYPE,
CAMS,ISSUED_CARD_REGISTER,CRD_APL_TYPE_CD,CAMS,ISSUED_CARD_REGISTER,ISSUE_TYPE,
CAMS,ISSUED_CARD_REGISTER,REG_CRD_RLTG_TYPE_CD,CAMS,ISSUED_CARD_REGISTER,DGT_PHS_TYPE,
CAMS,ISSUED_CARD_REGISTER,CRD_APL_NO,CAMS,ISSUED_CARD_REGISTER,CARD_APPLY_NO,
CAMS,ISSUED_CARD_REGISTER,CRD_REG_ST_CD,CAMS,ISSUED_CARD_REGISTER,STATUS,
CAMS,ISSUED_CARD_REGISTER,BEF_CRD_PAR_NO,CAMS,ISSUED_CARD_REGISTER,FROM_PAR,
CAMS,ISSUED_CARD_REGISTER,REG_PAR_NO,CAMS,ISSUED_CARD_REGISTER,TO_PAR,
CAMS,ISSUED_CARD_REGISTER,MBR_ID,CAMS,ISSUED_CARD_REGISTER,USER_ID,
CAMS,ISSUED_CARD_REGISTER,ASP_ID,CAMS,ISSUED_CARD_REGISTER,ASP_ID,
CAMS,ISSUED_CARD_REGISTER,RQS_CHNL_CD,CAMS,ISSUED_CARD_REGISTER,REQUESTER,
CAMS,ISSUED_CARD_REGISTER,CALL_ERR_CD,CAMS,ISSUED_CARD_REGISTER,REASON,
CAMS,ISSUED_CARD_REGISTER,CALL_ERR_MSG_CN,CAMS,ISSUED_CARD_REGISTER,MESSAGE,
CAMS,ISSUED_CARD_REGISTER,CRD_REG_TYPE_CD,CAMS,ISSUED_CARD_REGISTER,REGISTER_TYPE,
CAMS,ISSUED_CARD_REGISTER,RLTG_CRD_SVC_ID,CAMS,ISSUED_CARD_REGISTER,TO_SVC_ID,
CAMS,ISSUED_CARD_REGISTER,AL_MB_CRD_PAR_NO,CAMS,ISSUED_CARD_REGISTER,EXT_DIGITAL_PAR,
CAMS,ISSUED_CARD_REGISTER,AL_MB_CRD_SVC_ID,CAMS,ISSUED_CARD_REGISTER,EXT_DIGITAL_SVC_ID,
CAMS,ISSUED_CARD_REGISTER,PRD_ATTR_VAL,CAMS,ISSUED_CARD_REGISTER,PRODUCT_FEATURE,
CAMS,ISSUED_CARD_REGISTER,MB_CRD_SVC_ID,CAMS,ISSUED_CARD_REGISTER,TO_DGT_SVC_ID,
CAMS,ISSUED_CARD_REGISTER,ADD_CRD_APL_NO,CAMS,ISSUED_CARD_REGISTER,REF_CARD_APPLY_NO,
CAMS,ISSUED_CARD_REGISTER,CRD_RISU_RSN_CDNM,CAMS,ISSUED_CARD_REGISTER,REISSUE_REASON,
CAMS,ISSUED_CARD_REGISTER,MB_CRD_PAR_NO,CAMS,ISSUED_CARD_REGISTER,TO_DGT_PAR,
CAMS,ISSUED_CARD_REGISTER,KA_ID,CAMS,ISSUED_CARD_REGISTER,KA_ID,
CAMS,ISSUED_CARD_REGISTER,RQS_ASP_ID,CAMS,ISSUED_CARD_REGISTER,RQS_ASP_ID,
CAMS,ISSUED_CARD_REGISTER,RQS_MBR_ID,CAMS,ISSUED_CARD_REGISTER,RQS_MBR_ID,
CAMS,ISSUED_CARD_REGISTER,pt_cre_yy,CAMS,ISSUED_CARD_REGISTER,,"substr(CREATED_AT, 1, 4)"
CAS,CAS_CRD_AUTHT,CRD_AUTHT_SNO,CAS,CAS_CRD_AUTHT,CRD_AUTHT_SNO,
CAS,CAS_CRD_AUTHT,TR_DT,CAS,CAS_CRD_AUTHT,TR_DT,
CAS,CAS_CRD_AUTHT,TR_TI,CAS,CAS_CRD_AUTHT,TR_TI,
CAS,CAS_CRD_AUTHT,PAR_NO,CAS,CAS_CRD_AUTHT,PAR_NO,
CAS,CAS_CRD_AUTHT,MBR_ID,CAS,CAS_CRD_AUTHT,MBR_ID,
CAS,CAS_CRD_AUTHT,ACQR_CD,CAS,CAS_CRD_AUTHT,ACQR_CD,
CAS,CAS_CRD_AUTHT,CRD_AUTHT_TYPE_CD,CAS,CAS_CRD_AUTHT,CRD_AUTHT_TYPE_CD,
CAS,CAS_CRD_AUTHT,SVC_ID,CAS,CAS_CRD_AUTHT,SVC_ID,
CAS,CAS_CRD_AUTHT,MC_CD,CAS,CAS_CRD_AUTHT,MC_CD,
CAS,CAS_CRD_AUTHT,AUTHT_SUCS_YN,CAS,CAS_CRD_AUTHT,AUTHT_SUCS_YN,
CAS,CAS_CRD_AUTHT,ACQR_RSP_CD,CAS,CAS_CRD_AUTHT,ACQR_RSP_CD,
CAS,CAS_CRD_AUTHT,RSP_MSG_CN,CAS,CAS_CRD_AUTHT,RSP_MSG_CN,
CAS,CAS_CRD_AUTHT,SYS_CRE_DTTM,CAS,CAS_CRD_AUTHT,,"from_unixtime(unix_timestamp(SYS_CRE_DTTM, 'yyyy/MM/dd HH:mm:ss'))"
CAS,CAS_CRD_AUTHT,SYS_UPD_DTTM,CAS,CAS_CRD_AUTHT,,"from_unixtime(unix_timestamp(SYS_UPD_DTTM, 'yyyy/MM/dd HH:mm:ss'))"
CAS,CAS_CRD_AUTHT,pt_cre_yy,CAS,CAS_CRD_AUTHT,,"substr(SYS_CRE_DTTM, 1, 4)"
CAS,CAS_SPPM_CRD_AUTHT,SPPM_CRD_AUTHT_SNO,CAS,CAS_SPPM_CRD_AUTHT,SPPM_CRD_AUTHT_SNO,
CAS,CAS_SPPM_CRD_AUTHT,TR_DT,CAS,CAS_SPPM_CRD_AUTHT,TR_DT,
CAS,CAS_SPPM_CRD_AUTHT,TR_TI,CAS,CAS_SPPM_CRD_AUTHT,TR_TI,
CAS,CAS_SPPM_CRD_AUTHT,PAR_NO,CAS,CAS_SPPM_CRD_AUTHT,PAR_NO,
CAS,CAS_SPPM_CRD_AUTHT,CRD_MB_RLTG_DV_CD,CAS,CAS_SPPM_CRD_AUTHT,CRD_MB_RLTG_DV_CD,
CAS,CAS_SPPM_CRD_AUTHT,MBR_ID,CAS,CAS_SPPM_CRD_AUTHT,MBR_ID,
CAS,CAS_SPPM_CRD_AUTHT,SPPM_CD,CAS,CAS_SPPM_CRD_AUTHT,SPPM_CD,
CAS,CAS_SPPM_CRD_AUTHT,TR_DV_CD,CAS,CAS_SPPM_CRD_AUTHT,TR_DV_CD,
CAS,CAS_SPPM_CRD_AUTHT,TR_NATV_NO,CAS,CAS_SPPM_CRD_AUTHT,TR_NATV_NO,
CAS,CAS_SPPM_CRD_AUTHT,SVC_ID,CAS,CAS_SPPM_CRD_AUTHT,SVC_ID,
CAS,CAS_SPPM_CRD_AUTHT,SVC_NM,CAS,CAS_SPPM_CRD_AUTHT,SVC_NM,
CAS,CAS_SPPM_CRD_AUTHT,ACQR_CD,CAS,CAS_SPPM_CRD_AUTHT,ACQR_CD,
CAS,CAS_SPPM_CRD_AUTHT,CRD_SVC_NO,CAS,CAS_SPPM_CRD_AUTHT,CRD_SVC_NO,
CAS,CAS_SPPM_CRD_AUTHT,LGVN_CD,CAS,CAS_SPPM_CRD_AUTHT,LGVN_CD,
CAS,CAS_SPPM_CRD_AUTHT,AUTHT_SUCS_YN,CAS,CAS_SPPM_CRD_AUTHT,AUTHT_SUCS_YN,
CAS,CAS_SPPM_CRD_AUTHT,ACQR_RSP_CD,CAS,CAS_SPPM_CRD_AUTHT,ACQR_RSP_CD,
CAS,CAS_SPPM_CRD_AUTHT,RSP_MSG_CN,CAS,CAS_SPPM_CRD_AUTHT,RSP_MSG_CN,
CAS,CAS_SPPM_CRD_AUTHT,SYS_CRE_DTTM,CAS,CAS_SPPM_CRD_AUTHT,,"from_unixtime(unix_timestamp(SYS_CRE_DTTM, 'yyyy/MM/dd HH:mm:ss'))"
CAS,CAS_SPPM_CRD_AUTHT,SYS_UPD_DTTM,CAS,CAS_SPPM_CRD_AUTHT,,"from_unixtime(unix_timestamp(SYS_UPD_DTTM, 'yyyy/MM/dd HH:mm:ss'))"
CAS,CAS_SPPM_CRD_AUTHT,pt_cre_dt,CAS,CAS_SPPM_CRD_AUTHT,,"translate(translate(substr(SYS_CRE_DTTM,1,8),'/',''),'-','')"
CAS,CAS_SPPM_ITG_CD,ACQR_CD,CAS,CAS_SPPM_ITG_CD,ACQR_CD,
CAS,CAS_SPPM_ITG_CD,SPPM_CD,CAS,CAS_SPPM_ITG_CD,SPPM_CD,
CAS,CAS_SPPM_ITG_CD,SPPM_ITG_TYPE_CD,CAS,CAS_SPPM_ITG_CD,SPPM_ITG_TYPE_CD,
CAS,CAS_SPPM_ITG_CD,ACQR_NM,CAS,CAS_SPPM_ITG_CD,ACQR_NM,
CAS,CAS_SPPM_ITG_CD,SPPM_NM,CAS,CAS_SPPM_ITG_CD,SPPM_NM,
CAS,CAS_SPPM_ITG_CD,SYS_CRE_DTTM,CAS,CAS_SPPM_ITG_CD,,"from_unixtime(unix_timestamp(SYS_CRE_DTTM, 'yyyy/MM/dd HH:mm:ss'))"
CAS,CAS_SPPM_ITG_CD,SYS_UPD_DTTM,CAS,CAS_SPPM_ITG_CD,,"from_unixtime(unix_timestamp(SYS_UPD_DTTM, 'yyyy/MM/dd HH:mm:ss'))"
CDM,SHIPPING_INFO,CRD_SHPN_SNO,CDM,SHIPPING_INFO,ID,
CDM,SHIPPING_INFO,SYS_CRE_DTTM,CDM,SHIPPING_INFO,,"from_unixtime(unix_timestamp(CREATED, 'yyyy/MM/dd HH:mm:ss'))"
CDM,SHIPPING_INFO,SYS_UPD_DTTM,CDM,SHIPPING_INFO,,"from_unixtime(unix_timestamp(UPDATED, 'yyyy/MM/dd HH:mm:ss'))"
CDM,SHIPPING_INFO,MBR_LGIN_ID,CDM,SHIPPING_INFO,LOGIN_ID,
CDM,SHIPPING_INFO,ASP_ID,CDM,SHIPPING_INFO,ASP_ID,
CDM,SHIPPING_INFO,MBR_ID,CDM,SHIPPING_INFO,USER_ID,
CDM,SHIPPING_INFO,BSC_ADDR,CDM,SHIPPING_INFO,BASE_ADDRESS,
CDM,SHIPPING_INFO,DTL_ADDR,CDM,SHIPPING_INFO,DETAIL_ADDRESS,
CDM,SHIPPING_INFO,PSNO,CDM,SHIPPING_INFO,ZIP_CODE,
CDM,SHIPPING_INFO,PSNO_NEW_OLD_DV_CD,CDM,SHIPPING_INFO,ZIP_CODE_DELIMETER,
CDM,SHIPPING_INFO,SVC_ID,CDM,SHIPPING_INFO,PRODUCT_ID,
CDM,SHIPPING_INFO,NAT_CD,CDM,SHIPPING_INFO,COUNTRY_CODE,
CDM,SHIPPING_INFO,HTL_DLV_YN,CDM,SHIPPING_INFO,HOTEL_YN,
CDM,SHIPPING_INFO,SHPN_HOP_DT,CDM,SHIPPING_INFO,WISH_DATE,
CDM,SHIPPING_INFO,FRNR_CITY_ADDR,CDM,SHIPPING_INFO,CITY_ADDRESS,
CDM,SHIPPING_INFO,FRNR_STTE_ADDR,CDM,SHIPPING_INFO,STATE_ADDRESS,
CDM,SHIPPING_INFO,BEF_CRD_SVC_ID,CDM,SHIPPING_INFO,PREV_PRODUCT_ID,
CDM,SHIPPING_INFO_HISTORY,CRD_SHPN_HIST_SNO,CDM,SHIPPING_INFO_HISTORY,ID,
CDM,SHIPPING_INFO_HISTORY,DATA_CHG_NO,CDM,SHIPPING_INFO_HISTORY,REV,
CDM,SHIPPING_INFO_HISTORY,DATA_CHG_TYPE_CD,CDM,SHIPPING_INFO_HISTORY,REVTYPE,
CDM,SHIPPING_INFO_HISTORY,PSNO,CDM,SHIPPING_INFO_HISTORY,ZIP_CODE,
CDM,SHIPPING_INFO_HISTORY,SYS_UPD_DTTM,CDM,SHIPPING_INFO_HISTORY,,"from_unixtime(to_unix_timestamp(UPDATED, 'yyyy/MM/dd HH:mm:ss'))"
CDM,SHIPPING_INFO_HISTORY,pt_upd_dt,CDM,SHIPPING_INFO_HISTORY,,"substr(translate(translate(UPDATED, '-', ''), '/', ''), 1, 6)"
CDM,SHIPPING_RETRY,OD_CRD_PAR_NO,CDM,SHIPPING_RETRY,ORIGINAL_PAR,
CDM,SHIPPING_RETRY,SYS_CRE_DTTM,CDM,SHIPPING_RETRY,,"from_unixtime(unix_timestamp(CREATED, 'yyyy/MM/dd HH:mm:ss'))"
CDM,SHIPPING_RETRY,SYS_UPD_DTTM,CDM,SHIPPING_RETRY,,"from_unixtime(unix_timestamp(UPDATED, 'yyyy/MM/dd HH:mm:ss'))"
CDM,SHIPPING_RETRY,RE_SNDNG_RQS_TMCNT,CDM,SHIPPING_RETRY,RETRY_CNT,
CDM,SHIPPING_STATUS,CRD_BRCD_ID,CDM,SHIPPING_STATUS,RECORD_ID,
CDM,SHIPPING_STATUS,SYS_CRE_DTTM,CDM,SHIPPING_STATUS,,"from_unixtime(unix_timestamp(CREATED, 'yyyy/MM/dd HH:mm:ss'))"
CDM,SHIPPING_STATUS,SYS_UPD_DTTM,CDM,SHIPPING_STATUS,,"from_unixtime(unix_timestamp(UPDATED, 'yyyy/MM/dd HH:mm:ss'))"
CDM,SHIPPING_STATUS,CRD_SHPN_BAT_SNO,CDM,SHIPPING_STATUS,BATCH_ID,
CDM,SHIPPING_STATUS,CRD_SHPN_ST_CD,CDM,SHIPPING_STATUS,RECORD_STATUS,
CDM,SHIPPING_STATUS,PSRV_IVC_NO,CDM,SHIPPING_STATUS,DELIVERY_SHIPPING_NUMBER,
CDM,SHIPPING_STATUS,SHPN_ENP_CD,CDM,SHIPPING_STATUS,DELIVERY_SHIPPER,
CDM,SHIPPING_STATUS,NSPC_REG_DTTM,CDM,SHIPPING_STATUS,,"from_unixtime(unix_timestamp(AUDIT_REGT_DATE, 'yyyy/MM/dd HH:mm:ss'))"
CDM,SHIPPING_STATUS,SHPN_DTTM,CDM,SHIPPING_STATUS,,"from_unixtime(unix_timestamp(SEND_DATE, 'yyyy/MM/dd HH:mm:ss'))"
CDM,SHIPPING_STATUS,SNBK_RCP_DTTM,CDM,SHIPPING_STATUS,,"from_unixtime(unix_timestamp(RETURN_DATE, 'yyyy/MM/dd HH:mm:ss'))"
CDM,SHIPPING_STATUS,SNBK_RSN_CN,CDM,SHIPPING_STATUS,RETURN_REASON,
CDM,SHIPPING_STATUS,OUTS_SHPN_ST_CD,CDM,SHIPPING_STATUS,EXTERNAL_STATUS_CODE,
CDM,SHIPPING_STATUS,OUTS_SNBK_RSN_CD,CDM,SHIPPING_STATUS,EXTERNAL_RETURN_CODE,
CDM,SHIPPING_STATUS,OUTS_TAKP_REL_CD,CDM,SHIPPING_STATUS,EXTERNAL_RELATION_CODE,
CDM,SHIPPING_STATUS,OUTS_TAKP_FULL_NM,CDM,SHIPPING_STATUS,EXTERNAL_RELATION_NAME,
CDM,SHIPPING_STATUS,OUTS_TAK_CPLT_DTTM,CDM,SHIPPING_STATUS,,"from_unixtime(unix_timestamp(EXTERNAL_COMPLETED_DATE, 'yyyy/MM/dd HH:mm:ss'))"
CDM,SHIPPING_STATUS,RE_CRE_PAR_NO,CDM,SHIPPING_STATUS,NEW_PAR,
CDM,SHIPPING_TRY,CRD_SHPN_RQS_SNO,CDM,SHIPPING_TRY,ID,
CDM,SHIPPING_TRY,SYS_CRE_DTTM,CDM,SHIPPING_TRY,,"from_unixtime(unix_timestamp(CREATED, 'yyyy/MM/dd HH:mm:ss'))"
CDM,SHIPPING_TRY,SYS_UPD_DTTM,CDM,SHIPPING_TRY,,"from_unixtime(unix_timestamp(UPDATED, 'yyyy/MM/dd HH:mm:ss'))"
CDM,SHIPPING_TRY,RQS_COPT_CD,CDM,SHIPPING_TRY,REQUESTOR,
CDM,SHIPPING_TRY,CRD_SHPN_TRY_ST_CD,CDM,SHIPPING_TRY,TRY_STATUS,
CDM,SHIPPING_TRY,SHPN_TRY_ST_CD,CDM,SHIPPING_TRY,TRY_REASON,
CDM,SHIPPING_TRY,CRD_SHPN_SNO,CDM,SHIPPING_TRY,INFO_ID,
CDM,SHIPPING_TRY,CRD_BRCD_ID,CDM,SHIPPING_TRY,STATUS_RECORD_ID,
CDM,SHIPPING_TRY,ORG_CRD_PAR_NO,CDM,SHIPPING_TRY,OLD_PAR,
CDM,SHIPPING_TRY,RE_SHPN_XP,CDM,SHIPPING_TRY,RE_DELIVERY_COST,
CDM,SHIPPING_TRY,RE_SHPN_XP_IMPN_MTH_CD,CDM,SHIPPING_TRY,RE_DELIVERY_TYPE,
CDM,SHIPPING_TRY,BEF_CRD_SHPN_RQS_SNO,CDM,SHIPPING_TRY,OLD_TRY_ID,
CDM,SHIPPING_TRY,ENC_SHPN_CRDNO,CDM,SHIPPING_TRY,SENT_CARD_NO,
CDM,SHIPPING_TRY,CHRG_CRD_TYPE_CD,CDM,SHIPPING_TRY,CARD_TYPE,
CDM,SHIPPING_TRY,CRD_APL_NO,CDM,SHIPPING_TRY,CARD_APPLY_NO,
CDM,SHIPPING_TRY,OD_CRD_PAR_NO,CDM,SHIPPING_TRY,ORIGINAL_PAR,
CDM,SHIPPING_TRY,CRD_SHPN_TYPE_CD,CDM,SHIPPING_TRY,ROUTE_TYPE,
CMS,CMS_CNVG_PAR,PAR_NO,CMS,CMS_CNVG_PAR,PAR_NO,
CMS,CMS_CNVG_PAR,CNVG_PAR_NO,CMS,CMS_CNVG_PAR,CNVG_PAR_NO,
CMS,CMS_CNVG_PAR,SVC_ID,CMS,CMS_CNVG_PAR,SVC_ID,
CMS,CMS_CNVG_PAR,MBR_ID,CMS,CMS_CNVG_PAR,MBR_ID,
CMS,CMS_CNVG_PAR,MAIN_CRD_YN,CMS,CMS_CNVG_PAR,MAIN_CRD_YN,
CMS,CMS_CNVG_PAR,SYS_CRE_DTTM,CMS,CMS_CNVG_PAR,,"from_unixtime(unix_timestamp(SYS_CRE_DTTM, 'yyyy/MM/dd HH:mm:ss'))"
CMS,CMS_CNVG_PAR,TID,CMS,CMS_CNVG_PAR,TID,
CMS,CMS_CNVG_PAR,SYS_UPD_DTTM,CMS,CMS_CNVG_PAR,,"from_unixtime(unix_timestamp(SYS_UPD_DTTM, 'yyyy/MM/dd HH:mm:ss'))"
CMS,CMS_CNVG_PAR,CRE_DT,CMS,CMS_CNVG_PAR,CRE_DT,
CMS,CMS_CNVG_PAR,ASP_ID,CMS,CMS_CNVG_PAR,ASP_ID,
CMS,CMS_CRD_VL_PRID_EXTS,PAR_NO,CMS,CMS_CRD_VL_PRID_EXTS,PAR_NO,
CMS,CMS_CRD_VL_PRID_EXTS,CRD_VL_PRID_CHG_AFT_DT,CMS,CMS_CRD_VL_PRID_EXTS,CRD_VL_PRID_CHG_AFT_DT,
CMS,CMS_CRD_VL_PRID_EXTS,CRD_VL_PRID_CHG_BEF_DT,CMS,CMS_CRD_VL_PRID_EXTS,CRD_VL_PRID_CHG_BEF_DT,
CMS,CMS_CRD_VL_PRID_EXTS,CRD_VL_PRID_CHGR_NM,CMS,CMS_CRD_VL_PRID_EXTS,CRD_VL_PRID_CHGR_NM,
CMS,CMS_CRD_VL_PRID_EXTS,CRE_DT,CMS,CMS_CRD_VL_PRID_EXTS,CRE_DT,
CMS,CMS_CRD_VL_PRID_EXTS,TID,CMS,CMS_CRD_VL_PRID_EXTS,TID,
CMS,CMS_CRD_VL_PRID_EXTS,SYS_CRE_DTTM,CMS,CMS_CRD_VL_PRID_EXTS,,"to_timestamp(SYS_CRE_DTTM, 'yyyy/MM/dd HH:mm:ss.SSS')"
CMS,CMS_CRD_VL_PRID_EXTS,SYS_UPD_DTTM,CMS,CMS_CRD_VL_PRID_EXTS,,"to_timestamp(SYS_UPD_DTTM, 'yyyy/MM/dd HH:mm:ss.SSS')"
CMS,DEDUCTION_INFO,pt_reg_dt,CMS,DEDUCTION_INFO,,"cast(translate(substr(REGT_DT,1,10),'/','') as bigint)"
CMS,DEDUCTION_INFO,INCDE_REG_SNO,CMS,DEDUCTION_INFO,ID,
CMS,DEDUCTION_INFO,PAR_NO,CMS,DEDUCTION_INFO,PAR,
CMS,DEDUCTION_INFO,RSNO,CMS,DEDUCTION_INFO,USER_SSN,
CMS,DEDUCTION_INFO,PSTN_AUTHT_TYPE_CD,CMS,DEDUCTION_INFO,VERIFICATION_TYPE,
CMS,DEDUCTION_INFO,INCDE_DTTM,CMS,DEDUCTION_INFO,,"from_unixtime(unix_timestamp(DEDUCTION_DATE, 'yyyy/MM/dd HH:mm:ss'))"
CMS,DEDUCTION_INFO,SYS_CRE_DTTM,CMS,DEDUCTION_INFO,,"from_unixtime(unix_timestamp(REGT_DT, 'yyyy/MM/dd HH:mm:ss'))"
CMS,DEDUCTION_INFO,CHG_DTTM,CMS,DEDUCTION_INFO,,"from_unixtime(unix_timestamp(UPDT_DT, 'yyyy/MM/dd HH:mm:ss'))"
CMS,DEDUCTION_INFO,MBR_ID,CMS,DEDUCTION_INFO,USER_ID,
CMS,DEDUCTION_INFO,PSTN_AUTHT_SNO,CMS,DEDUCTION_INFO,CVS_ID,
CMS,EPAR,AFC_PAR_NO,CMS,EPAR,EPAR,
CMS,EPAR,AFC_CD,CMS,EPAR,CODE,
CMS,EPAR,AFC_PAR_MAPNG_ID,CMS,EPAR,EPAR_MAP_ID,
CMS,EPAR,AFC_NM,CMS,EPAR,CODE_NAME,
CMS,EPAR,PAR_NO,CMS,EPAR,PAR,
CMS,EPAR,AFC_MAPNG_ACT_ST_CD,CMS,EPAR,STATUS,
CMS,EPAR,SYS_CRE_DTTM,CMS,EPAR,,"to_timestamp(CREATED, 'yyyy/MM/dd HH:mm:ss.SSS')"
CMS,EPAR,SYS_UPD_DTTM,CMS,EPAR,,"to_timestamp(UPDATED, 'yyyy/MM/dd HH:mm:ss.SSS')"
CMS,EPAR,AFC_PAR_CD,CMS,EPAR,FROM_TYPE,
CMS,ETOKEN,ACQR_DV_CD,CMS,ETOKEN,ACQUIRER,
CMS,ETOKEN,SPPM_CRDNO,CMS,ETOKEN,ETOKEN,
CMS,ETOKEN,SPPM_CD,CMS,ETOKEN,TYPE_CODE,
CMS,ETOKEN,SYS_CRE_DTTM,CMS,ETOKEN,,"from_unixtime(unix_timestamp(CREATED, 'yyyy/MM/dd HH:mm:ss'))"
CMS,ETOKEN,TID,CMS,ETOKEN,TID,
CMS,ETOKEN,SYS_UPD_DTTM,CMS,ETOKEN,,"from_unixtime(unix_timestamp(UPDATED, 'yyyy/MM/dd HH:mm:ss'))"
CMS,ETOKEN,SYS_UPD_DT,CMS,ETOKEN,YYYYMMDD,
CMS,ETOKEN,SPPM_CRD_UPD_DT,CMS,ETOKEN,ETOKEN_UPDATED,
CMS,ETOKEN,VL_EXN_DT,CMS,ETOKEN,EXPIRY_DATE,
CMS,ETOKEN,PAR_NO,CMS,ETOKEN,PAR,
CMS,ETOKEN,SPPM_CRD_ST_CD,CMS,ETOKEN,STATUS,
CMS,ETOKEN,CRDNO,CMS,ETOKEN,TOKEN,
CMS,ETOKEN,SPPM_NM,CMS,ETOKEN,TYPE,
CMS,ETOKEN,SVC_ID,CMS,ETOKEN,CARD_SVC_ID,
CMS,ETOKEN,MBR_ID,CMS,ETOKEN,USER_ID,
CMS,ETOKEN,ISU_DT,CMS,ETOKEN,REGISTERED_DATE,
CMS,ETOKEN,RSG_DT,CMS,ETOKEN,INACTIVE_DATE,
CMS,ETOKEN,STOP_DT,CMS,ETOKEN,SUSPENDED_DATE,
CMS,ETOKEN,DSC_DT,CMS,ETOKEN,TERMINATED_DATE,
CMS,NAMED_INFO,CRD_SGZN_SNO,CMS,NAMED_INFO,ID,
CMS,NAMED_INFO,PAR_NO,CMS,NAMED_INFO,PAR,
CMS,NAMED_INFO,RSNO,CMS,NAMED_INFO,USER_SUB_SSN,
CMS,NAMED_INFO,BANK_CD,CMS,NAMED_INFO,BANK_ACC_AUTH_ID,
CMS,NAMED_INFO,CORP_SGZN_YN,CMS,NAMED_INFO,CORP_YN,
CMS,NAMED_INFO,SGZN_DTTM,CMS,NAMED_INFO,,"from_unixtime(unix_timestamp(NAMED_DATE, 'yyyy/MM/dd HH:mm:ss'))"
CMS,NAMED_INFO,SYS_CRE_DTTM,CMS,NAMED_INFO,,"from_unixtime(unix_timestamp(REGT_DT, 'yyyy/MM/dd HH:mm:ss'))"
CMS,NAMED_INFO,CHG_DTTM,CMS,NAMED_INFO,,"from_unixtime(unix_timestamp(UPDT_DT, 'yyyy/MM/dd HH:mm:ss'))"
CMS,NAMED_INFO,SGZN_APL_MES_CD,CMS,NAMED_INFO,NAMED_BY,
CMS,PAN_CHAN_HIS,PAN_ST_HIST_SNO,CMS,PAN_CHAN_HIS,HIST_SEQ,
CMS,PAN_CHAN_HIS,SYS_CRE_DTTM,CMS,PAN_CHAN_HIS,,"from_unixtime(to_unix_timestamp(REGT_TS, 'yyyy/MM/dd HH:mm:ss'))"
CMS,PAN_CHAN_HIS,PAR_NO,CMS,PAN_CHAN_HIS,PAR,
CMS,PAN_CHAN_HIS,PSN,CMS,PAN_CHAN_HIS,PSN,
CMS,PAN_CHAN_HIS,PAN_LF_CYC_VAL,CMS,PAN_CHAN_HIS,PAN_CR_LFCL,
CMS,PAN_CHAN_HIS,PAN_ST_CD,CMS,PAN_CHAN_HIS,PAN_CR_STAT,
CMS,PAN_CHAN_HIS,BEF_PAN_ST_CD,CMS,PAN_CHAN_HIS,PAN_PV_STAT,
CMS,PAN_CHAN_HIS,HIST_LOG,CMS,PAN_CHAN_HIS,HIST_LOG,
CMS,PAN_CHAN_HIS,HIST_TYPE,CMS,PAN_CHAN_HIS,HIST_TYPE,
CMS,PAN_CHAN_HIS,MBR_ID,CMS,PAN_CHAN_HIS,USER_ID,
CMS,PAN_CHAN_HIS,CRD_CONN_CHG_OWR_CD,CMS,PAN_CHAN_HIS,CARD_SE_CONNECT_BY,
CMS,PAN_CHAN_HIS,RLTG_CRD_CONN_YN,CMS,PAN_CHAN_HIS,CARD_SE_CONNECT_YN,
CMS,PAN_CHAN_HIS,IS_FIRST,CMS,PAN_CHAN_HIS,IS_FIRST,
CMS,PAN_CHAN_HIS,VAR_NM1,CMS,PAN_CHAN_HIS,P1,
CMS,PAN_CHAN_HIS,VAR_CN1,CMS,PAN_CHAN_HIS,P1_MEANING,
CMS,PAN_CHAN_HIS,SEVR_NM,CMS,PAN_CHAN_HIS,HOST_NAME,
CMS,PAN_CHAN_HIS,TID,CMS,PAN_CHAN_HIS,TID,
CMS,PAN_CHAN_HIS,RLTG_CRD_CONN_DTTM,CMS,PAN_CHAN_HIS,,"from_unixtime(to_unix_timestamp(CARD_SE_CONNECT_DATE, 'yyyy/MM/dd HH:mm:ss'))"
CMS,PAN_CHAN_HIS,CRD_ST_CHG_OWR_CD,CMS,PAN_CHAN_HIS,STATUS_CHANGE_BY,
CMS,PAN_CHAN_HIS,STLM_PSBL_ST_CD,CMS,PAN_CHAN_HIS,PAYABLE,
CMS,PAN_CHAN_HIS,STLM_TRY_TMCNT,CMS,PAN_CHAN_HIS,PAY_TRY_COUNT,
CMS,PAN_CHAN_HIS,LAST_STLM_TRY_DTTM,CMS,PAN_CHAN_HIS,,"from_unixtime(to_unix_timestamp(LAST_PAY_TRY_DATE, 'yyyy/MM/dd HH:mm:ss'))"
CMS,PAN_CHAN_HIS,CORP_CHG_DTTM,CMS,PAN_CHAN_HIS,,"from_unixtime(to_unix_timestamp(BUSINESS_UPDATED, 'yyyy/MM/dd HH:mm:ss'))"
CMS,PAN_CHAN_HIS,CORP_YN,CMS,PAN_CHAN_HIS,IS_BUSINESS_CARD,
CMS,PAN_CHAN_HIS,VAR_NM2,CMS,PAN_CHAN_HIS,P2,
CMS,PAN_CHAN_HIS,VAR_CN2,CMS,PAN_CHAN_HIS,P2_MEANING,
CMS,PAN_CHAN_HIS,MBR_CONN_DT,CMS,PAN_CHAN_HIS,,"from_unixtime(to_unix_timestamp(CONNECT_DATE, 'yyyy/MM/dd HH:mm:ss'))"
CMS,PAN_CHAN_HIS,pt_REG_d,CMS,PAN_CHAN_HIS,,"translate(substr(REGT_TS,0,10),'/','')"
CMS,PAN_INFO,SYS_CRE_DTTM,CMS,PAN_INFO,,"from_unixtime(unix_timestamp(REGT_DT, 'yyyy/MM/dd HH:mm:ss'))"
CMS,PAN_INFO,PAN_NO,CMS,PAN_INFO,PAN,
CMS,PAN_INFO,PAR_NO,CMS,PAN_INFO,PAR,
CMS,PAN_INFO,MBR_ID,CMS,PAN_INFO,USER_ID,
CMS,PAN_INFO,SVC_ID,CMS,PAN_INFO,SVC_ID,
CMS,PAN_INFO,BEF_CRD_ST_CD,CMS,PAN_INFO,PAN_PV_STAT,
CMS,PAN_INFO,PAN_ST_CD,CMS,PAN_INFO,PAN_CR_STAT,
CMS,PAN_INFO,SYS_UPD_DTTM,CMS,PAN_INFO,,"from_unixtime(unix_timestamp(UPDT_DT, 'yyyy/MM/dd HH:mm:ss'))"
CMS,PAN_INFO,PAN_VL_EXN_DT,CMS,PAN_INFO,INIT_PAN_EXP_YM,
CMS,PAN_INFO,URGE_PSH_TRSF_TMCNT,CMS,PAN_INFO,SEND_EXDT_NOTI_CNT,
CMS,PAN_INFO,VL_PRID_EXTS_CRD_YN,CMS,PAN_INFO,EXDT_EXTN_FLAG,
CMS,PAN_INFO,VL_PRID_EXTS_TMCNT,CMS,PAN_INFO,EXDT_EXTN_CNT,
CMS,PAN_INFO,PAN_LF_CYC_VAL,CMS,PAN_INFO,PAN_CR_LFCL,
CMS,PAN_INFO,PSN,CMS,PAN_INFO,CR_PSN,
CMS,PAN_INFO,RLTG_CRD_CRE_BAT_ID,CMS,PAN_INFO,BAT_ID,
CMS,PAN_INFO,CSN_NO,CMS,PAN_INFO,CSN,
CMS,PAN_INFO,RLTG_CRD_CONN_YN,CMS,PAN_INFO,CARD_SE_CONNECT_YN,
CMS,PAN_INFO,MB_RLTG_CRD_DV_CD,CMS,PAN_INFO,CARD_TYPE,
CMS,PAN_INFO,PPM_STLM_CRD_PRD_TYPE_CD,CMS,PAN_INFO,PREPAID_TYPE,
CMS,PAN_INFO,ASP_ID,CMS,PAN_INFO,ASP_ID,
CMS,PAN_INFO,RLTG_CRD_CONN_DTTM,CMS,PAN_INFO,,"from_unixtime(unix_timestamp(CARD_SE_CONNECT_DATE, 'yyyy/MM/dd HH:mm:ss'))"
CMS,PAN_INFO,RLTG_CRD_CONN_COPT_NM,CMS,PAN_INFO,CARD_SE_CONNECT_BY,
CMS,PAN_INFO,PAN_ST_CHG_OWR_NM,CMS,PAN_INFO,STATUS_CHANGE_BY,
CMS,PAN_INFO,STLM_PSBL_ST_CD,CMS,PAN_INFO,PAYABLE,
CMS,PAN_INFO,STLM_TRY_TMCNT,CMS,PAN_INFO,PAY_TRY_COUNT,
CMS,PAN_INFO,RCNT_STLM_TRY_DTTM,CMS,PAN_INFO,,"from_unixtime(unix_timestamp(LAST_PAY_TRY_DATE, 'yyyy/MM/dd HH:mm:ss'))"
CMS,PAN_INFO,MAIN_CRD_YN,CMS,PAN_INFO,FAVORITE_CARD,
CMS,PAN_INFO,CORP_CHG_DTTM,CMS,PAN_INFO,,"from_unixtime(unix_timestamp(BUSINESS_UPDATED, 'yyyy/MM/dd HH:mm:ss'))"
CMS,PAN_INFO,CORP_YN,CMS,PAN_INFO,IS_BUSINESS_CARD,
CMS,PAN_INFO,BEF_MB_RLTG_CRD_DV_CD,CMS,PAN_INFO,FROM_CARD_TYPE,
CMS,PAN_INFO,MB_PRE_ISU_YN,CMS,PAN_INFO,INVERSE,
CMS,PAN_INFO,MB_PRE_ISU_OWR_CD,CMS,PAN_INFO,INVERSE_BY,
CMS,PAN_INFO,MBR_CONN_DT,CMS,PAN_INFO,,"from_unixtime(unix_timestamp(CONNECT_DATE, 'yyyy/MM/dd HH:mm:ss'))"
CMS,PAN_INFO,pan_vl_prid_dt,CMS,PAN_INFO,PAN_EXP_YM,
CMS,PAN_INFO,vl_prid_exts_mcnt,CMS,PAN_INFO,EXDT_EXTN_MONTHS,
CMS,PAN_INFO,par_cnvg_trgt_crdcnt,CMS,PAN_INFO,PAR_CNVG_TRGT_CRDCNT,
CMS,PAN_INFO,par_cnvg_rqs_crdcnt,CMS,PAN_INFO,PAR_CNVG_RQS_CRDCNT,
CMS,par_map,par_mapng_id,CMS,par_map,map_id,
CMS,par_map,par_no,CMS,par_map,par,
CMS,par_map,SYS_CRE_DTTM,CMS,par_map,,"from_unixtime(to_unix_timestamp(created, 'yyyy/MM/dd HH:mm:ss'))"
CMS,par_map,string,CMS,par_map,copied_by,
CMS,par_map,pt_cre_yy,CMS,par_map,,"substr(created, 1, 4)"
CRM,TB_CMMN_CODE,CNSL_CD_GRP_ID,CRM,TB_CMMN_CODE,CODE_GROUP,
CRM,TB_CMMN_CODE,CM_CD,CRM,TB_CMMN_CODE,CODE,
CRM,TB_CMMN_CODE,CDNM,CRM,TB_CMMN_CODE,CODE_NM,
CRM,TB_CMMN_CODE,LNUP_ODE,CRM,TB_CMMN_CODE,CODE_ORDER,
CRM,TB_CMMN_CODE,DEL_YN,CRM,TB_CMMN_CODE,DEL_YN,
CRM,TB_CMMN_CODE,PRCS_DT,CRM,TB_CMMN_CODE,REG_DT,
CRM,TB_CMMN_CODE,APY_STGE_VERNO,CRM,TB_CMMN_CODE,PHASE_NO,
CRM,TB_CMMN_CODE,SUB_CD,CRM,TB_CMMN_CODE,SUB_CODE,
CRM,TB_CMMN_CODE,COPT_CD,CRM,TB_CMMN_CODE,COMPONENT,
CRM,TB_CMMN_CODE,SYS_CRE_DTTM,CRM,TB_CMMN_CODE,,"cast(translate(SYS_CRE_DTTM, '/', '-') as timestamp)"
CRM,TB_CMMN_CODE,SYS_UPD_DTTM,CRM,TB_CMMN_CODE,,"cast(translate(SYS_UPD_DTTM, '/', '-') as timestamp)"
CRM,TB_CONSULTING_CODE,CNSL_CD_GRP_ID,CRM,TB_CONSULTING_CODE,CODE_GROUP,
CRM,TB_CONSULTING_CODE,CNSL_CD,CRM,TB_CONSULTING_CODE,CODE,
CRM,TB_CONSULTING_CODE,CDNM,CRM,TB_CONSULTING_CODE,CODE_NM,
CRM,TB_CONSULTING_CODE,LNUP_ODE,CRM,TB_CONSULTING_CODE,CODE_ORDER,
CRM,TB_CONSULTING_CODE,DEL_YN,CRM,TB_CONSULTING_CODE,DEL_YN,
CRM,TB_CONSULTING_CODE,PRCS_DT,CRM,TB_CONSULTING_CODE,REG_DT,
CRM,TB_CONSULTING_CODE,SYS_UPD_DTTM,CRM,TB_CONSULTING_CODE,,"from_unixtime(unix_timestamp(UPT_DT, 'yyyyMMddHHmmss'))"
CRM,TB_CONSULTING_CODE,DSCR_CN,CRM,TB_CONSULTING_CODE,DECRIPTION,
CRM,TB_CONSULTING_LOG,CNSL_HIST_SNO,CRM,TB_CONSULTING_LOG,IDX,
CRM,TB_CONSULTING_LOG,CSLR_ID,CRM,TB_CONSULTING_LOG,OPER_ID,
CRM,TB_CONSULTING_LOG,CTC_SCRN_ID,CRM,TB_CONSULTING_LOG,SCREEN_ID,
CRM,TB_CONSULTING_LOG,ASP_ID,CRM,TB_CONSULTING_LOG,ASP_ID,
CRM,TB_CONSULTING_LOG,ASP_NM,CRM,TB_CONSULTING_LOG,ASP_NM,
CRM,TB_CONSULTING_LOG,SRCH_TRGT_ID,CRM,TB_CONSULTING_LOG,,"concat(SEARCH_ID_USER, SEARCH_ID_MERCHANT)"
CRM,TB_CONSULTING_LOG,VOC_TYPE_CD,CRM,TB_CONSULTING_LOG,VOC_TYPE,
CRM,TB_CONSULTING_LOG,CNSL_CTG_LCL_CD,CRM,TB_CONSULTING_LOG,MAIN_CATEGORY_CD,
CRM,TB_CONSULTING_LOG,CNSL_CTG_MCL_CD,CRM,TB_CONSULTING_LOG,MIDDLE_CATEGORY_CD,
CRM,TB_CONSULTING_LOG,CNSL_CTG_SCL_CD,CRM,TB_CONSULTING_LOG,SMALL_CATEGORY_CD,
CRM,TB_CONSULTING_LOG,CNSL_PRCR_CD,CRM,TB_CONSULTING_LOG,PROCESS_RESULT,
CRM,TB_CONSULTING_LOG,PRCS_DT,CRM,TB_CONSULTING_LOG,REG_DT,
CRM,TB_CONSULTING_LOG,SYS_UPD_DTTM,CRM,TB_CONSULTING_LOG,,"from_unixtime(unix_timestamp(UPT_DT, 'yyyyMMddHHmmss'))"
CRM,TB_CONSULTING_LOG,VLDN_DT,CRM,TB_CONSULTING_LOG,CHK_DT,
CRM,TB_CONSULTING_LOG,PWFL_VOC_YN,CRM,TB_CONSULTING_LOG,IS_DIRTY_VOC,
CRM,TB_CONSULTING_LOG,MC_TYPE_CD,CRM,TB_CONSULTING_LOG,MERCHANT_TYPE,
CRM,TB_CONSULTING_LOG,INBD_OUTBD_DV_CD,CRM,TB_CONSULTING_LOG,IO_TYPE,
CRM,TB_CONSULTING_LOG,WAT_ORDR_ASGN_SNO,CRM,TB_CONSULTING_LOG,ORDER_SCHEDULE_SEQ,
CRM,TB_CONSULTING_LOG,OUTR_NFCT_ITT_YN,CRM,TB_CONSULTING_LOG,OUTR_NFCT_ITT_YN,
CRM,TB_CONSULTING_LOG,RWD_REU_YN,CRM,TB_CONSULTING_LOG,RWD_REU_YN,
CRM,TB_CONSULTING_LOG,ETC_REU_YN,CRM,TB_CONSULTING_LOG,ETC_REU_YN,
CRS,COUPON,CPN_NO,CRS,COUPON,COUPON_NUMBER,
CRS,COUPON,RC_ID,CRS,COUPON,RECHARGER_ID,
CRS,COUPON,SYS_CRE_DTTM,CRS,COUPON,,"from_unixtime(to_unix_timestamp(CREATED, 'yyyy/MM/dd HH:mm:ss'))"
CRS,COUPON,SYS_UPD_DTTM,CRS,COUPON,,"from_unixtime(to_unix_timestamp(UPDATED, 'yyyy/MM/dd HH:mm:ss'))"
CRS,COUPON,ID,CRS,COUPON,ID,
CRS,LOTTERY,ID,CRS,LOTTERY,ID,
CRS,LOTTERY,GAME_NO,CRS,LOTTERY,GAME_ID,
CRS,LOTTERY,GAME_TMCNT,CRS,LOTTERY,GAME_COUNT,
CRS,LOTTERY,LOTT_SLL_MC_ID,CRS,LOTTERY,RETAILER_ID,
CRS,LOTTERY,ASP_ID,CRS,LOTTERY,ASP_ID,
CRS,LOTTERY,SYS_CRE_DTTM,CRS,LOTTERY,,"from_unixtime(to_unix_timestamp(CREATED, 'yyyy/MM/dd HH:mm:ss'))"
CRS,LOTTERY,SYS_UPD_DTTM,CRS,LOTTERY,,"from_unixtime(to_unix_timestamp(UPDATED, 'yyyy/MM/dd HH:mm:ss'))"
CRS,LOTTERY,LDNG_URL_ADDR,CRS,LOTTERY,RENDING_URL,
CRS,LOTTERY,AMT_BYTP_GAME_TMCNT,CRS,LOTTERY,GAME_COUNT_PER_AMOUNT,
CRS,LOTTERY,ORG_AMT_DV_CD,CRS,LOTTERY,GAME_COUNT_PER_AMOUNT_TYPE,
CRS,LUCKY,LUCK_PLCY_ID,CRS,LUCKY,ID,
CRS,LUCKY,GAME_TMCNT,CRS,LUCKY,GAME_COUNT,
CRS,LUCKY,ASP_ID,CRS,LUCKY,ASP_ID,
CRS,LUCKY,SYS_CRE_DTTM,CRS,LUCKY,,"from_unixtime(unix_timestamp(CREATED, 'yyyy/MM/dd HH:mm:ss'))"
CRS,LUCKY,SYS_UPD_DTTM,CRS,LUCKY,,"from_unixtime(unix_timestamp(UPDATED, 'yyyy/MM/dd HH:mm:ss'))"
CRS,LUCKY,LDNG_URL,CRS,LUCKY,RENDING_URL,
CRS,LUCKY,GAME_PRND_AMT,CRS,LUCKY,GAME_COUNT_PER_AMOUNT,
CRS,LUCKY,GAME_PRND_AMT_TYPE_CD,CRS,LUCKY,GAME_COUNT_PER_AMOUNT_TYPE,
CRS,POINT,PNT,CRS,POINT,POINT,
CRS,POINT,EXN_DD,CRS,POINT,EXPIRY_DATE,
CRS,POINT,BYIDV_MAX_DSB_TMCNT,CRS,POINT,MAXIMUM_PAYMENT_FOR_PERSON,
CRS,POINT,MAX_DSB_TMCNT,CRS,POINT,MAXIMUM_PAYOUT,
CRS,POINT,AP_SNDNG_MSG_CN,CRS,POINT,APP_MESSAGE,
CRS,POINT,SYS_CRE_DTTM,CRS,POINT,,"from_unixtime(to_unix_timestamp(CREATED, 'yyyy/MM/dd HH:mm:ss'))"
CRS,POINT,SYS_UPD_DTTM,CRS,POINT,,"from_unixtime(to_unix_timestamp(UPDATED, 'yyyy/MM/dd HH:mm:ss'))"
CRS,POINT,PNT_PLCY_ID,CRS,POINT,POINT_POLICY_ID,
CRS,POINT,FAMT_FRTE_DV_CD,CRS,POINT,TYPE,
CRS,POINT,BNF_KD_CD,CRS,POINT,RATE_TYPE,
CRS,POINT,KA_ID,CRS,POINT,KA_ID,
CRS,POINT,PNT_BOWR_GRP_ID,CRS,POINT,PROVIDER_GROUP_ID,
CRS,POINT,ID,CRS,POINT,ID,
CRS,POINT,PNT_PLCY_TRGT_DV_CD,CRS,POINT,TARGET,
CRS,POINT,PNT_PLCY_TYPE_CD,CRS,POINT,POLICY_TYPE,
CRS,POINT,PNT_PLCY_NM,CRS,POINT,POLICY_NAME,
CRS,POINT,SVC_GRP_ID,CRS,POINT,SERVICE_GROUP_ID,
CRS,POINT,ACUM_VAL_OWR_NM,CRS,POINT,ACC_BY,
CRS,POINT,ACUM_VAL_KD_CD,CRS,POINT,ACC_TYPE,
CRS,POINT,ACUM_VAL_DT_TYPE_CD,CRS,POINT,ACC_DATE_TYPE,
CRS,POINT,ACUM_EON,CRS,POINT,ACC_ENABLE,
CRS,POINT,MM_LM_PLCY_IGNR_EON,CRS,POINT,POLICY_LIMIT_MONTH_IGNORED,
CRS,POINT,YY_LM_PLCY_IGNR_EON,CRS,POINT,POLICY_LIMIT_YEAR_IGNORED,
CRS,POINT,PNT_PLCY_ID,CRS,POINT,RATE_POINT_POLICY_ID,
CRS,POINT,PNT_DV_CD,CRS,POINT,RATE_POINT_POLICY_TYPE,
CRS,POINT,ACUM_TRGT_DV_CD,CRS,POINT,ACC_TARGET,
CRS,POINT,CLLC_KD_CD,CRS,POINT,RETRIEVAL_TYPE,
CRS,REWARD,ASP_ID,CRS,REWARD,ASP_ID,
CRS,REWARD,CND_TYPE_CD,CRS,REWARD,CONDITION_TYPE,
CRS,REWARD,RWD_PROD_ID,CRS,REWARD,PROCEDURE_ID,
CRS,REWARD,RWD_PLCY_NM,CRS,REWARD,NAME,
CRS,REWARD,RWD_LABEL_NM,CRS,REWARD,LABEL,
CRS,REWARD,RWD_KD_CD,CRS,REWARD,TYPE,
CRS,REWARD,OWNR_NM,CRS,REWARD,OWNER_NAME,
CRS,REWARD,PSH_TIT,CRS,REWARD,PUSH_TITLE,
CRS,REWARD,PSH_CN,CRS,REWARD,PUSH_CONTENT,
CRS,REWARD,STRT_DT,CRS,REWARD,,"from_unixtime(to_unix_timestamp(FROM_DATE, 'yyyy/MM/dd HH:mm:ss'))"
CRS,REWARD,END_DT,CRS,REWARD,,"from_unixtime(to_unix_timestamp(TO_DATE, 'yyyy/MM/dd HH:mm:ss'))"
CRS,REWARD,SYS_CRE_DTTM,CRS,REWARD,,"from_unixtime(to_unix_timestamp(CREATED, 'yyyy/MM/dd HH:mm:ss'))"
CRS,REWARD,SYS_UPD_DTTM,CRS,REWARD,,"from_unixtime(to_unix_timestamp(UPDATED, 'yyyy/MM/dd HH:mm:ss'))"
CRS,REWARD,RWD_PLCY_ST_CD,CRS,REWARD,STATUS,
CRS,REWARD,RWD_PLCY_REP_VAL,CRS,REWARD,REPRESENT_VALUE,
CRS,REWARD,RWD_ID,CRS,REWARD,ID,
CRS,REWARD,RWD_PLCY_DTL_ID,CRS,REWARD,DETAIL_ID,
CRS,REWARD,RWD_PARAM_ID,CRS,REWARD,PARAM_ID,
CRS,REWARD,RWD_PARAM_GRP_ID,CRS,REWARD,PARAM_GROUP_ID,
CRS,TARGET,ACUM_EVT_RWD_PLCY_ID,CRS,TARGET,ID,
CRS,TARGET,ACUM_EVT_SNO,CRS,TARGET,ACS_ID,
CRS,TARGET,SYS_CRE_DTTM,CRS,TARGET,,"from_unixtime(to_unix_timestamp(CREATED, 'yyyy/MM/dd HH:mm:ss'))"
CRS,TARGET,SYS_UPD_DTTM,CRS,TARGET,,"from_unixtime(to_unix_timestamp(UPDATED, 'yyyy/MM/dd HH:mm:ss'))"
CRS,TICKET,ETK_PLCY_ID,CRS,TICKET,ID,
CRS,TICKET,ETR_PLCY_SNO,CRS,TICKET,ENTRY_ID,
CRS,TICKET,SYS_CRE_DTTM,CRS,TICKET,,"from_unixtime(to_unix_timestamp(CREATED, 'yyyy/MM/dd HH:mm:ss'))"
CRS,TICKET,SYS_UPD_DTTM,CRS,TICKET,,"from_unixtime(to_unix_timestamp(UPDATED, 'yyyy/MM/dd HH:mm:ss'))"
CS,CS_KCP_CHRG_AUTHT_KEY,KCP_CHRG_AUTHT_KEY_SNO,CS,CS_KCP_CHRG_AUTHT_KEY,KCP_CHRG_AUTHT_KEY_SNO,
CS,CS_KCP_CHRG_AUTHT_KEY,SYS_CRE_DTTM,CS,CS_KCP_CHRG_AUTHT_KEY,,"from_unixtime(unix_timestamp(SYS_CRE_DTTM, 'yyyy/MM/dd HH:mm:ss'))"
CS,CS_KCP_CHRG_AUTHT_KEY,SYS_UPD_DTTM,CS,CS_KCP_CHRG_AUTHT_KEY,,"from_unixtime(unix_timestamp(SYS_UPD_DTTM, 'yyyy/MM/dd HH:mm:ss'))"
CS,CS_KCP_CHRG_AUTHT_KEY,TRAN_ID,CS,CS_KCP_CHRG_AUTHT_KEY,TRAN_ID,
CS,CS_KCP_CHRG_AUTHT_KEY,RQS_DT,CS,CS_KCP_CHRG_AUTHT_KEY,RQS_DT,
CS,CS_KCP_CHRG_AUTHT_KEY,ASP_ID,CS,CS_KCP_CHRG_AUTHT_KEY,ASP_ID,
CS,CS_KCP_CHRG_AUTHT_KEY,REP_KA_ID,CS,CS_KCP_CHRG_AUTHT_KEY,REP_KA_ID,
CS,CS_KCP_CHRG_AUTHT_KEY,ACHRG_TYPE_CD,CS,CS_KCP_CHRG_AUTHT_KEY,ACHRG_TYPE_CD,
CS,CS_KCP_CHRG_AUTHT_KEY,ACHRG_DT,CS,CS_KCP_CHRG_AUTHT_KEY,ACHRG_DT,
CS,CS_KCP_CHRG_AUTHT_KEY,CRI_LWTLM_AMT,CS,CS_KCP_CHRG_AUTHT_KEY,CRI_LWTLM_AMT,
CS,CS_KCP_CHRG_AUTHT_KEY,KCP_CHRG_AUTHT_KEY_RQS_DV_CD,CS,CS_KCP_CHRG_AUTHT_KEY,KCP_CHRG_AUTHT_KEY_RQS_DV_CD,
CS,CS_KCP_CHRG_AUTHT_KEY,MBR_ID,CS,CS_KCP_CHRG_AUTHT_KEY,MBR_ID,
CS,CS_KCP_CHRG_AUTHT_KEY,KCP_MC_TYPE_CD,CS,CS_KCP_CHRG_AUTHT_KEY,KCP_MC_TYPE_CD,
CS,CS_KCP_CHRG_AUTHT_KEY,KCP_MC_GRP_ID,CS,CS_KCP_CHRG_AUTHT_KEY,KCP_MC_GRP_ID,
CS,CS_KCP_CHRG_AUTHT_KEY,PAR_NO,CS,CS_KCP_CHRG_AUTHT_KEY,PAR_NO,
CS,CS_KCP_CHRG_AUTHT_KEY,SVC_ID,CS,CS_KCP_CHRG_AUTHT_KEY,SVC_ID,
CS,CS_KCP_CHRG_AUTHT_KEY,SVC_NM,CS,CS_KCP_CHRG_AUTHT_KEY,SVC_NM,
CS,CS_KCP_CHRG_AUTHT_KEY,KCP_CHRG_ST_DV_CD,CS,CS_KCP_CHRG_AUTHT_KEY,KCP_CHRG_ST_DV_CD,
CS,CS_KCP_CHRG_AUTHT_KEY,KCP_CRDCO_TYPE_CD,CS,CS_KCP_CHRG_AUTHT_KEY,KCP_CRDCO_TYPE_CD,
CS,CS_KCP_CHRG_AUTHT_KEY,CRDCO_NM,CS,CS_KCP_CHRG_AUTHT_KEY,CRDCO_NM,
CS,CS_KCP_CHRG_AUTHT_KEY,KCP_CHRG_AUTHT_KEY_VAL,CS,CS_KCP_CHRG_AUTHT_KEY,KCP_CHRG_AUTHT_KEY_VAL,
CS,CS_KCP_CHRG_AUTHT_KEY,KCP_TR_RS_TYPE_CD,CS,CS_KCP_CHRG_AUTHT_KEY,KCP_TR_RS_TYPE_CD,
CS,CS_KCP_CHRG_AUTHT_KEY,CHRG_RQS_AMT,CS,CS_KCP_CHRG_AUTHT_KEY,CHRG_RQS_AMT,
CS,CS_KCP_CHRG_AUTHT_KEY,ACHRG_DD,CS,CS_KCP_CHRG_AUTHT_KEY,ACHRG_DD,
CS,CS_MCPM_CHRG,MCPM_CHRG_SNO,CS,CS_MCPM_CHRG,MCPM_CHRG_SNO,
CS,CS_MCPM_CHRG,SYS_CRE_DTTM,CS,CS_MCPM_CHRG,,"to_timestamp(SYS_CRE_DTTM, 'yyyy/MM/dd HH:mm:ss.SSS')"
CS,CS_MCPM_CHRG,SYS_UPD_DTTM,CS,CS_MCPM_CHRG,,"to_timestamp(SYS_UPD_DTTM, 'yyyy/MM/dd HH:mm:ss.SSS')"
CS,CS_MCPM_CHRG,AFC_TR_NO,CS,CS_MCPM_CHRG,AFC_TR_NO,
CS,CS_MCPM_CHRG,TRAN_ID,CS,CS_MCPM_CHRG,TRAN_ID,
CS,CS_MCPM_CHRG,NR_NO,CS,CS_MCPM_CHRG,NR_NO,
CS,CS_MCPM_CHRG,RQS_DT,CS,CS_MCPM_CHRG,RQS_DT,
CS,CS_MCPM_CHRG,KGM_STLM_DV_CD,CS,CS_MCPM_CHRG,KGM_STLM_DV_CD,
CS,CS_MCPM_CHRG,KGM_MC_SVC_KEY,CS,CS_MCPM_CHRG,KGM_MC_SVC_KEY,
CS,CS_MCPM_CHRG,PGC_DV_CD,CS,CS_MCPM_CHRG,PGC_DV_CD,
CS,CS_MCPM_CHRG,CHRG_AMT,CS,CS_MCPM_CHRG,CHRG_AMT,
CS,CS_MCPM_CHRG,CHRG_FEE,CS,CS_MCPM_CHRG,CHRG_FEE,
CS,CS_MCPM_CHRG,STLM_AMT,CS,CS_MCPM_CHRG,STLM_AMT,
CS,CS_MCPM_CHRG,ASP_ID,CS,CS_MCPM_CHRG,ASP_ID,
CS,CS_MCPM_CHRG,REP_KA_ID,CS,CS_MCPM_CHRG,REP_KA_ID,
CS,CS_MCPM_CHRG,MBR_ID,CS,CS_MCPM_CHRG,MBR_ID,
CS,CS_MCPM_CHRG,PAR_NO,CS,CS_MCPM_CHRG,PAR_NO,
CS,CS_MCPM_CHRG,SVC_ID,CS,CS_MCPM_CHRG,SVC_ID,
CS,CS_MCPM_CHRG,SVC_NM,CS,CS_MCPM_CHRG,SVC_NM,
CS,CS_MCPM_CHRG,CHRG_DV_CD,CS,CS_MCPM_CHRG,CHRG_DV_CD,
CS,CS_MCPM_CHRG,ORG_TRAN_ID,CS,CS_MCPM_CHRG,ORG_TRAN_ID,
CS,CS_MCPM_CHRG,VL_DTTM,CS,CS_MCPM_CHRG,,"to_timestamp(VL_DTTM, 'yyyy/MM/dd HH:mm:ss.SSS')"
CS,CS_MCPM_CHRG,POS_INS_TYPE_CD,CS,CS_MCPM_CHRG,POS_INS_TYPE_CD,
CS,CS_MCPM_CHRG,CNCL_ST_CD,CS,CS_MCPM_CHRG,CNCL_ST_CD,
CS,CS_MCPM_CHRG,MCPM_AUTHT_YN,CS,CS_MCPM_CHRG,MCPM_AUTHT_YN,
CS,CS_MCPM_CHRG,RSP_RS_CD,CS,CS_MCPM_CHRG,RSP_RS_CD,
CS,CS_MCPM_CHRG,RS_MSG_CN,CS,CS_MCPM_CHRG,RS_MSG_CN,
CS,TB_ARS_AUTH_BANK_ACC_REG,ARS_AUTHT_CHRG_ACN_REG_SNO,CS,TB_ARS_AUTH_BANK_ACC_REG,ID,
CS,TB_ARS_AUTH_BANK_ACC_REG,SYS_CRE_DTTM,CS,TB_ARS_AUTH_BANK_ACC_REG,,"from_unixtime(unix_timestamp(CREATED_AT, 'yyyy/MM/dd HH:mm:ss'))"
CS,TB_ARS_AUTH_BANK_ACC_REG,SYS_UPD_DTTM,CS,TB_ARS_AUTH_BANK_ACC_REG,,"from_unixtime(unix_timestamp(UPDATED_AT, 'yyyy/MM/dd HH:mm:ss'))"
CS,TB_ARS_AUTH_BANK_ACC_REG,CHRG_ACN_REG_RQS_NO,CS,TB_ARS_AUTH_BANK_ACC_REG,REG_NO,
CS,TB_ARS_AUTH_BANK_ACC_REG,ASP_ID,CS,TB_ARS_AUTH_BANK_ACC_REG,ASP_ID,
CS,TB_ARS_AUTH_BANK_ACC_REG,MBR_ID,CS,TB_ARS_AUTH_BANK_ACC_REG,USER_ID,
CS,TB_ARS_AUTH_BANK_ACC_REG,CHRG_ACN_REG_ST_CD,CS,TB_ARS_AUTH_BANK_ACC_REG,STATUS,
CS,TB_ARS_AUTH_BANK_ACC_REG,REG_DT,CS,TB_ARS_AUTH_BANK_ACC_REG,REG_DATE,
CS,TB_ARS_AUTH_BANK_ACC_REG,PG_NM,CS,TB_ARS_AUTH_BANK_ACC_REG,PG_NAME,
CS,TB_ARS_AUTH_BANK_ACC_REG,RS_RSN_CD,CS,TB_ARS_AUTH_BANK_ACC_REG,REASON,
CS,TB_ARS_AUTH_BANK_ACC_REG,RS_CD,CS,TB_ARS_AUTH_BANK_ACC_REG,RESULT_CODE,
CS,TB_ARS_AUTH_BANK_ACC_REG,CHRG_ACN_REG_DV_CD,CS,TB_ARS_AUTH_BANK_ACC_REG,REG_MODE,
CS,TB_ARS_AUTH_BANK_ACC_REG,PG_APY_SVC_NM,CS,TB_ARS_AUTH_BANK_ACC_REG,RCG_SVC_NM,
CS,TB_ARS_AUTH_BANK_ACC_REG,EU_ACN_BANK_CD,CS,TB_ARS_AUTH_BANK_ACC_REG,EU_ACN_BANK_CD,
CS,TB_ARS_AUTH_BANK_ACC_REG,CHRG_MHD_ITG_DV_CD,CS,TB_ARS_AUTH_BANK_ACC_REG,CHRG_MHD_ITG_DV_CD,
CS,TB_AUTO_PRE_REC_PLAN,BALA_LCK_ACHRG_REG_SNO,CS,TB_AUTO_PRE_REC_PLAN,ID,
CS,TB_AUTO_PRE_REC_PLAN,SYS_CRE_DTTM,CS,TB_AUTO_PRE_REC_PLAN,,"from_unixtime(unix_timestamp(CREATED_AT, 'yyyy/MM/dd HH:mm:ss'))"
CS,TB_AUTO_PRE_REC_PLAN,SYS_UPD_DTTM,CS,TB_AUTO_PRE_REC_PLAN,,"from_unixtime(unix_timestamp(UPDATED_AT, 'yyyy/MM/dd HH:mm:ss'))"
CS,TB_AUTO_PRE_REC_PLAN,ASP_ID,CS,TB_AUTO_PRE_REC_PLAN,ASP_ID,
CS,TB_AUTO_PRE_REC_PLAN,MBR_ID,CS,TB_AUTO_PRE_REC_PLAN,USER_ID,
CS,TB_AUTO_PRE_REC_PLAN,PAR_NO,CS,TB_AUTO_PRE_REC_PLAN,PAR,
CS,TB_AUTO_PRE_REC_PLAN,SVC_ID,CS,TB_AUTO_PRE_REC_PLAN,SVC_ID,
CS,TB_AUTO_PRE_REC_PLAN,CRD_ACT_ST_CD,CS,TB_AUTO_PRE_REC_PLAN,STATUS,
CS,TB_AUTO_PRE_REC_PLAN,REG_DT,CS,TB_AUTO_PRE_REC_PLAN,,"from_unixtime(unix_timestamp(REG_DATE, 'yyyy/MM/dd HH:mm:ss'))"
CS,TB_AUTO_PRE_REC_PLAN,RQS_CHNL_CD,CS,TB_AUTO_PRE_REC_PLAN,REQUESTER,
CS,TB_AUTO_PRE_REC_PLAN,EU_ACN_BANK_CD,CS,TB_AUTO_PRE_REC_PLAN,EU_ACN_BANK_CD,
CS,TB_BANK_ACCOUNT,BANK_ACN_SNO,CS,TB_BANK_ACCOUNT,ID,
CS,TB_BANK_ACCOUNT,pt_cre_dt,CS,TB_BANK_ACCOUNT,,"cast(replace(substr(CREATED_AT, 1, 10), '/', '') as bigint)"
CS,TB_BANK_ACCOUNT,SYS_CRE_DTTM,CS,TB_BANK_ACCOUNT,,"from_unixtime(unix_timestamp(CREATED_AT, 'yyyy/MM/dd HH:mm:ss'))"
CS,TB_BANK_ACCOUNT,SYS_UPD_DTTM,CS,TB_BANK_ACCOUNT,,"from_unixtime(unix_timestamp(UPDATED_AT, 'yyyy/MM/dd HH:mm:ss'))"
CS,TB_BANK_ACCOUNT,ACN_REG_OGN_DV_CD,CS,TB_BANK_ACCOUNT,BANK_ACC_HD_TYPE,
CS,TB_BANK_ACCOUNT,BANK_CD,CS,TB_BANK_ACCOUNT,BANK_CODE,
CS,TB_BANK_ACCOUNT,BANK_NM,CS,TB_BANK_ACCOUNT,BANK_NAME,
CS,TB_BANK_ACCOUNT,ACN_ST_CD,CS,TB_BANK_ACCOUNT,STATUS,
CS,TB_BANK_ACCOUNT,MBR_ID,CS,TB_BANK_ACCOUNT,USER_ID,
CS,TB_BANK_ACCOUNT,ASP_ID,CS,TB_BANK_ACCOUNT,ASP_ID,
CS,TB_BANK_ACCOUNT,RS_CD,CS,TB_BANK_ACCOUNT,RESULT_CODE,
CS,TB_BANK_ACCOUNT,RS_MSG_CN,CS,TB_BANK_ACCOUNT,RESULT_MESSAGE,
CS,TB_BANK_ACCOUNT,CRE_TYPE_CD,CS,TB_BANK_ACCOUNT,CREATION_TYPE,
CS,TB_BANK_ACCOUNT,USER_NO,CS,TB_BANK_ACCOUNT,USER_SEQ_NO,
CS,TB_BANK_ACCOUNT,PG_NM,CS,TB_BANK_ACCOUNT,PG_NAME,
CS,TB_BANK_ACCOUNT,BANK_ACN_RGNO,CS,TB_BANK_ACCOUNT,BANK_ACC_REG_NO,
CS,TB_BP_MONTHLY,MM_UNIT_ACHRG_SNO,CS,TB_BP_MONTHLY,ID,
CS,TB_BP_MONTHLY,SYS_CRE_DTTM,CS,TB_BP_MONTHLY,,"from_unixtime(unix_timestamp(CREATED_AT, 'yyyy/MM/dd HH:mm:ss'))"
CS,TB_BP_MONTHLY,SYS_UPD_DTTM,CS,TB_BP_MONTHLY,,"from_unixtime(unix_timestamp(UPDATED_AT, 'yyyy/MM/dd HH:mm:ss'))"
CS,TB_BP_MONTHLY,ACHRG_FAIL_TMCNT,CS,TB_BP_MONTHLY,FAILURE_COUNT,
CS,TB_BP_MONTHLY,LAST_ACHRG_MVM_TYPE_CD,CS,TB_BP_MONTHLY,LAST_OP,
CS,TB_BP_MONTHLY,LAST_ACHRG_RS_CD,CS,TB_BP_MONTHLY,LAST_TRANSFER_STATUS,
CS,TB_BP_MONTHLY,ACHRG_PMNT_TYPE_CD,CS,TB_BP_MONTHLY,PAYMENT_TYPE,
CS,TB_BP_MONTHLY,ACHRG_AMT,CS,TB_BP_MONTHLY,RELOAD_AMOUNT,
CS,TB_BP_MONTHLY,ACHRG_DT,CS,TB_BP_MONTHLY,RELOAD_DATE,
CS,TB_BP_MONTHLY,ACHRG_PLAN_ACT_ST_CD,CS,TB_BP_MONTHLY,STATE,
CS,TB_BP_MONTHLY,ACHRG_FAMT_DV_CD,CS,TB_BP_MONTHLY,TYPE,
CS,TB_BP_MONTHLY,MBR_ID,CS,TB_BP_MONTHLY,USER_ID,
CS,TB_BP_MONTHLY,ACHRG_TRGT_CRD_PAR_NO,CS,TB_BP_MONTHLY,PAR,
CS,TB_BP_MONTHLY,EU_ACN_BANK_CD,CS,TB_BP_MONTHLY,EU_ACN_BANK_CD,
CS,TB_BP_MONTHLY_LOG,ACHRG_MFO_CHG_HIST_SNO,CS,TB_BP_MONTHLY_LOG,ID,
CS,TB_BP_MONTHLY_LOG,SYS_CRE_DTTM,CS,TB_BP_MONTHLY_LOG,,"from_unixtime(unix_timestamp(CREATED_AT, 'yyyy/MM/dd HH:mm:ss'))"
CS,TB_BP_MONTHLY_LOG,SYS_UPD_DTTM,CS,TB_BP_MONTHLY_LOG,,"from_unixtime(unix_timestamp(UPDATED_AT, 'yyyy/MM/dd HH:mm:ss'))"
CS,TB_BP_MONTHLY_LOG,ACHRG_FAIL_TMCNT,CS,TB_BP_MONTHLY_LOG,FAILURE_COUNT,
CS,TB_BP_MONTHLY_LOG,LAST_ACHRG_MVM_TYPE_CD,CS,TB_BP_MONTHLY_LOG,LAST_OP,
CS,TB_BP_MONTHLY_LOG,LAST_ACHRG_RS_CD,CS,TB_BP_MONTHLY_LOG,LAST_TRANSFER_STATUS,
CS,TB_BP_MONTHLY_LOG,ACHRG_PMNT_TYPE_CD,CS,TB_BP_MONTHLY_LOG,PAYMENT_TYPE,
CS,TB_BP_MONTHLY_LOG,ACHRG_AMT,CS,TB_BP_MONTHLY_LOG,RELOAD_AMOUNT,
CS,TB_BP_MONTHLY_LOG,ACHRG_DT,CS,TB_BP_MONTHLY_LOG,RELOAD_DATE,
CS,TB_BP_MONTHLY_LOG,ACHRG_PLAN_ACT_ST_CD,CS,TB_BP_MONTHLY_LOG,STATE,
CS,TB_BP_MONTHLY_LOG,ACHRG_FAMT_DV_CD,CS,TB_BP_MONTHLY_LOG,TYPE,
CS,TB_BP_MONTHLY_LOG,MBR_ID,CS,TB_BP_MONTHLY_LOG,USER_ID,
CS,TB_BP_MONTHLY_LOG,ACHRG_TRGT_CRD_PAR_NO,CS,TB_BP_MONTHLY_LOG,PAR,
CS,TB_BP_MONTHLY_LOG,ACHRG_MFO_SNO,CS,TB_BP_MONTHLY_LOG,MONTHLY_ID,
CS,TB_BP_MONTHLY_LOG,pt_cre_dt,CS,TB_BP_MONTHLY_LOG,,"translate(translate(substr(CREATED_AT,1,8),'/',''),'-','')"
CS,TB_BP_THRESHOLD,ACHRG_LWTLM_STN_SNO,CS,TB_BP_THRESHOLD,ID,
CS,TB_BP_THRESHOLD,SYS_CRE_DTTM,CS,TB_BP_THRESHOLD,,"from_unixtime(unix_timestamp(CREATED_AT, 'yyyy/MM/dd HH:mm:ss'))"
CS,TB_BP_THRESHOLD,SYS_UPD_DTTM,CS,TB_BP_THRESHOLD,,"from_unixtime(unix_timestamp(UPDATED_AT, 'yyyy/MM/dd HH:mm:ss'))"
CS,TB_BP_THRESHOLD,ACHRG_FAIL_TMCNT,CS,TB_BP_THRESHOLD,FAILURE_COUNT,
CS,TB_BP_THRESHOLD,LAST_ACHRG_MVM_TYPE_CD,CS,TB_BP_THRESHOLD,LAST_OP,
CS,TB_BP_THRESHOLD,LAST_ACHRG_RS_CD,CS,TB_BP_THRESHOLD,LAST_TRANSFER_STATUS,
CS,TB_BP_THRESHOLD,ACHRG_PMNT_TYPE_CD,CS,TB_BP_THRESHOLD,PAYMENT_TYPE,
CS,TB_BP_THRESHOLD,ACHRG_AMT,CS,TB_BP_THRESHOLD,RELOAD_AMOUNT,
CS,TB_BP_THRESHOLD,ACHRG_PLAN_ACT_ST_CD,CS,TB_BP_THRESHOLD,STATE,
CS,TB_BP_THRESHOLD,CRI_LWTLM_AMT,CS,TB_BP_THRESHOLD,THRESHOLD_BALANCE,
CS,TB_BP_THRESHOLD,ACHRG_TYPE_CD,CS,TB_BP_THRESHOLD,TYPE,
CS,TB_BP_THRESHOLD,MBR_ID,CS,TB_BP_THRESHOLD,USER_ID,
CS,TB_BP_THRESHOLD,ACHRG_TRGT_CRD_PAR_NO,CS,TB_BP_THRESHOLD,PAR,
CS,TB_BP_THRESHOLD,EU_ACN_BANK_CD,CS,TB_BP_THRESHOLD,EU_ACN_BANK_CD,
CS,TB_CHARGE,CHRG_SNO,CS,TB_CHARGE,ID,
CS,TB_CHARGE,CHRG_TR_PRCS_DV_CD,CS,TB_CHARGE,INTENT,
CS,TB_CHARGE,MBR_ID,CS,TB_CHARGE,USER_ID,
CS,TB_CHARGE,TRAN_ID,CS,TB_CHARGE,TRANSACTION_ID,
CS,TB_CHARGE,CHRG_TR_ST_CD,CS,TB_CHARGE,STATUS,
CS,TB_CHARGE,CHRG_DV_CD,CS,TB_CHARGE,TRANSACTION_TYPE,
CS,TB_CHARGE,CHRG_MHD_DV_CD,CS,TB_CHARGE,TYPE,
CS,TB_CHARGE,APV_NT_TYPE_CD,CS,TB_CHARGE,PAYMENT_NETWORK,
CS,TB_CHARGE,CHRG_TYPE_CD,CS,TB_CHARGE,PAYMENT_METHOD,
CS,TB_CHARGE,CHRG_TYPE_CN,CS,TB_CHARGE,PAYMENT_METHOD_DT,
CS,TB_CHARGE,CHRG_TYPE_DTL_CN,CS,TB_CHARGE,PAYMENT_METHOD_OP,
CS,TB_CHARGE,CRD_CHRG_AMT,CS,TB_CHARGE,AMOUNT,
CS,TB_CHARGE,RAL_CUST_BU_CHRG_AMT,CS,TB_CHARGE,TOTAL_AMOUNT,
CS,TB_CHARGE,CHRG_AMT_SUBT_CRD_PAR_NO,CS,TB_CHARGE,FROM_PAR,
CS,TB_CHARGE,CRD_SVC_ID,CS,TB_CHARGE,FROM_SERVICE_ID,
CS,TB_CHARGE,CHRG_PAR_NO,CS,TB_CHARGE,TO_PAR,
CS,TB_CHARGE,CHRG_CRD_SVC_ID,CS,TB_CHARGE,TO_SERVICE_ID,
CS,TB_CHARGE,CHRG_AMT_DTL_CN,CS,TB_CHARGE,AMOUNT_DETAIL,
CS,TB_CHARGE,ERR_RSP_CD,CS,TB_CHARGE,ERROR_CODE,
CS,TB_CHARGE,ERR_MSG_CN,CS,TB_CHARGE,ERROR_MESSAGE,
CS,TB_CHARGE,CUR_TYPE_CD,CS,TB_CHARGE,CURRENCY,
CS,TB_CHARGE,CPLT_DTL_DTTM,CS,TB_CHARGE,,"from_unixtime(unix_timestamp(COMPLETED_AT, 'yyyy/MM/dd HH:mm:ss'))"
CS,TB_CHARGE,SYS_CRE_DTTM,CS,TB_CHARGE,,"from_unixtime(unix_timestamp(CREATED_AT, 'yyyy/MM/dd HH:mm:ss'))"
CS,TB_CHARGE,SYS_UPD_DTTM,CS,TB_CHARGE,,"from_unixtime(unix_timestamp(UPDATED_AT, 'yyyy/MM/dd HH:mm:ss'))"
CS,TB_CHARGE,BNDL_CRD_BUY_REP_SVC_ID,CS,TB_CHARGE,BUNDLE_ID,
CS,TB_CHARGE,ORG_TRAN_ID,CS,TB_CHARGE,REFERENCE_TRANSACTION_ID,
CS,TB_CHARGE,RQS_AMT,CS,TB_CHARGE,AMOUNT_REQUESTED,
CS,TB_CHARGE,PNT,CS,TB_CHARGE,POINT,
CS,TB_CHARGE,BNF_PLCY_NM,CS,TB_CHARGE,BENEFIT_POLICY,
CS,TB_CHARGE,AFC_TR_NO,CS,TB_CHARGE,SEQ_ID,
CS,TB_CHARGE,CNCL_ST_CD,CS,TB_CHARGE,VOID_TYPE,
CS,TB_CHARGE,NR_NO,CS,TB_CHARGE,NR_NUMBER,
CS,TB_CHARGE,RQS_COPT_CD,CS,TB_CHARGE,REQ_COMPONENT,
CS,TB_CHARGE,CHRG_TR_TYPE_CD,CS,TB_CHARGE,RCG_TYPE,
CS,TB_CHARGE,CHRG_RQS_DT,CS,TB_CHARGE,REQUEST_DAY,
CS,TB_CHARGE,MC_ID,CS,TB_CHARGE,MERCHANT_ID,
CS,TB_CHARGE,RQS_ASP_ID,CS,TB_CHARGE,RQS_ASP_ID,
CS,TB_CHARGE,RQS_MBR_ID,CS,TB_CHARGE,RQS_MBR_ID,
CS,TB_PG_KIBNET,COCN_DEFRAY_SNO,CS,TB_PG_KIBNET,ID,
CS,TB_PG_KIBNET,SYS_CRE_DTTM,CS,TB_PG_KIBNET,,"from_unixtime(unix_timestamp(CREATED_AT, 'yyyy/MM/dd HH:mm:ss'))"
CS,TB_PG_KIBNET,SYS_UPD_DTTM,CS,TB_PG_KIBNET,,"from_unixtime(unix_timestamp(UPDATED_AT, 'yyyy/MM/dd HH:mm:ss'))"
CS,TB_PG_KIBNET,COCN_RSP_CD,CS,TB_PG_KIBNET,RSLT_CD,
CS,TB_PG_KIBNET,COCN_RSP_MSG_CN,CS,TB_PG_KIBNET,RSLT_MSG,
CS,TB_PG_KIBNET,TR_SNO,CS,TB_PG_KIBNET,SEQ_NUM,
CS,TB_PG_KIBNET,TRAN_ID,CS,TB_PG_KIBNET,TRANSACTION_ID,
CS,TB_PG_KIBNET,BANK_NM,CS,TB_PG_KIBNET,BANK_NAME,
CS,TB_PG_KIBNET,BANK_CD,CS,TB_PG_KIBNET,BANK_CODE,
CS,TB_PG_KIBNET,ASP_ID,CS,TB_PG_KIBNET,ASP_ID,
CS,TB_PG_KIBNET,COCN_DSN_CD,CS,TB_PG_KIBNET,TRT_INST_CD,
CS,TB_PG_KIBNET,CRE_TYPE_CD,CS,TB_PG_KIBNET,CREATION_TYPE,
CS,TB_PG_KIBNET,DEFRAY_TSFR_USE_MACN_BANK_CD,CS,TB_PG_KIBNET,MO_BANK_CODE,
CS,TB_PG_KIBNET_AUTH_KRW,COCN_KRW1_AUTHT_SNO,CS,TB_PG_KIBNET_AUTH_KRW,ID,
CS,TB_PG_KIBNET_AUTH_KRW,SYS_CRE_DTTM,CS,TB_PG_KIBNET_AUTH_KRW,,"from_unixtime(unix_timestamp(CREATED_AT, 'yyyy/MM/dd HH:mm:ss'))"
CS,TB_PG_KIBNET_AUTH_KRW,SYS_UPD_DTTM,CS,TB_PG_KIBNET_AUTH_KRW,,"from_unixtime(unix_timestamp(UPDATED_AT, 'yyyy/MM/dd HH:mm:ss'))"
CS,TB_PG_KIBNET_AUTH_KRW,MBR_ID,CS,TB_PG_KIBNET_AUTH_KRW,USER_ID,
CS,TB_PG_KIBNET_AUTH_KRW,API_NM,CS,TB_PG_KIBNET_AUTH_KRW,API_NAME,
CS,TB_PG_KIBNET_AUTH_KRW,ASP_ID,CS,TB_PG_KIBNET_AUTH_KRW,ASP_ID,
CS,TB_PG_KIBNET_AUTH_KRW,TRAN_ID,CS,TB_PG_KIBNET_AUTH_KRW,TRANSACTION_ID,
CS,TB_PG_KIBNET_AUTH_KRW,ORG_OGN_CD,CS,TB_PG_KIBNET_AUTH_KRW,ORG_CODE,
CS,TB_PG_KIBNET_AUTH_KRW,KRW1_TSFR_RQS_DTTM,CS,TB_PG_KIBNET_AUTH_KRW,REQUEST_TIME,
CS,TB_PG_KIBNET_AUTH_KRW,COCN_TR_NO,CS,TB_PG_KIBNET_AUTH_KRW,TRANSACTION_NUMBER,
CS,TB_PG_KIBNET_AUTH_KRW,KRW1_AUTHT_RQS_BANK_CD,CS,TB_PG_KIBNET_AUTH_KRW,REQ_BANK_CODE,
CS,TB_PG_KIBNET_AUTH_KRW,KRW1_AUTHT_TYPE_CD,CS,TB_PG_KIBNET_AUTH_KRW,REQ_AUTH_TYPE,
CS,TB_PG_KIBNET_AUTH_KRW,AUTHT_NO_LNTH,CS,TB_PG_KIBNET_AUTH_KRW,REQ_AUTH_LENGTH,
CS,TB_PG_KIBNET_AUTH_KRW,AUTHT_PHR_CN,CS,TB_PG_KIBNET_AUTH_KRW,REQ_PTST_TEXT,
CS,TB_PG_KIBNET_AUTH_KRW,KRW1_TSFR_TR_DT,CS,TB_PG_KIBNET_AUTH_KRW,RES_AUTH_TRANS_DATE,
CS,TB_PG_KIBNET_AUTH_KRW,KRW1_TSFR_TR_TI,CS,TB_PG_KIBNET_AUTH_KRW,RES_AUTH_TRANS_TIME,
CS,TB_PG_KIBNET_AUTH_KRW,COCN_RSP_KRW1_TSFR_TR_NO,CS,TB_PG_KIBNET_AUTH_KRW,RES_AUTH_TRANS_NUMBER,
CS,TB_PG_KIBNET_AUTH_KRW,COCN_RSP_AUTHT_NO_LNTH,CS,TB_PG_KIBNET_AUTH_KRW,RES_AUTH_LENGTH,
CS,TB_PG_KIBNET_AUTH_KRW,RQS_VRFC_TR_DT,CS,TB_PG_KIBNET_AUTH_KRW,REQ_VERIFY_TRANS_DATE,
CS,TB_PG_KIBNET_AUTH_KRW,RQS_VRFC_TR_NO,CS,TB_PG_KIBNET_AUTH_KRW,REQ_VERIFY_TRANS_NUMBER,
CS,TB_PG_KIBNET_AUTH_KRW,RQS_VRFC_NO,CS,TB_PG_KIBNET_AUTH_KRW,REQ_VERIFY_VALUE,
CS,TB_PG_KIBNET_AUTH_KRW,COCN_RSP_VRFC_TR_DT,CS,TB_PG_KIBNET_AUTH_KRW,RES_VERIFY_TRANS_DATE,
CS,TB_PG_KIBNET_AUTH_KRW,COCN_RSP_VRFC_TR_NO,CS,TB_PG_KIBNET_AUTH_KRW,RES_VERIFY_TRANS_NUMBER,
CS,TB_PG_KIBNET_AUTH_KRW,RSP_VRFC_NO,CS,TB_PG_KIBNET_AUTH_KRW,RES_VERIFY_VALUE,
CS,TB_PG_KIBNET_AUTH_KRW,COCN_RSP_DTTM,CS,TB_PG_KIBNET_AUTH_KRW,RESPONSE_TIME,
CS,TB_PG_KIBNET_AUTH_KRW,COCN_RSP_CD,CS,TB_PG_KIBNET_AUTH_KRW,RESPONSE_CODE,
CS,TB_PG_KIBNET_AUTH_KRW,ERR_RSP_CD,CS,TB_PG_KIBNET_AUTH_KRW,REASON,
CS,TB_PG_KIBNET_AUTH_KRW,pt_sys_cre_dttm,CS,TB_PG_KIBNET_AUTH_KRW,,"substr(CREATED_AT, 1, 4)"
CS,TB_PG_KIBNET_VA,COCN_ARS_AUTHT_SNO,CS,TB_PG_KIBNET_VA,ID,
CS,TB_PG_KIBNET_VA,SYS_CRE_DTTM,CS,TB_PG_KIBNET_VA,,"from_unixtime(unix_timestamp(CREATED_AT, 'yyyy/MM/dd HH:mm:ss'))"
CS,TB_PG_KIBNET_VA,SYS_UPD_DTTM,CS,TB_PG_KIBNET_VA,,"from_unixtime(unix_timestamp(UPDATED_AT, 'yyyy/MM/dd HH:mm:ss'))"
CS,TB_PG_KIBNET_VA,SPPS_RS_CD,CS,TB_PG_KIBNET_VA,RSLT_CD,
CS,TB_PG_KIBNET_VA,KN_DLVY_TR_GMNO,CS,TB_PG_KIBNET_VA,TRSC_SEQ_NO,
CS,TB_PG_KIBNET_VA,COCN_DLVY_TR_NO,CS,TB_PG_KIBNET_VA,TXT_NO,
CS,TB_PG_KIBNET_VA,SPPS_TYPE_CD,CS,TB_PG_KIBNET_VA,TYPE,
CS,TB_PG_KIBNET_VA,MBR_ID,CS,TB_PG_KIBNET_VA,USER_ID,
CS,TB_PG_KIBNET_VA,ASP_ID,CS,TB_PG_KIBNET_VA,ASP_ID,
CS,TB_PG_KIBNET_VA,ORG_OGN_CD,CS,TB_PG_KIBNET_VA,ORG_CODE,
CS,TB_PG_KIBNET_VA,BANK_CD,CS,TB_PG_KIBNET_VA,BANK_CODE,
CS,TB_PG_KIBNET_VA,TRAN_ID,CS,TB_PG_KIBNET_VA,TRANSACTION_ID,
CS,TB_PG_KIBNET_VA,BANK_ACN_RGNO,CS,TB_PG_KIBNET_VA,BANK_ACC_REG_NO,
CS,TB_PG_OB_WITHDRAW,OPBK_DEFRAY_SNO,CS,TB_PG_OB_WITHDRAW,ID,
CS,TB_PG_OB_WITHDRAW,SYS_CRE_DTTM,CS,TB_PG_OB_WITHDRAW,,"from_unixtime(unix_timestamp(CREATED_AT, 'yyyy/MM/dd HH:mm:ss'))"
CS,TB_PG_OB_WITHDRAW,SYS_UPD_DTTM,CS,TB_PG_OB_WITHDRAW,,"from_unixtime(unix_timestamp(UPDATED_AT, 'yyyy/MM/dd HH:mm:ss'))"
CS,TB_PG_OB_WITHDRAW,ASP_ID,CS,TB_PG_OB_WITHDRAW,ASP_ID,
CS,TB_PG_OB_WITHDRAW,TRAN_ID,CS,TB_PG_OB_WITHDRAW,TRANSACTION_ID,
CS,TB_PG_OB_WITHDRAW,RQS_BANK_TR_ID,CS,TB_PG_OB_WITHDRAW,REQ_BANK_TRANS_ID,
CS,TB_PG_OB_WITHDRAW,MACN_TYPE_CD,CS,TB_PG_OB_WITHDRAW,CNT_ACC_TYPE,
CS,TB_PG_OB_WITHDRAW,RQS_DEFRAY_BANK_CD,CS,TB_PG_OB_WITHDRAW,REQ_WDR_BANK_CODE,
CS,TB_PG_OB_WITHDRAW,OGN_CD,CS,TB_PG_OB_WITHDRAW,ORG_CODE,
CS,TB_PG_OB_WITHDRAW,RQS_AMT,CS,TB_PG_OB_WITHDRAW,REQ_AMOUNT,
CS,TB_PG_OB_WITHDRAW,RQS_TR_DTTM,CS,TB_PG_OB_WITHDRAW,REQ_TRANS_DATE,
CS,TB_PG_OB_WITHDRAW,MBR_ID,CS,TB_PG_OB_WITHDRAW,USER_ID,
CS,TB_PG_OB_WITHDRAW,USER_NO,CS,TB_PG_OB_WITHDRAW,USER_SEQ_NO,
CS,TB_PG_OB_WITHDRAW,LWR_MC_NM,CS,TB_PG_OB_WITHDRAW,SUB_FRNC_NAME,
CS,TB_PG_OB_WITHDRAW,LWR_MC_ASP_ID,CS,TB_PG_OB_WITHDRAW,SUB_FRNC_NUM,
CS,TB_PG_OB_WITHDRAW,LWR_MC_BZNO,CS,TB_PG_OB_WITHDRAW,SUB_FRNC_BIZ_NUM,
CS,TB_PG_OB_WITHDRAW,TRMSR_BANK_CD,CS,TB_PG_OB_WITHDRAW,REQ_CLIENT_BANK_CODE,
CS,TB_PG_OB_WITHDRAW,DEFRAY_PURP_CD,CS,TB_PG_OB_WITHDRAW,PURPOSE,
CS,TB_PG_OB_WITHDRAW,API_TR_ID,CS,TB_PG_OB_WITHDRAW,API_TRANS_ID,
CS,TB_PG_OB_WITHDRAW,API_TR_DTTM,CS,TB_PG_OB_WITHDRAW,API_TRANS_DTM,
CS,TB_PG_OB_WITHDRAW,API_RSP_CD,CS,TB_PG_OB_WITHDRAW,API_RSP_CODE,
CS,TB_PG_OB_WITHDRAW,API_RSP_MSG_CN,CS,TB_PG_OB_WITHDRAW,API_RSP_MSG,
CS,TB_PG_OB_WITHDRAW,DEPS_STD_BANK_CD,CS,TB_PG_OB_WITHDRAW,DPS_BANK_CODE_STD,
CS,TB_PG_OB_WITHDRAW,DEPS_BANK_BRCH_CD,CS,TB_PG_OB_WITHDRAW,DPS_BANK_CODE_SUB,
CS,TB_PG_OB_WITHDRAW,DPSTS_BANK_NM,CS,TB_PG_OB_WITHDRAW,DPS_BANK_NAME,
CS,TB_PG_OB_WITHDRAW,DEPS_CN,CS,TB_PG_OB_WITHDRAW,DPS_PRINT_CNT,
CS,TB_PG_OB_WITHDRAW,DEFRAY_STD_BANK_CD,CS,TB_PG_OB_WITHDRAW,WDR_BANK_CODE_STD,
CS,TB_PG_OB_WITHDRAW,DEFRAY_BANK_BRCH_CD,CS,TB_PG_OB_WITHDRAW,WDR_BANK_CODE_SUB,
CS,TB_PG_OB_WITHDRAW,DEFRAY_BANK_NM,CS,TB_PG_OB_WITHDRAW,WDR_BANK_NAME,
CS,TB_PG_OB_WITHDRAW,DEFRAY_CN,CS,TB_PG_OB_WITHDRAW,WDR_PRINT_CNT,
CS,TB_PG_OB_WITHDRAW,BANK_TR_ID,CS,TB_PG_OB_WITHDRAW,BANK_TRANS_ID,
CS,TB_PG_OB_WITHDRAW,BANK_TR_DT,CS,TB_PG_OB_WITHDRAW,BANK_TRANS_DATE,
CS,TB_PG_OB_WITHDRAW,TR_BANK_CD,CS,TB_PG_OB_WITHDRAW,BANK_CODE_TRANS,
CS,TB_PG_OB_WITHDRAW,BANK_TR_RSP_CD,CS,TB_PG_OB_WITHDRAW,BANK_TRANS_RSP_CODE,
CS,TB_PG_OB_WITHDRAW,BANK_TR_RSP_MSG_CN,CS,TB_PG_OB_WITHDRAW,BANK_TRANS_RSP_MSG,
CS,TB_PG_OB_WITHDRAW,TR_AMT,CS,TB_PG_OB_WITHDRAW,TRANS_AMOUNT,
CS,TB_PG_OB_WITHDRAW,RES_LMT_AMT,CS,TB_PG_OB_WITHDRAW,LIMIT_REMAINED,
CS,TB_PG_OB_WITHDRAW,ERR_RSP_CD,CS,TB_PG_OB_WITHDRAW,REASON,
CS,TB_PG_OB_WITHDRAW,RSP_MSG_CN,CS,TB_PG_OB_WITHDRAW,MESSAGE,
CS,TB_PG_OB_WITHDRAW,MACN_BANK_CD,CS,TB_PG_OB_WITHDRAW,CNT_BANK_CODE,
CS,TB_POLICY,ID,CS,TB_POLICY,ID,
CS,TB_POLICY,SYS_CRE_DTTM,CS,TB_POLICY,,"from_unixtime(to_unix_timestamp(CREATED_AT, 'yyyy/MM/dd HH:mm:ss'))"
CS,TB_POLICY,SYS_UPD_DTTM,CS,TB_POLICY,,"from_unixtime(to_unix_timestamp(UPDATED_AT, 'yyyy/MM/dd HH:mm:ss'))"
CS,TB_POLICY,CHRG_TR_MHD_CD,CS,TB_POLICY,TOPIC,
CS,TB_POLICY,PTM_VLDN_DV_CD,CS,TB_POLICY,ITEM,
CS,TB_POLICY,RLV_VAL,CS,TB_POLICY,VALUE,
CTI,CONSULT,id,CTI,CONSULT,id,
CTI,CONSULT,idx,CTI,CONSULT,idx,
CTI,CONSULT,contact_id,CTI,CONSULT,contact_id,
CTI,CONSULT,asp_id,CTI,CONSULT,asp_id,
CTI,CONSULT,asp_nm,CTI,CONSULT,asp_nm,
CTI,CONSULT,voc_type_nm,CTI,CONSULT,voc_type_nm,
CTI,CONSULT,main_category_nm,CTI,CONSULT,main_category_nm,
CTI,CONSULT,middle_category_nm,CTI,CONSULT,middle_category_nm,
CTI,CONSULT,small_category_nm,CTI,CONSULT,small_category_nm,
CTI,CONSULT,is_dirty_voc,CTI,CONSULT,is_dirty_voc,
CTI,CONSULT,process_result_nm,CTI,CONSULT,process_result_nm,
CTI,CONSULT,reg_dt,CTI,CONSULT,reg_dt,
CTI,CONSULT,upt_dt,CTI,CONSULT,upt_dt,
CTI,CONSULT,created_at,CTI,CONSULT,,"from_unixtime(unix_timestamp(created_at, 'yyyy/MM/dd HH:mm:ss'))"
CTI,CONSULT,updated_at,CTI,CONSULT,,"from_unixtime(unix_timestamp(updated_at, 'yyyy/MM/dd HH:mm:ss'))"
CTI,CONTACT,id,CTI,CONTACT,id,
CTI,CONTACT,contact_id,CTI,CONTACT,contact_id,
CTI,CONTACT,prev_contact_id,CTI,CONTACT,prev_contact_id,
CTI,CONTACT,next_contact_id,CTI,CONTACT,next_contact_id,
CTI,CONTACT,initial_contact_id,CTI,CONTACT,initial_contact_id,
CTI,CONTACT,asp_id,CTI,CONTACT,asp_id,
CTI,CONTACT,asp_name,CTI,CONTACT,asp_name,
CTI,CONTACT,method,CTI,CONTACT,,`method`
CTI,CONTACT,connected_at,CTI,CONTACT,,"from_unixtime(unix_timestamp(connected_at, 'yyyy/MM/dd HH:mm:ss'))"
CTI,CONTACT,queue_id,CTI,CONTACT,queue_id,
CTI,CONTACT,queue_name,CTI,CONTACT,queue_name,
CTI,CONTACT,enqueue_at,CTI,CONTACT,,"from_unixtime(unix_timestamp(enqueue_at, 'yyyy/MM/dd HH:mm:ss'))"
CTI,CONTACT,callback_at,CTI,CONTACT,,"from_unixtime(unix_timestamp(callback_at, 'yyyy/MM/dd HH:mm:ss'))"
CTI,CONTACT,callback_canceled_at,CTI,CONTACT,,"from_unixtime(unix_timestamp(callback_canceled_at, 'yyyy/MM/dd HH:mm:ss'))"
CTI,CONTACT,callback_sent_at,CTI,CONTACT,,"from_unixtime(unix_timestamp(callback_sent_at, 'yyyy/MM/dd HH:mm:ss'))"
CTI,CONTACT,callback_expired_at,CTI,CONTACT,,"from_unixtime(unix_timestamp(callback_expired_at, 'yyyy/MM/dd HH:mm:ss'))"
CTI,CONTACT,dequeue_at,CTI,CONTACT,,"from_unixtime(unix_timestamp(dequeue_at, 'yyyy/MM/dd HH:mm:ss'))"
CTI,CONTACT,agent_connected_at,CTI,CONTACT,,"from_unixtime(unix_timestamp(agent_connected_at, 'yyyy/MM/dd HH:mm:ss'))"
CTI,CONTACT,disconnected_at,CTI,CONTACT,,"from_unixtime(unix_timestamp(disconnected_at, 'yyyy/MM/dd HH:mm:ss'))"
CTI,CONTACT,disconnect_reason,CTI,CONTACT,disconnect_reason,
CTI,CONTACT,after_contact_work_start_at,CTI,CONTACT,,"from_unixtime(unix_timestamp(after_contact_work_start_at, 'yyyy/MM/dd HH:mm:ss'))"
CTI,CONTACT,after_contact_work_end_at,CTI,CONTACT,,"from_unixtime(unix_timestamp(after_contact_work_end_at, 'yyyy/MM/dd HH:mm:ss'))"
CTI,CONTACT,depth_1,CTI,CONTACT,depth_1,
CTI,CONTACT,depth_2,CTI,CONTACT,depth_2,
CTI,CONTACT,depth_3,CTI,CONTACT,depth_3,
CTI,CONTACT,birth,CTI,CONTACT,birth,
CTI,CONTACT,user_id,CTI,CONTACT,user_id,
CTI,CONTACT,created_at,CTI,CONTACT,,"from_unixtime(unix_timestamp(created_at, 'yyyy/MM/dd HH:mm:ss'))"
CTI,CONTACT,updated_at,CTI,CONTACT,,"from_unixtime(unix_timestamp(updated_at, 'yyyy/MM/dd HH:mm:ss'))"
CTI,CONTACT,agent_id,CTI,CONTACT,agent_id,
CVS,CERT_VERIFICATION_INFO,RNM_AUTHT_SNO,CVS,CERT_VERIFICATION_INFO,ID,
CVS,CERT_VERIFICATION_INFO,SYS_CRE_DTTM,CVS,CERT_VERIFICATION_INFO,,"from_unixtime(unix_timestamp(REGT_DT, 'yyyy/MM/dd HH:mm:ss'))"
CVS,CERT_VERIFICATION_INFO,MBR_ID,CVS,CERT_VERIFICATION_INFO,USER_ID,
CVS,CERT_VERIFICATION_INFO,RQS_COPT_NM,CVS,CERT_VERIFICATION_INFO,CERT_FROM,
CVS,CERT_VERIFICATION_INFO,RQS_CHNL_CD,CVS,CERT_VERIFICATION_INFO,CHANNEL,
CVS,CERT_VERIFICATION_INFO,RNM_AUTHT_MHD_CD,CVS,CERT_VERIFICATION_INFO,IDENTITY_CODE,
CVS,CERT_VERIFICATION_INFO,ISU_DT,CVS,CERT_VERIFICATION_INFO,ISSUE_DATE,
CVS,CERT_VERIFICATION_INFO,ISU_OGN_NM,CVS,CERT_VERIFICATION_INFO,ISSUE_ORG,
CVS,CERT_VERIFICATION_INFO,SYS_UPD_DTTM,CVS,CERT_VERIFICATION_INFO,,"from_unixtime(unix_timestamp(UPDT_DT, 'yyyy/MM/dd HH:mm:ss'))"
CVS,CERT_VERIFICATION_INFO,RCNT_INFO_YN,CVS,CERT_VERIFICATION_INFO,TARGET,
CVS,CERT_VERIFICATION_INFO,RNM_AUTHT_ST_CD,CVS,CERT_VERIFICATION_INFO,STATUS,
DAP,DAP_CRTV,CRTV_ID,DAP,DAP_CRTV,CRTV_ID,
DAP,DAP_CRTV,SYS_CRE_DTTM,DAP,DAP_CRTV,,"from_unixtime(unix_timestamp(SYS_CRE_DTTM, 'yyyy/MM/dd HH:mm:ss'))"
DAP,DAP_CRTV,TID,DAP,DAP_CRTV,TID,
DAP,DAP_CRTV,SYS_UPD_DTTM,DAP,DAP_CRTV,,"from_unixtime(unix_timestamp(SYS_UPD_DTTM, 'yyyy/MM/dd HH:mm:ss'))"
DAP,DAP_CRTV,CRE_DT,DAP,DAP_CRTV,CRE_DT,
DAP,DAP_CRTV,ADVTS_BZTP_NM,DAP,DAP_CRTV,ADVTS_BZTP_NM,
DAP,DAP_CRTV,ADVTS_ID,DAP,DAP_CRTV,ADVTS_ID,
DAP,DAP_CRTV,ADVTS_NM,DAP,DAP_CRTV,ADVTS_NM,
DAP,DAP_CRTV,ASP_ID,DAP,DAP_CRTV,ASP_ID,
DAP,DAP_CRTV,CRTV_EMPS_YN,DAP,DAP_CRTV,CRTV_EMPS_YN,
DAP,DAP_CRTV,CRTV_EMPS_DAY_ARRAY,DAP,DAP_CRTV,CRTV_EMPS_DAY_ARRAY,
DAP,DAP_CRTV,CRTV_EXPS_TMCNT,DAP,DAP_CRTV,CRTV_EXPS_TMCNT,
DAP,DAP_CRTV,CRTV_EXPS_YN,DAP,DAP_CRTV,CRTV_EXPS_YN,
DAP,DAP_CRTV,CRTV_TRGT_AGE_ARRAY,DAP,DAP_CRTV,CRTV_TRGT_AGE_ARRAY,
DAP,DAP_CRTV,CRTV_TRGT_OS_DV_CD,DAP,DAP_CRTV,CRTV_TRGT_OS_DV_CD,
DAP,DAP_CRTV,CRTV_TRGT_SEX_DV_CD,DAP,DAP_CRTV,CRTV_TRGT_SEX_DV_CD,
DAP,DAP_CRTV,CRTV_EXPS_STRT_DTTM,DAP,DAP_CRTV,,"from_unixtime(unix_timestamp(CRTV_EXPS_STRT_DTTM, 'yyyy/MM/dd HH:mm:ss'))"
DAP,DAP_CRTV,CRTV_EXPS_STRT_DT,DAP,DAP_CRTV,CRTV_EXPS_STRT_DT,
DAP,DAP_CRTV,CRTV_EXPS_END_DTTM,DAP,DAP_CRTV,,"from_unixtime(unix_timestamp(CRTV_EXPS_END_DTTM, 'yyyy/MM/dd HH:mm:ss'))"
DAP,DAP_CRTV,CRTV_EXPS_END_DT,DAP,DAP_CRTV,CRTV_EXPS_END_DT,
DAP,DAP_CRTV,CRTV_FILE_URL,DAP,DAP_CRTV,CRTV_FILE_URL,
DAP,DAP_CRTV,CRTV_FILE_VTC_LNTH,DAP,DAP_CRTV,CRTV_FILE_VTC_LNTH,
DAP,DAP_CRTV,CRTV_FILE_WIDT_LNTH,DAP,DAP_CRTV,CRTV_FILE_WIDT_LNTH,
DAP,DAP_CRTV,CRTV_XP_CD,DAP,DAP_CRTV,CRTV_XP_CD,
DAP,DAP_CRTV,INVTR_EXPS_DV_CD,DAP,DAP_CRTV,INVTR_EXPS_DV_CD,
DAP,DAP_CRTV,INVTR_ID,DAP,DAP_CRTV,INVTR_ID,
DAP,DAP_CRTV,INVTR_NM,DAP,DAP_CRTV,INVTR_NM,
DAP,DAP_CRTV,KA_ID,DAP,DAP_CRTV,KA_ID,
DAP,DAP_CRTV,CRTV_LK_DV_CD,DAP,DAP_CRTV,CRTV_LK_DV_CD,
DAP,DAP_CRTV,CRTV_LK_URL,DAP,DAP_CRTV,CRTV_LK_URL,
DAP,DAP_CRTV,CRTV_NM,DAP,DAP_CRTV,CRTV_NM,
DAP,DAP_CRTV,CRTV_CHGN_DV_CD,DAP,DAP_CRTV,CRTV_CHGN_DV_CD,
DAP,DAP_CRTV,CRTV_ST_DV_CD,DAP,DAP_CRTV,CRTV_ST_DV_CD,
DAP,DAP_CRTV_AUD,CRTV_ID,DAP,DAP_CRTV_AUD,CRTV_ID,
DAP,DAP_CRTV_AUD,REV,DAP,DAP_CRTV_AUD,REV,
DAP,DAP_CRTV_AUD,REVTYPE,DAP,DAP_CRTV_AUD,REVTYPE,
DAP,DAP_CRTV_AUD,SYS_CRE_DTTM,DAP,DAP_CRTV_AUD,,"from_unixtime(unix_timestamp(SYS_CRE_DTTM, 'yyyy/MM/dd HH:mm:ss'))"
DAP,DAP_CRTV_AUD,TID,DAP,DAP_CRTV_AUD,TID,
DAP,DAP_CRTV_AUD,SYS_UPD_DTTM,DAP,DAP_CRTV_AUD,,"from_unixtime(unix_timestamp(SYS_UPD_DTTM, 'yyyy/MM/dd HH:mm:ss'))"
DAP,DAP_CRTV_AUD,CRE_DT,DAP,DAP_CRTV_AUD,CRE_DT,
DAP,DAP_CRTV_AUD,ADVTS_BZTP_NM,DAP,DAP_CRTV_AUD,ADVTS_BZTP_NM,
DAP,DAP_CRTV_AUD,ADVTS_ID,DAP,DAP_CRTV_AUD,ADVTS_ID,
DAP,DAP_CRTV_AUD,ADVTS_NM,DAP,DAP_CRTV_AUD,ADVTS_NM,
DAP,DAP_CRTV_AUD,ASP_ID,DAP,DAP_CRTV_AUD,ASP_ID,
DAP,DAP_CRTV_AUD,CRTV_EMPS_YN,DAP,DAP_CRTV_AUD,CRTV_EMPS_YN,
DAP,DAP_CRTV_AUD,CRTV_EMPS_DAY_ARRAY,DAP,DAP_CRTV_AUD,CRTV_EMPS_DAY_ARRAY,
DAP,DAP_CRTV_AUD,CRTV_EXPS_TMCNT,DAP,DAP_CRTV_AUD,CRTV_EXPS_TMCNT,
DAP,DAP_CRTV_AUD,CRTV_EXPS_YN,DAP,DAP_CRTV_AUD,CRTV_EXPS_YN,
DAP,DAP_CRTV_AUD,CRTV_TRGT_AGE_ARRAY,DAP,DAP_CRTV_AUD,CRTV_TRGT_AGE_ARRAY,
DAP,DAP_CRTV_AUD,CRTV_TRGT_OS_DV_CD,DAP,DAP_CRTV_AUD,CRTV_TRGT_OS_DV_CD,
DAP,DAP_CRTV_AUD,CRTV_TRGT_SEX_DV_CD,DAP,DAP_CRTV_AUD,CRTV_TRGT_SEX_DV_CD,
DAP,DAP_CRTV_AUD,CRTV_EXPS_STRT_DTTM,DAP,DAP_CRTV_AUD,,"from_unixtime(unix_timestamp(CRTV_EXPS_STRT_DTTM, 'yyyy/MM/dd HH:mm:ss'))"
DAP,DAP_CRTV_AUD,CRTV_EXPS_STRT_DT,DAP,DAP_CRTV_AUD,CRTV_EXPS_STRT_DT,
DAP,DAP_CRTV_AUD,CRTV_EXPS_END_DTTM,DAP,DAP_CRTV_AUD,,"from_unixtime(unix_timestamp(CRTV_EXPS_END_DTTM, 'yyyy/MM/dd HH:mm:ss'))"
DAP,DAP_CRTV_AUD,CRTV_EXPS_END_DT,DAP,DAP_CRTV_AUD,CRTV_EXPS_END_DT,
DAP,DAP_CRTV_AUD,CRTV_FILE_URL,DAP,DAP_CRTV_AUD,CRTV_FILE_URL,
DAP,DAP_CRTV_AUD,CRTV_FILE_VTC_LNTH,DAP,DAP_CRTV_AUD,CRTV_FILE_VTC_LNTH,
DAP,DAP_CRTV_AUD,CRTV_FILE_WIDT_LNTH,DAP,DAP_CRTV_AUD,CRTV_FILE_WIDT_LNTH,
DAP,DAP_CRTV_AUD,CRTV_XP_CD,DAP,DAP_CRTV_AUD,CRTV_XP_CD,
DAP,DAP_CRTV_AUD,INVTR_EXPS_DV_CD,DAP,DAP_CRTV_AUD,INVTR_EXPS_DV_CD,
DAP,DAP_CRTV_AUD,INVTR_ID,DAP,DAP_CRTV_AUD,INVTR_ID,
DAP,DAP_CRTV_AUD,INVTR_NM,DAP,DAP_CRTV_AUD,INVTR_NM,
DAP,DAP_CRTV_AUD,KA_ID,DAP,DAP_CRTV_AUD,KA_ID,
DAP,DAP_CRTV_AUD,CRTV_LK_DV_CD,DAP,DAP_CRTV_AUD,CRTV_LK_DV_CD,
DAP,DAP_CRTV_AUD,CRTV_LK_URL,DAP,DAP_CRTV_AUD,CRTV_LK_URL,
DAP,DAP_CRTV_AUD,CRTV_NM,DAP,DAP_CRTV_AUD,CRTV_NM,
DAP,DAP_CRTV_AUD,CRTV_CHGN_DV_CD,DAP,DAP_CRTV_AUD,CRTV_CHGN_DV_CD,
DAP,DAP_CRTV_AUD,CRTV_ST_DV_CD,DAP,DAP_CRTV_AUD,CRTV_ST_DV_CD,
DAP,DAP_INVTR,INVTR_ID,DAP,DAP_INVTR,INVTR_ID,
DAP,DAP_INVTR,SYS_CRE_DTTM,DAP,DAP_INVTR,,"from_unixtime(unix_timestamp(SYS_CRE_DTTM, 'yyyy/MM/dd HH:mm:ss'))"
DAP,DAP_INVTR,TID,DAP,DAP_INVTR,TID,
DAP,DAP_INVTR,SYS_UPD_DTTM,DAP,DAP_INVTR,,"from_unixtime(unix_timestamp(SYS_UPD_DTTM, 'yyyy/MM/dd HH:mm:ss'))"
DAP,DAP_INVTR,CRE_DT,DAP,DAP_INVTR,CRE_DT,
DAP,DAP_INVTR,ASP_ID,DAP,DAP_INVTR,ASP_ID,
DAP,DAP_INVTR,INVTR_EXPS_DV_CD,DAP,DAP_INVTR,INVTR_EXPS_DV_CD,
DAP,DAP_INVTR,KA_ID,DAP,DAP_INVTR,KA_ID,
DAP,DAP_INVTR,INVTR_NM,DAP,DAP_INVTR,INVTR_NM,
DAP,DAP_INVTR,INVTR_REG_PSBL_OWR_DV_CD,DAP,DAP_INVTR,INVTR_REG_PSBL_OWR_DV_CD,
DAP,DAP_INVTR,INVTR_PRVW_IMG_NM,DAP,DAP_INVTR,INVTR_PRVW_IMG_NM,
DAP,DAP_INVTR,INVTR_PRVW_IMG_URL,DAP,DAP_INVTR,INVTR_PRVW_IMG_URL,
DAP,DAP_INVTR,CRTV_FILE_WIDT_LNTH,DAP,DAP_INVTR,CRTV_FILE_WIDT_LNTH,
DAP,DAP_INVTR,CRTV_FILE_VTC_LNTH,DAP,DAP_INVTR,CRTV_FILE_VTC_LNTH,
DAP,DAP_INVTR,FILE_SIZ,DAP,DAP_INVTR,FILE_SIZ,
DAP,DAP_MBR_APH_CRTV_AGG,MBR_APH_CRTV_AGG_ID,DAP,DAP_MBR_APH_CRTV_AGG,MBR_APH_CRTV_AGG_ID,
DAP,DAP_MBR_APH_CRTV_AGG,DAY_CD,DAP,DAP_MBR_APH_CRTV_AGG,DAY_CD,
DAP,DAP_MBR_APH_CRTV_AGG,CRTV_APH_DT,DAP,DAP_MBR_APH_CRTV_AGG,CRTV_APH_DT,
DAP,DAP_MBR_APH_CRTV_AGG,CRTV_APH_YMDH,DAP,DAP_MBR_APH_CRTV_AGG,CRTV_APH_YMDH,
DAP,DAP_MBR_APH_CRTV_AGG,CRTV_APH_DV_CD,DAP,DAP_MBR_APH_CRTV_AGG,CRTV_APH_DV_CD,
DAP,DAP_MBR_APH_CRTV_AGG,TCNT,DAP,DAP_MBR_APH_CRTV_AGG,TCNT,
DAP,DAP_MBR_APH_CRTV_AGG,CRTV_ID,DAP,DAP_MBR_APH_CRTV_AGG,CRTV_ID,
DAP,DAP_MBR_APH_CRTV_AGG,INCMN_KA_ID,DAP,DAP_MBR_APH_CRTV_AGG,INCMN_KA_ID,
DAP,DAP_MBR_APH_CRTV_AGG,CRTV_REV,DAP,DAP_MBR_APH_CRTV_AGG,CRTV_REV,
DAP,DAP_MBR_APH_CRTV_AGG,FAGE,DAP,DAP_MBR_APH_CRTV_AGG,FAGE,
DAP,DAP_MBR_APH_CRTV_AGG,SEX_DV_CD,DAP,DAP_MBR_APH_CRTV_AGG,SEX_DV_CD,
DAP,DAP_MBR_APH_CRTV_AGG,SYS_CRE_DTTM,DAP,DAP_MBR_APH_CRTV_AGG,,"from_unixtime(unix_timestamp(SYS_CRE_DTTM, 'yyyy/MM/dd HH:mm:ss'))"
DAP,DAP_MBR_APH_CRTV_AGG,SYS_UPD_DTTM,DAP,DAP_MBR_APH_CRTV_AGG,,"from_unixtime(unix_timestamp(SYS_UPD_DTTM, 'yyyy/MM/dd HH:mm:ss'))"
DAP,DAP_MBR_APH_CRTV_AGG,pt_CRTV_APH_DT,DAP,DAP_MBR_APH_CRTV_AGG,CRTV_APH_DT,
DAP,DAP_MBR_APH_HIST,MBR_APH_HIST_ID,DAP,DAP_MBR_APH_HIST,MBR_APH_HIST_ID,
DAP,DAP_MBR_APH_HIST,ADVTS_BZTP_NM,DAP,DAP_MBR_APH_HIST,ADVTS_BZTP_NM,
DAP,DAP_MBR_APH_HIST,ASP_ID,DAP,DAP_MBR_APH_HIST,ASP_ID,
DAP,DAP_MBR_APH_HIST,CRTV_ID,DAP,DAP_MBR_APH_HIST,CRTV_ID,
DAP,DAP_MBR_APH_HIST,CRTV_EXPS_STRT_DTTM,DAP,DAP_MBR_APH_HIST,,"from_unixtime(unix_timestamp(CRTV_EXPS_STRT_DTTM, 'yyyy/MM/dd HH:mm:ss'))"
DAP,DAP_MBR_APH_HIST,CRTV_EXPS_STRT_DT,DAP,DAP_MBR_APH_HIST,CRTV_EXPS_STRT_DT,
DAP,DAP_MBR_APH_HIST,CRTV_EXPS_END_DTTM,DAP,DAP_MBR_APH_HIST,,"from_unixtime(unix_timestamp(CRTV_EXPS_END_DTTM, 'yyyy/MM/dd HH:mm:ss'))"
DAP,DAP_MBR_APH_HIST,CRTV_EXPS_END_DT,DAP,DAP_MBR_APH_HIST,CRTV_EXPS_END_DT,
DAP,DAP_MBR_APH_HIST,INVTR_EXPS_DV_CD,DAP,DAP_MBR_APH_HIST,INVTR_EXPS_DV_CD,
DAP,DAP_MBR_APH_HIST,CRTV_XP_CD,DAP,DAP_MBR_APH_HIST,CRTV_XP_CD,
DAP,DAP_MBR_APH_HIST,INVTR_NM,DAP,DAP_MBR_APH_HIST,INVTR_NM,
DAP,DAP_MBR_APH_HIST,KA_ID,DAP,DAP_MBR_APH_HIST,KA_ID,
DAP,DAP_MBR_APH_HIST,CRTV_NM,DAP,DAP_MBR_APH_HIST,CRTV_NM,
DAP,DAP_MBR_APH_HIST,CRTV_ST_DV_CD,DAP,DAP_MBR_APH_HIST,CRTV_ST_DV_CD,
DAP,DAP_MBR_APH_HIST,CRTV_APH_DTTM,DAP,DAP_MBR_APH_HIST,,"from_unixtime(unix_timestamp(CRTV_APH_DTTM, 'yyyy/MM/dd HH:mm:ss'))"
DAP,DAP_MBR_APH_HIST,DAY_CD,DAP,DAP_MBR_APH_HIST,DAY_CD,
DAP,DAP_MBR_APH_HIST,CRTV_APH_DT,DAP,DAP_MBR_APH_HIST,CRTV_APH_DT,
DAP,DAP_MBR_APH_HIST,CRTV_APH_DV_CD,DAP,DAP_MBR_APH_HIST,CRTV_APH_DV_CD,
DAP,DAP_MBR_APH_HIST,FAGE,DAP,DAP_MBR_APH_HIST,FAGE,
DAP,DAP_MBR_APH_HIST,SEX_DV_CD,DAP,DAP_MBR_APH_HIST,SEX_DV_CD,
DAP,DAP_MBR_APH_HIST,MBR_ID,DAP,DAP_MBR_APH_HIST,MBR_ID,
DAP,DAP_MBR_APH_HIST,INCMN_KA_ID,DAP,DAP_MBR_APH_HIST,INCMN_KA_ID,
DAP,DAP_MBR_APH_HIST,OS_DV_CD,DAP,DAP_MBR_APH_HIST,OS_DV_CD,
DAP,DAP_MBR_APH_HIST,CRTV_LK_DV_CD,DAP,DAP_MBR_APH_HIST,CRTV_LK_DV_CD,
DAP,DAP_MBR_APH_HIST,CRTV_REV,DAP,DAP_MBR_APH_HIST,CRTV_REV,
DAP,DAP_MBR_APH_HIST,PT_RESERVED_DATE,DAP,DAP_MBR_APH_HIST,,"translate(translate(substr(CRTV_APH_DTTM,1,10),'/',''),'-','')"
DEFAULT,AUDIT_IMPALA,repoType,DEFAULT,AUDIT_IMPALA,repoType,
DEFAULT,AUDIT_IMPALA,repo,DEFAULT,AUDIT_IMPALA,repo,
DEFAULT,AUDIT_IMPALA,reqUser,DEFAULT,AUDIT_IMPALA,reqUser,
DEFAULT,AUDIT_IMPALA,evtTime,DEFAULT,AUDIT_IMPALA,,"from_unixtime(unix_timestamp(evtTime, 'yyyy-MM-dd HH:mm:ss'))"
DEFAULT,AUDIT_IMPALA,access,DEFAULT,AUDIT_IMPALA,access,
DEFAULT,AUDIT_IMPALA,resource,DEFAULT,AUDIT_IMPALA,resource,
DEFAULT,AUDIT_IMPALA,resType,DEFAULT,AUDIT_IMPALA,resType,
DEFAULT,AUDIT_IMPALA,action,DEFAULT,AUDIT_IMPALA,action,
DEFAULT,AUDIT_IMPALA,result,DEFAULT,AUDIT_IMPALA,result,
DEFAULT,AUDIT_IMPALA,agent,DEFAULT,AUDIT_IMPALA,agent,
DEFAULT,AUDIT_IMPALA,policy,DEFAULT,AUDIT_IMPALA,policy,
DEFAULT,AUDIT_IMPALA,enforcer,DEFAULT,AUDIT_IMPALA,enforcer,
DEFAULT,AUDIT_IMPALA,cliIP,DEFAULT,AUDIT_IMPALA,cliIP,
DEFAULT,AUDIT_IMPALA,reqData,DEFAULT,AUDIT_IMPALA,reqData,
DEFAULT,AUDIT_IMPALA,agentHost,DEFAULT,AUDIT_IMPALA,agentHost,
DEFAULT,AUDIT_IMPALA,logType,DEFAULT,AUDIT_IMPALA,logType,
DEFAULT,AUDIT_IMPALA,id,DEFAULT,AUDIT_IMPALA,id,
DEFAULT,AUDIT_IMPALA,seq_num,DEFAULT,AUDIT_IMPALA,seq_num,
DEFAULT,AUDIT_IMPALA,event_count,DEFAULT,AUDIT_IMPALA,event_count,
DEFAULT,AUDIT_IMPALA,event_dur_ms,DEFAULT,AUDIT_IMPALA,event_dur_ms,
DEFAULT,AUDIT_IMPALA,tags,DEFAULT,AUDIT_IMPALA,tags,
DEFAULT,AUDIT_IMPALA,cluster_name,DEFAULT,AUDIT_IMPALA,cluster_name,
DEFAULT,AUDIT_IMPALA,policy_version,DEFAULT,AUDIT_IMPALA,policy_version,
DEFAULT,AUDIT_IMPALA,pt_evtTime_yyyymm,DEFAULT,AUDIT_IMPALA,,"translate(substr(evtTime, 1, 7), '-', '')"
EAS,EAS_CRD_PKP_GM,GM_SNO,EAS,EAS_CRD_PKP_GM,GM_SNO,
EAS,EAS_CRD_PKP_GM,SYS_CRE_DTTM,EAS,EAS_CRD_PKP_GM,,"cast(translate(SYS_CRE_DTTM, '/', '-') as timestamp)"
EAS,EAS_CRD_PKP_GM,SYS_UPD_DTTM,EAS,EAS_CRD_PKP_GM,,"cast(translate(SYS_UPD_DTTM, '/', '-') as timestamp)"
EAS,EAS_CRD_PKP_GM,USE_AMT,EAS,EAS_CRD_PKP_GM,USE_AMT,
EAS,EAS_CRD_PKP_GM,RQSR_NM,EAS,EAS_CRD_PKP_GM,RQSR_NM,
EAS,EAS_CRD_PKP_GM,BALA_AMT,EAS,EAS_CRD_PKP_GM,BALA_AMT,
EAS,EAS_CRD_PKP_GM,BRAN_CD,EAS,EAS_CRD_PKP_GM,BRAN_CD,
EAS,EAS_CRD_PKP_GM,CRE_DT,EAS,EAS_CRD_PKP_GM,CRE_DT,
EAS,EAS_CRD_PKP_GM,CRE_YM,EAS,EAS_CRD_PKP_GM,CRE_YM,
EAS,EAS_CRD_PKP_GM,AL_EMP_TR_NO,EAS,EAS_CRD_PKP_GM,AL_EMP_TR_NO,
EAS,EAS_CRD_PKP_GM,OTA_DV_CD,EAS,EAS_CRD_PKP_GM,OTA_DV_CD,
EAS,EAS_CRD_PKP_GM,GPT_CD,EAS,EAS_CRD_PKP_GM,GPT_CD,
EAS,EAS_CRD_PKP_GM,CRD_PKP_TYPE_CD,EAS,EAS_CRD_PKP_GM,CRD_PKP_TYPE_CD,
EAS,EAS_CRD_PKP_GM,RQS_DT,EAS,EAS_CRD_PKP_GM,RQS_DT,
EAS,EAS_CRD_PKP_GM,CRD_PKP_BR_NM,EAS,EAS_CRD_PKP_GM,CRD_PKP_BR_NM,
EAS,EAS_CRD_PKP_GM,TR_NO,EAS,EAS_CRD_PKP_GM,TR_NO,
EAS,EAS_CRD_PKP_GM,RQS_DTTM,EAS,EAS_CRD_PKP_GM,RQS_DTTM,
EAS,EAS_CRD_PKP_GM,OUTS_PRD_CN,EAS,EAS_CRD_PKP_GM,OUTS_PRD_CN,
EAS,EAS_CRD_PKP_GM,pt_SYS_CRE_DT,EAS,EAS_CRD_PKP_GM,,"translate(substr(SYS_CRE_DTTM, 1, 7), '/', '')"
EAS,EAS_PNT_CVSN_CMPX_TR,AL_PNT_CVSN_SNO,EAS,EAS_PNT_CVSN_CMPX_TR,AL_PNT_CVSN_SNO,
EAS,EAS_PNT_CVSN_CMPX_TR,MMSP_AL_TYPE_CD,EAS,EAS_PNT_CVSN_CMPX_TR,MMSP_AL_TYPE_CD,
EAS,EAS_PNT_CVSN_CMPX_TR,APV_DT,EAS,EAS_PNT_CVSN_CMPX_TR,APV_DT,
EAS,EAS_PNT_CVSN_CMPX_TR,AL_NM,EAS,EAS_PNT_CVSN_CMPX_TR,AL_NM,
EAS,EAS_PNT_CVSN_CMPX_TR,ASP_ID,EAS,EAS_PNT_CVSN_CMPX_TR,ASP_ID,
EAS,EAS_PNT_CVSN_CMPX_TR,KA_ID,EAS,EAS_PNT_CVSN_CMPX_TR,KA_ID,
EAS,EAS_PNT_CVSN_CMPX_TR,MBR_ID,EAS,EAS_PNT_CVSN_CMPX_TR,MBR_ID,
EAS,EAS_PNT_CVSN_CMPX_TR,AMT,EAS,EAS_PNT_CVSN_CMPX_TR,AMT,
EAS,EAS_PNT_CVSN_CMPX_TR,TRAN_ID,EAS,EAS_PNT_CVSN_CMPX_TR,TRAN_ID,
EAS,EAS_PNT_CVSN_CMPX_TR,PAR_NO,EAS,EAS_PNT_CVSN_CMPX_TR,PAR_NO,
EAS,EAS_PNT_CVSN_CMPX_TR,SVC_ID,EAS,EAS_PNT_CVSN_CMPX_TR,SVC_ID,
EAS,EAS_PNT_CVSN_CMPX_TR,SVC_NM,EAS,EAS_PNT_CVSN_CMPX_TR,SVC_NM,
EAS,EAS_PNT_CVSN_CMPX_TR,DATA_ABT_CRI_DT,EAS,EAS_PNT_CVSN_CMPX_TR,DATA_ABT_CRI_DT,
EAS,EAS_PNT_CVSN_CMPX_TR,SYS_CRE_DTTM,EAS,EAS_PNT_CVSN_CMPX_TR,,"cast(translate(SYS_CRE_DTTM, '/', '-') as timestamp)"
EAS,EAS_PNT_CVSN_CMPX_TR,SYS_UPD_DTTM,EAS,EAS_PNT_CVSN_CMPX_TR,,"cast(translate(SYS_UPD_DTTM, '/', '-') as timestamp)"
EAS,EAS_PNT_CVSN_CMPX_TR,pt_SYS_CRE_DT,EAS,EAS_PNT_CVSN_CMPX_TR,,"translate(substr(SYS_CRE_DTTM, 1, 7), '/', '')"
EAS,NH_MEMBERS_PARAM,ASP_ID,EAS,NH_MEMBERS_PARAM,ASP_ID,
EAS,NH_MEMBERS_PARAM,KA_ID,EAS,NH_MEMBERS_PARAM,KA_ID,
EAS,NH_MEMBERS_PARAM,NH_MC_NO,EAS,NH_MEMBERS_PARAM,MERCHANT_ID,
EAS,NH_MEMBERS_PARAM,SYS_CRE_DTTM,EAS,NH_MEMBERS_PARAM,,"from_unixtime(unix_timestamp(CREATED, 'yyyy/MM/dd HH:mm:ss'))"
EAS,NH_MEMBERS_PARAM,SYS_UPD_DTTM,EAS,NH_MEMBERS_PARAM,,"from_unixtime(unix_timestamp(UPDATED, 'yyyy/MM/dd HH:mm:ss'))"
EAS,NH_MEMBERS_TRAN_HISTORY,NH_PNT_CVSN_ID,EAS,NH_MEMBERS_TRAN_HISTORY,TRAN_ID,
EAS,NH_MEMBERS_TRAN_HISTORY,CVSN_TYPE_CD,EAS,NH_MEMBERS_TRAN_HISTORY,TRAN_TYPE,
EAS,NH_MEMBERS_TRAN_HISTORY,CVSN_RQS_DTTM,EAS,NH_MEMBERS_TRAN_HISTORY,REQUEST_DATE,
EAS,NH_MEMBERS_TRAN_HISTORY,RSP_DTTM,EAS,NH_MEMBERS_TRAN_HISTORY,RESPONSE_DATE,
EAS,NH_MEMBERS_TRAN_HISTORY,RSP_CD,EAS,NH_MEMBERS_TRAN_HISTORY,RESPONSE_CODE,
EAS,NH_MEMBERS_TRAN_HISTORY,RSP_CN,EAS,NH_MEMBERS_TRAN_HISTORY,RESPONSE_MSG,
EAS,NH_MEMBERS_TRAN_HISTORY,MBR_ID,EAS,NH_MEMBERS_TRAN_HISTORY,USER_ID,
EAS,NH_MEMBERS_TRAN_HISTORY,HLD_PNT,EAS,NH_MEMBERS_TRAN_HISTORY,AVAILABLE_POINT,
EAS,NH_MEMBERS_TRAN_HISTORY,CVSN_RQS_PNT,EAS,NH_MEMBERS_TRAN_HISTORY,APPLICATION_POINT,
EAS,NH_MEMBERS_TRAN_HISTORY,APV_DT,EAS,NH_MEMBERS_TRAN_HISTORY,APPROVAL_DATE,
EAS,NH_MEMBERS_TRAN_HISTORY,APV_TI,EAS,NH_MEMBERS_TRAN_HISTORY,APPROVAL_TIME,
EAS,NH_MEMBERS_TRAN_HISTORY,ORG_TR_APV_NO,EAS,NH_MEMBERS_TRAN_HISTORY,APPROVAL_NO,
EAS,NH_MEMBERS_TRAN_HISTORY,ORG_TR_DT,EAS,NH_MEMBERS_TRAN_HISTORY,ORG_APPROVAL_DATE,
EAS,NH_MEMBERS_TRAN_HISTORY,ORG_TR_GMNO,EAS,NH_MEMBERS_TRAN_HISTORY,ORG_APPROVAL_NO,
EAS,NH_MEMBERS_TRAN_HISTORY,CNCL_ST_CD,EAS,NH_MEMBERS_TRAN_HISTORY,REVERSAL_STATUS,
EAS,NH_MEMBERS_TRAN_HISTORY,NH_MC_NO,EAS,NH_MEMBERS_TRAN_HISTORY,NH_MERCHANT_ID,
EAS,NH_MEMBERS_TRAN_HISTORY,SYS_CRE_DTTM,EAS,NH_MEMBERS_TRAN_HISTORY,,"from_unixtime(unix_timestamp(CREATED, 'yyyy/MM/dd HH:mm:ss'))"
EAS,NH_MEMBERS_TRAN_HISTORY,SYS_UPD_DTTM,EAS,NH_MEMBERS_TRAN_HISTORY,,"from_unixtime(unix_timestamp(UPDATED, 'yyyy/MM/dd HH:mm:ss'))"
EAS,NH_MEMBERS_TRAN_HISTORY,pt_cre_yy,EAS,NH_MEMBERS_TRAN_HISTORY,,"substr(CREATED, 1, 4)"
EAS,NH_POINT_TRAN_HISTORY,NH_AL_PNT_CVSN_SNO,EAS,NH_POINT_TRAN_HISTORY,ID,
EAS,NH_POINT_TRAN_HISTORY,APV_DT,EAS,NH_POINT_TRAN_HISTORY,APV_DT,
EAS,NH_POINT_TRAN_HISTORY,TR_DV_CD,EAS,NH_POINT_TRAN_HISTORY,TR_DSC,
EAS,NH_POINT_TRAN_HISTORY,NH_MMSP_AL_NO,EAS,NH_POINT_TRAN_HISTORY,TUP_ID,
EAS,NH_POINT_TRAN_HISTORY,ORG_TR_DT,EAS,NH_POINT_TRAN_HISTORY,TR_DT,
EAS,NH_POINT_TRAN_HISTORY,NH_TOT_SL_AMT,EAS,NH_POINT_TRAN_HISTORY,TOT_SL_AM,
EAS,NH_POINT_TRAN_HISTORY,NH_TOT_USE_PNT,EAS,NH_POINT_TRAN_HISTORY,TT_UG_PNT,
EAS,NH_POINT_TRAN_HISTORY,NH_BEF_RES_PNT,EAS,NH_POINT_TRAN_HISTORY,BF_RM_PNT,
EAS,NH_POINT_TRAN_HISTORY,NH_AL_RES_PNT,EAS,NH_POINT_TRAN_HISTORY,TUP_RM_PNT,
EAS,NH_POINT_TRAN_HISTORY,DEPS_DEFRAY_DV_CD,EAS,NH_POINT_TRAN_HISTORY,RV_PY_DSC,
EAS,NH_POINT_TRAN_HISTORY,NH_CLR_PNT,EAS,NH_POINT_TRAN_HISTORY,ADJ_PNT,
EAS,NH_POINT_TRAN_HISTORY,NH_CLR_MC_NO,EAS,NH_POINT_TRAN_HISTORY,ADJ_MCHT_ID,
EAS,NH_POINT_TRAN_HISTORY,ORG_TR_APV_DT,EAS,NH_POINT_TRAN_HISTORY,OGN_APV_DT,
EAS,NH_POINT_TRAN_HISTORY,NH_CLR_DT,EAS,NH_POINT_TRAN_HISTORY,ADJ_BAS_DT,
EAS,NH_POINT_TRAN_HISTORY,SYS_CRE_DTTM,EAS,NH_POINT_TRAN_HISTORY,,"from_unixtime(unix_timestamp(SYS_CRE_DTTM, 'yyyy/MM/dd HH:mm:ss'))"
EAS,NH_POINT_TRAN_HISTORY,SYS_UPD_DTTM,EAS,NH_POINT_TRAN_HISTORY,,"from_unixtime(unix_timestamp(SYS_UPD_DTTM, 'yyyy/MM/dd HH:mm:ss'))"
EAS,NH_POINT_TRAN_HISTORY,pt_cre_yy,EAS,NH_POINT_TRAN_HISTORY,,"substr(SYS_CRE_DTTM, 1, 4)"
EAS,POINT_TRAN,AL_PNT_CVSN_SNO,EAS,POINT_TRAN,SEQ,
EAS,POINT_TRAN,ASP_ID,EAS,POINT_TRAN,ASP_ID,
EAS,POINT_TRAN,MBR_ID,EAS,POINT_TRAN,USER_ID,
EAS,POINT_TRAN,MMSP_AL_TYPE_CD,EAS,POINT_TRAN,ALLIANCE_TYPE,
EAS,POINT_TRAN,RV_USE_DV_CD,EAS,POINT_TRAN,TRAN_TYPE,
EAS,POINT_TRAN,TR_AMT,EAS,POINT_TRAN,AMOUNT,
EAS,POINT_TRAN,PAR_NO,EAS,POINT_TRAN,TO_PAR,
EAS,POINT_TRAN,SVC_ID,EAS,POINT_TRAN,SVC_ID,
EAS,POINT_TRAN,SVC_NM,EAS,POINT_TRAN,SVC_NAME,
EAS,POINT_TRAN,TRAN_ID,EAS,POINT_TRAN,TRANSACTION_ID,
EAS,POINT_TRAN,SYS_CRE_DTTM,EAS,POINT_TRAN,,"from_unixtime(unix_timestamp(CREATED, 'yyyy/MM/dd HH:mm:ss'))"
EAS,POINT_TRAN,SYS_UPD_DTTM,EAS,POINT_TRAN,,"from_unixtime(unix_timestamp(UPDATED, 'yyyy/MM/dd HH:mm:ss'))"
EAS,POINT_TRAN,AL_NM,EAS,POINT_TRAN,ALLIANCE_NAME,
EAS,POINT_TRAN,PNT_RV_OTLN_CN,EAS,POINT_TRAN,DETAIL,
EAS,POINT_TRAN,PNT_VL_DTTM,EAS,POINT_TRAN,,"from_unixtime(unix_timestamp(EXPIRY_DATE, 'yyyy/MM/dd HH:mm:ss'))"
EAS,POINT_TRAN,APV_DT,EAS,POINT_TRAN,APPROVAL_DATE,
EAS,POINT_TRAN,APV_CD,EAS,POINT_TRAN,APPROVAL_CODE,
EAS,POINT_TRAN,CNCL_ST_CD,EAS,POINT_TRAN,REVERSAL_STATUS,
EAS,POINT_TRAN,CNCL_DT,EAS,POINT_TRAN,,"from_unixtime(unix_timestamp(REVERSAL_DATE, 'yyyy/MM/dd HH:mm:ss'))"
EAS,POINT_TRAN,AFC_TR_ID,EAS,POINT_TRAN,AFFILIATE_TRAN_ID,
EAS,POINT_TRAN,pt_cre_dt,EAS,POINT_TRAN,,"translate(translate(substr(CREATED,1,8),'/',''),'-','')"
EDM,PARTNER,AFC_SNO,EDM,PARTNER,ID,
EDM,PARTNER,SYS_CRE_DTTM,EDM,PARTNER,,"from_unixtime(unix_timestamp(CREATED_DATE, 'yyyy/MM/dd HH:mm:ss'))"
EDM,PARTNER,SYS_UPD_DTTM,EDM,PARTNER,,"from_unixtime(unix_timestamp(UPDATED_DATE, 'yyyy/MM/dd HH:mm:ss'))"
EDM,PARTNER,AFC_EXPS_KA_ID,EDM,PARTNER,PARTNER_ID_ETN,
EDM,PARTNER,KA_ID,EDM,PARTNER,PARTNER_ID_ITN,
EDM,PARTNER,KN_CRD_AFC_NM,EDM,PARTNER,PARTNER_NAME,
EDM,PARTNER,ASP_ID,EDM,PARTNER,ASP_ID,
EDM,POINT_PROVIDER,AL_CRD_PNT_PYMAN_SNO,EDM,POINT_PROVIDER,ID,
EDM,POINT_PROVIDER,SYS_CRE_DTTM,EDM,POINT_PROVIDER,,"from_unixtime(unix_timestamp(CREATED_DATE, 'yyyy/MM/dd HH:mm:ss'))"
EDM,POINT_PROVIDER,SYS_UPD_DTTM,EDM,POINT_PROVIDER,,"from_unixtime(unix_timestamp(UPDATED_DATE, 'yyyy/MM/dd HH:mm:ss'))"
EDM,POINT_PROVIDER,PNT_BOWR_ID,EDM,POINT_PROVIDER,PROVIDER_ID,
EDM,POINT_PROVIDER,ASP_ID,EDM,POINT_PROVIDER,ASP_ID,
EDM,POINT_PROVIDER,PNT_PLCY_ID,EDM,POINT_PROVIDER,POLICY_ID,
EDM,POINT_PROVIDER,PNT_PLCY_NM,EDM,POINT_PROVIDER,POLICY_NAME,
EDM,POINT_PROVIDER,PLCY_TYPE_CD,EDM,POINT_PROVIDER,POLICY_TYPE,
EDM,POINT_PROVIDER,KA_ID,EDM,POINT_PROVIDER,KA_ID,
EDM,POINT_PROVIDER,PNT_BOWR_GRP_ID,EDM,POINT_PROVIDER,PROVIDER_GROUP_ID,
EDM,POINT_PROVIDER,DSB_MES,EDM,POINT_PROVIDER,WAY,
EDM,POINT_PROVIDER,PSH_SNDNG_YN,EDM,POINT_PROVIDER,SEND_PUSH_YN,
EDM,POINT_TRANSFER,AL_CRD_PNT_DSB_SNO,EDM,POINT_TRANSFER,ID,
EDM,POINT_TRANSFER,SYS_CRE_DTTM,EDM,POINT_TRANSFER,,"from_unixtime(unix_timestamp(CREATED_DATE, 'yyyy/MM/dd HH:mm:ss'))"
EDM,POINT_TRANSFER,SYS_UPD_DTTM,EDM,POINT_TRANSFER,,"from_unixtime(unix_timestamp(UPDATED_DATE, 'yyyy/MM/dd HH:mm:ss'))"
EDM,POINT_TRANSFER,TR_NATV_ID,EDM,POINT_TRANSFER,SEQ_ID,
EDM,POINT_TRANSFER,TRAN_ID,EDM,POINT_TRANSFER,TRANSACTION_ID,
EDM,POINT_TRANSFER,MBR_ID,EDM,POINT_TRANSFER,USER_ID,
EDM,POINT_TRANSFER,CHRG_PRG_ST_CD,EDM,POINT_TRANSFER,STATUS,
EDM,POINT_TRANSFER,al_crd_pnt_pyman_sno,EDM,POINT_TRANSFER,POINT_PROVIDER_ID,
EDM,POINT_TRANSFER,HLD_PNT,EDM,POINT_TRANSFER,AMOUNT,
EDM,POINT_TRANSFER,SVC_ID,EDM,POINT_TRANSFER,SERVICE_ID,
EDM,POINT_TRANSFER,MBR_PAR_NO,EDM,POINT_TRANSFER,PAR,
EDM,POINT_TRANSFER,COPT_RSP_CD,EDM,POINT_TRANSFER,REASON,
EDM,POINT_TRANSFER,ERR_RSP_CD_CN,EDM,POINT_TRANSFER,MESSAGE,
EDM,POINT_TRANSFER,APV_TYPE_CD,EDM,POINT_TRANSFER,APPROVAL_TYPE,
EDM,POINT_TRANSFER,APV_CNCL_YN,EDM,POINT_TRANSFER,REVERSAL_STATUS,
EDM,POINT_TRANSFER,APV_CNCL_DTL_DTTM,EDM,POINT_TRANSFER,,"from_unixtime(unix_timestamp(REVERSAL_DATE, 'yyyy/MM/dd HH:mm:ss'))"
EDM,POINT_TRANSFER,APV_CNCL_TR_ID,EDM,POINT_TRANSFER,REVERSAL_TRAN_ID,
EDM,POINT_TRANSFER,DSB_MES_CD,EDM,POINT_TRANSFER,WAY,
EMS,EMS_BYDT_BYMBR_CHL_STTC,MBR_ID,EMS,EMS_BYDT_BYMBR_CHL_STTC,MBR_ID,
EMS,EMS_BYDT_BYMBR_CHL_STTC,CHL_ID,EMS,EMS_BYDT_BYMBR_CHL_STTC,CHL_ID,
EMS,EMS_BYDT_BYMBR_CHL_STTC,CRI_YR,EMS,EMS_BYDT_BYMBR_CHL_STTC,CRI_YR,
EMS,EMS_BYDT_BYMBR_CHL_STTC,CRI_MM,EMS,EMS_BYDT_BYMBR_CHL_STTC,CRI_MM,
EMS,EMS_BYDT_BYMBR_CHL_STTC,CRI_DD,EMS,EMS_BYDT_BYMBR_CHL_STTC,CRI_DD,
EMS,EMS_BYDT_BYMBR_CHL_STTC,TOT_ACUM_ACMP_CNT,EMS,EMS_BYDT_BYMBR_CHL_STTC,TOT_ACUM_ACMP_CNT,
EMS,EMS_BYDT_BYMBR_CHL_STTC,SYS_CRE_DTTM,EMS,EMS_BYDT_BYMBR_CHL_STTC,,"to_timestamp(SYS_CRE_DTTM, 'yyyy/MM/dd HH:mm:ss.SSS')"
EMS,EMS_BYDT_BYMBR_CHL_STTC,SYS_UPD_DTTM,EMS,EMS_BYDT_BYMBR_CHL_STTC,,"to_timestamp(SYS_UPD_DTTM, 'yyyy/MM/dd HH:mm:ss.SSS')"
EMS,EMS_BYDT_BYMBR_CHL_STTC,CRI_DT,EMS,EMS_BYDT_BYMBR_CHL_STTC,CRI_DT,
EMS,EMS_BYDT_BYMBR_CHL_STTC,TD_ACMP_CNT,EMS,EMS_BYDT_BYMBR_CHL_STTC,TD_ACMP_CNT,
EMS,EMS_BYDT_BYMBR_STTC,MBR_ID,EMS,EMS_BYDT_BYMBR_STTC,MBR_ID,
EMS,EMS_BYDT_BYMBR_STTC,CRI_YR,EMS,EMS_BYDT_BYMBR_STTC,CRI_YR,
EMS,EMS_BYDT_BYMBR_STTC,CRI_MM,EMS,EMS_BYDT_BYMBR_STTC,CRI_MM,
EMS,EMS_BYDT_BYMBR_STTC,CRI_DD,EMS,EMS_BYDT_BYMBR_STTC,CRI_DD,
EMS,EMS_BYDT_BYMBR_STTC,ENV_MLG_DV_CD,EMS,EMS_BYDT_BYMBR_STTC,ENV_MLG_DV_CD,
EMS,EMS_BYDT_BYMBR_STTC,TOT_ACUM_ACMP_CNT,EMS,EMS_BYDT_BYMBR_STTC,TOT_ACUM_ACMP_CNT,
EMS,EMS_BYDT_BYMBR_STTC,SYS_CRE_DTTM,EMS,EMS_BYDT_BYMBR_STTC,,"from_unixtime(unix_timestamp(SYS_CRE_DTTM, 'yyyy/MM/dd HH:mm:ss'))"
EMS,EMS_BYDT_BYMBR_STTC,SYS_UPD_DTTM,EMS,EMS_BYDT_BYMBR_STTC,,"from_unixtime(unix_timestamp(SYS_UPD_DTTM, 'yyyy/MM/dd HH:mm:ss'))"
EMS,EMS_CHL,CHL_ID,EMS,EMS_CHL,CHL_ID,
EMS,EMS_CHL,ENV_MLG_ID,EMS,EMS_CHL,ENV_MLG_ID,
EMS,EMS_CHL,ENV_MLG_DV_CD,EMS,EMS_CHL,ENV_MLG_DV_CD,
EMS,EMS_CHL,CHL_NM,EMS,EMS_CHL,CHL_NM,
EMS,EMS_CHL,EXHB_CHL_NM,EMS,EMS_CHL,EXHB_CHL_NM,
EMS,EMS_CHL,XPRSN_STRT_DT,EMS,EMS_CHL,,"cast(translate(XPRSN_STRT_DT, '/', '-') as timestamp)"
EMS,EMS_CHL,STRT_DT,EMS,EMS_CHL,,"cast(translate(STRT_DT, '/', '-') as timestamp)"
EMS,EMS_CHL,END_DT,EMS,EMS_CHL,,"cast(translate(END_DT, '/', '-') as timestamp)"
EMS,EMS_CHL,ACT_ST_CD,EMS,EMS_CHL,ACT_ST_CD,
EMS,EMS_CHL,EXPS_YN,EMS,EMS_CHL,EXPS_YN,
EMS,EMS_CHL,TOT_ACUM_ACMP_CNT,EMS,EMS_CHL,TOT_ACUM_ACMP_CNT,
EMS,EMS_CHL,MSSN_LM_STEP_CNT,EMS,EMS_CHL,MSSN_LM_STEP_CNT,
EMS,EMS_CHL,MSSN_TOT_TMCNT,EMS,EMS_CHL,MSSN_TOT_TMCNT,
EMS,EMS_CHL,MLG_CVSN_CRI_CNT,EMS,EMS_CHL,MLG_CVSN_CRI_CNT,
EMS,EMS_CHL,CRI_CVSN_MLG,EMS,EMS_CHL,CRI_CVSN_MLG,
EMS,EMS_CHL,PNT_CVSN_CRI_CNT,EMS,EMS_CHL,PNT_CVSN_CRI_CNT,
EMS,EMS_CHL,CRI_CVSN_PNT,EMS,EMS_CHL,CRI_CVSN_PNT,
EMS,EMS_CHL,MSSN_ACMP_DSB_LM_PRID_DCNT,EMS,EMS_CHL,MSSN_ACMP_DSB_LM_PRID_DCNT,
EMS,EMS_CHL,CHL_DSB_CRI_DV_CD,EMS,EMS_CHL,CHL_DSB_CRI_DV_CD,
EMS,EMS_CHL,PNT_PLCY_ID,EMS,EMS_CHL,PNT_PLCY_ID,
EMS,EMS_CHL,PNT_PLCY_NM,EMS,EMS_CHL,PNT_PLCY_NM,
EMS,EMS_CHL,PNT_BOWR_ID,EMS,EMS_CHL,PNT_BOWR_ID,
EMS,EMS_CHL,PTCP_LM_SEX_DV_CD,EMS,EMS_CHL,PTCP_LM_SEX_DV_CD,
EMS,EMS_CHL,PTCP_LM_STRT_YR,EMS,EMS_CHL,PTCP_LM_STRT_YR,
EMS,EMS_CHL,PTCP_LM_END_YR,EMS,EMS_CHL,PTCP_LM_END_YR,
EMS,EMS_CHL,END_PREA_NFCT_CYC_DCNT,EMS,EMS_CHL,END_PREA_NFCT_CYC_DCNT,
EMS,EMS_CHL,ASP_ID,EMS,EMS_CHL,ASP_ID,
EMS,EMS_CHL,KA_ID,EMS,EMS_CHL,KA_ID,
EMS,EMS_CHL,SYS_CRE_DTTM,EMS,EMS_CHL,,"cast(translate(SYS_CRE_DTTM, '/', '-') as timestamp)"
EMS,EMS_CHL,SYS_UPD_DTTM,EMS,EMS_CHL,,"cast(translate(SYS_UPD_DTTM, '/', '-') as timestamp)"
EMS,EMS_CHL,AUTO_CVSN_SUPT_YN,EMS,EMS_CHL,AUTO_CVSN_SUPT_YN,
EMS,EMS_CHL,AUTO_DNT_SUPT_YN,EMS,EMS_CHL,AUTO_DNT_SUPT_YN,
EMS,EMS_CHL,DNT_CMPGN_ID,EMS,EMS_CHL,DNT_CMPGN_ID,
EMS,EMS_CHL,DNT_CMPGN_NM,EMS,EMS_CHL,DNT_CMPGN_NM,
EMS,EMS_CHL_PTCP,MBR_ID,EMS,EMS_CHL_PTCP,MBR_ID,
EMS,EMS_CHL_PTCP,CHL_ID,EMS,EMS_CHL_PTCP,CHL_ID,
EMS,EMS_CHL_PTCP,ENV_MLG_DV_CD,EMS,EMS_CHL_PTCP,ENV_MLG_DV_CD,
EMS,EMS_CHL_PTCP,ENV_MLG_ENP_DV_CD,EMS,EMS_CHL_PTCP,ENV_MLG_ENP_DV_CD,
EMS,EMS_CHL_PTCP,PTCP_DT,EMS,EMS_CHL_PTCP,,"from_unixtime(unix_timestamp(PTCP_DT, 'yyyy/MM/dd HH:mm:ss'))"
EMS,EMS_CHL_PTCP,MSSN_STGE_NO,EMS,EMS_CHL_PTCP,MSSN_STGE_NO,
EMS,EMS_CHL_PTCP,TOT_ACUM_ACMP_CNT,EMS,EMS_CHL_PTCP,TOT_ACUM_ACMP_CNT,
EMS,EMS_CHL_PTCP,CPLT_YN,EMS,EMS_CHL_PTCP,CPLT_YN,
EMS,EMS_CHL_PTCP,ASP_ID,EMS,EMS_CHL_PTCP,ASP_ID,
EMS,EMS_CHL_PTCP,KA_ID,EMS,EMS_CHL_PTCP,KA_ID,
EMS,EMS_CHL_PTCP,SYS_CRE_DTTM,EMS,EMS_CHL_PTCP,,"from_unixtime(unix_timestamp(SYS_CRE_DTTM, 'yyyy/MM/dd HH:mm:ss'))"
EMS,EMS_CHL_PTCP,SYS_UPD_DTTM,EMS,EMS_CHL_PTCP,,"from_unixtime(unix_timestamp(SYS_UPD_DTTM, 'yyyy/MM/dd HH:mm:ss'))"
EMS,EMS_CHL_PTCP,AGE,EMS,EMS_CHL_PTCP,AGE,
EMS,EMS_CHL_PTCP,SEX_DV_CD,EMS,EMS_CHL_PTCP,SEX_DV_CD,
EMS,EMS_ENV_MLG_TC_AGRM,ENV_MLG_TC_AGRM_SNO,EMS,EMS_ENV_MLG_TC_AGRM,ENV_MLG_TC_AGRM_SNO,
EMS,EMS_ENV_MLG_TC_AGRM,ENV_MLG_TC_DEF_ID,EMS,EMS_ENV_MLG_TC_AGRM,ENV_MLG_TC_DEF_ID,
EMS,EMS_ENV_MLG_TC_AGRM,ENV_MLG_TC_CN_ID,EMS,EMS_ENV_MLG_TC_AGRM,ENV_MLG_TC_CN_ID,
EMS,EMS_ENV_MLG_TC_AGRM,MBR_ID,EMS,EMS_ENV_MLG_TC_AGRM,MBR_ID,
EMS,EMS_ENV_MLG_TC_AGRM,AGRM_YN,EMS,EMS_ENV_MLG_TC_AGRM,AGRM_YN,
EMS,EMS_ENV_MLG_TC_AGRM,SYS_CRE_DTTM,EMS,EMS_ENV_MLG_TC_AGRM,,"from_unixtime(unix_timestamp(SYS_CRE_DTTM, 'yyyy/MM/dd HH:mm:ss'))"
EMS,EMS_ENV_MLG_TC_AGRM,SYS_UPD_DTTM,EMS,EMS_ENV_MLG_TC_AGRM,,"from_unixtime(unix_timestamp(SYS_UPD_DTTM, 'yyyy/MM/dd HH:mm:ss'))"
EMS,EMS_ENV_MLG_TC_AGRM,pt_cre_dt,EMS,EMS_ENV_MLG_TC_AGRM,,"translate(translate(substr(SYS_CRE_DTTM,1,8),'/',''),'-','')"
EMS,EMS_ENV_MLG_TC_DEF,ENV_MLG_TC_DEF_ID,EMS,EMS_ENV_MLG_TC_DEF,ENV_MLG_TC_DEF_ID,
EMS,EMS_ENV_MLG_TC_DEF,ASP_ID,EMS,EMS_ENV_MLG_TC_DEF,ASP_ID,
EMS,EMS_ENV_MLG_TC_DEF,KA_ID,EMS,EMS_ENV_MLG_TC_DEF,KA_ID,
EMS,EMS_ENV_MLG_TC_DEF,ENV_MLG_DV_CD,EMS,EMS_ENV_MLG_TC_DEF,ENV_MLG_DV_CD,
EMS,EMS_ENV_MLG_TC_DEF,TC_DV_CD,EMS,EMS_ENV_MLG_TC_DEF,TC_DV_CD,
EMS,EMS_ENV_MLG_TC_DEF,TC_USE_YN,EMS,EMS_ENV_MLG_TC_DEF,TC_USE_YN,
EMS,EMS_ENV_MLG_TC_DEF,SYS_CRE_DTTM,EMS,EMS_ENV_MLG_TC_DEF,,"from_unixtime(unix_timestamp(SYS_CRE_DTTM, 'yyyy/MM/dd HH:mm:ss'))"
EMS,EMS_ENV_MLG_TC_DEF,SYS_UPD_DTTM,EMS,EMS_ENV_MLG_TC_DEF,,"from_unixtime(unix_timestamp(SYS_UPD_DTTM, 'yyyy/MM/dd HH:mm:ss'))"
EMS,EMS_ENV_MLG_TC_DEF,TC_EXPS_ODE,EMS,EMS_ENV_MLG_TC_DEF,TC_EXPS_ODE,
EMS,EMS_ENV_MLG_TC_DEF,TC_NM,EMS,EMS_ENV_MLG_TC_DEF,TC_NM,
EMS,EMS_ENV_MLG_TC_DEF,TC_TYPE_NM,EMS,EMS_ENV_MLG_TC_DEF,TC_TYPE_NM,
EMS,EMS_MLG_CVSN_HIST,MLG_CVSN_HIST_SNO,EMS,EMS_MLG_CVSN_HIST,MLG_CVSN_HIST_SNO,
EMS,EMS_MLG_CVSN_HIST,MBR_ID,EMS,EMS_MLG_CVSN_HIST,MBR_ID,
EMS,EMS_MLG_CVSN_HIST,CHL_ID,EMS,EMS_MLG_CVSN_HIST,CHL_ID,
EMS,EMS_MLG_CVSN_HIST,MSSN_STGE_NO,EMS,EMS_MLG_CVSN_HIST,MSSN_STGE_NO,
EMS,EMS_MLG_CVSN_HIST,TOT_ACUM_ACMP_CNT,EMS,EMS_MLG_CVSN_HIST,TOT_ACUM_ACMP_CNT,
EMS,EMS_MLG_CVSN_HIST,MSSN_ACMP_MLG_CNT,EMS,EMS_MLG_CVSN_HIST,MSSN_ACMP_MLG_CNT,
EMS,EMS_MLG_CVSN_HIST,PNT_CVSN_AMT,EMS,EMS_MLG_CVSN_HIST,PNT_CVSN_AMT,
EMS,EMS_MLG_CVSN_HIST,SVC_ID,EMS,EMS_MLG_CVSN_HIST,SVC_ID,
EMS,EMS_MLG_CVSN_HIST,CRD_NM,EMS,EMS_MLG_CVSN_HIST,CRD_NM,
EMS,EMS_MLG_CVSN_HIST,PAR_NO,EMS,EMS_MLG_CVSN_HIST,PAR_NO,
EMS,EMS_MLG_CVSN_HIST,FAIL_RSN_CD,EMS,EMS_MLG_CVSN_HIST,FAIL_RSN_CD,
EMS,EMS_MLG_CVSN_HIST,FAIL_RSN_CN,EMS,EMS_MLG_CVSN_HIST,FAIL_RSN_CN,
EMS,EMS_MLG_CVSN_HIST,TID,EMS,EMS_MLG_CVSN_HIST,TID,
EMS,EMS_MLG_CVSN_HIST,RQS_CHNL_CD,EMS,EMS_MLG_CVSN_HIST,RQS_CHNL_CD,
EMS,EMS_MLG_CVSN_HIST,SYS_CRE_DTTM,EMS,EMS_MLG_CVSN_HIST,,"cast(translate(SYS_CRE_DTTM, '/', '-') as timestamp)"
EMS,EMS_MLG_CVSN_HIST,SYS_UPD_DTTM,EMS,EMS_MLG_CVSN_HIST,,"cast(translate(SYS_UPD_DTTM, '/', '-') as timestamp)"
EMS,EMS_MLG_CVSN_HIST,pt_SYS_CRE_DT,EMS,EMS_MLG_CVSN_HIST,,"translate(substr(SYS_CRE_DTTM, 1, 7), '/', '')"
EMS,MISSION_PAY_TRANSACTION,MSSN_CPLT_DSB_ID,EMS,MISSION_PAY_TRANSACTION,ACCOUNT_ID,
EMS,MISSION_PAY_TRANSACTION,MSSN_STGE_NO,EMS,MISSION_PAY_TRANSACTION,MISSION_STEP,
EMS,MISSION_PAY_TRANSACTION,CHL_ID,EMS,MISSION_PAY_TRANSACTION,CHALLENGE_ID,
EMS,MISSION_PAY_TRANSACTION,MBR_ID,EMS,MISSION_PAY_TRANSACTION,WALLET_USER_ID,
EMS,MISSION_PAY_TRANSACTION,PAR_NO,EMS,MISSION_PAY_TRANSACTION,PAR,
EMS,MISSION_PAY_TRANSACTION,DSB_AMT,EMS,MISSION_PAY_TRANSACTION,TR_AMT,
EMS,MISSION_PAY_TRANSACTION,MSSN_MLG_CNT,EMS,MISSION_PAY_TRANSACTION,MISSION_MILEAGE,
EMS,MISSION_PAY_TRANSACTION,DSB_RQS_ID,EMS,MISSION_PAY_TRANSACTION,PAY_REQ_ID,
EMS,MISSION_PAY_TRANSACTION,DSB_FAIL_RSN_CN,EMS,MISSION_PAY_TRANSACTION,PAY_FAIL_REASON,
EMS,MISSION_PAY_TRANSACTION,MSSN_DSB_ERR_CD,EMS,MISSION_PAY_TRANSACTION,PAY_FAIL_CODE,
EMS,MISSION_PAY_TRANSACTION,SVC_ID,EMS,MISSION_PAY_TRANSACTION,PAY_SERVICE_ID,
EMS,MISSION_PAY_TRANSACTION,DSB_SVC_NM,EMS,MISSION_PAY_TRANSACTION,PAY_SERVICE_NAME,
EMS,MISSION_PAY_TRANSACTION,CRD_KD_CD,EMS,MISSION_PAY_TRANSACTION,CARD_TYPE,
EMS,MISSION_PAY_TRANSACTION,DSB_RQS_OWR_NM,EMS,MISSION_PAY_TRANSACTION,REQ_COMPONENT,
EMS,MISSION_PAY_TRANSACTION,DSB_ST_CD,EMS,MISSION_PAY_TRANSACTION,PAY_REQ_STATUS,
EMS,MISSION_PAY_TRANSACTION,TID,EMS,MISSION_PAY_TRANSACTION,TID,
EMS,MISSION_PAY_TRANSACTION,SYS_CRE_DTTM,EMS,MISSION_PAY_TRANSACTION,,"from_unixtime(unix_timestamp(CREATED, 'yyyy/MM/dd HH:mm:ss'))"
EMS,MISSION_PAY_TRANSACTION,SYS_UPD_DTTM,EMS,MISSION_PAY_TRANSACTION,,"from_unixtime(unix_timestamp(UPDATED, 'yyyy/MM/dd HH:mm:ss'))"
EMS,MISSION_PROC,CHL_ID,EMS,MISSION_PROC,CHALLENGE_ID,
EMS,MISSION_PROC,MBR_ID,EMS,MISSION_PROC,WALLET_USER_ID,
EMS,MISSION_PROC,MSSN_CPLT_TMCNT,EMS,MISSION_PROC,MISSION_COMPLETE_COUNT,
EMS,MISSION_PROC,TOT_MSSN_TMCNT,EMS,MISSION_PROC,MISSION_TOTAL_COUNT,
EMS,MISSION_PROC,CVSN_TMCNT,EMS,MISSION_PROC,TOTAL_PAYMENT_COUNT,
EMS,MISSION_PROC,MSSN_ST_CD,EMS,MISSION_PROC,MISSION_STATUS,
EMS,MISSION_PROC,TOT_ACUM_MLG,EMS,MISSION_PROC,TOTAL_MISSION_MILEAGE,
EMS,MISSION_PROC,TOT_ACUM_DSB_AMT,EMS,MISSION_PROC,TOTAL_PAY_REQ_AMT,
EMS,MISSION_PROC,TOT_ACUM_ACMP_CNT,EMS,MISSION_PROC,TOTAL_GOAL_COUNT,
EMS,MISSION_PROC,SYS_CRE_DTTM,EMS,MISSION_PROC,,"from_unixtime(unix_timestamp(CREATED, 'yyyy/MM/dd HH:mm:ss'))"
EMS,MISSION_PROC,SYS_UPD_DTTM,EMS,MISSION_PROC,,"from_unixtime(unix_timestamp(UPDATED, 'yyyy/MM/dd HH:mm:ss'))"
ESIGN,ESI_BZPL,BZMN_SNO,ESIGN,ESI_BZPL,BZMN_SNO,
ESIGN,ESI_BZPL,pt_cre_dt,ESIGN,ESI_BZPL,,"cast(replace(substr(SYS_CRE_DTTM, 1, 10), '/', '') as bigint)"
ESIGN,ESI_BZPL,BZMN_DV_CD,ESIGN,ESI_BZPL,BZMN_DV_CD,
ESIGN,ESI_BZPL,BZMN_NM,ESIGN,ESI_BZPL,BZMN_NM,
ESIGN,ESI_BZPL,CORP_NM,ESIGN,ESI_BZPL,CORP_NM,
ESIGN,ESI_BZPL,BZNO,ESIGN,ESI_BZPL,BZNO,
ESIGN,ESI_BZPL,CONO,ESIGN,ESI_BZPL,CONO,
ESIGN,ESI_BZPL,MC_ENM,ESIGN,ESI_BZPL,MC_ENM,
ESIGN,ESI_BZPL,BZPL_DOM_OUTL_DV_CD,ESIGN,ESI_BZPL,BZPL_DOM_OUTL_DV_CD,
ESIGN,ESI_BZPL,OPNB_DT,ESIGN,ESI_BZPL,OPNB_DT,
ESIGN,ESI_BZPL,BZMN_AUTHT_CPLT_YN,ESIGN,ESI_BZPL,BZMN_AUTHT_CPLT_YN,
ESIGN,ESI_BZPL,BZPL_ADDR,ESIGN,ESI_BZPL,BZPL_ADDR,
ESIGN,ESI_BZPL,BZPL_PSNO,ESIGN,ESI_BZPL,BZPL_PSNO,
ESIGN,ESI_BZPL,BZPL_DTL_ADDR,ESIGN,ESI_BZPL,BZPL_DTL_ADDR,
ESIGN,ESI_BZPL,BZPL_TLNO,ESIGN,ESI_BZPL,BZPL_TLNO,
ESIGN,ESI_BZPL,BZCT_NM,ESIGN,ESI_BZPL,BZCT_NM,
ESIGN,ESI_BZPL,BZTP_NM,ESIGN,ESI_BZPL,BZTP_NM,
ESIGN,ESI_BZPL,DEPS_BANK_CD,ESIGN,ESI_BZPL,DEPS_BANK_CD,
ESIGN,ESI_BZPL,ACN_AUTHT_YN,ESIGN,ESI_BZPL,ACN_AUTHT_YN,
ESIGN,ESI_BZPL,SYS_CRE_DTTM,ESIGN,ESI_BZPL,,"from_unixtime(unix_timestamp(SYS_CRE_DTTM, 'yyyy/MM/dd HH:mm:ss'))"
ESIGN,ESI_BZPL,SYS_UPD_DTTM,ESIGN,ESI_BZPL,,"from_unixtime(unix_timestamp(SYS_UPD_DTTM, 'yyyy/MM/dd HH:mm:ss'))"
ESIGN,ESI_BZPL,CON_SNO,ESIGN,ESI_BZPL,CON_SNO,
ESIGN,ESI_BZPL,BZTP_CD,ESIGN,ESI_BZPL,BZTP_CD,
ESIGN,ESI_BZPL,ACQR_YN,ESIGN,ESI_BZPL,ACQR_YN,
ESIGN,ESI_BZPL,SOCBZ_YN,ESIGN,ESI_BZPL,SOCBZ_YN,
ESIGN,ESI_BZPL,ACQR_DV_CD,ESIGN,ESI_BZPL,ACQR_DV_CD,
ESIGN,ESI_BZPL,MC_ACQR_YN,ESIGN,ESI_BZPL,MC_ACQR_YN,
ESIGN,ESI_BZPL,SUBS_YN,ESIGN,ESI_BZPL,SUBS_YN,
ESIGN,ESI_BZPL_REPP,REPP_SNO,ESIGN,ESI_BZPL_REPP,REPP_SNO,
ESIGN,ESI_BZPL_REPP,pt_cre_dt,ESIGN,ESI_BZPL_REPP,,"cast(replace(substr(SYS_CRE_DTTM, 1, 10), '/', '') as bigint)"
ESIGN,ESI_BZPL_REPP,BZMN_SNO,ESIGN,ESI_BZPL_REPP,BZMN_SNO,
ESIGN,ESI_BZPL_REPP,NLTY_CD,ESIGN,ESI_BZPL_REPP,NLTY_CD,
ESIGN,ESI_BZPL_REPP,ENC_BRTH_DT,ESIGN,ESI_BZPL_REPP,ENC_BRTH_DT,
ESIGN,ESI_BZPL_REPP,SEX_CD,ESIGN,ESI_BZPL_REPP,SEX_CD,
ESIGN,ESI_BZPL_REPP,RSDP_ADDR,ESIGN,ESI_BZPL_REPP,RSDP_ADDR,
ESIGN,ESI_BZPL_REPP,RSDP_PSNO,ESIGN,ESI_BZPL_REPP,RSDP_PSNO,
ESIGN,ESI_BZPL_REPP,BZPL_RL_OWN_YN,ESIGN,ESI_BZPL_REPP,BZPL_RL_OWN_YN,
ESIGN,ESI_BZPL_REPP,SYS_CRE_DTTM,ESIGN,ESI_BZPL_REPP,,"from_unixtime(unix_timestamp(SYS_CRE_DTTM, 'yyyy/MM/dd HH:mm:ss'))"
ESIGN,ESI_BZPL_REPP,SYS_UPD_DTTM,ESIGN,ESI_BZPL_REPP,,"from_unixtime(unix_timestamp(SYS_UPD_DTTM, 'yyyy/MM/dd HH:mm:ss'))"
ESIGN,ESI_BZPL_REPP,ENC_CI_NO,ESIGN,ESI_BZPL_REPP,ENC_CI_NO,
ESIGN,ESI_BZPL_REPP,REPP_DV_CD,ESIGN,ESI_BZPL_REPP,REPP_DV_CD,
ESIGN,ESI_CON,CON_SNO,ESIGN,ESI_CON,CON_SNO,
ESIGN,ESI_CON,pt_cre_dt,ESIGN,ESI_CON,,"cast(replace(substr(SYS_CRE_DTTM, 1, 10), '/', '') as bigint)"
ESIGN,ESI_CON,BZNO,ESIGN,ESI_CON,BZNO,
ESIGN,ESI_CON,WRT_STRT_DTTM,ESIGN,ESI_CON,,"from_unixtime(unix_timestamp(WRT_STRT_DTTM, 'yyyy/MM/dd HH:mm:ss'))"
ESIGN,ESI_CON,LAST_UPD_DTTM,ESIGN,ESI_CON,,"from_unixtime(unix_timestamp(LAST_UPD_DTTM, 'yyyy/MM/dd HH:mm:ss'))"
ESIGN,ESI_CON,CNDC_PRG_ST_CD,ESIGN,ESI_CON,CNDC_PRG_ST_CD,
ESIGN,ESI_CON,APL_DTTM,ESIGN,ESI_CON,,"from_unixtime(unix_timestamp(APL_DTTM, 'yyyy/MM/dd HH:mm:ss'))"
ESIGN,ESI_CON,TFR_APV_DTTM,ESIGN,ESI_CON,,"from_unixtime(unix_timestamp(TFR_APV_DTTM, 'yyyy/MM/dd HH:mm:ss'))"
ESIGN,ESI_CON,SCD_APV_DTTM,ESIGN,ESI_CON,,"from_unixtime(unix_timestamp(SCD_APV_DTTM, 'yyyy/MM/dd HH:mm:ss'))"
ESIGN,ESI_CON,FST_APV_DTTM,ESIGN,ESI_CON,,"from_unixtime(unix_timestamp(FST_APV_DTTM, 'yyyy/MM/dd HH:mm:ss'))"
ESIGN,ESI_CON,CON_STRT_DT,ESIGN,ESI_CON,CON_STRT_DT,
ESIGN,ESI_CON,CON_END_DT,ESIGN,ESI_CON,CON_END_DT,
ESIGN,ESI_CON,CON_CFM_FEE,ESIGN,ESI_CON,CON_CFM_FEE,
ESIGN,ESI_CON,BZMN_INFO_WRT_ST_CD,ESIGN,ESI_CON,BZMN_INFO_WRT_ST_CD,
ESIGN,ESI_CON,REPP_INFO_WRT_ST_CD,ESIGN,ESI_CON,REPP_INFO_WRT_ST_CD,
ESIGN,ESI_CON,OWNR_INFO_WRT_ST_CD,ESIGN,ESI_CON,OWNR_INFO_WRT_ST_CD,
ESIGN,ESI_CON,ESTN_DCM_REG_ST_CD,ESIGN,ESI_CON,ESTN_DCM_REG_ST_CD,
ESIGN,ESI_CON,SYS_CRE_DTTM,ESIGN,ESI_CON,,"from_unixtime(unix_timestamp(SYS_CRE_DTTM, 'yyyy/MM/dd HH:mm:ss'))"
ESIGN,ESI_CON,SYS_UPD_DTTM,ESIGN,ESI_CON,,"from_unixtime(unix_timestamp(SYS_UPD_DTTM, 'yyyy/MM/dd HH:mm:ss'))"
ESIGN,ESI_CON,APV_DTTM,ESIGN,ESI_CON,,"from_unixtime(unix_timestamp(APV_DTTM, 'yyyy/MM/dd HH:mm:ss'))"
ESIGN,ESI_CON,CON_TEMP_SNO,ESIGN,ESI_CON,CON_TEMP_SNO,
ESIGN,ESI_CON,RNWL_YN,ESIGN,ESI_CON,RNWL_YN,
ESIGN,ESI_CON,CFT_SNO,ESIGN,ESI_CON,CFT_SNO,
ESIGN,ESI_CON,UPD_YN,ESIGN,ESI_CON,UPD_YN,
ESIGN,ESI_CON,APV_CPLT_DTTM,ESIGN,ESI_CON,,"from_unixtime(unix_timestamp(APV_CPLT_DTTM, 'yyyy/MM/dd HH:mm:ss'))"
ESIGN,ESI_CON,RJ_TMCNT,ESIGN,ESI_CON,RJ_TMCNT,
ESIGN,ESI_CON,RJ_DTTM,ESIGN,ESI_CON,,"from_unixtime(unix_timestamp(RJ_DTTM, 'yyyy/MM/dd HH:mm:ss'))"
ESIGN,ESI_CON,BZMN_SNO,ESIGN,ESI_CON,BZMN_SNO,
ESIGN,ESI_EPG_MC_SVC,EPG_MC_SVC_SNO,ESIGN,ESI_EPG_MC_SVC,EPG_MC_SVC_SNO,
ESIGN,ESI_EPG_MC_SVC,pt_cre_dt,ESIGN,ESI_EPG_MC_SVC,,"cast(replace(substr(SYS_CRE_DTTM, 1, 10), '/', '') as bigint)"
ESIGN,ESI_EPG_MC_SVC,MC_SNO,ESIGN,ESI_EPG_MC_SVC,MC_SNO,
ESIGN,ESI_EPG_MC_SVC,ADN_SVC_APL_SNO,ESIGN,ESI_EPG_MC_SVC,ADN_SVC_APL_SNO,
ESIGN,ESI_EPG_MC_SVC,EPG_MC_BU_ACMR,ESIGN,ESI_EPG_MC_SVC,EPG_MC_BU_ACMR,
ESIGN,ESI_EPG_MC_SVC,PRMN_PRV_RT,ESIGN,ESI_EPG_MC_SVC,PRMN_PRV_RT,
ESIGN,ESI_EPG_MC_SVC,MC_BRDR,ESIGN,ESI_EPG_MC_SVC,MC_BRDR,
ESIGN,ESI_EPG_MC_SVC,KN_BRDR,ESIGN,ESI_EPG_MC_SVC,KN_BRDR,
ESIGN,ESI_EPG_MC_SVC,SYS_CRE_DTTM,ESIGN,ESI_EPG_MC_SVC,,"from_unixtime(unix_timestamp(SYS_CRE_DTTM, 'yyyy/MM/dd HH:mm:ss'))"
ESIGN,ESI_EPG_MC_SVC,SYS_UPD_DTTM,ESIGN,ESI_EPG_MC_SVC,,"from_unixtime(unix_timestamp(SYS_UPD_DTTM, 'yyyy/MM/dd HH:mm:ss'))"
ESIGN,ESI_EPG_MC_SVC,QR_STLM_SVC_APL_YN,ESIGN,ESI_EPG_MC_SVC,QR_STLM_SVC_APL_YN,
ESIGN,ESI_EPG_MC_SVC,BNF_MHD_CD,ESIGN,ESI_EPG_MC_SVC,BNF_MHD_CD,
ESIGN,ESI_EPG_MC_SVC,STN_ITM_GRP_CD,ESIGN,ESI_EPG_MC_SVC,STN_ITM_GRP_CD,
ESIGN,ESI_MC,MC_SNO,ESIGN,ESI_MC,MC_SNO,
ESIGN,ESI_MC,BZMN_SNO,ESIGN,ESI_MC,BZMN_SNO,
ESIGN,ESI_MC,MC_NM,ESIGN,ESI_MC,MC_NM,
ESIGN,ESI_MC,MC_TLNO,ESIGN,ESI_MC,MC_TLNO,
ESIGN,ESI_MC,MC_ADDR,ESIGN,ESI_MC,MC_ADDR,
ESIGN,ESI_MC,MC_DTL_ADDR,ESIGN,ESI_MC,MC_DTL_ADDR,
ESIGN,ESI_MC,MC_PSNO,ESIGN,ESI_MC,MC_PSNO,
ESIGN,ESI_MC,ASP_ID,ESIGN,ESI_MC,ASP_ID,
ESIGN,ESI_MC,SYS_CRE_DTTM,ESIGN,ESI_MC,,"from_unixtime(unix_timestamp(SYS_CRE_DTTM, 'yyyy/MM/dd HH:mm:ss'))"
ESIGN,ESI_MC,SYS_UPD_DTTM,ESIGN,ESI_MC,,"from_unixtime(unix_timestamp(SYS_UPD_DTTM, 'yyyy/MM/dd HH:mm:ss'))"
ESIGN,ESI_MC,KA_ID,ESIGN,ESI_MC,KA_ID,
ESIGN,ESI_MC,MC_INFO_WRT_ST_CD,ESIGN,ESI_MC,MC_INFO_WRT_ST_CD,
ESIGN,ESI_MC,SPPS_INFO_WRT_ST_CD,ESIGN,ESI_MC,SPPS_INFO_WRT_ST_CD,
ESIGN,ESI_MC,AML_EXCU_RS_CD,ESIGN,ESI_MC,AML_EXCU_RS_CD,
ESIGN,ESI_MC,MC_ID,ESIGN,ESI_MC,MC_ID,
ESIGN,ESI_MC,OD_MC_YN,ESIGN,ESI_MC,OD_MC_YN,
ESIGN,ESI_MC,FEE_CD,ESIGN,ESI_MC,FEE_CD,
ESIGN,ESI_MC,FEE_CLR_CD,ESIGN,ESI_MC,FEE_CLR_CD,
ESIGN,ESI_MC,CLR_CYC_TYPE_CD,ESIGN,ESI_MC,CLR_CYC_TYPE_CD,
ESIGN,ESI_MC,MC_CL_CD,ESIGN,ESI_MC,MC_CL_CD,
ESIGN,ESI_MC,REP_MC_NM,ESIGN,ESI_MC,REP_MC_NM,
ESIGN,ESI_MC,MC_CLR_OWR_ROLE_CD,ESIGN,ESI_MC,MC_CLR_OWR_ROLE_CD,
ESIGN,ESI_MC,MC_TYPE_CD,ESIGN,ESI_MC,MC_TYPE_CD,
ESIGN,ESI_MC,MC_TXN_TYPE_CD,ESIGN,ESI_MC,MC_TXN_TYPE_CD,
ESIGN,ESI_MC,INCDE_TRGT_YN,ESIGN,ESI_MC,INCDE_TRGT_YN,
ESIGN,ESI_MC,INCDE_TYPE_CD,ESIGN,ESI_MC,INCDE_TYPE_CD,
ESIGN,ESI_MC,DJMC_DV_CD,ESIGN,ESI_MC,DJMC_DV_CD,
ESIGN,ESI_MC,KN_BZTP_CD,ESIGN,ESI_MC,KN_BZTP_CD,
ESIGN,ESI_MC,FEE_NM,ESIGN,ESI_MC,FEE_NM,
ESIGN,ESI_MC,RL_OWNR_OPN_CN,ESIGN,ESI_MC,RL_OWNR_OPN_CN,
ESIGN,ESI_MC,ETC_OPN_CN,ESIGN,ESI_MC,ETC_OPN_CN,
ESIGN,ESI_MC,SPMT_RQS_DTTM,ESIGN,ESI_MC,,"from_unixtime(unix_timestamp(SPMT_RQS_DTTM, 'yyyy/MM/dd HH:mm:ss'))"
ESIGN,ESI_MC,PRG_ST_CHG_DTTM,ESIGN,ESI_MC,,"from_unixtime(unix_timestamp(PRG_ST_CHG_DTTM, 'yyyy/MM/dd HH:mm:ss'))"
ESIGN,ESI_MC,PRG_ST_CD,ESIGN,ESI_MC,PRG_ST_CD,
ESIGN,ESI_MC,APV_DGE,ESIGN,ESI_MC,APV_DGE,
ESIGN,ESI_MC,RJ_DTTM,ESIGN,ESI_MC,,"from_unixtime(unix_timestamp(RJ_DTTM, 'yyyy/MM/dd HH:mm:ss'))"
ESIGN,ESI_MC,RJ_TMCNT,ESIGN,ESI_MC,RJ_TMCNT,
ESIGN,ESI_MC,SIDO_NM,ESIGN,ESI_MC,SIDO_NM,
ESIGN,ESI_MC,SGG_NM,ESIGN,ESI_MC,SGG_NM,
ESIGN,ESI_MC,MC_APL_NO,ESIGN,ESI_MC,MC_APL_NO,
ESIGN,ESI_MC,CHG_TC_AGRM_YN,ESIGN,ESI_MC,CHG_TC_AGRM_YN,
ESIGN,ESI_MC,CHG_TC_AGRM_DTTM,ESIGN,ESI_MC,,"from_unixtime(unix_timestamp(CHG_TC_AGRM_DTTM, 'yyyy/MM/dd HH:mm:ss'))"
ESIGN,ESI_MC,APV_CPLT_DTTM,ESIGN,ESI_MC,,"from_unixtime(unix_timestamp(APV_CPLT_DTTM, 'yyyy/MM/dd HH:mm:ss'))"
ESIGN,ESI_MC,KN_PTN_YN,ESIGN,ESI_MC,KN_PTN_YN,
ESIGN,ESI_MC,CON_BYST_HIST_SNO,ESIGN,ESI_MC,CON_BYST_HIST_SNO,
ESIGN,ESI_MC,MC_RE_CON_YN,ESIGN,ESI_MC,MC_RE_CON_YN,
ESIGN,ESI_MC,MC_APV_YN,ESIGN,ESI_MC,MC_APV_YN,
ESIGN,ESI_MC,IDFC_VRFC_IMG_FILE_ENC_YN,ESIGN,ESI_MC,IDFC_VRFC_IMG_FILE_ENC_YN,
ESIGN,ESI_MC,IDFC_VRFC_IMG_FILE_ENC_DTTM,ESIGN,ESI_MC,,"from_unixtime(unix_timestamp(IDFC_VRFC_IMG_FILE_ENC_DTTM, 'yyyy/MM/dd HH:mm:ss'))"
ESIGN,ESI_MC,REP_FEERT,ESIGN,ESI_MC,REP_FEERT,
ESIGN,ESI_MC,FST_APL_DTTM,ESIGN,ESI_MC,,"from_unixtime(unix_timestamp(FST_APL_DTTM, 'yyyy/MM/dd HH:mm:ss'))"
ESIGN,ESI_MC,APL_DTTM,ESIGN,ESI_MC,,"from_unixtime(unix_timestamp(APL_DTTM, 'yyyy/MM/dd HH:mm:ss'))"
ESIGN,ESI_MC,CON_STRT_DT,ESIGN,ESI_MC,CON_STRT_DT,
ESIGN,ESI_MC,CON_END_DT,ESIGN,ESI_MC,CON_END_DT,
ESIGN,ESI_MC,UPD_YN,ESIGN,ESI_MC,UPD_YN,
ESIGN,ESI_MC_AND_SVC,ADN_SVC_APL_SNO,ESIGN,ESI_MC_AND_SVC,ADN_SVC_APL_SNO,
ESIGN,ESI_MC_AND_SVC,pt_cre_dt,ESIGN,ESI_MC_AND_SVC,,"cast(replace(substr(SYS_CRE_DTTM, 1, 10), '/', '') as bigint)"
ESIGN,ESI_MC_AND_SVC,MC_SNO,ESIGN,ESI_MC_AND_SVC,MC_SNO,
ESIGN,ESI_MC_AND_SVC,ADN_SVC_DV_CD,ESIGN,ESI_MC_AND_SVC,ADN_SVC_DV_CD,
ESIGN,ESI_MC_AND_SVC,SYS_CRE_DTTM,ESIGN,ESI_MC_AND_SVC,,"from_unixtime(unix_timestamp(SYS_CRE_DTTM, 'yyyy/MM/dd HH:mm:ss'))"
ESIGN,ESI_MC_AND_SVC,SYS_UPD_DTTM,ESIGN,ESI_MC_AND_SVC,,"from_unixtime(unix_timestamp(SYS_UPD_DTTM, 'yyyy/MM/dd HH:mm:ss'))"
ESIGN,ESI_MC_AND_SVC,UPD_PSBL_YN,ESIGN,ESI_MC_AND_SVC,UPD_PSBL_YN,
ESIGN,ESI_MC_AND_SVC,UPD_YN,ESIGN,ESI_MC_AND_SVC,UPD_YN,
ESIGN,ESI_MC_AND_SVC,MC_SPPS_NM,ESIGN,ESI_MC_AND_SVC,MC_SPPS_NM,
ESIGN,ESI_MC_AND_SVC,ADN_SVC_APL_YN,ESIGN,ESI_MC_AND_SVC,ADN_SVC_APL_YN,
GS,GIFT_MONEY_BOX,RMT_SNO,GS,GIFT_MONEY_BOX,ID,
GS,GIFT_MONEY_BOX,SYS_CRE_DTTM,GS,GIFT_MONEY_BOX,,"from_unixtime(unix_timestamp(CREATED_DATE, 'yyyy/MM/dd HH:mm:ss'))"
GS,GIFT_MONEY_BOX,SYS_UPD_DTTM,GS,GIFT_MONEY_BOX,,"from_unixtime(unix_timestamp(UPDATED_DATE, 'yyyy/MM/dd HH:mm:ss'))"
GS,GIFT_MONEY_BOX,RMT_ID,GS,GIFT_MONEY_BOX,GIFT_ID,
GS,GIFT_MONEY_BOX,RMTR_MBR_ID,GS,GIFT_MONEY_BOX,SENDER_ID,
GS,GIFT_MONEY_BOX,RPNT_MBR_ID,GS,GIFT_MONEY_BOX,RECEIVER_ID,
GS,GIFT_MONEY_BOX,RMTR_PAR_NO,GS,GIFT_MONEY_BOX,SENDER_PAR,
GS,GIFT_MONEY_BOX,RMTR_CRD_PRD_TYPE_CD,GS,GIFT_MONEY_BOX,SENDER_PAR_TYPE,
GS,GIFT_MONEY_BOX,RMTR_CRD_SVC_ID,GS,GIFT_MONEY_BOX,SENDER_SERVICE_ID,
GS,GIFT_MONEY_BOX,RMTR_CRD_SVC_NM,GS,GIFT_MONEY_BOX,SENDER_SERVICE_NAME,
GS,GIFT_MONEY_BOX,RPNT_PAR_NO,GS,GIFT_MONEY_BOX,RECEIVER_PAR,
GS,GIFT_MONEY_BOX,RPNT_CRD_PRD_TYPE_CD,GS,GIFT_MONEY_BOX,RECEIVER_PAR_TYPE,
GS,GIFT_MONEY_BOX,RPNT_CRD_SVC_ID,GS,GIFT_MONEY_BOX,RECEIVER_SERVICE_ID,
GS,GIFT_MONEY_BOX,RPNT_CRD_SVC_NM,GS,GIFT_MONEY_BOX,RECEIVER_SERVICE_NAME,
GS,GIFT_MONEY_BOX,RMT_AMT,GS,GIFT_MONEY_BOX,AMOUNT,
GS,GIFT_MONEY_BOX,RMT_DTL_DTTM,GS,GIFT_MONEY_BOX,,"from_unixtime(unix_timestamp(TRANSMISSION_DATE, 'yyyy/MM/dd HH:mm:ss'))"
GS,GIFT_MONEY_BOX,RMT_CPLT_DTL_DTTM,GS,GIFT_MONEY_BOX,,"from_unixtime(unix_timestamp(COMPLETE_DATE, 'yyyy/MM/dd HH:mm:ss'))"
GS,GIFT_MONEY_BOX,RMT_EXN_DT,GS,GIFT_MONEY_BOX,EXPIRATION_DATE,
GS,GIFT_MONEY_BOX,RMT_ST_CD,GS,GIFT_MONEY_BOX,STATUS,
GS,GIFT_MONEY_BOX,NAT_LANG_CD,GS,GIFT_MONEY_BOX,LOCALE,
GS,GIFT_MONEY_BOX,RMT_LIST_EXHB_YN,GS,GIFT_MONEY_BOX,DISPLAY_YN,
GS,GIFT_MONEY_BOX,RMTR_CRD_SVC_GRP_NM,GS,GIFT_MONEY_BOX,SENDER_SERVICE_GROUP_NAME,
GS,GIFT_MONEY_BOX,RPNT_CRD_SVC_GRP_NM,GS,GIFT_MONEY_BOX,RECEIVER_SERVICE_GROUP_NAME,
GS,GIFT_MONEY_BOX,RMTR_ASP_ID,GS,GIFT_MONEY_BOX,SENDER_ASP_ID,
GS,GIFT_MONEY_BOX,RPNT_ASP_ID,GS,GIFT_MONEY_BOX,RECEIVER_ASP_ID,
GS,GIFT_MONEY_BOX,RMT_TRSF_TYPE_CD,GS,GIFT_MONEY_BOX,TRANSFER_TYPE,
GS,GIFT_MONEY_BOX,RMT_PLCY_PRV_UNIT_TYPE_CD,GS,GIFT_MONEY_BOX,BETWEEN_TYPE,
GS,GIFT_MONEY_BOX,KA_ID,GS,GIFT_MONEY_BOX,KA_ID,
GS,GIFT_MONEY_BOX,RFND_MMT_TYPE_CD,GS,GIFT_MONEY_BOX,REVERSAL_STATUS,
GS,GIFT_MONEY_BOX,RMT_AMT_TYPE_CD,GS,GIFT_MONEY_BOX,MONEY_TYPE,
GS,GIFT_MONEY_BOX,PNT_PLCY_ID,GS,GIFT_MONEY_BOX,POINT_POLICY_ID,
GS,GIFT_MONEY_BOX,PNT_TYPE_CD,GS,GIFT_MONEY_BOX,POINT_TYPE,
GS,GIFT_MONEY_BOX,PNT_PLCY_NM,GS,GIFT_MONEY_BOX,POINT_POLICY_NAME,
GS,GIFT_MONEY_BOX,RFND_RQS_INFW_CHNL_CD,GS,GIFT_MONEY_BOX,REVERSAL_REQUESTER,
GS,GIFT_MONEY_BOX,NR_NO,GS,GIFT_MONEY_BOX,NR_NUMBER,
GS,GIFT_MONEY_BOX,RCV_BANK_CD,GS,GIFT_MONEY_BOX,RECEIVER_BANK_CD,
GS,GIFT_MONEY_BOX,TSFR_TRAN_ID,GS,GIFT_MONEY_BOX,TRANSACTION_ID,
IAS,IAS_ACQUIRER_TRAN,ACQR_TR_SNO,IAS,IAS_ACQUIRER_TRAN,ID,
IAS,IAS_ACQUIRER_TRAN,SYS_CRE_DTTM,IAS,IAS_ACQUIRER_TRAN,,"CASE length(sys_cre_dttm) when 0 then from_unixtime(unix_timestamp('1970-01-01 00:00:00')) else from_unixtime(unix_timestamp(SYS_CRE_DTTM, 'yyyy/MM/dd HH:mm:ss')) end"
IAS,IAS_ACQUIRER_TRAN,SYS_UPD_DTTM,IAS,IAS_ACQUIRER_TRAN,,"CASE length(SYS_UPD_DTTM) when 0 then from_unixtime(unix_timestamp('1970-01-01 00:00:00')) else from_unixtime(unix_timestamp(SYS_UPD_DTTM, 'yyyy/MM/dd HH:mm:ss')) end"
IAS,IAS_ACQUIRER_TRAN,ACQR_MC_ID,IAS,IAS_ACQUIRER_TRAN,MERCHANT_ID,
IAS,IAS_ACQUIRER_TRAN,ACQR_MC_NM,IAS,IAS_ACQUIRER_TRAN,MERCHANT_NAME,
IAS,IAS_ACQUIRER_TRAN,TML_ID,IAS,IAS_ACQUIRER_TRAN,TERMINAL_ID,
IAS,IAS_ACQUIRER_TRAN,BC_RSP_CD,IAS,IAS_ACQUIRER_TRAN,RESPONSE_CODE,
IAS,IAS_ACQUIRER_TRAN,ACQR_BZTP_CD,IAS,IAS_ACQUIRER_TRAN,MERCHANT_BIZ_CODE,
IAS,IAS_ACQUIRER_TRAN,MTI_CD,IAS,IAS_ACQUIRER_TRAN,MTI,
IAS,IAS_ACQUIRER_TRAN,NR_NO,IAS,IAS_ACQUIRER_TRAN,NR_NUMBER,
IAS,IAS_ACQUIRER_TRAN,PCS_CD,IAS,IAS_ACQUIRER_TRAN,PROCESSING_CODE,
IAS,IAS_ACQUIRER_TRAN,MC_BZNO,IAS,IAS_ACQUIRER_TRAN,MERCHANT_BIZ_NO,
IAS,IAS_ACQUIRER_TRAN,ACQR_DV_CD,IAS,IAS_ACQUIRER_TRAN,MERCHANT_TYPE,
IAS,IAS_ACQUIRER_TRAN,ZON_CD,IAS,IAS_ACQUIRER_TRAN,AREA_CODE,
IAS,IAS_ACQUIRER_TRAN,POS_INS_TYPE_CD,IAS,IAS_ACQUIRER_TRAN,POS_ENTRY_MODE,
IAS,IAS_ACQUIRER_TRAN,TAXI_EU_ZON_CD,IAS,IAS_ACQUIRER_TRAN,TAXI_AREA_CODE,
IAS,IAS_ACQUIRER_TRAN,SPPM_NO,IAS,IAS_ACQUIRER_TRAN,TR_NO,
IAS,IAS_ACQUIRER_TRAN,VNC_CD,IAS,IAS_ACQUIRER_TRAN,VAN_CODE,
IAS,IAS_BENEFIT_TRAN,APV_DT,IAS,IAS_BENEFIT_TRAN,APPROVAL_DATE,
IAS,IAS_BENEFIT_TRAN,NR_NO,IAS,IAS_BENEFIT_TRAN,NR_NUMBER,
IAS,IAS_BENEFIT_TRAN,PAR_NO,IAS,IAS_BENEFIT_TRAN,PAR,
IAS,IAS_BENEFIT_TRAN,BNF_PRITY,IAS,IAS_BENEFIT_TRAN,PRIORITY,
IAS,IAS_BENEFIT_TRAN,DC_BNF_CD,IAS,IAS_BENEFIT_TRAN,DISCOUNT_TYPE,
IAS,IAS_BENEFIT_TRAN,SUB_DC_BNF_CD,IAS,IAS_BENEFIT_TRAN,DISCOUNT_SUB_TYPE,
IAS,IAS_BENEFIT_TRAN,DC_BNF_SNO,IAS,IAS_BENEFIT_TRAN,DISCOUNT_SEQ,
IAS,IAS_BENEFIT_TRAN,PNT_PLCY_ID,IAS,IAS_BENEFIT_TRAN,POINT_POLICY_ID,
IAS,IAS_BENEFIT_TRAN,PNT_PLCY_TYPE_CD,IAS,IAS_BENEFIT_TRAN,POINT_POLICY_TYPE,
IAS,IAS_BENEFIT_TRAN,CPN_ID,IAS,IAS_BENEFIT_TRAN,COUPON_ID,
IAS,IAS_BENEFIT_TRAN,CPN_NO,IAS,IAS_BENEFIT_TRAN,COUPON_NO,
IAS,IAS_BENEFIT_TRAN,ORG_TR_AMT,IAS,IAS_BENEFIT_TRAN,ORG_AMT,
IAS,IAS_BENEFIT_TRAN,DC_AMT,IAS,IAS_BENEFIT_TRAN,DISCOUNT_AMT,
IAS,IAS_BENEFIT_TRAN,DCRT,IAS,IAS_BENEFIT_TRAN,SETTLE_RATE,
IAS,IAS_BENEFIT_TRAN,USER_PNT_RV_AMT,IAS,IAS_BENEFIT_TRAN,USER_SAVED_POINT,
IAS,IAS_BENEFIT_TRAN,CRD_PNT_RV_AMT,IAS,IAS_BENEFIT_TRAN,CARD_SAVED_POINT,
IAS,IAS_BENEFIT_TRAN,PROP_DC_AMT,IAS,IAS_BENEFIT_TRAN,ORG_DISCOUNT_AMT,
IAS,IAS_BENEFIT_TRAN,ORG_DCRT,IAS,IAS_BENEFIT_TRAN,ORG_DISCOUNT_RATE,
IAS,IAS_BENEFIT_TRAN,DC_CON_SNO,IAS,IAS_BENEFIT_TRAN,DCT_CONTRACT_ID,
IAS,IAS_BENEFIT_TRAN,ACUM_AMT_INCL_YN,IAS,IAS_BENEFIT_TRAN,DEDUCT_DCT_LIMIT,
IAS,IAS_BENEFIT_TRAN,PNT_DV_CD,IAS,IAS_BENEFIT_TRAN,POINT_TYPE,
IAS,IAS_BENEFIT_TRAN,DC_BUAMT,IAS,IAS_BENEFIT_TRAN,ACQUIRER_SALE_LIMIT,
IAS,IAS_BENEFIT_TRAN,DC_RS_CD,IAS,IAS_BENEFIT_TRAN,DISCOUNT_RESULT,
IAS,IAS_BENEFIT_TRAN,MM_ARSL_CHK_YN,IAS,IAS_BENEFIT_TRAN,INCLUDE_PREV_CONDITION,
IAS,IAS_BENEFIT_TRAN,SYS_CRE_DTTM,IAS,IAS_BENEFIT_TRAN,,"from_unixtime(unix_timestamp(SYS_CRE_DTTM, 'yyyy/MM/dd HH:mm:ss'))"
IAS,IAS_BENEFIT_TRAN,SYS_UPD_DTTM,IAS,IAS_BENEFIT_TRAN,,"from_unixtime(unix_timestamp(SYS_UPD_DTTM, 'yyyy/MM/dd HH:mm:ss'))"
IAS,IAS_BENEFIT_TRAN,MC_BUAMT_LMT_AMT_INCL_YN,IAS,IAS_BENEFIT_TRAN,MC_BUAMT_LMT_AMT_INCL_YN,
IAS,IAS_BENEFIT_TRAN,PACQ_CLR_TYPE_CD,IAS,IAS_BENEFIT_TRAN,PACQ_CLR_TYPE_CD,
IAS,IAS_BENEFIT_TRAN,pt_aprv_m,IAS,IAS_BENEFIT_TRAN,,"translate(substr(APPROVAL_DATE,1,6),'/','')"
IAS,IAS_BUSAN_PAY,PUSAN_LMNY_TR_SNO,IAS,IAS_BUSAN_PAY,SEQ,
IAS,IAS_BUSAN_PAY,PAR_NO,IAS,IAS_BUSAN_PAY,PAR,
IAS,IAS_BUSAN_PAY,NR_NO,IAS,IAS_BUSAN_PAY,NR_NUMBER,
IAS,IAS_BUSAN_PAY,APV_RQS_CD,IAS,IAS_BUSAN_PAY,GRM_CD,
IAS,IAS_BUSAN_PAY,RQS_GMNO,IAS,IAS_BUSAN_PAY,GRM_NO,
IAS,IAS_BUSAN_PAY,RQS_GM_TRSF_DT,IAS,IAS_BUSAN_PAY,TRS_DT,
IAS,IAS_BUSAN_PAY,RQS_GM_TRSF_TI,IAS,IAS_BUSAN_PAY,TRS_TM,
IAS,IAS_BUSAN_PAY,KIS_TRSF_RS_CD,IAS,IAS_BUSAN_PAY,RPC,
IAS,IAS_BUSAN_PAY,LMNY_APV_DT,IAS,IAS_BUSAN_PAY,LP_APR_DT,
IAS,IAS_BUSAN_PAY,LMNY_APV_NO,IAS,IAS_BUSAN_PAY,LP_APR_NO,
IAS,IAS_BUSAN_PAY,ENC_CI_NO,IAS,IAS_BUSAN_PAY,CI,
IAS,IAS_BUSAN_PAY,STLM_RQS_AMT,IAS,IAS_BUSAN_PAY,AK_AM,
IAS,IAS_BUSAN_PAY,LMNY_ITG_BALA,IAS,IAS_BUSAN_PAY,RN_AM,
IAS,IAS_BUSAN_PAY,MC_NM,IAS,IAS_BUSAN_PAY,MC_NM,
IAS,IAS_BUSAN_PAY,KB_BZTP_CD,IAS,IAS_BUSAN_PAY,MC_CAT,
IAS,IAS_BUSAN_PAY,CNCL_PTIM_ORG_TR_TRSF_DT,IAS,IAS_BUSAN_PAY,ORI_TRS_DT,
IAS,IAS_BUSAN_PAY,ORG_TR_GMNO,IAS,IAS_BUSAN_PAY,ORI_GRM_NO,
IAS,IAS_BUSAN_PAY,MC_ID,IAS,IAS_BUSAN_PAY,MER_NO,
IAS,IAS_BUSAN_PAY,MC_BZNO,IAS,IAS_BUSAN_PAY,MER_BIZ_NO,
IAS,IAS_BUSAN_PAY,RAL_TR_AMT,IAS,IAS_BUSAN_PAY,RAK_AM,
IAS,IAS_BUSAN_PAY,DC_AMT,IAS,IAS_BUSAN_PAY,DIC_AM,
IAS,IAS_BUSAN_PAY,NPPL_CRDCO_APV_NO,IAS,IAS_BUSAN_PAY,CARD_APR_NO,
IAS,IAS_BUSAN_PAY,MC_ID_DV_CD,IAS,IAS_BUSAN_PAY,MER_GB,
IAS,IAS_BUSAN_PAY,RQS_DTL_DTTM,IAS,IAS_BUSAN_PAY,,"from_unixtime(unix_timestamp(REQ_DATETIME, 'yyyy/MM/dd HH:mm:ss'))"
IAS,IAS_BUSAN_PAY,RSP_RCV_DTL_DTTM,IAS,IAS_BUSAN_PAY,,"from_unixtime(unix_timestamp(RES_DATETIME, 'yyyy/MM/dd HH:mm:ss'))"
IAS,IAS_BUSAN_PAY,CMLT_DV_CD,IAS,IAS_BUSAN_PAY,TAXI_FG,
IAS,IAS_BUSAN_PAY,SYS_CRE_DTTM,IAS,IAS_BUSAN_PAY,,"from_unixtime(unix_timestamp(SYS_CRE_DTTM, 'yyyy/MM/dd HH:mm:ss'))"
IAS,IAS_BUSAN_PAY,SYS_UPD_DTTM,IAS,IAS_BUSAN_PAY,,"from_unixtime(unix_timestamp(SYS_UPD_DTTM, 'yyyy/MM/dd HH:mm:ss'))"
IAS,IAS_BUSAN_PAY,OUTS_APVP_TYPE_CD,IAS,IAS_BUSAN_PAY,EXTERNAL_APPROVE_TYPE,
IAS,IAS_BUSAN_PAY,pt_cre_dt,IAS,IAS_BUSAN_PAY,,"translate(translate(substr(SYS_CRE_DTTM,1,8),'/',''),'-','')"
IAS,IAS_CARD_DISCOUNT_AMT_M,APV_YM,IAS,IAS_CARD_DISCOUNT_AMT_M,DISCOUNT_YM,
IAS,IAS_CARD_DISCOUNT_AMT_M,PAR_NO,IAS,IAS_CARD_DISCOUNT_AMT_M,PAR,
IAS,IAS_CARD_DISCOUNT_AMT_M,TR_TYPE_CD,IAS,IAS_CARD_DISCOUNT_AMT_M,TR_TYPE,
IAS,IAS_CARD_DISCOUNT_AMT_M,BNF_ACUM_AMT,IAS,IAS_CARD_DISCOUNT_AMT_M,USED_AMT,
IAS,IAS_CARD_DISCOUNT_AMT_M,BNF_USE_CCNT,IAS,IAS_CARD_DISCOUNT_AMT_M,USED_COUNT,
IAS,IAS_CARD_DISCOUNT_AMT_M,DATA_CRE_DTTM,IAS,IAS_CARD_DISCOUNT_AMT_M,,"from_unixtime(unix_timestamp(CREATED, 'yyyy/MM/dd HH:mm:ss'))"
IAS,IAS_CARD_DISCOUNT_AMT_M,DATA_UPD_DTTM,IAS,IAS_CARD_DISCOUNT_AMT_M,,"from_unixtime(unix_timestamp(UPDATED, 'yyyy/MM/dd HH:mm:ss'))"
IAS,IAS_CARD_DISCOUNT_AMT_M,SYS_CRE_DTTM,IAS,IAS_CARD_DISCOUNT_AMT_M,,"from_unixtime(unix_timestamp(SYS_CRE_DTTM, 'yyyy/MM/dd HH:mm:ss'))"
IAS,IAS_CARD_DISCOUNT_AMT_M,SYS_UPD_DTTM,IAS,IAS_CARD_DISCOUNT_AMT_M,,"from_unixtime(unix_timestamp(SYS_UPD_DTTM, 'yyyy/MM/dd HH:mm:ss'))"
IAS,IAS_CARD_DISCOUNT_AMT_M,pt_apv_ym,IAS,IAS_CARD_DISCOUNT_AMT_M,DISCOUNT_YM,
IAS,IAS_CARD_LASTTX,PAR_NO,IAS,IAS_CARD_LASTTX,PAR,
IAS,IAS_CARD_LASTTX,MBR_ID,IAS,IAS_CARD_LASTTX,user_id,
IAS,IAS_CARD_LASTTX,CRD_EXN_YM,IAS,IAS_CARD_LASTTX,EXPIRE_DATE,
IAS,IAS_CARD_LASTTX,SYS_CRE_DTTM,IAS,IAS_CARD_LASTTX,,"CASE length(sys_cre_dttm) when 0 then from_unixtime(unix_timestamp('1970-01-01 00:00:00')) else from_unixtime(unix_timestamp(SYS_CRE_DTTM, 'yyyy/MM/dd HH:mm:ss')) end"
IAS,IAS_CARD_LASTTX,SYS_UPD_DTTM,IAS,IAS_CARD_LASTTX,,"CASE length(SYS_UPD_DTTM) when 0 then from_unixtime(unix_timestamp('1970-01-01 00:00:00')) else from_unixtime(unix_timestamp(SYS_UPD_DTTM, 'yyyy/MM/dd HH:mm:ss')) end"
IAS,IAS_CARD_LASTTX,SVC_ID,IAS,IAS_CARD_LASTTX,CARD_SVC_ID,
IAS,IAS_CARD_LASTTX,ISUR_ID,IAS,IAS_CARD_LASTTX,ISSUER_ID,
IAS,IAS_CARD_LASTTX,CRD_ACT_ST_CD,IAS,IAS_CARD_LASTTX,CARD_STATUS,
IAS,IAS_CARD_LASTTX,BEF_CRD_ST_CD,IAS,IAS_CARD_LASTTX,OLD_CARD_STATUS,
IAS,IAS_CARD_LASTTX,CRD_ST_CHG_DTTM,IAS,IAS_CARD_LASTTX,,"from_unixtime(unix_timestamp(STATUS_CHANGE_DT, 'yyyy/MM/dd HH:mm:ss'))"
IAS,IAS_CARD_LASTTX,LAST_CRD_BALA,IAS,IAS_CARD_LASTTX,CARD_BLC,
IAS,IAS_CARD_LASTTX,TR_BF_BALA,IAS,IAS_CARD_LASTTX,CARD_BLC_BEFORE,
IAS,IAS_CARD_LASTTX,crd_reg_vldn_dttm,IAS,IAS_CARD_LASTTX,,"from_unixtime(unix_timestamp(REGISTERED, 'yyyy/MM/dd HH:mm:ss'))"
IAS,IAS_CARD_LASTTX,FST_CHRG_DTL_DTTM,IAS,IAS_CARD_LASTTX,,"from_unixtime(unix_timestamp(FST_LOADED, 'yyyy/MM/dd HH:mm:ss'))"
IAS,IAS_CARD_LASTTX,FST_CHRG_AMT,IAS,IAS_CARD_LASTTX,FST_LOADED_AMT,
IAS,IAS_CARD_LASTTX,FST_CHRG_AF_BALA,IAS,IAS_CARD_LASTTX,FST_LOADED_BLC,
IAS,IAS_CARD_LASTTX,RFND_AMT,IAS,IAS_CARD_LASTTX,REFUND_AMT,
IAS,IAS_CARD_LASTTX,RFND_AF_BALA,IAS,IAS_CARD_LASTTX,REFUND_BLC,
IAS,IAS_CARD_LASTTX,APV_DT,IAS,IAS_CARD_LASTTX,APPROVAL_DATE,
IAS,IAS_CARD_LASTTX,APV_TI,IAS,IAS_CARD_LASTTX,APPROVAL_TIME,
IAS,IAS_CARD_LASTTX,TR_TYPE_CD,IAS,IAS_CARD_LASTTX,TR_TYPE,
IAS,IAS_CARD_LASTTX,LAST_TR_AMT,IAS,IAS_CARD_LASTTX,TR_AMT,
IAS,IAS_CARD_LASTTX,SGZN_PRCS_DTL_DTTM,IAS,IAS_CARD_LASTTX,,"from_unixtime(unix_timestamp(NAMED_CARD_DT, 'yyyy/MM/dd HH:mm:ss'))"
IAS,IAS_CARD_LASTTX,CRD_ST_CHG_DSCR_CN,IAS,IAS_CARD_LASTTX,CHANGE_REASON,
IAS,IAS_CARD_LASTTX,FNL_CHRG_DTL_DTTM,IAS,IAS_CARD_LASTTX,,"from_unixtime(unix_timestamp(LST_RECHARGED, 'yyyy/MM/dd HH:mm:ss'))"
IAS,IAS_CARD_LASTTX,LAST_CHRG_AMT,IAS,IAS_CARD_LASTTX,LST_RECHARGED_AMT,
IAS,IAS_CARD_LASTTX,LAST_CHRG_AF_BALA,IAS,IAS_CARD_LASTTX,LST_RECHARGED_BLC,
IAS,IAS_CARD_LASTTX,CRD_PRD_TYPE_CD,IAS,IAS_CARD_LASTTX,PREPAID_TYPE,
IAS,IAS_CARD_LASTTX,CMS_ST_CD,IAS,IAS_CARD_LASTTX,BIZ_STATUS,
IAS,IAS_CARD_LASTTX,RLTG_CRD_ISU_ID,IAS,IAS_CARD_LASTTX,BATCH_ID,
IAS,IAS_CARD_LASTTX,EXN_TI,IAS,IAS_CARD_LASTTX,EXPIRE_DAY,
IAS,IAS_CARD_LASTTX,CHRG_TMCNT,IAS,IAS_CARD_LASTTX,RECHARGE_CNT,
IAS,IAS_CARD_LASTTX,PMNT_TMCNT,IAS,IAS_CARD_LASTTX,PAYMENT_CNT,
IAS,IAS_CARD_LASTTX,RFND_TMCNT,IAS,IAS_CARD_LASTTX,REFUND_CNT,
IAS,IAS_CARD_LASTTX,XNG_IPSB_CHK_DT,IAS,IAS_CARD_LASTTX,REFUNDABLE_DATE,
IAS,IAS_CARD_LASTTX,ACN_TSFR_ST_CD,IAS,IAS_CARD_LASTTX,REFUND_STATUS,
IAS,IAS_CARD_LASTTX,ASP_ID,IAS,IAS_CARD_LASTTX,ASP_ID,
IAS,IAS_CARD_LASTTX,CRD_OWR_DV_CD,IAS,IAS_CARD_LASTTX,OWNER,
IAS,IAS_CARD_LASTTX,PARN_CRD_PAR_NO,IAS,IAS_CARD_LASTTX,OWNER_PAR,
IAS,IAS_CARD_LASTTX,TOT_STLM_DC_AMT,IAS,IAS_CARD_LASTTX,PAY_DISCOUNT_AMT,
IAS,IAS_CARD_LASTTX,TOT_STLM_DC_TMCNT,IAS,IAS_CARD_LASTTX,PAY_DISCOUNT_CNT,
IAS,IAS_CARD_LASTTX,TOT_CHRG_DC_AMT,IAS,IAS_CARD_LASTTX,RCG_DISCOUNT_AMT,
IAS,IAS_CARD_LASTTX,TOT_CHRG_DC_TMCNT,IAS,IAS_CARD_LASTTX,RCG_DISCOUNT_CNT,
IAS,IAS_CARD_LASTTX,LAST_RFND_NR_NO,IAS,IAS_CARD_LASTTX,LST_REFUND_NR_NUMBER,
IAS,IAS_CARD_LASTTX,TOT_STLM_DC_AMT,IAS,IAS_CARD_LASTTX,KONA_PAY_DISCOUNT_AMT,
IAS,IAS_CARD_LASTTX,TOT_STLM_DC_TMCNT,IAS,IAS_CARD_LASTTX,KONA_PAY_DISCOUNT_CNT,
IAS,IAS_CARD_LASTTX,FST_STLM_DTL_DTTM,IAS,IAS_CARD_LASTTX,,"from_unixtime(unix_timestamp(FST_PAY_DATE, 'yyyy/MM/dd HH:mm:ss'))"
IAS,IAS_CARD_LASTTX,FST_STLM_NR_NO,IAS,IAS_CARD_LASTTX,FST_PAY_NRNUMBER,
IAS,IAS_CARD_LASTTX,TSFR_ST_CD,IAS,IAS_CARD_LASTTX,ACC_TRANSFER_STATUS,
IAS,IAS_CARD_LASTTX,LAST_TSFR_NR_NO,IAS,IAS_CARD_LASTTX,LST_ACC_TRANSFER_NR_NUMBER,
IAS,IAS_CARD_LASTTX,RFND_CHK_USE_BALA,IAS,IAS_CARD_LASTTX,REFUND_CHECK_BLC,
IAS,IAS_CARD_LASTTX,PNT_ACUM_AMT,IAS,IAS_CARD_LASTTX,KONA_PAY_POINT_AMT,
IAS,IAS_CARD_LASTTX,PNT_ACUM_TMCNT,IAS,IAS_CARD_LASTTX,KONA_PAY_POINT_CNT,
IAS,IAS_CARD_LASTTX,TOT_PNT_ACUM_AMT,IAS,IAS_CARD_LASTTX,PAY_POINT_AMT,
IAS,IAS_CARD_LASTTX,TOT_PNT_ACUM_TMCNT,IAS,IAS_CARD_LASTTX,PAY_POINT_CNT,
IAS,IAS_CARD_LASTTX,CPN_ISU_DTL_DTTM,IAS,IAS_CARD_LASTTX,,"from_unixtime(unix_timestamp(COUPON_ISSUED, 'yyyy/MM/dd HH:mm:ss'))"
IAS,IAS_CARD_LASTTX,CHG_RSN_CD,IAS,IAS_CARD_LASTTX,REASON_SUB_TYPE,
IAS,IAS_CARD_LASTTX,OWNR_DC_AMT,IAS,IAS_CARD_LASTTX,OWNER_DCT_AMT,
IAS,IAS_CARD_LASTTX,OWNR_DC_AMT,IAS,IAS_CARD_LASTTX,OWNER_TR_AMT,
IAS,IAS_CARD_LASTTX,TR_LCKN_OCCR_DTL_DTTM,IAS,IAS_CARD_LASTTX,,"from_unixtime(unix_timestamp(TR_UNLOCK_DATETIME, 'yyyy/MM/dd HH:mm:ss'))"
IAS,IAS_CARD_LASTTX,KBN_ACN_CHRG_PRG_MD_AMT,IAS,IAS_CARD_LASTTX,DELAYED_AMT,
IAS,IAS_CARD_LASTTX,HLD_AMT,IAS,IAS_CARD_LASTTX,HOLDING_AMT,
IAS,IAS_CARD_PAN,ENC_PAN_NO,IAS,IAS_CARD_PAN,PAN,
IAS,IAS_CARD_PAN,DEL_YN,IAS,IAS_CARD_PAN,DELETED_YN,
IAS,IAS_CARD_PAN,PAR_NO,IAS,IAS_CARD_PAN,PAR,
IAS,IAS_CARD_PAN,VL_YM,IAS,IAS_CARD_PAN,EXPIRE_DATE,
IAS,IAS_CARD_PAN,DATA_CRE_DTTM,IAS,IAS_CARD_PAN,,"from_unixtime(unix_timestamp(REGISTERED, 'yyyy/MM/dd HH:mm:ss'))"
IAS,IAS_CARD_PAN,DEL_DTL_DTTM,IAS,IAS_CARD_PAN,,"from_unixtime(unix_timestamp(DELETED, 'yyyy/MM/dd HH:mm:ss'))"
IAS,IAS_CARD_PAN,CRD_VL_YR,IAS,IAS_CARD_PAN,EXPIRE_YEAR,
IAS,IAS_CARD_PAN,PAN_SNO,IAS,IAS_CARD_PAN,PSN,
IAS,IAS_CARD_PAN,SYS_CRE_DTTM,IAS,IAS_CARD_PAN,,"from_unixtime(unix_timestamp(SYS_CRE_DTTM, 'yyyy/MM/dd HH:mm:ss'))"
IAS,IAS_CARD_PAN,SYS_UPD_DTTM,IAS,IAS_CARD_PAN,,"from_unixtime(unix_timestamp(SYS_UPD_DTTM, 'yyyy/MM/dd HH:mm:ss'))"
IAS,IAS_COMPLEX_TRAN,APV_DT,IAS,IAS_COMPLEX_TRAN,APPROVAL_DATE,
IAS,IAS_COMPLEX_TRAN,NR_NO,IAS,IAS_COMPLEX_TRAN,NR_NUMBER,
IAS,IAS_COMPLEX_TRAN,PAR_NO,IAS,IAS_COMPLEX_TRAN,PAR,
IAS,IAS_COMPLEX_TRAN,CSTM_PRITY,IAS,IAS_COMPLEX_TRAN,PRIORITY,
IAS,IAS_COMPLEX_TRAN,CMPX_APVL_TYPE_CD,IAS,IAS_COMPLEX_TRAN,COMPLEX_TYPE,
IAS,IAS_COMPLEX_TRAN,CSTM_PNT_PLCY_TYPE_CD,IAS,IAS_COMPLEX_TRAN,COMPLEX_SUB_TYPE,
IAS,IAS_COMPLEX_TRAN,PNT_PLCY_ID,IAS,IAS_COMPLEX_TRAN,COMPLEX_KEY,
IAS,IAS_COMPLEX_TRAN,CSTM_TR_AMT,IAS,IAS_COMPLEX_TRAN,TR_AMT,
IAS,IAS_COMPLEX_TRAN,TR_AMT,IAS,IAS_COMPLEX_TRAN,AMT,
IAS,IAS_COMPLEX_TRAN,CNCL_PNT_TR_AMT,IAS,IAS_COMPLEX_TRAN,CANCEL_TR_AMT,
IAS,IAS_COMPLEX_TRAN,DATA_CRE_DTTM,IAS,IAS_COMPLEX_TRAN,,"from_unixtime(unix_timestamp(CREATED, 'yyyy/MM/dd HH:mm:ss'))"
IAS,IAS_COMPLEX_TRAN,STLM_BFM_ARSL_INCL_YN,IAS,IAS_COMPLEX_TRAN,INCLUDE_PREV_CONDITION,
IAS,IAS_COMPLEX_TRAN,VAT_XCPT_AMT,IAS,IAS_COMPLEX_TRAN,EXP_AMT,
IAS,IAS_COMPLEX_TRAN,SYS_CRE_DTTM,IAS,IAS_COMPLEX_TRAN,,"from_unixtime(unix_timestamp(SYS_CRE_DTTM, 'yyyy/MM/dd HH:mm:ss'))"
IAS,IAS_COMPLEX_TRAN,SYS_UPD_DTTM,IAS,IAS_COMPLEX_TRAN,,"from_unixtime(unix_timestamp(SYS_UPD_DTTM, 'yyyy/MM/dd HH:mm:ss'))"
IAS,ias_contract_dct_amt,PPH_CON_ID,IAS,ias_contract_dct_amt,CONTRACT_ID,
IAS,ias_contract_dct_amt,BNF_ACUM_AMT,IAS,ias_contract_dct_amt,USED_AMT,
IAS,ias_contract_dct_amt,BNF_USE_TMCNT,IAS,ias_contract_dct_amt,USED_COUNT,
IAS,ias_contract_dct_amt,CREATED,IAS,ias_contract_dct_amt,,"from_unixtime(unix_timestamp(CREATED, 'yyyy/MM/dd HH:mm:ss'))"
IAS,ias_contract_dct_amt,UPDATED,IAS,ias_contract_dct_amt,,"from_unixtime(unix_timestamp(UPDATED, 'yyyy/MM/dd HH:mm:ss'))"
IAS,ias_contract_dct_amt,SYS_CRE_DTTM,IAS,ias_contract_dct_amt,,"from_unixtime(unix_timestamp(SYS_CRE_DTTM, 'yyyy/MM/dd HH:mm:ss'))"
IAS,ias_contract_dct_amt,SYS_UPD_DTTM,IAS,ias_contract_dct_amt,,"from_unixtime(unix_timestamp(SYS_UPD_DTTM, 'yyyy/MM/dd HH:mm:ss'))"
IAS,IAS_DISCOUNT_AMT,PAR_NO,IAS,IAS_DISCOUNT_AMT,PAR,
IAS,IAS_DISCOUNT_AMT,DC_TYPE_CD,IAS,IAS_DISCOUNT_AMT,DISCOUNT_TYPE,
IAS,IAS_DISCOUNT_AMT,DC_BNF_SNO,IAS,IAS_DISCOUNT_AMT,DISCOUNT_SEQ,
IAS,IAS_DISCOUNT_AMT,SUB_DC_TYPE_CD,IAS,IAS_DISCOUNT_AMT,DISCOUNT_SUB_TYPE,
IAS,IAS_DISCOUNT_AMT,BNF_ACUM_AMT,IAS,IAS_DISCOUNT_AMT,USED_AMT,
IAS,IAS_DISCOUNT_AMT,BNF_USE_TMCNT,IAS,IAS_DISCOUNT_AMT,USED_COUNT,
IAS,IAS_DISCOUNT_AMT,CREATED,IAS,IAS_DISCOUNT_AMT,,"from_unixtime(unix_timestamp(CREATED, 'yyyy/MM/dd HH:mm:ss'))"
IAS,IAS_DISCOUNT_AMT,UPDATED,IAS,IAS_DISCOUNT_AMT,,"from_unixtime(unix_timestamp(UPDATED, 'yyyy/MM/dd HH:mm:ss'))"
IAS,IAS_DISCOUNT_AMT,SYS_CRE_DTTM,IAS,IAS_DISCOUNT_AMT,,"from_unixtime(unix_timestamp(SYS_CRE_DTTM, 'yyyy/MM/dd HH:mm:ss'))"
IAS,IAS_DISCOUNT_AMT,SYS_UPD_DTTM,IAS,IAS_DISCOUNT_AMT,,"from_unixtime(unix_timestamp(SYS_UPD_DTTM, 'yyyy/MM/dd HH:mm:ss'))"
IAS,IAS_DISCOUNT_AMT_D,PAR_NO,IAS,IAS_DISCOUNT_AMT_D,PAR,
IAS,IAS_DISCOUNT_AMT_D,APV_DT,IAS,IAS_DISCOUNT_AMT_D,DISCOUNT_YMD,
IAS,IAS_DISCOUNT_AMT_D,DC_TYPE_CD,IAS,IAS_DISCOUNT_AMT_D,DISCOUNT_TYPE,
IAS,IAS_DISCOUNT_AMT_D,DC_BNF_SNO,IAS,IAS_DISCOUNT_AMT_D,DISCOUNT_SEQ,
IAS,IAS_DISCOUNT_AMT_D,BNF_ACUM_AMT,IAS,IAS_DISCOUNT_AMT_D,USED_AMT,
IAS,IAS_DISCOUNT_AMT_D,BNF_USE_TMCNT,IAS,IAS_DISCOUNT_AMT_D,USED_COUNT,
IAS,IAS_DISCOUNT_AMT_D,CREATED,IAS,IAS_DISCOUNT_AMT_D,,"from_unixtime(unix_timestamp(CREATED, 'yyyy/MM/dd HH:mm:ss'))"
IAS,IAS_DISCOUNT_AMT_D,UPDATED,IAS,IAS_DISCOUNT_AMT_D,,"from_unixtime(unix_timestamp(UPDATED, 'yyyy/MM/dd HH:mm:ss'))"
IAS,IAS_DISCOUNT_AMT_D,SUB_DC_TYPE_CD,IAS,IAS_DISCOUNT_AMT_D,DISCOUNT_SUB_TYPE,
IAS,IAS_DISCOUNT_AMT_D,SYS_CRE_DTTM,IAS,IAS_DISCOUNT_AMT_D,,"from_unixtime(unix_timestamp(SYS_CRE_DTTM, 'yyyy/MM/dd HH:mm:ss'))"
IAS,IAS_DISCOUNT_AMT_D,SYS_UPD_DTTM,IAS,IAS_DISCOUNT_AMT_D,,"from_unixtime(unix_timestamp(SYS_UPD_DTTM, 'yyyy/MM/dd HH:mm:ss'))"
IAS,IAS_DISCOUNT_AMT_D,pt_apv_dt,IAS,IAS_DISCOUNT_AMT_D,,"substr(DISCOUNT_YMD, 1, 6)"
IAS,IAS_DISCOUNT_AMT_M,PAR_NO,IAS,IAS_DISCOUNT_AMT_M,PAR,
IAS,IAS_DISCOUNT_AMT_M,APV_YM,IAS,IAS_DISCOUNT_AMT_M,DISCOUNT_YM,
IAS,IAS_DISCOUNT_AMT_M,DC_TYPE_CD,IAS,IAS_DISCOUNT_AMT_M,DISCOUNT_TYPE,
IAS,IAS_DISCOUNT_AMT_M,DC_BNF_SNO,IAS,IAS_DISCOUNT_AMT_M,DISCOUNT_SEQ,
IAS,IAS_DISCOUNT_AMT_M,BNF_ACUM_AMT,IAS,IAS_DISCOUNT_AMT_M,USED_AMT,
IAS,IAS_DISCOUNT_AMT_M,BNF_USE_TMCNT,IAS,IAS_DISCOUNT_AMT_M,USED_COUNT,
IAS,IAS_DISCOUNT_AMT_M,DATA_CRE_DTTM,IAS,IAS_DISCOUNT_AMT_M,,"from_unixtime(unix_timestamp(CREATED, 'yyyy/MM/dd HH:mm:ss'))"
IAS,IAS_DISCOUNT_AMT_M,DATA_UPD_DTTM,IAS,IAS_DISCOUNT_AMT_M,,"from_unixtime(unix_timestamp(UPDATED, 'yyyy/MM/dd HH:mm:ss'))"
IAS,IAS_DISCOUNT_AMT_M,SUB_DC_TYPE_CD,IAS,IAS_DISCOUNT_AMT_M,DISCOUNT_SUB_TYPE,
IAS,IAS_DISCOUNT_AMT_M,SYS_CRE_DTTM,IAS,IAS_DISCOUNT_AMT_M,,"from_unixtime(unix_timestamp(SYS_CRE_DTTM, 'yyyy/MM/dd HH:mm:ss'))"
IAS,IAS_DISCOUNT_AMT_M,SYS_UPD_DTTM,IAS,IAS_DISCOUNT_AMT_M,,"from_unixtime(unix_timestamp(SYS_UPD_DTTM, 'yyyy/MM/dd HH:mm:ss'))"
IAS,IAS_DISCOUNT_AMT_M,pt_apv_ym,IAS,IAS_DISCOUNT_AMT_M,DISCOUNT_YM,
IAS,ias_info,CM_CD_GRP_ID,IAS,ias_info,KEY1,
IAS,ias_info,IAS_CM_CD,IAS,ias_info,KEY2,
IAS,ias_info,CM_CD_BSC_VAL,IAS,ias_info,KEY3,
IAS,ias_info,CM_CD_CN,IAS,ias_info,VALUE1,
IAS,ias_info,CM_CD_OT_VAL1,IAS,ias_info,VALUE2,
IAS,ias_info,CM_CD_OT_VAL2,IAS,ias_info,VALUE3,
IAS,ias_info,CREATED,IAS,ias_info,,"from_unixtime(unix_timestamp(CREATED, 'yyyy/MM/dd HH:mm:ss'))"
IAS,ias_info,UPDATED,IAS,ias_info,,"from_unixtime(unix_timestamp(UPDATED, 'yyyy/MM/dd HH:mm:ss'))"
IAS,ias_info,SYS_CRE_DTTM,IAS,ias_info,,"from_unixtime(unix_timestamp(SYS_CRE_DTTM, 'yyyy/MM/dd HH:mm:ss'))"
IAS,ias_info,SYS_UPD_DTTM,IAS,ias_info,,"from_unixtime(unix_timestamp(SYS_UPD_DTTM, 'yyyy/MM/dd HH:mm:ss'))"
IAS,IAS_KONA_DCT_AMT_D,TR_DT,IAS,IAS_KONA_DCT_AMT_D,DISCOUNT_YMD,
IAS,IAS_KONA_DCT_AMT_D,PAR_NO,IAS,IAS_KONA_DCT_AMT_D,PAR,
IAS,IAS_KONA_DCT_AMT_D,USE_AMT,IAS,IAS_KONA_DCT_AMT_D,USED_AMT,
IAS,IAS_KONA_DCT_AMT_D,USE_TMCNT,IAS,IAS_KONA_DCT_AMT_D,USED_COUNT,
IAS,IAS_KONA_DCT_AMT_D,CREATED,IAS,IAS_KONA_DCT_AMT_D,,"from_unixtime(unix_timestamp(CREATED, 'yyyy/MM/dd HH:mm:ss'))"
IAS,IAS_KONA_DCT_AMT_D,UPDATED,IAS,IAS_KONA_DCT_AMT_D,,"from_unixtime(unix_timestamp(UPDATED, 'yyyy/MM/dd HH:mm:ss'))"
IAS,IAS_KONA_DCT_AMT_D,PNT_ACUM_AMT,IAS,IAS_KONA_DCT_AMT_D,POINT_AMT,
IAS,IAS_KONA_DCT_AMT_D,PNT_ACUM_TMCNT,IAS,IAS_KONA_DCT_AMT_D,POINT_COUNT,
IAS,IAS_KONA_DCT_AMT_D,SYS_CRE_DTTM,IAS,IAS_KONA_DCT_AMT_D,,"from_unixtime(unix_timestamp(SYS_CRE_DTTM, 'yyyy/MM/dd HH:mm:ss'))"
IAS,IAS_KONA_DCT_AMT_D,SYS_UPD_DTTM,IAS,IAS_KONA_DCT_AMT_D,,"from_unixtime(unix_timestamp(SYS_UPD_DTTM, 'yyyy/MM/dd HH:mm:ss'))"
IAS,IAS_KONA_DCT_AMT_D,pt_tr_dt,IAS,IAS_KONA_DCT_AMT_D,,"substr(DISCOUNT_YMD, 1, 6)"
IAS,IAS_KONA_DCT_AMT_M,DC_DT,IAS,IAS_KONA_DCT_AMT_M,DISCOUNT_YM,
IAS,IAS_KONA_DCT_AMT_M,PAR_NO,IAS,IAS_KONA_DCT_AMT_M,PAR,
IAS,IAS_KONA_DCT_AMT_M,USE_AMT,IAS,IAS_KONA_DCT_AMT_M,USED_AMT,
IAS,IAS_KONA_DCT_AMT_M,USE_TMCNT,IAS,IAS_KONA_DCT_AMT_M,USED_COUNT,
IAS,IAS_KONA_DCT_AMT_M,CREATED,IAS,IAS_KONA_DCT_AMT_M,,"from_unixtime(unix_timestamp(CREATED, 'yyyy/MM/dd HH:mm:ss'))"
IAS,IAS_KONA_DCT_AMT_M,UPDATED,IAS,IAS_KONA_DCT_AMT_M,,"from_unixtime(unix_timestamp(UPDATED, 'yyyy/MM/dd HH:mm:ss'))"
IAS,IAS_KONA_DCT_AMT_M,PNT_ACUM_AMT,IAS,IAS_KONA_DCT_AMT_M,POINT_AMT,
IAS,IAS_KONA_DCT_AMT_M,PNT_ACUM_TMCNT,IAS,IAS_KONA_DCT_AMT_M,POINT_COUNT,
IAS,IAS_KONA_DCT_AMT_M,SYS_CRE_DTTM,IAS,IAS_KONA_DCT_AMT_M,,"from_unixtime(unix_timestamp(SYS_CRE_DTTM, 'yyyy/MM/dd HH:mm:ss'))"
IAS,IAS_KONA_DCT_AMT_M,SYS_UPD_DTTM,IAS,IAS_KONA_DCT_AMT_M,,"from_unixtime(unix_timestamp(SYS_UPD_DTTM, 'yyyy/MM/dd HH:mm:ss'))"
IAS,IAS_KONA_DCT_AMT_M,pt_dc_dt,IAS,IAS_KONA_DCT_AMT_M,DISCOUNT_YM,
IAS,IAS_MERCHANT_AMT_RULE,APV_DT,IAS,IAS_MERCHANT_AMT_RULE,APPROVAL_DATE,
IAS,IAS_MERCHANT_AMT_RULE,ASP_ID,IAS,IAS_MERCHANT_AMT_RULE,ASP_ID,
IAS,IAS_MERCHANT_AMT_RULE,MC_ID,IAS,IAS_MERCHANT_AMT_RULE,MERCHANT_ID,
IAS,IAS_MERCHANT_AMT_RULE,MC_AMT_VRFC_KEY_PAR_NO,IAS,IAS_MERCHANT_AMT_RULE,,"concat(check_key_str, check_key_int)"
IAS,IAS_MERCHANT_AMT_RULE,TR_TMCNT,IAS,IAS_MERCHANT_AMT_RULE,CNT,
IAS,IAS_MERCHANT_AMT_RULE,TR_AMT,IAS,IAS_MERCHANT_AMT_RULE,AMT,
IAS,IAS_MERCHANT_AMT_RULE,CREATED,IAS,IAS_MERCHANT_AMT_RULE,,"from_unixtime(unix_timestamp(CREATED, 'yyyy/MM/dd HH:mm:ss'))"
IAS,IAS_MERCHANT_AMT_RULE,UPDATED,IAS,IAS_MERCHANT_AMT_RULE,,"from_unixtime(unix_timestamp(UPDATED, 'yyyy/MM/dd HH:mm:ss'))"
IAS,IAS_MERCHANT_AMT_RULE,SYS_CRE_DTTM,IAS,IAS_MERCHANT_AMT_RULE,,"from_unixtime(unix_timestamp(SYS_CRE_DTTM, 'yyyy/MM/dd HH:mm:ss'))"
IAS,IAS_MERCHANT_AMT_RULE,SYS_UPD_DTTM,IAS,IAS_MERCHANT_AMT_RULE,,"from_unixtime(unix_timestamp(SYS_UPD_DTTM, 'yyyy/MM/dd HH:mm:ss'))"
IAS,IAS_OVRS_TR_DTLS,NR_NO,IAS,IAS_OVRS_TR_DTLS,NR_NO,
IAS,IAS_OVRS_TR_DTLS,APV_DT,IAS,IAS_OVRS_TR_DTLS,APV_DT,
IAS,IAS_OVRS_TR_DTLS,PAR_NO,IAS,IAS_OVRS_TR_DTLS,PAR_NO,
IAS,IAS_OVRS_TR_DTLS,APV_DTL_DTTM,IAS,IAS_OVRS_TR_DTLS,,"from_unixtime(unix_timestamp(APV_DTL_DTTM, 'yyyy/MM/dd HH:mm:ss'))"
IAS,IAS_OVRS_TR_DTLS,ACPL_APV_DTL_DTTM,IAS,IAS_OVRS_TR_DTLS,,"from_unixtime(unix_timestamp(ACPL_APV_DTL_DTTM, 'yyyy/MM/dd HH:mm:ss'))"
IAS,IAS_OVRS_TR_DTLS,PCS_CD,IAS,IAS_OVRS_TR_DTLS,PCS_CD,
IAS,IAS_OVRS_TR_DTLS,ACQR_PCS_CD,IAS,IAS_OVRS_TR_DTLS,ACQR_PCS_CD,
IAS,IAS_OVRS_TR_DTLS,MC_NM,IAS,IAS_OVRS_TR_DTLS,MC_NM,
IAS,IAS_OVRS_TR_DTLS,BZTP_CD,IAS,IAS_OVRS_TR_DTLS,BZTP_CD,
IAS,IAS_OVRS_TR_DTLS,NAT_DV_NO,IAS,IAS_OVRS_TR_DTLS,NAT_DV_NO,
IAS,IAS_OVRS_TR_DTLS,NAT_CD,IAS,IAS_OVRS_TR_DTLS,NAT_CD,
IAS,IAS_OVRS_TR_DTLS,TR_CUR_CD,IAS,IAS_OVRS_TR_DTLS,TR_CUR_CD,
IAS,IAS_OVRS_TR_DTLS,STLM_CUR_CD,IAS,IAS_OVRS_TR_DTLS,STLM_CUR_CD,
IAS,IAS_OVRS_TR_DTLS,ACPL_TR_AMT,IAS,IAS_OVRS_TR_DTLS,ACPL_TR_AMT,
IAS,IAS_OVRS_TR_DTLS,USD_DEFRAY_AMT,IAS,IAS_OVRS_TR_DTLS,USD_DEFRAY_AMT,
IAS,IAS_OVRS_TR_DTLS,USD_TR_AMT,IAS,IAS_OVRS_TR_DTLS,USD_TR_AMT,
IAS,IAS_OVRS_TR_DTLS,USD_U_FEE,IAS,IAS_OVRS_TR_DTLS,USD_U_FEE,
IAS,IAS_OVRS_TR_DTLS,USD_STLM_FEE,IAS,IAS_OVRS_TR_DTLS,USD_STLM_FEE,
IAS,IAS_OVRS_TR_DTLS,WC_DEFRAY_AMT,IAS,IAS_OVRS_TR_DTLS,WC_DEFRAY_AMT,
IAS,IAS_OVRS_TR_DTLS,WC_TR_AMT,IAS,IAS_OVRS_TR_DTLS,WC_TR_AMT,
IAS,IAS_OVRS_TR_DTLS,WC_U_FEE,IAS,IAS_OVRS_TR_DTLS,WC_U_FEE,
IAS,IAS_OVRS_TR_DTLS,WC_STLM_FEE,IAS,IAS_OVRS_TR_DTLS,WC_STLM_FEE,
IAS,IAS_OVRS_TR_DTLS,TLTP_SELL_EXRT,IAS,IAS_OVRS_TR_DTLS,TLTP_SELL_EXRT,
IAS,IAS_OVRS_TR_DTLS,TLTP_SELL_EXRT_NTFC_DT,IAS,IAS_OVRS_TR_DTLS,TLTP_SELL_EXRT_NTFC_DT,
IAS,IAS_OVRS_TR_DTLS,TLTP_SELL_EXRT_NTFC_TMRD,IAS,IAS_OVRS_TR_DTLS,TLTP_SELL_EXRT_NTFC_TMRD,
IAS,IAS_OVRS_TR_DTLS,UTC_GM_TRSF_DTTM,IAS,IAS_OVRS_TR_DTLS,,"from_unixtime(unix_timestamp(UTC_GM_TRSF_DTTM, 'yyyy/MM/dd HH:mm:ss'))"
IAS,IAS_OVRS_TR_DTLS,TRAN_ID,IAS,IAS_OVRS_TR_DTLS,TRAN_ID,
IAS,IAS_OVRS_TR_DTLS,DPSTS_DV_CD,IAS,IAS_OVRS_TR_DTLS,DPSTS_DV_CD,
IAS,IAS_OVRS_TR_DTLS,POS_INS_TYPE_CD,IAS,IAS_OVRS_TR_DTLS,POS_INS_TYPE_CD,
IAS,IAS_OVRS_TR_DTLS,TMN_ID,IAS,IAS_OVRS_TR_DTLS,TMN_ID,
IAS,IAS_OVRS_TR_DTLS,MC_ID,IAS,IAS_OVRS_TR_DTLS,MC_ID,
IAS,IAS_OVRS_TR_DTLS,ACQR_ID,IAS,IAS_OVRS_TR_DTLS,ACQR_ID,
IAS,IAS_OVRS_TR_DTLS,SYS_CRE_DTTM,IAS,IAS_OVRS_TR_DTLS,,"from_unixtime(unix_timestamp(SYS_CRE_DTTM, 'yyyy/MM/dd HH:mm:ss'))"
IAS,IAS_OVRS_TR_DTLS,SYS_UPD_DTTM,IAS,IAS_OVRS_TR_DTLS,,"from_unixtime(unix_timestamp(SYS_UPD_DTTM, 'yyyy/MM/dd HH:mm:ss'))"
IAS,IAS_OVRS_TR_DTLS,ACPL_CUR_DECPNT_LENG,IAS,IAS_OVRS_TR_DTLS,ACPL_CUR_DECPNT_LENG,
IAS,IAS_OVRS_TR_DTLS,DEAL_CRRT,IAS,IAS_OVRS_TR_DTLS,DEAL_CRRT,
IAS,IAS_OVRS_TR_DTLS,FEE_DC_AMT,IAS,IAS_OVRS_TR_DTLS,FEE_DC_AMT,
IAS,IAS_OVRS_TR_DTLS,FEE_DC_APY_YN,IAS,IAS_OVRS_TR_DTLS,FEE_DC_APY_YN,
IAS,IAS_OVRS_TR_DTLS,FEE_EXMP_AMT,IAS,IAS_OVRS_TR_DTLS,FEE_EXMP_AMT,
IAS,IAS_OVRS_TR_DTLS,EXRT_PRIM_AMT,IAS,IAS_OVRS_TR_DTLS,EXRT_PRIM_AMT,
IAS,IAS_PAY_AMT_D,TR_DT,IAS,IAS_PAY_AMT_D,TR_DATE,
IAS,IAS_PAY_AMT_D,PAR_NO,IAS,IAS_PAY_AMT_D,PAR,
IAS,IAS_PAY_AMT_D,PMNT_USE_AMT,IAS,IAS_PAY_AMT_D,USED_AMT,
IAS,IAS_PAY_AMT_D,RQS_AMT,IAS,IAS_PAY_AMT_D,ORG_AMT,
IAS,IAS_PAY_AMT_D,BALA_AMT,IAS,IAS_PAY_AMT_D,TR_AMT,
IAS,IAS_PAY_AMT_D,PNT_AMT,IAS,IAS_PAY_AMT_D,POINT_AMT,
IAS,IAS_PAY_AMT_D,CREATED,IAS,IAS_PAY_AMT_D,,"from_unixtime(unix_timestamp(CREATED, 'yyyy/MM/dd HH:mm:ss'))"
IAS,IAS_PAY_AMT_D,UPDATED,IAS,IAS_PAY_AMT_D,,"from_unixtime(unix_timestamp(UPDATED, 'yyyy/MM/dd HH:mm:ss'))"
IAS,IAS_PAY_AMT_D,SYS_CRE_DTTM,IAS,IAS_PAY_AMT_D,,"from_unixtime(unix_timestamp(SYS_CRE_DTTM, 'yyyy/MM/dd HH:mm:ss'))"
IAS,IAS_PAY_AMT_D,SYS_UPD_DTTM,IAS,IAS_PAY_AMT_D,,"from_unixtime(unix_timestamp(SYS_UPD_DTTM, 'yyyy/MM/dd HH:mm:ss'))"
IAS,IAS_PAY_AMT_D,pt_tr_dt,IAS,IAS_PAY_AMT_D,,"substr(TR_DATE, 1, 6)"
IAS,IAS_PAY_AMT_M,TR_YM,IAS,IAS_PAY_AMT_M,TR_YM,
IAS,IAS_PAY_AMT_M,PAR_NO,IAS,IAS_PAY_AMT_M,PAR,
IAS,IAS_PAY_AMT_M,PMNT_USE_AMT,IAS,IAS_PAY_AMT_M,USED_AMT,
IAS,IAS_PAY_AMT_M,CREATED,IAS,IAS_PAY_AMT_M,,"from_unixtime(unix_timestamp(CREATED, 'yyyy/MM/dd HH:mm:ss'))"
IAS,IAS_PAY_AMT_M,UPDATED,IAS,IAS_PAY_AMT_M,,"from_unixtime(unix_timestamp(UPDATED, 'yyyy/MM/dd HH:mm:ss'))"
IAS,IAS_PAY_AMT_M,ARSL_ACCT_AMT,IAS,IAS_PAY_AMT_M,PERF_AMT,
IAS,IAS_PAY_AMT_M,RQS_AMT,IAS,IAS_PAY_AMT_M,ORG_AMT,
IAS,IAS_PAY_AMT_M,TR_BALA,IAS,IAS_PAY_AMT_M,TR_AMT,
IAS,IAS_PAY_AMT_M,PNT_AMT,IAS,IAS_PAY_AMT_M,POINT_AMT,
IAS,IAS_PAY_AMT_M,SYS_CRE_DTTM,IAS,IAS_PAY_AMT_M,,"from_unixtime(unix_timestamp(SYS_CRE_DTTM, 'yyyy/MM/dd HH:mm:ss'))"
IAS,IAS_PAY_AMT_M,SYS_UPD_DTTM,IAS,IAS_PAY_AMT_M,,"from_unixtime(unix_timestamp(SYS_UPD_DTTM, 'yyyy/MM/dd HH:mm:ss'))"
IAS,IAS_PAY_AMT_M,pt_tr_ym,IAS,IAS_PAY_AMT_M,TR_YM,
IAS,IAS_RCG_AMT_M,TR_YM,IAS,IAS_RCG_AMT_M,TR_YM,
IAS,IAS_RCG_AMT_M,PAR_NO,IAS,IAS_RCG_AMT_M,PAR,
IAS,IAS_RCG_AMT_M,TOT_CHRG_AMT,IAS,IAS_RCG_AMT_M,SUM_AMT,
IAS,IAS_RCG_AMT_M,CREATED,IAS,IAS_RCG_AMT_M,,"from_unixtime(unix_timestamp(CREATED, 'yyyy/MM/dd HH:mm:ss'))"
IAS,IAS_RCG_AMT_M,UPDATED,IAS,IAS_RCG_AMT_M,,"from_unixtime(unix_timestamp(UPDATED, 'yyyy/MM/dd HH:mm:ss'))"
IAS,IAS_RCG_AMT_M,SYS_UPD_DTTM,IAS,IAS_RCG_AMT_M,,"from_unixtime(unix_timestamp(SYS_UPD_DTTM, 'yyyy/MM/dd HH:mm:ss'))"
IAS,IAS_RCG_AMT_M,SYS_CRE_DTTM,IAS,IAS_RCG_AMT_M,,"from_unixtime(unix_timestamp(SYS_CRE_DTTM, 'yyyy/MM/dd HH:mm:ss'))"
IAS,IAS_RCG_AMT_M,pt_tr_ym,IAS,IAS_RCG_AMT_M,TR_YM,
IAS,IAS_REFUND,NR_NO,IAS,IAS_REFUND,NR_NUMBER,
IAS,IAS_REFUND,RFND_REG_YM,IAS,IAS_REFUND,,"cast(substr(REQ_DT, 1, 6) as bigint)"
IAS,IAS_REFUND,PAR_NO,IAS,IAS_REFUND,PAR,
IAS,IAS_REFUND,CRD_VL_YM,IAS,IAS_REFUND,EXPIRE_DATE,
IAS,IAS_REFUND,CRD_SVC_ID,IAS,IAS_REFUND,CARD_SVC_ID,
IAS,IAS_REFUND,ISUR_ID,IAS,IAS_REFUND,ISSUER_ID,
IAS,IAS_REFUND,RFND_REG_DT,IAS,IAS_REFUND,REQ_DT,
IAS,IAS_REFUND,RFND_REG_DTL_DTTM,IAS,IAS_REFUND,,"from_unixtime(unix_timestamp(REGISTERED, 'yyyy/MM/dd HH:mm:ss'))"
IAS,IAS_REFUND,RFND_RS_CD,IAS,IAS_REFUND,REFUND_RESULT,
IAS,IAS_REFUND,RFND_ATTM_BALA,IAS,IAS_REFUND,BAL,
IAS,IAS_REFUND,RFND_BALA,IAS,IAS_REFUND,REFUND_BAL,
IAS,IAS_REFUND,TR_DT,IAS,IAS_REFUND,TR_DATE,
IAS,IAS_REFUND,BANK_CD,IAS,IAS_REFUND,BANK_CD,
IAS,IAS_REFUND,BANK_ERR_CD,IAS,IAS_REFUND,BANK_ERROR_CD,
IAS,IAS_REFUND,CLR_DT,IAS,IAS_REFUND,CLEAR_DATE,
IAS,IAS_REFUND,TSFR_DT,IAS,IAS_REFUND,SETTLE_DATE,
IAS,IAS_REFUND,UPDATED,IAS,IAS_REFUND,,"from_unixtime(unix_timestamp(UPDATED, 'yyyy/MM/dd HH:mm:ss'))"
IAS,IAS_REFUND,MBR_ID,IAS,IAS_REFUND,USER_ID,
IAS,IAS_REFUND,CRD_EXN_YR,IAS,IAS_REFUND,EXPIRE_YEAR,
IAS,IAS_REFUND,FEE,IAS,IAS_REFUND,FEE,
IAS,IAS_REFUND,RFND_CNCL_DV_CD,IAS,IAS_REFUND,REFUND_TYPE,
IAS,IAS_REFUND,RFND_CND_CHK_DV_CD,IAS,IAS_REFUND,REFUND_DEDUCT,
IAS,IAS_REFUND,SYS_CRE_DTTM,IAS,IAS_REFUND,,"from_unixtime(unix_timestamp(SYS_CRE_DTTM, 'yyyy/MM/dd HH:mm:ss'))"
IAS,IAS_REFUND,SYS_UPD_DTTM,IAS,IAS_REFUND,,"from_unixtime(unix_timestamp(SYS_UPD_DTTM, 'yyyy/MM/dd HH:mm:ss'))"
IAS,IAS_REP_MERCHANT_AMT,DPSTS_RC_ID,IAS,IAS_REP_MERCHANT_AMT,REP_MERCHANT_ID,
IAS,IAS_REP_MERCHANT_AMT,USE_AMT,IAS,IAS_REP_MERCHANT_AMT,USED_AMT,
IAS,IAS_REP_MERCHANT_AMT,CREATED,IAS,IAS_REP_MERCHANT_AMT,,"from_unixtime(unix_timestamp(CREATED, 'yyyy/MM/dd HH:mm:ss'))"
IAS,IAS_REP_MERCHANT_AMT,UPDATED,IAS,IAS_REP_MERCHANT_AMT,,"from_unixtime(unix_timestamp(UPDATED, 'yyyy/MM/dd HH:mm:ss'))"
IAS,IAS_REP_MERCHANT_AMT,ASP_ID,IAS,IAS_REP_MERCHANT_AMT,ASP_ID,
IAS,IAS_REP_MERCHANT_AMT,CRD_DEL_AF_BALA,IAS,IAS_REP_MERCHANT_AMT,DELETED_CARD_AMT,
IAS,IAS_REP_MERCHANT_AMT,SYS_CRE_DTTM,IAS,IAS_REP_MERCHANT_AMT,,"from_unixtime(unix_timestamp(SYS_CRE_DTTM, 'yyyy/MM/dd HH:mm:ss'))"
IAS,IAS_REP_MERCHANT_AMT,SYS_UPD_DTTM,IAS,IAS_REP_MERCHANT_AMT,,"from_unixtime(unix_timestamp(SYS_UPD_DTTM, 'yyyy/MM/dd HH:mm:ss'))"
IAS,IAS_REP_MERCHANT_TMN,DPSTS_RC_ID,IAS,IAS_REP_MERCHANT_TMN,DEPOSIT_MCT_ID,
IAS,IAS_REP_MERCHANT_TMN,PAR_NO,IAS,IAS_REP_MERCHANT_TMN,PAR,
IAS,IAS_REP_MERCHANT_TMN,ASP_ID,IAS,IAS_REP_MERCHANT_TMN,ASP_ID,
IAS,IAS_REP_MERCHANT_TMN,DEL_CRD_BALA,IAS,IAS_REP_MERCHANT_TMN,CARD_BLC,
IAS,IAS_REP_MERCHANT_TMN,FST_CHRG_NR_NO,IAS,IAS_REP_MERCHANT_TMN,FST_NR_NUMBER,
IAS,IAS_REP_MERCHANT_TMN,SYS_CRE_DTTM,IAS,IAS_REP_MERCHANT_TMN,,"from_unixtime(unix_timestamp(CREATED, 'yyyy/MM/dd HH:mm:ss'))"
IAS,IAS_REP_MERCHANT_TMN,SYS_UPD_DTTM,IAS,IAS_REP_MERCHANT_TMN,,"from_unixtime(unix_timestamp(UPDATED, 'yyyy/MM/dd HH:mm:ss'))"
IAS,IAS_TRANSACTION,APV_DT,IAS,IAS_TRANSACTION,APPROVAL_DATE,
IAS,IAS_TRANSACTION,NR_NO,IAS,IAS_TRANSACTION,NR_NUMBER,
IAS,IAS_TRANSACTION,PAR_NO,IAS,IAS_TRANSACTION,PAR,
IAS,IAS_TRANSACTION,CRD_EXN_YM,IAS,IAS_TRANSACTION,EXPIRE_DATE,
IAS,IAS_TRANSACTION,ISUR_ID,IAS,IAS_TRANSACTION,ISSUER_ID,
IAS,IAS_TRANSACTION,TR_AF_BALA,IAS,IAS_TRANSACTION,CARD_BLC,
IAS,IAS_TRANSACTION,TR_BF_BALA,IAS,IAS_TRANSACTION,CARD_BLC_BEFORE,
IAS,IAS_TRANSACTION,TR_TYPE_CD,IAS,IAS_TRANSACTION,TR_TYPE,
IAS,IAS_TRANSACTION,MC_ID,IAS,IAS_TRANSACTION,MERCHANT_ID,
IAS,IAS_TRANSACTION,ACQR_ID,IAS,IAS_TRANSACTION,ACQUIRER_ID,
IAS,IAS_TRANSACTION,BALA_USE_AMT,IAS,IAS_TRANSACTION,TR_AMT,
IAS,IAS_TRANSACTION,TR_GM_UTC_TI_MSEC_CNT,IAS,IAS_TRANSACTION,TRANS_DT,
IAS,IAS_TRANSACTION,STAN,IAS,IAS_TRANSACTION,STAN,
IAS,IAS_TRANSACTION,APV_TI,IAS,IAS_TRANSACTION,APPROVAL_TIME,
IAS,IAS_TRANSACTION,APV_NO,IAS,IAS_TRANSACTION,APPROVAL_CODE,
IAS,IAS_TRANSACTION,ACN_TSFR_YY_MMDD,IAS,IAS_TRANSACTION,SETTLE_DATE,
IAS,IAS_TRANSACTION,APV_RS_RSP_CD,IAS,IAS_TRANSACTION,RESPONSE_CODE,
IAS,IAS_TRANSACTION,MTI_CD,IAS,IAS_TRANSACTION,MTI,
IAS,IAS_TRANSACTION,PCS_CD,IAS,IAS_TRANSACTION,PROCESSING_CODE,
IAS,IAS_TRANSACTION,PPM_CRD_PRD_TYPE_CD,IAS,IAS_TRANSACTION,PREPAID_TYPE,
IAS,IAS_TRANSACTION,AF_PRCR_CD,IAS,IAS_TRANSACTION,REVERSAL_STATUS,
IAS,IAS_TRANSACTION,TRAN_ID,IAS,IAS_TRANSACTION,ACCOUNT_ID1,
IAS,IAS_TRANSACTION,TR_GM_UTC_DTL_DTTM,IAS,IAS_TRANSACTION,,"to_timestamp(TR_DATETIME, 'yyyy/MM/dd HH:mm:ss.SSS')"
IAS,IAS_TRANSACTION,APV_DTL_DTTM,IAS,IAS_TRANSACTION,,"to_timestamp(APPROVAL_DATETIME, 'yyyy/MM/dd HH:mm:ss.SSS')"
IAS,IAS_TRANSACTION,MC_NM,IAS,IAS_TRANSACTION,MERCHANT_NM,
IAS,IAS_TRANSACTION,ORG_TR_NR_NO,IAS,IAS_TRANSACTION,ORG_NR_NUMBER,
IAS,IAS_TRANSACTION,AF_PRCS_DTL_DTTM,IAS,IAS_TRANSACTION,,"to_timestamp(REVERSAL_DATE, 'yyyy/MM/dd HH:mm:ss.SSS')"
IAS,IAS_TRANSACTION,SVC_ID,IAS,IAS_TRANSACTION,CARD_SVC_ID,
IAS,IAS_TRANSACTION,DCRT,IAS,IAS_TRANSACTION,SETTLE_RATE,
IAS,IAS_TRANSACTION,GM_TR_AMT,IAS,IAS_TRANSACTION,ORG_AMT,
IAS,IAS_TRANSACTION,GM_DC_AMT,IAS,IAS_TRANSACTION,SETTLE_AMT,
IAS,IAS_TRANSACTION,ENC_TOKN_NO,IAS,IAS_TRANSACTION,TOKEN,
IAS,IAS_TRANSACTION,TML_TR_DT,IAS,IAS_TRANSACTION,CLIENT_DATE,
IAS,IAS_TRANSACTION,DC_AMT,IAS,IAS_TRANSACTION,DISCOUNT_AMT,
IAS,IAS_TRANSACTION,CNCL_AMT,IAS,IAS_TRANSACTION,CANCEL_ORG_AMT,
IAS,IAS_TRANSACTION,FEE,IAS,IAS_TRANSACTION,FEE,
IAS,IAS_TRANSACTION,FEE_SPRC,IAS,IAS_TRANSACTION,FEE_SUPPLY,
IAS,IAS_TRANSACTION,EXN_CRD_FEE,IAS,IAS_TRANSACTION,EXPIRE_FEE,
IAS,IAS_TRANSACTION,EXN_CRD_SPRC,IAS,IAS_TRANSACTION,EXPIRE_SUPPLY_FEE,
IAS,IAS_TRANSACTION,EXN_CRD_VAT,IAS,IAS_TRANSACTION,EXPIRE_VAT,
IAS,IAS_TRANSACTION,FEE_VAT,IAS,IAS_TRANSACTION,FEE_VAT,
IAS,IAS_TRANSACTION,CHRG_MHD_CRD_KD_CD,IAS,IAS_TRANSACTION,RCG_TYPE,
IAS,IAS_TRANSACTION,TR_CRD_TYPE_CD,IAS,IAS_TRANSACTION,CARD_TYPE,
IAS,IAS_TRANSACTION,RFND_DC_AMT,IAS,IAS_TRANSACTION,REFUND_DISCOUNT_AMT,
IAS,IAS_TRANSACTION,TR_GM_ORG_PCS_CD,IAS,IAS_TRANSACTION,TR_PROCESSING_CODE,
IAS,IAS_TRANSACTION,TRGT_OPT_CRD_PAR_NO,IAS,IAS_TRANSACTION,TARGET_PAR,
IAS,IAS_TRANSACTION,TRGT_OPT_CRD_SVC_ID,IAS,IAS_TRANSACTION,TARGET_CARD_SVC_ID,
IAS,IAS_TRANSACTION,XNG_IPSB_DT,IAS,IAS_TRANSACTION,REFUNDABLE_DATE,
IAS,IAS_TRANSACTION,ASP_ID,IAS,IAS_TRANSACTION,ASP_ID,
IAS,IAS_TRANSACTION,TR_VAT,IAS,IAS_TRANSACTION,TR_VAT,
IAS,IAS_TRANSACTION,TR_SPRC,IAS,IAS_TRANSACTION,TR_SUPPLY,
IAS,IAS_TRANSACTION,TR_SVFE,IAS,IAS_TRANSACTION,TR_TIPS,
IAS,IAS_TRANSACTION,SGZN_YN,IAS,IAS_TRANSACTION,NAMED_YN,
IAS,IAS_TRANSACTION,APV_NO_SEVR_NM,IAS,IAS_TRANSACTION,APPROVAL_CODE_SEQ,
IAS,IAS_TRANSACTION,ADM_GIFT_PTN_ID,IAS,IAS_TRANSACTION,PARTNER_ID,
IAS,IAS_TRANSACTION,ADM_GIFT_ID,IAS,IAS_TRANSACTION,PARTNER_SEQ,
IAS,IAS_TRANSACTION,ACQR_TR_SNO,IAS,IAS_TRANSACTION,ACQUIRER_SEQ,
IAS,IAS_TRANSACTION,POS_INS_TYPE_CD,IAS,IAS_TRANSACTION,POS_ENTRY_MODE,
IAS,IAS_TRANSACTION,ISUR_PTN_ID,IAS,IAS_TRANSACTION,MP_ID,
IAS,IAS_TRANSACTION,REP_MC_ID,IAS,IAS_TRANSACTION,PARENT_MCT_ID,
IAS,IAS_TRANSACTION,ACQR_CTF_CD,IAS,IAS_TRANSACTION,ACQUIRER_AUTH_CODE,
IAS,IAS_TRANSACTION,ACQR_ONL_DV_CD,IAS,IAS_TRANSACTION,ACQUIRER_TYPE,
IAS,IAS_TRANSACTION,TML_ID,IAS,IAS_TRANSACTION,TERMINAL_ID,
IAS,IAS_TRANSACTION,DC_BNF_CD,IAS,IAS_TRANSACTION,DISCOUNT_TYPE,
IAS,IAS_TRANSACTION,DC_BNF_SNO,IAS,IAS_TRANSACTION,DISCOUNT_SEQ,
IAS,IAS_TRANSACTION,CNCL_ORG_AMT,IAS,IAS_TRANSACTION,PCANCEL_ORG_AMT,
IAS,IAS_TRANSACTION,CNCL_DC_AF_AMT,IAS,IAS_TRANSACTION,PCANCEL_SETTLE_AMT,
IAS,IAS_TRANSACTION,DC_RS_CD,IAS,IAS_TRANSACTION,DISCOUNT_RESULT,
IAS,IAS_TRANSACTION,DC_CON_SNO,IAS,IAS_TRANSACTION,DCT_CONTRACT_ID,
IAS,IAS_TRANSACTION,ORG_DC_AMT,IAS,IAS_TRANSACTION,ORG_DISCOUNT_AMT,
IAS,IAS_TRANSACTION,ORG_DCRT,IAS,IAS_TRANSACTION,ORG_DISCOUNT_RATE,
IAS,IAS_TRANSACTION,MC_BUAMT_LMT_AMT,IAS,IAS_TRANSACTION,ACQUIRER_SALE_LIMIT,
IAS,IAS_TRANSACTION,MBR_ID,IAS,IAS_TRANSACTION,USER_ID,
IAS,IAS_TRANSACTION,ACUM_AMT_INCL_YN,IAS,IAS_TRANSACTION,DEDUCT_DCT_LIMIT,
IAS,IAS_TRANSACTION,HIST_DEL_YN,IAS,IAS_TRANSACTION,HIST_DEL_YN,
IAS,IAS_TRANSACTION,CASH_CHRG_TR_APV_NO,IAS,IAS_TRANSACTION,RCG_TR_NO,
IAS,IAS_TRANSACTION,TR_FAIL_RSN_CD,IAS,IAS_TRANSACTION,ADVICE_REASON_CODE,
IAS,IAS_TRANSACTION,DPSTS_RC_ID,IAS,IAS_TRANSACTION,DEPOSIT_MCT_ID,
IAS,IAS_TRANSACTION,SUB_DC_BNF_CD,IAS,IAS_TRANSACTION,DISCOUNT_SUB_TYPE,
IAS,IAS_TRANSACTION,USE_USER_PNT_AMT,IAS,IAS_TRANSACTION,USER_USED_POINT,
IAS,IAS_TRANSACTION,USE_CRD_PNT_AMT,IAS,IAS_TRANSACTION,CARD_USED_POINT,
IAS,IAS_TRANSACTION,TR_USER_PNT_AMT,IAS,IAS_TRANSACTION,USER_USED_TR_POINT,
IAS,IAS_TRANSACTION,TR_CRD_PNT_AMT,IAS,IAS_TRANSACTION,CARD_USED_TR_POINT,
IAS,IAS_TRANSACTION,RV_USER_PNT_AMT,IAS,IAS_TRANSACTION,USER_SAVED_POINT,
IAS,IAS_TRANSACTION,RV_CRD_PNT_AMT,IAS,IAS_TRANSACTION,CARD_SAVED_POINT,
IAS,IAS_TRANSACTION,MM_ARSL_CHK_YN,IAS,IAS_TRANSACTION,INCLUDE_PREV_CONDITION,
IAS,IAS_TRANSACTION,TR_PRCS_ST_CD,IAS,IAS_TRANSACTION,TR_SUB_STATUS,
IAS,IAS_TRANSACTION,CPN_ID,IAS,IAS_TRANSACTION,COUPON_ID,
IAS,IAS_TRANSACTION,CPN_NO,IAS,IAS_TRANSACTION,COUPON_NO,
IAS,IAS_TRANSACTION,PTON_CNCL_DC_AMT,IAS,IAS_TRANSACTION,PCANCEL_DISCOUNT_AMT,
IAS,IAS_TRANSACTION,PTON_CNCL_PNT_AMT,IAS,IAS_TRANSACTION,REFUND_POINT,
IAS,IAS_TRANSACTION,BZMN_ST_CD,IAS,IAS_TRANSACTION,BIZ_STATUS,
IAS,IAS_TRANSACTION,PNT_PLCY_ID,IAS,IAS_TRANSACTION,POINT_POLICY_ID,
IAS,IAS_TRANSACTION,USE_PNT_PLCY_ID,IAS,IAS_TRANSACTION,USED_POINT_POLICY_ID,
IAS,IAS_TRANSACTION,RV_PNT_DV_CD,IAS,IAS_TRANSACTION,POINT_TYPE,
IAS,IAS_TRANSACTION,USE_PNT_DV_CD,IAS,IAS_TRANSACTION,USED_POINT_TYPE,
IAS,IAS_TRANSACTION,PNT_PLCY_TYPE_CD,IAS,IAS_TRANSACTION,POINT_POLICY_TYPE,
IAS,IAS_TRANSACTION,STLM_MC_ID,IAS,IAS_TRANSACTION,TR_MERCHANT_ID,
IAS,IAS_TRANSACTION,ACQR_CD,IAS,IAS_TRANSACTION,ACQUIRER_MERCHANT_TYPE,
IAS,IAS_TRANSACTION,TR_FAIL_RSP_CD,IAS,IAS_TRANSACTION,FAIL_CODE,
IAS,IAS_TRANSACTION,CRD_PRD_STLM_MHD_CD,IAS,IAS_TRANSACTION,PAYMENT_POLICY_TYPE,
IAS,IAS_TRANSACTION,PMNT_BANK_NM,IAS,IAS_TRANSACTION,PAYMENT_BANK_NAME,
IAS,IAS_TRANSACTION,PMNT_BANK_ACNO,IAS,IAS_TRANSACTION,PAYMENT_BANK_ACCOUNT_NO,
IAS,IAS_TRANSACTION,CRD_VRFC_PAR_NO,IAS,IAS_TRANSACTION,AUDIT_ID,
IAS,IAS_TRANSACTION,OWR_KA_ID,IAS,IAS_TRANSACTION,OWNER_KA,
IAS,IAS_TRANSACTION,VAT_XCPT_AMT,IAS,IAS_TRANSACTION,EXP_AMT,
IAS,IAS_TRANSACTION,VAT_XCPT_BALA,IAS,IAS_TRANSACTION,EXP_TR_AMT,
IAS,IAS_TRANSACTION,VAT_XCPT_PNT_AMT,IAS,IAS_TRANSACTION,EXP_POINT_AMT,
IAS,IAS_TRANSACTION,SYS_CRE_DTTM,IAS,IAS_TRANSACTION,,"to_timestamp(SYS_CRE_DTTM, 'yyyy/MM/dd HH:mm:ss.SSS')"
IAS,IAS_TRANSACTION,SYS_UPD_DTTM,IAS,IAS_TRANSACTION,,"to_timestamp(SYS_UPD_DTTM, 'yyyy/MM/dd HH:mm:ss.SSS')"
IAS,IAS_TRANSACTION,TR_RQS_PAR,IAS,IAS_TRANSACTION,TR_PAR,
IAS,IAS_TRANSACTION,ENC_TR_RQS_TOKN_NO,IAS,IAS_TRANSACTION,TR_TOKEN,
IAS,IAS_TRANSACTION,CNVG_CRD_PAR,IAS,IAS_TRANSACTION,LINKED_PAR,
IAS,IAS_TRANSACTION,FEE_SHR_KA_ID,IAS,IAS_TRANSACTION,FEE_SHR_KA_ID,
IAS,IAS_TRANSACTION,MKTN_FEE,IAS,IAS_TRANSACTION,MKTN_FEE,
IAS,IAS_TRANSACTION,MKTN_FEE_PLCY_SNO,IAS,IAS_TRANSACTION,MKTN_FEE_PLCY_SNO,
IAS,IAS_TRANSACTION,ACN_DEFRAY_AMT,IAS,IAS_TRANSACTION,ACN_DEFRAY_AMT,
IBF,IBF_BYKA_CRD,BYKA_CRD_SNO,IBF,IBF_BYKA_CRD,BYKA_CRD_SNO,
IBF,IBF_BYKA_CRD,IBF_ORDR_SNO,IBF,IBF_BYKA_CRD,IBF_ORDR_SNO,
IBF,IBF_BYKA_CRD,KA_ID,IBF,IBF_BYKA_CRD,KA_ID,
IBF,IBF_BYKA_CRD,PAR_NO,IBF,IBF_BYKA_CRD,PAR_NO,
IBF,IBF_BYKA_CRD,SVC_ID,IBF,IBF_BYKA_CRD,SVC_ID,
IBF,IBF_BYKA_CRD,CRD_TAK_YN,IBF,IBF_BYKA_CRD,CRD_TAK_YN,
IBF,IBF_BYKA_CRD,MGMT_ITM_DV_NM,IBF,IBF_BYKA_CRD,MGMT_ITM_DV_NM,
IBF,IBF_BYKA_CRD,RCNT_CHRG_DTTM,IBF,IBF_BYKA_CRD,,"from_unixtime(unix_timestamp(RCNT_CHRG_DTTM, 'yyyy/MM/dd HH:mm:ss'))"
IBF,IBF_BYKA_CRD,SYS_CRE_DTTM,IBF,IBF_BYKA_CRD,,"from_unixtime(unix_timestamp(SYS_CRE_DTTM, 'yyyy/MM/dd HH:mm:ss'))"
IBF,IBF_BYKA_CRD,SYS_UPD_DTTM,IBF,IBF_BYKA_CRD,,"from_unixtime(unix_timestamp(SYS_UPD_DTTM, 'yyyy/MM/dd HH:mm:ss'))"
IBF,IBF_BYKA_CRD,RCNT_RTRV_DTTM,IBF,IBF_BYKA_CRD,,"from_unixtime(unix_timestamp(RCNT_RTRV_DTTM, 'yyyy/MM/dd HH:mm:ss'))"
IBF,IBF_EXRT,IBF_EXRT_SNO,IBF,IBF_EXRT,IBF_EXRT_SNO,
IBF,IBF_EXRT,CUR_CD,IBF,IBF_EXRT,CUR_CD,
IBF,IBF_EXRT,APY_EXRT,IBF,IBF_EXRT,APY_EXRT,
IBF,IBF_EXRT,SYS_CRE_DTTM,IBF,IBF_EXRT,,"from_unixtime(unix_timestamp(SYS_CRE_DTTM, 'yyyy/MM/dd HH:mm:ss'))"
KBC,KBC_WPTL_CRD_CASH,WPTL_PRD_NO,KBC,KBC_WPTL_CRD_CASH,WPTL_PRD_NO,
KBC,KBC_WPTL_CRD_CASH,CRD_CASH_ID,KBC,KBC_WPTL_CRD_CASH,CRD_CASH_ID,
KBC,KBC_WPTL_CRD_CASH,CRD_CASH_NM,KBC,KBC_WPTL_CRD_CASH,CRD_CASH_NM,
KBC,KBC_WPTL_CRD_CASH,CRD_CASH_DV_CD,KBC,KBC_WPTL_CRD_CASH,CRD_CASH_DV_CD,
KBC,KBC_WPTL_CRD_CASH,SYS_CRE_DTTM,KBC,KBC_WPTL_CRD_CASH,,"from_unixtime(unix_timestamp(SYS_CRE_DTTM, 'yyyy/MM/dd HH:mm:ss'))"
KBC,KBC_WPTL_CRD_CASH,SYS_UPD_DTTM,KBC,KBC_WPTL_CRD_CASH,,"from_unixtime(unix_timestamp(SYS_UPD_DTTM, 'yyyy/MM/dd HH:mm:ss'))"
KBC,KBC_WPTL_CRD_CASH,BZTP_GRANT_GRP_ID,KBC,KBC_WPTL_CRD_CASH,BZTP_GRANT_GRP_ID,
KBC,KBC_WPTL_CRD_CASH,BZTP_BLOCK_GRP_ID,KBC,KBC_WPTL_CRD_CASH,BZTP_BLOCK_GRP_ID,
KBC,KBC_WPTL_CRD_CASH,CRD_CASH_PV_ID,KBC,KBC_WPTL_CRD_CASH,CRD_CASH_PV_ID,
KBC,KBC_WPTL_CRD_ORDR,WLPO_CRD_ORDR_NO,KBC,KBC_WPTL_CRD_ORDR,WPTL_CRD_ORDR_NO,
KBC,KBC_WPTL_CRD_ORDR,WLPO_ENTP_NO,KBC,KBC_WPTL_CRD_ORDR,WPTL_ENTP_NO,
KBC,KBC_WPTL_CRD_ORDR,WLPO_PRD_NO,KBC,KBC_WPTL_CRD_ORDR,WPTL_PRD_NO,
KBC,KBC_WPTL_CRD_ORDR,WLPO_CRD_ORDR_ST_CD,KBC,KBC_WPTL_CRD_ORDR,WPTL_CRD_ORDR_ST_CD,
KBC,KBC_WPTL_CRD_ORDR,APL_QTY,KBC,KBC_WPTL_CRD_ORDR,APL_QTY,
KBC,KBC_WPTL_CRD_ORDR,TAKL_BSC_ADDR,KBC,KBC_WPTL_CRD_ORDR,TAKL_ADDR,
KBC,KBC_WPTL_CRD_ORDR,PRD_SLL_UPRC,KBC,KBC_WPTL_CRD_ORDR,PRD_SLL_UPRC,
KBC,KBC_WPTL_CRD_ORDR,ORDR_AMT,KBC,KBC_WPTL_CRD_ORDR,ORDR_AMT,
KBC,KBC_WPTL_CRD_ORDR,BSC_DLVM,KBC,KBC_WPTL_CRD_ORDR,DLVM,
KBC,KBC_WPTL_CRD_ORDR,STLM_TOT_AMT,KBC,KBC_WPTL_CRD_ORDR,STLM_TOT_AMT,
KBC,KBC_WPTL_CRD_ORDR,EMPC_STLM_TYPE_CD,KBC,KBC_WPTL_CRD_ORDR,STLM_MTHD_CD,
KBC,KBC_WPTL_CRD_ORDR,CSH_DEPS_VLDN_DTTM,KBC,KBC_WPTL_CRD_ORDR,,"to_timestamp(CSH_DEPS_VLDN_DTTM, 'yyyy/MM/dd HH:mm:ss.SSS')"
KBC,KBC_WPTL_CRD_ORDR,TX_SOA_PBL_YN,KBC,KBC_WPTL_CRD_ORDR,TX_SOA_PBL_YN,
KBC,KBC_WPTL_CRD_ORDR,PSRC_NM,KBC,KBC_WPTL_CRD_ORDR,PSRC_NM,
KBC,KBC_WPTL_CRD_ORDR,DLV_RCP_DT,KBC,KBC_WPTL_CRD_ORDR,,"to_timestamp(DLV_RCP_DT, 'yyyy/MM/dd HH:mm:ss.SSS')"
KBC,KBC_WPTL_CRD_ORDR,SYS_CRE_DTTM,KBC,KBC_WPTL_CRD_ORDR,,"to_timestamp(SYS_CRE_DTTM, 'yyyy/MM/dd HH:mm:ss.SSS')"
KBC,KBC_WPTL_CRD_ORDR,SYS_UPD_DTTM,KBC,KBC_WPTL_CRD_ORDR,,"to_timestamp(SYS_UPD_DTTM, 'yyyy/MM/dd HH:mm:ss.SSS')"
KBC,KBC_WPTL_CRD_ORDR,TX_SOA_ISU_YN,KBC,KBC_WPTL_CRD_ORDR,TX_SOA_PBL_ST_YN,
KBC,KBC_WPTL_CRD_ORDR,TX_SOA_ISU_CPLT_DT,KBC,KBC_WPTL_CRD_ORDR,,"to_timestamp(TX_SOA_PBL_CPL_DTTM, 'yyyy/MM/dd HH:mm:ss.SSS')"
KBC,KBC_WPTL_CRD_ORDR,WLPO_CRD_EXPS_ORDR_NO,KBC,KBC_WPTL_CRD_ORDR,ORDR_NO,
KBC,KBC_WPTL_CRD_ORDR,NOBK_DEPS_VLDN_DTTM,KBC,KBC_WPTL_CRD_ORDR,,"to_timestamp(BANK_PMNT_CFM_DT, 'yyyy/MM/dd HH:mm:ss.SSS')"
KBC,KBC_WPTL_CRD_ORDR,EMPC_DSG_TYPE_CD,KBC,KBC_WPTL_CRD_ORDR,CRD_DSG_TYPE_CD,
KBC,KBC_WPTL_CRD_ORDR,PMON_STLM_LMT_AMT,KBC,KBC_WPTL_CRD_ORDR,PMON_STLM_LMT_AMT,
KBC,KBC_WPTL_CRD_ORDR,BYDT_STLM_LMT_AMT,KBC,KBC_WPTL_CRD_ORDR,BYDT_STLM_LMT_AMT,
KBC,KBC_WPTL_CRD_ORDR,ONCE_STLM_LMT_AMT,KBC,KBC_WPTL_CRD_ORDR,ONCE_STLM_LMT_AMT,
KBC,KBC_WPTL_CRD_ORDR,CRD_DLV_PREA_DTTM,KBC,KBC_WPTL_CRD_ORDR,,"to_timestamp(CRD_DLV_PREA_DTTM, 'yyyy/MM/dd HH:mm:ss.SSS')"
KBC,KBC_WPTL_CRD_ORDR,ORDR_CNCL_DTTM,KBC,KBC_WPTL_CRD_ORDR,,"to_timestamp(ORDR_CNCL_DTTM, 'yyyy/MM/dd HH:mm:ss.SSS')"
KBC,KBC_WPTL_ENTP,WPTL_ENTP_NO,KBC,KBC_WPTL_ENTP,WPTL_ENTP_NO,
KBC,KBC_WPTL_ENTP,ASP_ID,KBC,KBC_WPTL_ENTP,ASP_ID,
KBC,KBC_WPTL_ENTP,KA_ID,KBC,KBC_WPTL_ENTP,KA_ID,
KBC,KBC_WPTL_ENTP,WPTL_ENTP_ST_CD,KBC,KBC_WPTL_ENTP,WPTL_ENTP_ST_CD,
KBC,KBC_WPTL_ENTP,ENTP_NM,KBC,KBC_WPTL_ENTP,ENTP_NM,
KBC,KBC_WPTL_ENTP,PSNL_CORP_BZNM_DV_CD,KBC,KBC_WPTL_ENTP,PSNL_CORP_BZNM_DV_CD,
KBC,KBC_WPTL_ENTP,BZCT_NM,KBC,KBC_WPTL_ENTP,BZCT_NM,
KBC,KBC_WPTL_ENTP,ITEM_NM,KBC,KBC_WPTL_ENTP,ITEM_NM,
KBC,KBC_WPTL_ENTP,ADDR,KBC,KBC_WPTL_ENTP,ADDR,
KBC,KBC_WPTL_ENTP,CORP_REGNO,KBC,KBC_WPTL_ENTP,CORP_REGNO,
KBC,KBC_WPTL_ENTP,REPP_BIRTH_DT,KBC,KBC_WPTL_ENTP,REPP_BIRTH_DT,
KBC,KBC_WPTL_ENTP,REPP_NLTY_CD,KBC,KBC_WPTL_ENTP,REPP_NLTY_CD,
KBC,KBC_WPTL_ENTP,BANK_CD,KBC,KBC_WPTL_ENTP,BANK_CD,
KBC,KBC_WPTL_ENTP,BANK_NM,KBC,KBC_WPTL_ENTP,BANK_NM,
KBC,KBC_WPTL_ENTP,BZNO,KBC,KBC_WPTL_ENTP,BZNO,
KBC,KBC_WPTL_ENTP,APRV_DT,KBC,KBC_WPTL_ENTP,,"from_unixtime(unix_timestamp(APRV_DT, 'yyyy/MM/dd HH:mm:ss'))"
KBC,KBC_WPTL_ENTP,APRV_WPTL_USER_NO,KBC,KBC_WPTL_ENTP,APRV_WPTL_USER_NO,
KBC,KBC_WPTL_ENTP,RJ_RSN_CD,KBC,KBC_WPTL_ENTP,RJ_RSN_CD,
KBC,KBC_WPTL_ENTP,RJ_RSN_CN,KBC,KBC_WPTL_ENTP,RJ_RSN_CN,
KBC,KBC_WPTL_ENTP,CON_SNO,KBC,KBC_WPTL_ENTP,CON_SNO,
KBC,KBC_WPTL_ENTP,APLY_DT,KBC,KBC_WPTL_ENTP,,"from_unixtime(unix_timestamp(APLY_DT, 'yyyy/MM/dd HH:mm:ss'))"
KBC,KBC_WPTL_ENTP,SYS_CRE_DTTM,KBC,KBC_WPTL_ENTP,,"from_unixtime(unix_timestamp(SYS_CRE_DTTM, 'yyyy/MM/dd HH:mm:ss'))"
KBC,KBC_WPTL_ENTP,SYS_UPD_DTTM,KBC,KBC_WPTL_ENTP,,"from_unixtime(unix_timestamp(SYS_UPD_DTTM, 'yyyy/MM/dd HH:mm:ss'))"
KBC,KBC_WPTL_ENTP,REPP_ZIP_CD,KBC,KBC_WPTL_ENTP,REPP_ZIP_CD,
KBC,KBC_WPTL_ENTP,REPP_SEX_CD,KBC,KBC_WPTL_ENTP,REPP_SEX_CD,
KBC,KBC_WPTL_ENTP,ZIP_CD,KBC,KBC_WPTL_ENTP,ZIP_CD,
KBC,KBC_WPTL_ENTP,REPP_ADDR,KBC,KBC_WPTL_ENTP,REPP_ADDR,
KBC,KBC_WPTL_PRD,WPTL_PRD_NO,KBC,KBC_WPTL_PRD,WPTL_PRD_NO,
KBC,KBC_WPTL_PRD,PRD_ID,KBC,KBC_WPTL_PRD,PRD_ID,
KBC,KBC_WPTL_PRD,PRD_SNO,KBC,KBC_WPTL_PRD,PRD_SNO,
KBC,KBC_WPTL_PRD,WPTL_PRD_ST_CD,KBC,KBC_WPTL_PRD,WPTL_PRD_ST_CD,
KBC,KBC_WPTL_PRD,PRD_NM,KBC,KBC_WPTL_PRD,PRD_NM,
KBC,KBC_WPTL_PRD,WPTL_PRD_TYPE_CD,KBC,KBC_WPTL_PRD,WPTL_PRD_TYPE_CD,
KBC,KBC_WPTL_PRD,PRD_SLL_UPRC,KBC,KBC_WPTL_PRD,PRD_SLL_UPRC,
KBC,KBC_WPTL_PRD,WPTL_PRD_CRD_TYPE_CD,KBC,KBC_WPTL_PRD,WPTL_PRD_CRD_TYPE_CD,
KBC,KBC_WPTL_PRD,WPTL_CRD_DSG_TYPE_CD,KBC,KBC_WPTL_PRD,WPTL_CRD_DSG_TYPE_CD,
KBC,KBC_WPTL_PRD,WPTL_BSC_DSG_TPL_NO,KBC,KBC_WPTL_PRD,WPTL_BSC_DSG_TPL_NO,
KBC,KBC_WPTL_PRD,WPTL_CSTZ_CRD_DSG_NO,KBC,KBC_WPTL_PRD,WPTL_CSTZ_CRD_DSG_NO,
KBC,KBC_WPTL_PRD,WPTL_CRD_ADN_FNC_AC_YN,KBC,KBC_WPTL_PRD,WPTL_CRD_ADN_FNC_AC_YN,
KBC,KBC_WPTL_PRD,WPTL_CRD_ADN_FNC_TC_YN,KBC,KBC_WPTL_PRD,WPTL_CRD_ADN_FNC_TC_YN,
KBC,KBC_WPTL_PRD,SYS_CRE_DTTM,KBC,KBC_WPTL_PRD,,"from_unixtime(unix_timestamp(SYS_CRE_DTTM, 'yyyy/MM/dd HH:mm:ss'))"
KBC,KBC_WPTL_PRD,SYS_UPD_DTTM,KBC,KBC_WPTL_PRD,,"from_unixtime(unix_timestamp(SYS_UPD_DTTM, 'yyyy/MM/dd HH:mm:ss'))"
KBC,KBC_WPTL_PRD,DSG_FILE_CFM_DTTM,KBC,KBC_WPTL_PRD,,"from_unixtime(unix_timestamp(DSG_FILE_CFM_DTTM, 'yyyy/MM/dd HH:mm:ss'))"
KBC,KBC_WPTL_PRD,WPTL_USER_NO,KBC,KBC_WPTL_PRD,WPTL_USER_NO,
KBC,KBC_WPTL_PRD,WPTL_ENTP_NO,KBC,KBC_WPTL_PRD,WPTL_ENTP_NO,
KBC,KBC_WPTL_PRD,WLPO_CRD_NM_WRTE_TYPE_CD,KBC,KBC_WPTL_PRD,WLPO_CRD_NM_WRTE_TYPE_CD,
KBC,KBC_WPTL_PRD,WLPO_CORP_ENM,KBC,KBC_WPTL_PRD,WLPO_CORP_ENM,
KBC,KBC_WPTL_PRD,LMT_OVR_NFCT_YN,KBC,KBC_WPTL_PRD,LMT_OVR_NFCT_YN,
KBC,KBC_WPTL_PRD,MB_RLTG_CRD_DV_CD,KBC,KBC_WPTL_PRD,MB_RLTG_CRD_DV_CD,
KBC,KBC_WPTL_PRD,MM_USE_LMT_AMT,KBC,KBC_WPTL_PRD,MM_USE_LMT_AMT,
KBC,KBC_WPTL_PRD,RC_ID,KBC,KBC_WPTL_PRD,RC_ID,
KBC,KBC_WPTL_RCG,WPTL_RCG_NO,KBC,KBC_WPTL_RCG,WPTL_RCG_NO,
KBC,KBC_WPTL_RCG,RCG_ID,KBC,KBC_WPTL_RCG,RCG_ID,
KBC,KBC_WPTL_RCG,WPTL_ENTP_NO,KBC,KBC_WPTL_RCG,WPTL_ENTP_NO,
KBC,KBC_WPTL_RCG,SYS_CRE_DTTM,KBC,KBC_WPTL_RCG,,"from_unixtime(unix_timestamp(SYS_CRE_DTTM, 'yyyy/MM/dd HH:mm:ss'))"
KBC,KBC_WPTL_RCG,SYS_UPD_DTTM,KBC,KBC_WPTL_RCG,,"from_unixtime(unix_timestamp(SYS_UPD_DTTM, 'yyyy/MM/dd HH:mm:ss'))"
KBC,KBC_WPTL_RCG,WPTL_RCG_ST_CD,KBC,KBC_WPTL_RCG,WPTL_RCG_ST_CD,
KCPS,COUPON_ACQUIRER_MAPPING,ASP_ID,KCPS,COUPON_ACQUIRER_MAPPING,ASP_ID,
KCPS,COUPON_ACQUIRER_MAPPING,CPN_ID,KCPS,COUPON_ACQUIRER_MAPPING,COUPON_ID,
KCPS,COUPON_ACQUIRER_MAPPING,F6D_ACQR_ID,KCPS,COUPON_ACQUIRER_MAPPING,ACQUIRER_ID,
KCPS,COUPON_ACQUIRER_MAPPING,SYS_CRE_DTTM,KCPS,COUPON_ACQUIRER_MAPPING,,"from_unixtime(to_unix_timestamp(CREATED, 'yyyy/MM/dd HH:mm:ss'))"
KCPS,COUPON_GROUP_INFO,ASP_ID,KCPS,COUPON_GROUP_INFO,ASP_ID,
KCPS,COUPON_GROUP_INFO,CPN_GRP_ID,KCPS,COUPON_GROUP_INFO,GROUP_ID,
KCPS,COUPON_GROUP_INFO,CPN_LM_CNT_INIT_CYC_TYPE_CD,KCPS,COUPON_GROUP_INFO,ALLOCATE_CYCLE_TYPE,
KCPS,COUPON_GROUP_INFO,SYS_CRE_DTTM,KCPS,COUPON_GROUP_INFO,,"from_unixtime(to_unix_timestamp(CREATED, 'yyyy/MM/dd HH:mm:ss'))"
KCPS,COUPON_GROUP_INFO,CPN_GRP_NM,KCPS,COUPON_GROUP_INFO,NAME,
KCPS,COUPON_GROUP_INFO,CPN_GRP_DSCR_CN,KCPS,COUPON_GROUP_INFO,DESTINATION,
KCPS,COUPON_GROUP_INFO,SYS_UPD_DTTM,KCPS,COUPON_GROUP_INFO,,"from_unixtime(to_unix_timestamp(UPDATED, 'yyyy/MM/dd HH:mm:ss'))"
KCPS,COUPON_GROUPING,ASP_ID,KCPS,COUPON_GROUPING,ASP_ID,
KCPS,COUPON_GROUPING,CPN_ID,KCPS,COUPON_GROUPING,COUPON_ID,
KCPS,COUPON_GROUPING,CPN_GRP_ID,KCPS,COUPON_GROUPING,GROUP_ID,
KCPS,COUPON_GROUPING,CPN_DUP_ISU_DV_CD,KCPS,COUPON_GROUPING,USER_ALLOCATE_COUNT,
KCPS,COUPON_GROUPING,SYS_CRE_DTTM,KCPS,COUPON_GROUPING,,"from_unixtime(to_unix_timestamp(CREATED, 'yyyy/MM/dd HH:mm:ss'))"
KCPS,CUSTOM_POLICY,CPN_ID,KCPS,CUSTOM_POLICY,COUPON_ID,
KCPS,CUSTOM_POLICY,ASP_ID,KCPS,CUSTOM_POLICY,ASP_ID,
KCPS,CUSTOM_POLICY,CPN_FCVAL_MAX_STN_AMT,KCPS,CUSTOM_POLICY,MAX_LIMIT_VALUE,
KCPS,CUSTOM_POLICY,CPN_FCVAL_MINM_STN_AMT,KCPS,CUSTOM_POLICY,MIN_LIMIT_VALUE,
KCPS,CUSTOM_POLICY,SYS_CRE_DTTM,KCPS,CUSTOM_POLICY,,"from_unixtime(to_unix_timestamp(CREATED, 'yyyy/MM/dd HH:mm:ss'))"
KCPS,CUSTOM_POLICY,SYS_UPD_DTTM,KCPS,CUSTOM_POLICY,,"from_unixtime(to_unix_timestamp(UPDATED, 'yyyy/MM/dd HH:mm:ss'))"
KCPS,KCON_ISU,KCON_ID,KCPS,KCON_ISU,KCON_ID,
KCPS,KCON_ISU,KCON_NO,KCPS,KCON_ISU,KCON_NO,
KCPS,KCON_ISU,MBR_ID,KCPS,KCON_ISU,MBR_ID,
KCPS,KCON_ISU,KCON_TR_ID,KCPS,KCON_ISU,KCON_TR_ID,
KCPS,KCON_ISU,FCVAL,KCPS,KCON_ISU,FCVAL,
KCPS,KCON_ISU,BALA,KCPS,KCON_ISU,BALA,
KCPS,KCON_ISU,VL_PRID_EXN_DT,KCPS,KCON_ISU,VL_PRID_EXN_DT,
KCPS,KCON_ISU,VL_PRID_EXTS_YN,KCPS,KCON_ISU,VL_PRID_EXTS_YN,
KCPS,KCON_ISU,ISU_DTTM,KCPS,KCON_ISU,,"to_timestamp(ISU_DTTM, 'yyyy/MM/dd HH:mm:ss.SSS')"
KCPS,KCON_ISU,KCON_ST_CD,KCPS,KCON_ISU,KCON_ST_CD,
KCPS,KCON_ISU,KCON_DTL_ST_CD,KCPS,KCON_ISU,KCON_DTL_ST_CD,
KCPS,KCON_ISU,OUTS_TR_NO,KCPS,KCON_ISU,OUTS_TR_NO,
KCPS,KCON_ISU,SYNC_DTL_DTTM,KCPS,KCON_ISU,,"to_timestamp(SYNC_DTL_DTTM, 'yyyy/MM/dd HH:mm:ss.SSS')"
KCPS,KCON_ISU,SYS_CRE_DTTM,KCPS,KCON_ISU,,"to_timestamp(SYS_CRE_DTTM, 'yyyy/MM/dd HH:mm:ss.SSS')"
KCPS,KCON_ISU,SYS_UPD_DTTM,KCPS,KCON_ISU,,"to_timestamp(SYS_UPD_DTTM, 'yyyy/MM/dd HH:mm:ss.SSS')"
KCPS,KCON_PBLS_PRD_PLCY,PBLS_PRD_ID,KCPS,KCON_PBLS_PRD_PLCY,PBLS_PRD_ID,
KCPS,KCON_PBLS_PRD_PLCY,OUTS_PBLS_DV_CD,KCPS,KCON_PBLS_PRD_PLCY,OUTS_PBLS_DV_CD,
KCPS,KCON_PBLS_PRD_PLCY,PBLS_BRAN_ID,KCPS,KCON_PBLS_PRD_PLCY,PBLS_BRAN_ID,
KCPS,KCON_PBLS_PRD_PLCY,BRAN_NM,KCPS,KCON_PBLS_PRD_PLCY,BRAN_NM,
KCPS,KCON_PBLS_PRD_PLCY,PRD_NM,KCPS,KCON_PBLS_PRD_PLCY,PRD_NM,
KCPS,KCON_PBLS_PRD_PLCY,FCVAL,KCPS,KCON_PBLS_PRD_PLCY,FCVAL,
KCPS,KCON_PBLS_PRD_PLCY,SLPC,KCPS,KCON_PBLS_PRD_PLCY,SLPC,
KCPS,KCON_PBLS_PRD_PLCY,SPRC,KCPS,KCON_PBLS_PRD_PLCY,SPRC,
KCPS,KCON_PBLS_PRD_PLCY,VL_PRID_DCNT,KCPS,KCON_PBLS_PRD_PLCY,VL_PRID_DCNT,
KCPS,KCON_PBLS_PRD_PLCY,TXN_YN,KCPS,KCON_PBLS_PRD_PLCY,TXN_YN,
KCPS,KCON_PBLS_PRD_PLCY,VAT_INCL_YN,KCPS,KCON_PBLS_PRD_PLCY,VAT_INCL_YN,
KCPS,KCON_PBLS_PRD_PLCY,SLL_PSBL_YN,KCPS,KCON_PBLS_PRD_PLCY,SLL_PSBL_YN,
KCPS,KCON_PBLS_PRD_PLCY,DATA_INFW_PTH_NM,KCPS,KCON_PBLS_PRD_PLCY,DATA_INFW_PTH_NM,
KCPS,KCON_PBLS_PRD_PLCY,LAST_UPD_DTTM,KCPS,KCON_PBLS_PRD_PLCY,,"cast(translate(LAST_UPD_DTTM, '/', '-') as timestamp)"
KCPS,KCON_PBLS_PRD_PLCY,SYNC_DTL_DTTM,KCPS,KCON_PBLS_PRD_PLCY,,"cast(translate(SYNC_DTL_DTTM, '/', '-') as timestamp)"
KCPS,KCON_PBLS_PRD_PLCY,SYS_CRE_DTTM,KCPS,KCON_PBLS_PRD_PLCY,,"cast(translate(SYS_CRE_DTTM, '/', '-') as timestamp)"
KCPS,KCON_PBLS_PRD_PLCY,SYS_UPD_DTTM,KCPS,KCON_PBLS_PRD_PLCY,,"cast(translate(SYS_UPD_DTTM, '/', '-') as timestamp)"
KCPS,KCON_PLCY,KCON_ID,KCPS,KCON_PLCY,KCON_ID,
KCPS,KCON_PLCY,ASP_ID,KCPS,KCON_PLCY,ASP_ID,
KCPS,KCON_PLCY,OUTS_PBLS_DV_CD,KCPS,KCON_PLCY,OUTS_PBLS_DV_CD,
KCPS,KCON_PLCY,PBLS_BRAN_ID,KCPS,KCON_PLCY,PBLS_BRAN_ID,
KCPS,KCON_PLCY,PBLS_PRD_ID,KCPS,KCON_PLCY,PBLS_PRD_ID,
KCPS,KCON_PLCY,MB_GFCT_BRAN_PLCY_ID,KCPS,KCON_PLCY,MB_GFCT_BRAN_PLCY_ID,
KCPS,KCON_PLCY,SLL_PSBL_YN,KCPS,KCON_PLCY,SLL_PSBL_YN,
KCPS,KCON_PLCY,SLL_STRT_DTTM,KCPS,KCON_PLCY,,"cast(translate(SLL_STRT_DTTM, '/', '-') as timestamp)"
KCPS,KCON_PLCY,SLL_END_DTTM,KCPS,KCON_PLCY,,"cast(translate(SLL_END_DTTM, '/', '-') as timestamp)"
KCPS,KCON_PLCY,PRD_SLL_DCRT,KCPS,KCON_PLCY,PRD_SLL_DCRT,
KCPS,KCON_PLCY,RAL_SLPC,KCPS,KCON_PLCY,RAL_SLPC,
KCPS,KCON_PLCY,STC_PSBL_DCNT,KCPS,KCON_PLCY,STC_PSBL_DCNT,
KCPS,KCON_PLCY,CNCL_PSBL_YN,KCPS,KCON_PLCY,CNCL_PSBL_YN,
KCPS,KCON_PLCY,VL_PRID_EXTS_PSBL_YN,KCPS,KCON_PLCY,VL_PRID_EXTS_PSBL_YN,
KCPS,KCON_PLCY,ONCE_BUY_LMT_QTY,KCPS,KCON_PLCY,ONCE_BUY_LMT_QTY,
KCPS,KCON_PLCY,DD_BUY_LMT_QTY,KCPS,KCON_PLCY,DD_BUY_LMT_QTY,
KCPS,KCON_PLCY,MM_BUY_LMT_QTY,KCPS,KCON_PLCY,MM_BUY_LMT_QTY,
KCPS,KCON_PLCY,TOT_BUY_LMT_QTY,KCPS,KCON_PLCY,TOT_BUY_LMT_QTY,
KCPS,KCON_PLCY,TG_NM,KCPS,KCON_PLCY,TG_NM,
KCPS,KCON_PLCY,KWD_NM,KCPS,KCON_PLCY,KWD_NM,
KCPS,KCON_PLCY,ADM_CHCE_LNUP_ODE,KCPS,KCON_PLCY,ADM_CHCE_LNUP_ODE,
KCPS,KCON_PLCY,SYS_CRE_DTTM,KCPS,KCON_PLCY,,"cast(translate(SYS_CRE_DTTM, '/', '-') as timestamp)"
KCPS,KCON_PLCY,SYS_UPD_DTTM,KCPS,KCON_PLCY,,"cast(translate(SYS_UPD_DTTM, '/', '-') as timestamp)"
KCPS,KCON_PLCY,KCON_PRD_DV_CD,KCPS,KCON_PLCY,KCON_PRD_DV_CD,
KCPS,KCON_PLCY,TG_CLOR_TYPE_CD,KCPS,KCON_PLCY,TG_CLOR_TYPE_CD,
KCPS,KCPS_ADMIN_HISTORY,ADM_CPN_SNO,KCPS,KCPS_ADMIN_HISTORY,SEQ,
KCPS,KCPS_ADMIN_HISTORY,ASP_ID,KCPS,KCPS_ADMIN_HISTORY,ASP_ID,
KCPS,KCPS_ADMIN_HISTORY,CPN_ADM_DSB_RQS_BAT_SNO,KCPS,KCPS_ADMIN_HISTORY,BATCH_ID,
KCPS,KCPS_ADMIN_HISTORY,ENC_CPN_NO,KCPS,KCPS_ADMIN_HISTORY,COUPON_NO,
KCPS,KCPS_ADMIN_HISTORY,CPN_ISU_PRCS_TYPE_CD,KCPS,KCPS_ADMIN_HISTORY,TR_TYPE,
KCPS,KCPS_ADMIN_HISTORY,PRCR_CD,KCPS,KCPS_ADMIN_HISTORY,RESULT,
KCPS,KCPS_ADMIN_HISTORY,DATA_CRE_DTTM,KCPS,KCPS_ADMIN_HISTORY,,"from_unixtime(unix_timestamp(CREATED, 'yyyy/MM/dd HH:mm:ss'))"
KCPS,KCPS_ADMIN_HISTORY,DATA_UPD_DTTM,KCPS,KCPS_ADMIN_HISTORY,,"from_unixtime(unix_timestamp(UPDATED, 'yyyy/MM/dd HH:mm:ss'))"
KCPS,KCPS_ADMIN_HISTORY,MBR_ID,KCPS,KCPS_ADMIN_HISTORY,TARGET_USER_ID,
KCPS,KCPS_ADMIN_HISTORY,NFCT_MSG_TRSF_TYPE_CD,KCPS,KCPS_ADMIN_HISTORY,NOTIFICATION_TYPE,
KCPS,KCPS_ADMIN_HISTORY,SYS_CRE_DTTM,KCPS,KCPS_ADMIN_HISTORY,,"from_unixtime(unix_timestamp(SYS_CRE_DTTM, 'yyyy/MM/dd HH:mm:ss'))"
KCPS,KCPS_ADMIN_HISTORY,SYS_UPD_DTTM,KCPS,KCPS_ADMIN_HISTORY,,"from_unixtime(unix_timestamp(SYS_UPD_DTTM, 'yyyy/MM/dd HH:mm:ss'))"
KCPS,KCPS_ADMIN_HISTORY_DISABLED,SNO,KCPS,KCPS_ADMIN_HISTORY_DISABLED,KEY,
KCPS,KCPS_ADMIN_HISTORY_DISABLED,MBR_ID,KCPS,KCPS_ADMIN_HISTORY_DISABLED,USER_ID,
KCPS,KCPS_ADMIN_HISTORY_DISABLED,SYS_CRE_DTTM,KCPS,KCPS_ADMIN_HISTORY_DISABLED,,"from_unixtime(to_unix_timestamp(CREATED, 'yyyy/MM/dd HH:mm:ss'))"
KCPS,KCPS_ADMIN_HISTORY_DISABLED,ASP_ID,KCPS,KCPS_ADMIN_HISTORY_DISABLED,ASP_ID,
KCPS,KCPS_COUPON_ISSUE,CPN_ID,KCPS,KCPS_COUPON_ISSUE,COUPON_ID,
KCPS,KCPS_COUPON_ISSUE,CPN_NO,KCPS,KCPS_COUPON_ISSUE,COUPON_NO,
KCPS,KCPS_COUPON_ISSUE,MBR_ID,KCPS,KCPS_COUPON_ISSUE,USER_ID,
KCPS,KCPS_COUPON_ISSUE,ISU_DT,KCPS,KCPS_COUPON_ISSUE,ISSUED_DATE,
KCPS,KCPS_COUPON_ISSUE,CPN_USE_VL_PRID_DT,KCPS,KCPS_COUPON_ISSUE,EXPIRY_DATE,
KCPS,KCPS_COUPON_ISSUE,NR_NO,KCPS,KCPS_COUPON_ISSUE,NR_NUMBER,
KCPS,KCPS_COUPON_ISSUE,GIFT_ID,KCPS,KCPS_COUPON_ISSUE,GIFT_ID,
KCPS,KCPS_COUPON_ISSUE,PCS_CD,KCPS,KCPS_COUPON_ISSUE,PROCESSING_CODE,
KCPS,KCPS_COUPON_ISSUE,ISU_USE_CRD_PAR_NO,KCPS,KCPS_COUPON_ISSUE,SOURCE_PAR,
KCPS,KCPS_COUPON_ISSUE,STLM_PAR_NO,KCPS,KCPS_COUPON_ISSUE,TARGET_PAR,
KCPS,KCPS_COUPON_ISSUE,CPN_ISU_RQS_TYPE_CD,KCPS,KCPS_COUPON_ISSUE,REQUEST_TYPE,
KCPS,KCPS_COUPON_ISSUE,ISD_PI_CPN_VL_PRID_EXTS_TMCNT,KCPS,KCPS_COUPON_ISSUE,VALIDITY_EXTENSION_COUNT,
KCPS,KCPS_COUPON_ISSUE,RSVT_STRT_DTL_DTTM,KCPS,KCPS_COUPON_ISSUE,,"from_unixtime(unix_timestamp(RESERVATION_START_DATETIME, 'yyyy/MM/dd HH:mm:ss'))"
KCPS,KCPS_COUPON_ISSUE,RSVT_VL_TM_SEC_CNT,KCPS,KCPS_COUPON_ISSUE,RESERVATION_DURATION,
KCPS,KCPS_COUPON_ISSUE,ISU_CNCL_ST_CD,KCPS,KCPS_COUPON_ISSUE,ISSUE_STATUS,
KCPS,KCPS_COUPON_ISSUE,USE_ST_CD,KCPS,KCPS_COUPON_ISSUE,USAGE_STATUS,
KCPS,KCPS_COUPON_ISSUE,CSHP_BUY_NO,KCPS,KCPS_COUPON_ISSUE,SHOP_PURCHASE_ID,
KCPS,KCPS_COUPON_ISSUE,data_cre_dttm,KCPS,KCPS_COUPON_ISSUE,,"from_unixtime(unix_timestamp(CREATED, 'yyyy/MM/dd HH:mm:ss'))"
KCPS,KCPS_COUPON_ISSUE,data_upd_dttm,KCPS,KCPS_COUPON_ISSUE,,"from_unixtime(unix_timestamp(UPDATED, 'yyyy/MM/dd HH:mm:ss'))"
KCPS,KCPS_COUPON_ISSUE,CPN_TYPE_CD,KCPS,KCPS_COUPON_ISSUE,COUPON_TYPE,
KCPS,KCPS_COUPON_ISSUE,PRD_SLL_TYPE_CD,KCPS,KCPS_COUPON_ISSUE,COUPON_SALES_TYPE,
KCPS,KCPS_COUPON_ISSUE,CPN_BNF_MHD_CD,KCPS,KCPS_COUPON_ISSUE,COUPON_SUB_TYPE,
KCPS,KCPS_COUPON_ISSUE,ASP_ID,KCPS,KCPS_COUPON_ISSUE,ASP_ID,
KCPS,KCPS_COUPON_ISSUE,PROMOTION_ID,KCPS,KCPS_COUPON_ISSUE,PROMOTION_ID,
KCPS,KCPS_COUPON_ISSUE,ISU_CPN_ACT_ST_CD,KCPS,KCPS_COUPON_ISSUE,STATUS,
KCPS,KCPS_COUPON_ISSUE,CPN_DTL_ST_CD,KCPS,KCPS_COUPON_ISSUE,STATUS_CODE,
KCPS,KCPS_COUPON_ISSUE,PI_CPN_EXTN_PRSCR_DT,KCPS,KCPS_COUPON_ISSUE,EXTINCTION_DATE,
KCPS,KCPS_COUPON_ISSUE,BEF_CPN_OWN_MBR_ID,KCPS,KCPS_COUPON_ISSUE,PREV_OWNER_ID,
KCPS,KCPS_COUPON_ISSUE,PI_CPN_IDV_SLL_UPRC,KCPS,KCPS_COUPON_ISSUE,UNIT_SALES_PRICE,
KCPS,KCPS_COUPON_ISSUE,CPN_SCRN_DEL_YN,KCPS,KCPS_COUPON_ISSUE,DELETE_YN,
KCPS,KCPS_COUPON_ISSUE,CRNT_CPN_OWN_MBR_ID,KCPS,KCPS_COUPON_ISSUE,OWNER_ID,
KCPS,KCPS_COUPON_ISSUE,RWD_NO,KCPS,KCPS_COUPON_ISSUE,RT_NUMBER,
KCPS,KCPS_COUPON_ISSUE,EVT_RWD_ID,KCPS,KCPS_COUPON_ISSUE,PROMOTION_ID_V2,
KCPS,KCPS_COUPON_ISSUE,UUSE_CPN_ISU_RNFC_PRID_DCNT,KCPS,KCPS_COUPON_ISSUE,ISSUE_REMIND_PERIOD,
KCPS,KCPS_COUPON_ISSUE,CUTM_CPN_STN_YN,KCPS,KCPS_COUPON_ISSUE,CUSTOM_YN,
KCPS,KCPS_COUPON_ISSUE,CUTM_CPN_FCVAL,KCPS,KCPS_COUPON_ISSUE,CUSTOM_VALUE,
KCPS,KCPS_COUPON_ISSUE,CPN_ISU_TYPE_VAL,KCPS,KCPS_COUPON_ISSUE,ISSUE_CODE,
KCPS,KCPS_COUPON_ISSUE,CLR_TRGT_CD,KCPS,KCPS_COUPON_ISSUE,SETTLE_TYPE,
KCPS,KCPS_COUPON_ISSUE,SYS_CRE_DTTM,KCPS,KCPS_COUPON_ISSUE,,"from_unixtime(unix_timestamp(SYS_CRE_DTTM, 'yyyy/MM/dd HH:mm:ss'))"
KCPS,KCPS_COUPON_ISSUE,SYS_UPD_DTTM,KCPS,KCPS_COUPON_ISSUE,,"from_unixtime(unix_timestamp(SYS_UPD_DTTM, 'yyyy/MM/dd HH:mm:ss'))"
KCPS,KCPS_COUPON_USAGE_HISTORY,CPN_USE_HIST_SNO,KCPS,KCPS_COUPON_USAGE_HISTORY,SEQ,
KCPS,KCPS_COUPON_USAGE_HISTORY,MBR_ID,KCPS,KCPS_COUPON_USAGE_HISTORY,USER_ID,
KCPS,KCPS_COUPON_USAGE_HISTORY,CPN_ID,KCPS,KCPS_COUPON_USAGE_HISTORY,COUPON_ID,
KCPS,KCPS_COUPON_USAGE_HISTORY,CPN_NO,KCPS,KCPS_COUPON_USAGE_HISTORY,COUPON_NO,
KCPS,KCPS_COUPON_USAGE_HISTORY,CPN_TYPE_CD,KCPS,KCPS_COUPON_USAGE_HISTORY,COUPON_TYPE,
KCPS,KCPS_COUPON_USAGE_HISTORY,SUB_DC_BNF_CD,KCPS,KCPS_COUPON_USAGE_HISTORY,COUPON_SUB_TYPE,
KCPS,KCPS_COUPON_USAGE_HISTORY,MTI_CD,KCPS,KCPS_COUPON_USAGE_HISTORY,MTI,
KCPS,KCPS_COUPON_USAGE_HISTORY,APV_DTL_DTTM,KCPS,KCPS_COUPON_USAGE_HISTORY,,"from_unixtime(unix_timestamp(APPROVAL_DATETIME, 'yyyy/MM/dd HH:mm:ss'))"
KCPS,KCPS_COUPON_USAGE_HISTORY,NR_NO,KCPS,KCPS_COUPON_USAGE_HISTORY,NR_NUMBER,
KCPS,KCPS_COUPON_USAGE_HISTORY,CPN_USE_CNCL_PAR_NO,KCPS,KCPS_COUPON_USAGE_HISTORY,PAR,
KCPS,KCPS_COUPON_USAGE_HISTORY,ORG_TR_NR_NO,KCPS,KCPS_COUPON_USAGE_HISTORY,ORG_NR_NUMBER,
KCPS,KCPS_COUPON_USAGE_HISTORY,CNCL_ST_CD,KCPS,KCPS_COUPON_USAGE_HISTORY,REVERSAL_STATUS,
KCPS,KCPS_COUPON_USAGE_HISTORY,CNCL_APV_DTL_DTTM,KCPS,KCPS_COUPON_USAGE_HISTORY,,"from_unixtime(unix_timestamp(REVERSAL_DATETIME, 'yyyy/MM/dd HH:mm:ss'))"
KCPS,KCPS_COUPON_USAGE_HISTORY,STLM_MC_ID,KCPS,KCPS_COUPON_USAGE_HISTORY,MERCHANT_ID,
KCPS,KCPS_COUPON_USAGE_HISTORY,ACQR_DV_CD,KCPS,KCPS_COUPON_USAGE_HISTORY,MERCHANT_TYPE,
KCPS,KCPS_COUPON_USAGE_HISTORY,DC_BNF_SNO,KCPS,KCPS_COUPON_USAGE_HISTORY,DISCOUNT_SEQ,
KCPS,KCPS_COUPON_USAGE_HISTORY,DC_BNF_CD,KCPS,KCPS_COUPON_USAGE_HISTORY,DISCOUNT_TYPE,
KCPS,KCPS_COUPON_USAGE_HISTORY,CPN_DC_DV_CD,KCPS,KCPS_COUPON_USAGE_HISTORY,DISCOUNT_VALUE_TYPE,
KCPS,KCPS_COUPON_USAGE_HISTORY,CPN_PLCY_DC_VAL,KCPS,KCPS_COUPON_USAGE_HISTORY,DISCOUNT_VALUE,
KCPS,KCPS_COUPON_USAGE_HISTORY,DC_AMT,KCPS,KCPS_COUPON_USAGE_HISTORY,DISCOUNT_AMT,
KCPS,KCPS_COUPON_USAGE_HISTORY,CUST_STLM_RQS_AMT,KCPS,KCPS_COUPON_USAGE_HISTORY,ORG_AMT,
KCPS,KCPS_COUPON_USAGE_HISTORY,DATA_CRE_DTTM,KCPS,KCPS_COUPON_USAGE_HISTORY,,"from_unixtime(unix_timestamp(CREATED, 'yyyy/MM/dd HH:mm:ss'))"
KCPS,KCPS_COUPON_USAGE_HISTORY,DATA_UPD_DTTM,KCPS,KCPS_COUPON_USAGE_HISTORY,,"from_unixtime(unix_timestamp(UPDATED, 'yyyy/MM/dd HH:mm:ss'))"
KCPS,KCPS_COUPON_USAGE_HISTORY,SVC_SLL_TYPE_CD,KCPS,KCPS_COUPON_USAGE_HISTORY,COUPON_SALES_TYPE,
KCPS,KCPS_COUPON_USAGE_HISTORY,BEFORE_USAGE_STATUS,KCPS,KCPS_COUPON_USAGE_HISTORY,BEFORE_USAGE_STATUS,
KCPS,KCPS_COUPON_USAGE_HISTORY,AFTER_USAGE_STATUS,KCPS,KCPS_COUPON_USAGE_HISTORY,AFTER_USAGE_STATUS,
KCPS,KCPS_COUPON_USAGE_HISTORY,ASP_ID,KCPS,KCPS_COUPON_USAGE_HISTORY,ASP_ID,
KCPS,KCPS_COUPON_USAGE_HISTORY,DC_CON_SNO,KCPS,KCPS_COUPON_USAGE_HISTORY,DISCOUNT_CONTRACT_ID,
KCPS,KCPS_COUPON_USAGE_HISTORY,CALC_DCRT,KCPS,KCPS_COUPON_USAGE_HISTORY,DISCOUNT_RATE,
KCPS,KCPS_COUPON_USAGE_HISTORY,SYS_CRE_DTTM,KCPS,KCPS_COUPON_USAGE_HISTORY,,"from_unixtime(unix_timestamp(SYS_CRE_DTTM, 'yyyy/MM/dd HH:mm:ss'))"
KCPS,KCPS_COUPON_USAGE_HISTORY,SYS_UPD_DTTM,KCPS,KCPS_COUPON_USAGE_HISTORY,,"from_unixtime(unix_timestamp(SYS_UPD_DTTM, 'yyyy/MM/dd HH:mm:ss'))"
KCPS,POLICY_CONDITION_MAPPING,SNO,KCPS,POLICY_CONDITION_MAPPING,SEQ,
KCPS,POLICY_CONDITION_MAPPING,ASP_ID,KCPS,POLICY_CONDITION_MAPPING,ASP_ID,
KCPS,POLICY_CONDITION_MAPPING,CPN_ID,KCPS,POLICY_CONDITION_MAPPING,COUPON_ID,
KCPS,POLICY_CONDITION_MAPPING,CPN_DOWN_CND_PLCY_ID,KCPS,POLICY_CONDITION_MAPPING,CONDITION_ID,
KCPS,POLICY_CONDITION_MAPPING,CPN_DNLD_CND_TYPE_CD,KCPS,POLICY_CONDITION_MAPPING,CONDITION_TYPE,
KCPS,POLICY_CONDITION_MAPPING,CND_PLCY_USE_STRT_DTTM,KCPS,POLICY_CONDITION_MAPPING,,"from_unixtime(to_unix_timestamp(START_DATE, 'yyyy/MM/dd HH:mm:ss'))"
KCPS,POLICY_CONDITION_MAPPING,CND_PLCY_USE_END_DTTM,KCPS,POLICY_CONDITION_MAPPING,,"from_unixtime(to_unix_timestamp(END_DATE, 'yyyy/MM/dd HH:mm:ss'))"
KCPS,POLICY_CONDITION_MAPPING,SYS_CRE_DTTM,KCPS,POLICY_CONDITION_MAPPING,,"from_unixtime(to_unix_timestamp(CREATED, 'yyyy/MM/dd HH:mm:ss'))"
KCPS,POLICY_CONDITION_MAPPING,SYS_UPD_DTTM,KCPS,POLICY_CONDITION_MAPPING,,"from_unixtime(to_unix_timestamp(UPDATED, 'yyyy/MM/dd HH:mm:ss'))"
KCPS,POLICY_ISSUE_CONDITION,SNO,KCPS,POLICY_ISSUE_CONDITION,SEQ,
KCPS,POLICY_ISSUE_CONDITION,CPN_DOWN_CND_PLCY_ID,KCPS,POLICY_ISSUE_CONDITION,CONDITION_ID,
KCPS,POLICY_ISSUE_CONDITION,CONDITION_INDEX,KCPS,POLICY_ISSUE_CONDITION,CONDITION_INDEX,
KCPS,POLICY_ISSUE_CONDITION,CPN_DOWN_CND_CN,KCPS,POLICY_ISSUE_CONDITION,VALUE,
KCPS,POLICY_ISSUE_CONDITION,SYS_CRE_DTTM,KCPS,POLICY_ISSUE_CONDITION,,"from_unixtime(to_unix_timestamp(CREATED, 'yyyy/MM/dd HH:mm:ss'))"
KCPS,POLICY_ISSUE_CONDITION,SYS_UPD_DTTM,KCPS,POLICY_ISSUE_CONDITION,,"from_unixtime(to_unix_timestamp(UPDATED, 'yyyy/MM/dd HH:mm:ss'))"
KCPS,POLICY_ISSUE_CONDITION,CND_FLD_NM,KCPS,POLICY_ISSUE_CONDITION,CONDITION_FIELD,
KCPS,PROMOTION_INFO,SNO,KCPS,PROMOTION_INFO,SEQ,
KCPS,PROMOTION_INFO,ASP_ID,KCPS,PROMOTION_INFO,ASP_ID,
KCPS,PROMOTION_INFO,CPN_ID,KCPS,PROMOTION_INFO,COUPON_ID,
KCPS,PROMOTION_INFO,PRMN_CD,KCPS,PROMOTION_INFO,PROMO_CODE,
KCPS,PROMOTION_INFO,STRT_DTTM,KCPS,PROMOTION_INFO,,"from_unixtime(unix_timestamp(START_DATE, 'yyyy/MM/dd HH:mm:ss'))"
KCPS,PROMOTION_INFO,END_DTTM,KCPS,PROMOTION_INFO,,"from_unixtime(unix_timestamp(END_DATE, 'yyyy/MM/dd HH:mm:ss'))"
KCPS,PROMOTION_INFO,SYS_CRE_DTTM,KCPS,PROMOTION_INFO,,"from_unixtime(unix_timestamp(CREATED, 'yyyy/MM/dd HH:mm:ss'))"
KNOTIFY,KAKAO_SMS_TEMPLATE,KKO_SMS_TPL_SNO,KNOTIFY,KAKAO_SMS_TEMPLATE,ID,
KNOTIFY,KAKAO_SMS_TEMPLATE,TPL_CD,KNOTIFY,KAKAO_SMS_TEMPLATE,TEMPLATE_CODE,
KNOTIFY,KAKAO_SMS_TEMPLATE,KKO_TPL_TYPE_CD,KNOTIFY,KAKAO_SMS_TEMPLATE,KAKAO_TEMPLATE_CODE,
KNOTIFY,KAKAO_SMS_TEMPLATE,SMS_SNDNG_MSG_NM,KNOTIFY,KAKAO_SMS_TEMPLATE,RESEND_MT_TITLE,
KNOTIFY,KAKAO_SMS_TEMPLATE,SMS_NFCT_TYPE_CD_SUB_CN,KNOTIFY,KAKAO_SMS_TEMPLATE,MESSAGE_TEMPLATE_CODE,
KNOTIFY,KAKAO_SMS_TEMPLATE,SYS_CRE_DTTM,KNOTIFY,KAKAO_SMS_TEMPLATE,,"from_unixtime(unix_timestamp(CREATED, 'yyyy/MM/dd HH:mm:ss'))"
KNOTIFY,KAKAO_SMS_TEMPLATE,SYS_UPD_DTTM,KNOTIFY,KAKAO_SMS_TEMPLATE,,"from_unixtime(unix_timestamp(UPDATED, 'yyyy/MM/dd HH:mm:ss'))"
KNOTIFY,KAKAO_SMS_TEMPLATE,VERNO,KNOTIFY,KAKAO_SMS_TEMPLATE,VERSION,
KNOTIFY,SMS_NOTIFICATION_DETAILS,SMS_NFCT_SNO,KNOTIFY,SMS_NOTIFICATION_DETAILS,ID,
KNOTIFY,SMS_NOTIFICATION_DETAILS,ASP_ID,KNOTIFY,SMS_NOTIFICATION_DETAILS,ASP_ID,
KNOTIFY,SMS_NOTIFICATION_DETAILS,MBR_ID,KNOTIFY,SMS_NOTIFICATION_DETAILS,USER_ID,
KNOTIFY,SMS_NOTIFICATION_DETAILS,PAR_NO,KNOTIFY,SMS_NOTIFICATION_DETAILS,PAR,
KNOTIFY,SMS_NOTIFICATION_DETAILS,SMS_NFCT_TYPE_CD_CN,KNOTIFY,SMS_NOTIFICATION_DETAILS,NOTIFICATION_TYPE,
KNOTIFY,SMS_NOTIFICATION_DETAILS,MSG_TPL_SNO,KNOTIFY,SMS_NOTIFICATION_DETAILS,TEMPLATE_ID,
KNOTIFY,SMS_NOTIFICATION_DETAILS,NAT_LANG_CD,KNOTIFY,SMS_NOTIFICATION_DETAILS,LOCALE,
KNOTIFY,SMS_NOTIFICATION_DETAILS,SMS_SNDNG_MSG_NM,KNOTIFY,SMS_NOTIFICATION_DETAILS,TITLE,
KNOTIFY,SMS_NOTIFICATION_DETAILS,SMS_DPH_OWR_VAL,KNOTIFY,SMS_NOTIFICATION_DETAILS,SENDER,
KNOTIFY,SMS_NOTIFICATION_DETAILS,SMS_RQS_OWR_DV_CD,KNOTIFY,SMS_NOTIFICATION_DETAILS,REQUESTED_ID_TYPE,
KNOTIFY,SMS_NOTIFICATION_DETAILS,SYS_CRE_DTTM,KNOTIFY,SMS_NOTIFICATION_DETAILS,,"from_unixtime(unix_timestamp(CREATED, 'yyyy/MM/dd HH:mm:ss'))"
KNOTIFY,SMS_NOTIFICATION_DETAILS,SYS_UPD_DTTM,KNOTIFY,SMS_NOTIFICATION_DETAILS,,"from_unixtime(unix_timestamp(UPDATED, 'yyyy/MM/dd HH:mm:ss'))"
KNOTIFY,SMS_NOTIFICATION_DETAILS,VERNO,KNOTIFY,SMS_NOTIFICATION_DETAILS,VERSION,
KNOTIFY,SMS_NOTIFICATION_DETAILS,KKO_SMS_TPL_SNO,KNOTIFY,SMS_NOTIFICATION_DETAILS,KAKAO_SMS_TEMPLATE_ID,
KNOTIFY,SMS_NOTIFICATION_DETAILS,ITNC_TEL_ZON_CD,KNOTIFY,SMS_NOTIFICATION_DETAILS,ITNC_TEL_ZON_CD,
KNOTIFY,SMS_NOTIFICATION_DETAILS,pt_cre_dt,KNOTIFY,SMS_NOTIFICATION_DETAILS,,"translate(translate(substr(CREATED,1,8),'/',''),'-','')"
KODASP,AFFILIATE,PTN_ID,KODASP,AFFILIATE,PLAYER_ID,
KODASP,AFFILIATE,ROLE_CD,KODASP,AFFILIATE,ROLE_CD,
KODASP,AFFILIATE,REP_RC_ID,KODASP,AFFILIATE,RECHARGER_ID,
KODASP,AFFILIATE,ACT_ST_CD,KODASP,AFFILIATE,STATUS,
KODASP,AFFILIATE,SYS_CRE_DTTM,KODASP,AFFILIATE,,"from_unixtime(unix_timestamp(REG_DATE, 'yyyy/MM/dd HH:mm:ss'))"
KODASP,AFFILIATE,SYS_UPD_DTTM,KODASP,AFFILIATE,,"from_unixtime(unix_timestamp(UPDATE_DATE, 'yyyy/MM/dd HH:mm:ss'))"
KODASP,AFFILIATE,FYR_CRD_PNT_DSB_LMT_AMT,KODASP,AFFILIATE,MAX_POINT_LIMIT_AMT,
KODASP,AFFILIATE_ASP,KA_ID,KODASP,AFFILIATE_ASP,KA_ID,
KODASP,AFFILIATE_ASP,KA_ROLE_CD,KODASP,AFFILIATE_ASP,KA_ROLE_CD,
KODASP,AFFILIATE_ASP,ASP_ID,KODASP,AFFILIATE_ASP,PLAYER_ID,
KODASP,AFFILIATE_ASP,ROLE_CD,KODASP,AFFILIATE_ASP,ROLE_CD,
KODASP,AFFILIATE_ASP,SYS_CRE_DTTM,KODASP,AFFILIATE_ASP,,"from_unixtime(unix_timestamp(REG_DATE, 'yyyy/MM/dd HH:mm:ss'))"
KODASP,AFFILIATE_ASP,SYS_UPD_DTTM,KODASP,AFFILIATE_ASP,,"from_unixtime(unix_timestamp(UPDATE_DATE, 'yyyy/MM/dd HH:mm:ss'))"
KODASP,AFFILIATE_RECHARGER,KA_ID,KODASP,AFFILIATE_RECHARGER,KA_ID,
KODASP,AFFILIATE_RECHARGER,KA_ROLE_CD,KODASP,AFFILIATE_RECHARGER,KA_ROLE_CD,
KODASP,AFFILIATE_RECHARGER,RC_ID,KODASP,AFFILIATE_RECHARGER,PLAYER_ID,
KODASP,AFFILIATE_RECHARGER,RC_ROLE_CD,KODASP,AFFILIATE_RECHARGER,ROLE_CD,
KODASP,AFFILIATE_RECHARGER,AFC_RC_SNO,KODASP,AFFILIATE_RECHARGER,SEQ,
KODASP,AFFILIATE_RECHARGER,SYS_CRE_DTTM,KODASP,AFFILIATE_RECHARGER,,"from_unixtime(unix_timestamp(REG_DATE, 'yyyy/MM/dd HH:mm:ss'))"
KODASP,AFFILIATE_RECHARGER,SYS_UPD_DTTM,KODASP,AFFILIATE_RECHARGER,,"from_unixtime(unix_timestamp(UPDATE_DATE, 'yyyy/MM/dd HH:mm:ss'))"
KODASP,AFFILIATE_SVC_MAPPING,KA_ID,KODASP,AFFILIATE_SVC_MAPPING,KA_ID,
KODASP,AFFILIATE_SVC_MAPPING,SVC_ID,KODASP,AFFILIATE_SVC_MAPPING,SVC_ID,
KODASP,AFFILIATE_SVC_MAPPING,SYS_CRE_DTTM,KODASP,AFFILIATE_SVC_MAPPING,,"from_unixtime(unix_timestamp(REG_DATE, 'yyyy/MM/dd HH:mm:ss'))"
KODASP,AFFILIATE_SVC_MAPPING,SYS_UPD_DTTM,KODASP,AFFILIATE_SVC_MAPPING,,"from_unixtime(unix_timestamp(UPDATE_DATE, 'yyyy/MM/dd HH:mm:ss'))"
KODASP,AUTO_RECHARGE_POLICY,ASP_ID,KODASP,AUTO_RECHARGE_POLICY,ASP_ID,
KODASP,AUTO_RECHARGE_POLICY,CRI_LWTLM_AMT_LIST_CN,KODASP,AUTO_RECHARGE_POLICY,THRESHOLD_BALANCES,
KODASP,AUTO_RECHARGE_POLICY,MFO_CHRG_DTTM_LST_CN,KODASP,AUTO_RECHARGE_POLICY,RELOAD_DATES,
KODASP,AUTO_RECHARGE_POLICY,CHRG_AMT,KODASP,AUTO_RECHARGE_POLICY,RELOAD_AMOUNTS,
KODASP,AUTO_RECHARGE_POLICY,MINM_CHRG_AMT,KODASP,AUTO_RECHARGE_POLICY,MIN_RELOAD_AMOUNT,
KODASP,BC_MERCHANT,sno,KODASP,BC_MERCHANT,SEQ,
KODASP,BC_MERCHANT,MC_ID,KODASP,BC_MERCHANT,MCT_MNG_NO,
KODASP,BC_MERCHANT,SYS_CRE_DTTM,KODASP,BC_MERCHANT,,"from_unixtime(unix_timestamp(REG_DATE, 'yyyy/MM/dd HH:mm:ss'))"
KODASP,BC_MERCHANT,SYS_UPD_DTTM,KODASP,BC_MERCHANT,,"from_unixtime(unix_timestamp(UPDATE_DATE, 'yyyy/MM/dd HH:mm:ss'))"
KODASP,BC_MERCHANT,DATA_TYPE,KODASP,BC_MERCHANT,DATA_TYPE,
KODASP,BC_MERCHANT,REG_TYPE,KODASP,BC_MERCHANT,REG_TYPE,
KODASP,BC_MERCHANT,MC_REG_DT,KODASP,BC_MERCHANT,MCT_REG_DATE,
KODASP,BC_MERCHANT,BZNO,KODASP,BC_MERCHANT,BIZ_LICENSE_NO,
KODASP,BC_MERCHANT,MC_NM,KODASP,BC_MERCHANT,SIMPLE_NM,
KODASP,BC_MERCHANT,MC_ENM,KODASP,BC_MERCHANT,SIMPLE_ENG_NM,
KODASP,BC_MERCHANT,SECURITY_NO,KODASP,BC_MERCHANT,SECURITY_NO,
KODASP,BC_MERCHANT,BZTP_CD,KODASP,BC_MERCHANT,BIZ_TYPE,
KODASP,BC_MERCHANT,SUB_BZTP_CD,KODASP,BC_MERCHANT,SUB_CD,
KODASP,BC_MERCHANT,PSNO,KODASP,BC_MERCHANT,ZIP_CD,
KODASP,BC_MERCHANT,MC_ADDR,KODASP,BC_MERCHANT,ADDR,
KODASP,BC_MERCHANT,MC_RSG_DT,KODASP,BC_MERCHANT,TEMNT_DATE,
KODASP,BC_MERCHANT,SL_CD,KODASP,BC_MERCHANT,SALES_CD,
KODASP,BC_MERCHANT,KEY_IN_APP_LMT_TYPE,KODASP,BC_MERCHANT,KEY_IN_APP_LMT_TYPE,
KODASP,BC_MERCHANT,EDC_YN,KODASP,BC_MERCHANT,EDC_YN,
KODASP,BC_MERCHANT,PAY_PERIOD,KODASP,BC_MERCHANT,PAY_PERIOD,
KODASP,BC_MERCHANT,FEERT,KODASP,BC_MERCHANT,FEE_RATE,
KODASP,BC_MERCHANT,CK_CRD_FEERT,KODASP,BC_MERCHANT,CHK_FEE_RATE,
KODASP,BC_MERCHANT,GIRO_NO,KODASP,BC_MERCHANT,GIRO_NO,
KODASP,BC_MERCHANT,MBRC_NO,KODASP,BC_MERCHANT,PAY_ACC_MEBER_CD,
KODASP,BC_MERCHANT,SLS_TEMP_STOP_YN,KODASP,BC_MERCHANT,SUSPENDED_YN,
KODASP,BC_MERCHANT,SLS_TEMP_STOP_DT,KODASP,BC_MERCHANT,SUSPENDED_DATE,
KODASP,BC_MERCHANT,SLS_TEMP_STOP_RLS_DT,KODASP,BC_MERCHANT,RELEASE_SUSPEND,
KODASP,BC_MERCHANT,INSTMT_MCNT,KODASP,BC_MERCHANT,INST_MONTHS,
KODASP,BC_MERCHANT,ADDR_NEW_OLD_TYPE,KODASP,BC_MERCHANT,ADDR_NEW_OLD_TYPE,
KODASP,BC_MERCHANT,BSC_ADDR,KODASP,BC_MERCHANT,ADDR1,
KODASP,BC_MERCHANT,DTL_ADDR,KODASP,BC_MERCHANT,ADDR2,
KODASP,BC_MERCHANT,MC_ROAD_NM_CD,KODASP,BC_MERCHANT,ROAD_NM_MNG_CD,
KODASP,BC_MERCHANT,MC_FEERT,KODASP,BC_MERCHANT,MERCHANT_FEE_RATE,
KODASP,BC_MERCHANT,INCDE_TRGT_YN,KODASP,BC_MERCHANT,INCOME_DEDUCTION_YN,
KODASP,BC_MERCHANT,INCDE_TYPE_CD,KODASP,BC_MERCHANT,INCOME_DEDUCTION_TYPE,
KODASP,BC_MERCHANT,SUCT_YN,KODASP,BC_MERCHANT,UNIFORM_YN,
KODASP,BC_MERCHANT,SALES_TYPE,KODASP,BC_MERCHANT,SALES_TYPE,
KODASP,BC_MERCHANT,LATD,KODASP,BC_MERCHANT,LATITUDE,
KODASP,BC_MERCHANT,LOTD,KODASP,BC_MERCHANT,LONGITUDE,
KODASP,BC_MERCHANT,TR_ONL_YN,KODASP,BC_MERCHANT,ONLINE_YN,
KODASP,BC_MERCHANT,SIDO_NM,KODASP,BC_MERCHANT,SI_DO_NM,
KODASP,BC_MERCHANT,SGG_NM,KODASP,BC_MERCHANT,SI_GUN_GU_NM,
KODASP,BC_MERCHANT,EMD_NM,KODASP,BC_MERCHANT,EUP_MYUN_DONG_NM,
KODASP,BC_MERCHANT,ADMD_NM,KODASP,BC_MERCHANT,ADMIN_DONG_NAME,
KODASP,BC_MERCHANT,ADMD_CD,KODASP,BC_MERCHANT,ADMIN_DONG_CODE,
KODASP,BC_MERCHANT,LGLD_NM,KODASP,BC_MERCHANT,LEGAL_DONG_NAME,
KODASP,BC_MERCHANT,LGLD_CD,KODASP,BC_MERCHANT,LEGAL_DONG_CODE,
KODASP,BC_MERCHANT,ROAD_NM_CD,KODASP,BC_MERCHANT,ROAD_NM_CODE,
KODASP,BC_MERCHANT,ONL_DV_CD,KODASP,BC_MERCHANT,ONL_TYPE_CD,
KODASP,BC_MERCHANT,MC_PHN_NO,KODASP,BC_MERCHANT,TEL_NO,
KODASP,BC_MERCHANT,BIZ_NAME,KODASP,BC_MERCHANT,BIZ_NAME,
KODASP,BC_MERCHANT,repp_nm,KODASP,BC_MERCHANT,repr_nm,
KODASP,BC_MERCHANT_HISTORY,TYPE,KODASP,BC_MERCHANT_HISTORY,TYPE,
KODASP,BC_MERCHANT_HISTORY,REVISION_SEQ,KODASP,BC_MERCHANT_HISTORY,REVISION_SEQ,
KODASP,BC_MERCHANT_HISTORY,TRIGGER_REG_DATE,KODASP,BC_MERCHANT_HISTORY,,"from_unixtime(to_unix_timestamp(TRIGGER_REG_DATE, 'yyyy/MM/dd HH:mm:ss'))"
KODASP,BC_MERCHANT_HISTORY,SEQ,KODASP,BC_MERCHANT_HISTORY,SEQ,
KODASP,BC_MERCHANT_HISTORY,REG_DATE,KODASP,BC_MERCHANT_HISTORY,,"from_unixtime(to_unix_timestamp(REG_DATE, 'yyyy/MM/dd HH:mm:ss'))"
KODASP,BC_MERCHANT_HISTORY,UPDATE_DATE,KODASP,BC_MERCHANT_HISTORY,,"from_unixtime(to_unix_timestamp(UPDATE_DATE, 'yyyy/MM/dd HH:mm:ss'))"
KODASP,BC_MERCHANT_HISTORY,DATA_TYPE,KODASP,BC_MERCHANT_HISTORY,DATA_TYPE,
KODASP,BC_MERCHANT_HISTORY,REG_TYPE,KODASP,BC_MERCHANT_HISTORY,REG_TYPE,
KODASP,BC_MERCHANT_HISTORY,MCT_REG_DATE,KODASP,BC_MERCHANT_HISTORY,MCT_REG_DATE,
KODASP,BC_MERCHANT_HISTORY,MCT_MNG_NO,KODASP,BC_MERCHANT_HISTORY,MCT_MNG_NO,
KODASP,BC_MERCHANT_HISTORY,BIZ_LICENSE_NO,KODASP,BC_MERCHANT_HISTORY,BIZ_LICENSE_NO,
KODASP,BC_MERCHANT_HISTORY,SIMPLE_NM,KODASP,BC_MERCHANT_HISTORY,SIMPLE_NM,
KODASP,BC_MERCHANT_HISTORY,SIMPLE_ENG_NM,KODASP,BC_MERCHANT_HISTORY,SIMPLE_ENG_NM,
KODASP,BC_MERCHANT_HISTORY,SECURITY_NO,KODASP,BC_MERCHANT_HISTORY,SECURITY_NO,
KODASP,BC_MERCHANT_HISTORY,REPR_NM,KODASP,BC_MERCHANT_HISTORY,REPR_NM,
KODASP,BC_MERCHANT_HISTORY,BIZ_TYPE,KODASP,BC_MERCHANT_HISTORY,BIZ_TYPE,
KODASP,BC_MERCHANT_HISTORY,SUB_CD,KODASP,BC_MERCHANT_HISTORY,SUB_CD,
KODASP,BC_MERCHANT_HISTORY,DDD_NO,KODASP,BC_MERCHANT_HISTORY,DDD_NO,
KODASP,BC_MERCHANT_HISTORY,TEL,KODASP,BC_MERCHANT_HISTORY,TEL,
KODASP,BC_MERCHANT_HISTORY,TEL_SEQ,KODASP,BC_MERCHANT_HISTORY,TEL_SEQ,
KODASP,BC_MERCHANT_HISTORY,ZIP_CD,KODASP,BC_MERCHANT_HISTORY,ZIP_CD,
KODASP,BC_MERCHANT_HISTORY,ADDR,KODASP,BC_MERCHANT_HISTORY,ADDR,
KODASP,BC_MERCHANT_HISTORY,TEMNT_DATE,KODASP,BC_MERCHANT_HISTORY,TEMNT_DATE,
KODASP,BC_MERCHANT_HISTORY,SALES_TYPE,KODASP,BC_MERCHANT_HISTORY,SALES_TYPE,
KODASP,BC_MERCHANT_HISTORY,KEY_IN_APP_LMT_TYPE,KODASP,BC_MERCHANT_HISTORY,KEY_IN_APP_LMT_TYPE,
KODASP,BC_MERCHANT_HISTORY,EDC_YN,KODASP,BC_MERCHANT_HISTORY,EDC_YN,
KODASP,BC_MERCHANT_HISTORY,PAY_PERIOD,KODASP,BC_MERCHANT_HISTORY,PAY_PERIOD,
KODASP,BC_MERCHANT_HISTORY,FEE_RATE,KODASP,BC_MERCHANT_HISTORY,FEE_RATE,
KODASP,BC_MERCHANT_HISTORY,CHK_FEE_RATE,KODASP,BC_MERCHANT_HISTORY,CHK_FEE_RATE,
KODASP,BC_MERCHANT_HISTORY,GIRO_NO,KODASP,BC_MERCHANT_HISTORY,GIRO_NO,
KODASP,BC_MERCHANT_HISTORY,PAY_ACC_MEBER_CD,KODASP,BC_MERCHANT_HISTORY,PAY_ACC_MEBER_CD,
KODASP,BC_MERCHANT_HISTORY,SUSPENDED_YN,KODASP,BC_MERCHANT_HISTORY,SUSPENDED_YN,
KODASP,BC_MERCHANT_HISTORY,SUSPENDED_DATE,KODASP,BC_MERCHANT_HISTORY,SUSPENDED_DATE,
KODASP,BC_MERCHANT_HISTORY,RELEASE_SUSPEND,KODASP,BC_MERCHANT_HISTORY,RELEASE_SUSPEND,
KODASP,BC_MERCHANT_HISTORY,INST_MONTHS,KODASP,BC_MERCHANT_HISTORY,INST_MONTHS,
KODASP,BC_MERCHANT_HISTORY,ADDR_NEW_OLD_TYPE,KODASP,BC_MERCHANT_HISTORY,ADDR_NEW_OLD_TYPE,
KODASP,BC_MERCHANT_HISTORY,ADDR1,KODASP,BC_MERCHANT_HISTORY,ADDR1,
KODASP,BC_MERCHANT_HISTORY,ADDR2,KODASP,BC_MERCHANT_HISTORY,ADDR2,
KODASP,BC_MERCHANT_HISTORY,ROAD_NM_MNG_CD,KODASP,BC_MERCHANT_HISTORY,ROAD_NM_MNG_CD,
KODASP,BC_MERCHANT_HISTORY,MERCHANT_FEE_RATE,KODASP,BC_MERCHANT_HISTORY,MERCHANT_FEE_RATE,
KODASP,BC_MERCHANT_HISTORY,INCOME_DEDUCTION_YN,KODASP,BC_MERCHANT_HISTORY,INCOME_DEDUCTION_YN,
KODASP,BC_MERCHANT_HISTORY,INCOME_DEDUCTION_TYPE,KODASP,BC_MERCHANT_HISTORY,INCOME_DEDUCTION_TYPE,
KODASP,BC_MERCHANT_HISTORY,UNIFORM_YN,KODASP,BC_MERCHANT_HISTORY,UNIFORM_YN,
KODASP,BC_MERCHANT_HISTORY,SALES_CD,KODASP,BC_MERCHANT_HISTORY,SALES_CD,
KODASP,BC_MERCHANT_HISTORY,LATITUDE,KODASP,BC_MERCHANT_HISTORY,LATITUDE,
KODASP,BC_MERCHANT_HISTORY,LONGITUDE,KODASP,BC_MERCHANT_HISTORY,LONGITUDE,
KODASP,BC_MERCHANT_HISTORY,ONLINE_YN,KODASP,BC_MERCHANT_HISTORY,ONLINE_YN,
KODASP,BC_MERCHANT_HISTORY,SI_DO_NM,KODASP,BC_MERCHANT_HISTORY,SI_DO_NM,
KODASP,BC_MERCHANT_HISTORY,SI_GUN_GU_NM,KODASP,BC_MERCHANT_HISTORY,SI_GUN_GU_NM,
KODASP,BC_MERCHANT_HISTORY,EUP_MYUN_DONG_NM,KODASP,BC_MERCHANT_HISTORY,EUP_MYUN_DONG_NM,
KODASP,BC_MERCHANT_HISTORY,ADMIN_DONG_NAME,KODASP,BC_MERCHANT_HISTORY,ADMIN_DONG_NAME,
KODASP,BC_MERCHANT_HISTORY,ADMIN_DONG_CODE,KODASP,BC_MERCHANT_HISTORY,ADMIN_DONG_CODE,
KODASP,BC_MERCHANT_HISTORY,LEGAL_DONG_NAME,KODASP,BC_MERCHANT_HISTORY,LEGAL_DONG_NAME,
KODASP,BC_MERCHANT_HISTORY,LEGAL_DONG_CODE,KODASP,BC_MERCHANT_HISTORY,LEGAL_DONG_CODE,
KODASP,BC_MERCHANT_HISTORY,ROAD_NM_CODE,KODASP,BC_MERCHANT_HISTORY,ROAD_NM_CODE,
KODASP,BC_MERCHANT_HISTORY,ONL_TYPE_CD,KODASP,BC_MERCHANT_HISTORY,ONL_TYPE_CD,
KODASP,BC_MERCHANT_HISTORY,BIZ_NAME,KODASP,BC_MERCHANT_HISTORY,BIZ_NAME,
KODASP,BC_MERCHANT_HISTORY,TEL_NO,KODASP,BC_MERCHANT_HISTORY,TEL_NO,
KODASP,BC_MERCHANT_HISTORY,pt_reg_m,KODASP,BC_MERCHANT_HISTORY,,"translate(substr(REG_DATE,1,7),'/','')"
KODASP,BC_ONLINE_MERCHANT,SNO,KODASP,BC_ONLINE_MERCHANT,SEQ,
KODASP,BC_ONLINE_MERCHANT,SYS_CRE_DTTM,KODASP,BC_ONLINE_MERCHANT,,"from_unixtime(unix_timestamp(REG_DATE, 'yyyy/MM/dd HH:mm:ss'))"
KODASP,BC_ONLINE_MERCHANT,SYS_UPD_DTTM,KODASP,BC_ONLINE_MERCHANT,,"from_unixtime(unix_timestamp(UPDATE_DATE, 'yyyy/MM/dd HH:mm:ss'))"
KODASP,BC_ONLINE_MERCHANT,DATA_TYPE,KODASP,BC_ONLINE_MERCHANT,DATA_TYPE,
KODASP,BC_ONLINE_MERCHANT,BZNO,KODASP,BC_ONLINE_MERCHANT,BIZ_LICENSE_NO,
KODASP,BC_ONLINE_MERCHANT,MC_REG_DT,KODASP,BC_ONLINE_MERCHANT,MCT_REG_DATE,
KODASP,BC_ONLINE_MERCHANT,MC_NM,KODASP,BC_ONLINE_MERCHANT,MCT_NAME,
KODASP,BC_ONLINE_MERCHANT,BZTP_CD,KODASP,BC_ONLINE_MERCHANT,BIZ_TYPE,
KODASP,BC_ONLINE_MERCHANT,ONL_BZ_NM,KODASP,BC_ONLINE_MERCHANT,ONLINE_BIZ_NAME,
KODASP,BC_ONLINE_MERCHANT,DDD_NO,KODASP,BC_ONLINE_MERCHANT,DDD_NO,
KODASP,BC_ONLINE_MERCHANT,TEL_NO1,KODASP,BC_ONLINE_MERCHANT,TEL_NO1,
KODASP,BC_ONLINE_MERCHANT,TEL_NO2,KODASP,BC_ONLINE_MERCHANT,TEL_NO2,
KODASP,BC_ONLINE_MERCHANT,ZIP_CD,KODASP,BC_ONLINE_MERCHANT,ZIP_CD,
KODASP,BC_ONLINE_MERCHANT,ADDR,KODASP,BC_ONLINE_MERCHANT,ADDR,
KODASP,BC_ONLINE_MERCHANT,REP_TINO,KODASP,BC_ONLINE_MERCHANT,REPR_NO,
KODASP,BC_ONLINE_MERCHANT,MC_RSG_DT,KODASP,BC_ONLINE_MERCHANT,TEMNT_DATE,
KODASP,BIZ_TYPE_GROUP,BZTP_GRP_ID,KODASP,BIZ_TYPE_GROUP,GRP_ID,
KODASP,BIZ_TYPE_GROUP,BZTP_GRP_NM,KODASP,BIZ_TYPE_GROUP,GRP_NAME,
KODASP,BIZ_TYPE_GROUP,FNL_UPD_DTTM,KODASP,BIZ_TYPE_GROUP,,"from_unixtime(to_unix_timestamp(LAST_ADDED_DATE, 'yyyy/MM/dd HH:mm:ss'))"
KODASP,BIZ_TYPE_GROUP,REG_DATE,KODASP,BIZ_TYPE_GROUP,,"from_unixtime(to_unix_timestamp(REG_DATE, 'yyyy/MM/dd HH:mm:ss'))"
KODASP,BIZ_TYPE_GROUP,UPDATE_DATE,KODASP,BIZ_TYPE_GROUP,,"from_unixtime(to_unix_timestamp(UPDATE_DATE, 'yyyy/MM/dd HH:mm:ss'))"
KODASP,BIZ_TYPE_GROUP,ACQ_CHNL_CD,KODASP,BIZ_TYPE_GROUP,CHANNEL,
KODASP,BIZ_TYPE_GROUP,MC_GRP_MAPNG_TYPE_CD,KODASP,BIZ_TYPE_GROUP,GRP_MAPPING_TYPE,
KODASP,BIZ_TYPE_GROUP,SIBLING_GRP_ID,KODASP,BIZ_TYPE_GROUP,SIBLING_GRP_ID,
KODASP,BIZ_TYPE_GROUP,CRE_PO_LGIN_ID,KODASP,BIZ_TYPE_GROUP,CREATED_BY,
KODASP,BIZ_TYPE_GROUP,LAST_UPDR_NM,KODASP,BIZ_TYPE_GROUP,MODIFIED_BY,
KODASP,BIZ_TYPE_GROUP_MAPPING,BZTP_CD_BZTP_GRP_MAPNG_ID,KODASP,BIZ_TYPE_GROUP_MAPPING,ID,
KODASP,BIZ_TYPE_GROUP_MAPPING,BZTP_GRP_ID,KODASP,BIZ_TYPE_GROUP_MAPPING,GRP_ID,
KODASP,BIZ_TYPE_GROUP_MAPPING,BZTP_CD,KODASP,BIZ_TYPE_GROUP_MAPPING,BIZ_TYPE,
KODASP,BIZ_TYPE_GROUP_MAPPING,SUB_CODE,KODASP,BIZ_TYPE_GROUP_MAPPING,SUB_CODE,
KODASP,BIZ_TYPE_GROUP_MAPPING,REG_DATE,KODASP,BIZ_TYPE_GROUP_MAPPING,,"from_unixtime(to_unix_timestamp(REG_DATE, 'yyyy/MM/dd HH:mm:ss'))"
KODASP,BIZ_TYPE_GROUP_MAPPING,UPDATE_DATE,KODASP,BIZ_TYPE_GROUP_MAPPING,,"from_unixtime(to_unix_timestamp(UPDATE_DATE, 'yyyy/MM/dd HH:mm:ss'))"
KODASP,BIZ_TYPE_GROUP_MAPPING,ACQ_CHNL_CD,KODASP,BIZ_TYPE_GROUP_MAPPING,CHANNEL,
KODASP,CARD_DEREGISTRATION_POLICY,ASP_ID,KODASP,CARD_DEREGISTRATION_POLICY,ASP_ID,
KODASP,CARD_DEREGISTRATION_POLICY,STLM_CRD_CONN_RLS_PMSN_YN,KODASP,CARD_DEREGISTRATION_POLICY,PAYMENT,
KODASP,CARD_DEREGISTRATION_POLICY,SGNT_CRD_CONN_RLS_PMSN_YN,KODASP,CARD_DEREGISTRATION_POLICY,NAMED_CARD,
KODASP,CARD_DEREGISTRATION_POLICY,INCDE_CRD_CONN_RLS_PMSN_YN,KODASP,CARD_DEREGISTRATION_POLICY,INCOME_DEDUCTION,
KODASP,CARD_DEREGISTRATION_POLICY,FBN_CRD_CONN_RLS_PMSN_YN,KODASP,CARD_DEREGISTRATION_POLICY,PERSONALIZED_DISCOUNT,
KODASP,CARD_DEREGISTRATION_POLICY,CORP_CRD_CONN_RLS_PMSN_YN,KODASP,CARD_DEREGISTRATION_POLICY,INCORPORATION_CARD,
KODASP,CARD_DEREGISTRATION_POLICY,OVRS_TR_CRD_CONN_RLS_PMSN_YN,KODASP,CARD_DEREGISTRATION_POLICY,BC_CREDIT_ABROAD,
KODASP,CARD_DEREGISTRATION_POLICY,RMT_CONN_RLS_PMSN_YN,KODASP,CARD_DEREGISTRATION_POLICY,REMITTANCE,
KODASP,CARD_DEREGISTRATION_POLICY,REG_DATE,KODASP,CARD_DEREGISTRATION_POLICY,,"from_unixtime(to_unix_timestamp(REG_DATE, 'yyyy/MM/dd HH:mm:ss'))"
KODASP,CARD_DEREGISTRATION_POLICY,UPDATE_DATE,KODASP,CARD_DEREGISTRATION_POLICY,,"from_unixtime(to_unix_timestamp(UPDATE_DATE, 'yyyy/MM/dd HH:mm:ss'))"
KODASP,CARD_POINT_POLICY,ID,KODASP,CARD_POINT_POLICY,ID,
KODASP,CARD_POINT_POLICY,ASP_ID,KODASP,CARD_POINT_POLICY,ASP_ID,
KODASP,CARD_POINT_POLICY,CRD_PNT_PLCY_NM,KODASP,CARD_POINT_POLICY,NAME,
KODASP,CARD_POINT_POLICY,PPNT_WTH_RATE,KODASP,CARD_POINT_POLICY,VALUE_PER_POINT,
KODASP,CARD_POINT_POLICY,MAX_HLD_LMT_AMT,KODASP,CARD_POINT_POLICY,MAX_POSSESSION_LIMIT,
KODASP,CARD_POINT_POLICY,USE_PSBL_MINM_HLD_PNT,KODASP,CARD_POINT_POLICY,MIN_CONDITION_AMT,
KODASP,CARD_POINT_POLICY,PNT_USE_PSBL_MINM_STLM_AMT,KODASP,CARD_POINT_POLICY,MIN_CONDITION_PAY_AMT,
KODASP,CARD_POINT_POLICY,ONCE_MAX_USE_PNT,KODASP,CARD_POINT_POLICY,MAX_AMT_ONETIME,
KODASP,CARD_POINT_POLICY,ONCE_MAX_USE_RATE,KODASP,CARD_POINT_POLICY,MAX_RATE_ONETIME,
KODASP,CARD_POINT_POLICY,DD_MAX_USE_PSBL_AMT,KODASP,CARD_POINT_POLICY,MAX_AMT_DAY,
KODASP,CARD_POINT_POLICY,MM_USE_PSBL_AMT,KODASP,CARD_POINT_POLICY,MAX_AMT_MONTH,
KODASP,CARD_POINT_POLICY,PNT_USEP_MC_GRP_ID,KODASP,CARD_POINT_POLICY,GRANT_GRP_ID,
KODASP,CARD_POINT_POLICY,PNT_USE_LM_MC_GRP_ID,KODASP,CARD_POINT_POLICY,EXCEPT_GRP_ID,
KODASP,CARD_POINT_POLICY,LM_BZTP_GRP_ID,KODASP,CARD_POINT_POLICY,BIZTYPE_GRP_ID,
KODASP,CARD_POINT_POLICY,VL_PRID_TYPE_CD,KODASP,CARD_POINT_POLICY,PERIOD_TYPE,
KODASP,CARD_POINT_POLICY,TR_CNCL_PNT_VL_PRID_CNT,KODASP,CARD_POINT_POLICY,CANCELLED_VALIDITY_PERIOD,
KODASP,CARD_POINT_POLICY,VL_PRID_STN_SPF_DTTM,KODASP,CARD_POINT_POLICY,,"from_unixtime(to_unix_timestamp(EXP_DATE, 'yyyy/MM/dd HH:mm:ss'))"
KODASP,CARD_POINT_POLICY,REG_DATE,KODASP,CARD_POINT_POLICY,,"from_unixtime(to_unix_timestamp(REG_DATE, 'yyyy/MM/dd HH:mm:ss'))"
KODASP,CARD_POINT_POLICY,UPDATE_DATE,KODASP,CARD_POINT_POLICY,,"from_unixtime(to_unix_timestamp(UPDATE_DATE, 'yyyy/MM/dd HH:mm:ss'))"
KODASP,CARD_POINT_POLICY,MBR_THYR_PNT_DSB_LMT_AMT,KODASP,CARD_POINT_POLICY,REWARD_LIMIT_YEAR,
KODASP,CARD_POINT_POLICY,MBR_THM_DSB_LMT_PNT_CNT,KODASP,CARD_POINT_POLICY,REWARD_LIMIT_MONTH,
KODASP,CARD_POINT_POLICY,PNT_AUTO_USE_STN_YN,KODASP,CARD_POINT_POLICY,AUTO_USE_YN,
KODASP,CARD_POINT_POLICY,RFND_PNT_EXTN_FAMT_FRTE_DV_CD,KODASP,CARD_POINT_POLICY,REFUND_EXTINCT_TYPE,
KODASP,CARD_POINT_POLICY,RFND_PTIM_EXTN_PNT,KODASP,CARD_POINT_POLICY,REFUND_EXTINCT_VALUE,
KODASP,CARD_POINT_POLICY,INCDE_TRGT_YN,KODASP,CARD_POINT_POLICY,INCOME_DEDUCTION_YN,
KODASP,CARD_POINT_POLICY,PNT_PLCY_TYPE_CD,KODASP,CARD_POINT_POLICY,POLICY_TYPE,
KODASP,CARD_POINT_POLICY,SUB_PNT_PLCY_TYPE_CD,KODASP,CARD_POINT_POLICY,POLICY_SUB_TYPE,
KODASP,CARD_POINT_POLICY,ANNL_PNT_DSB_BUGT_AMT,KODASP,CARD_POINT_POLICY,BUDGET_YEAR,
KODASP,CARD_POINT_POLICY,AP_XPRSN_NM,KODASP,CARD_POINT_POLICY,DISPLAY_NAME,
KODASP,CARD_POINT_POLICY,PMSN_BZTP_GRP_ID,KODASP,CARD_POINT_POLICY,BIZTYPE_GRANT_GRP_ID,
KODASP,CARD_POINT_POLICY,CLR_TYPE_CD,KODASP,CARD_POINT_POLICY,SETL_TYPE,
KODASP,CARD_POINT_POLICY,CLR_PLCY_CD,KODASP,CARD_POINT_POLICY,SETL_POLICY_CD,
KODASP,CARD_POINT_POLICY,GRDA_DSB_USE_YN,KODASP,CARD_POINT_POLICY,USE_GRADE_YN,
KODASP,CARD_POINT_POLICY,BFM_ARSL_INCL_YN,KODASP,CARD_POINT_POLICY,INCLUDE_PREV_CONDITION,
KODASP,CARD_POINT_POLICY,MEMO_CN,KODASP,CARD_POINT_POLICY,MEMO,
KODASP,CARD_POINT_POLICY,REG_PO_LGIN_ID,KODASP,CARD_POINT_POLICY,REGISTRANT,
KODASP,CARD_POINT_POLICY,BALA_TRNSF_PSBL_YN,KODASP,CARD_POINT_POLICY,POINT_TO_BALANCE,
KODASP,CARD_POINT_POLICY,CSTM_MHD_FAMT_FRTE_DV_CD,KODASP,CARD_POINT_POLICY,COMPOSITE_PAY_TYPE,
KODASP,CARD_POINT_POLICY,TML_PNT_CHRG_PSBL_YN,KODASP,CARD_POINT_POLICY,TERMINAL_RECHARGE,
KODASP,CARD_POINT_POLICY,DSB_VL_PRID_TYPE_CD,KODASP,CARD_POINT_POLICY,PERIOD_TYPE_AT_PAYMENT,
KODASP,CARD_POINT_POLICY,PNT_EXTN_PRID_DCNT,KODASP,CARD_POINT_POLICY,VALIDITY_PERIOD_AT_PAYMENT,
KODASP,CARD_POINT_POLICY,DFLT_PNT_VL_PRID_SPF_DTTM,KODASP,CARD_POINT_POLICY,,"from_unixtime(to_unix_timestamp(EXP_DATE_AT_PAYMENT, 'yyyy/MM/dd HH:mm:ss'))"
KODASP,CARD_POINT_POLICY,TG_NM,KODASP,CARD_POINT_POLICY,TAG,
KODASP,CARD_POINT_POLICY,PNT_USE_MTH_STN_PSBL_YN,KODASP,CARD_POINT_POLICY,CUSTOM_YN,
KODASP,CARD_POINT_POLICY,PNT_RMT_PSBL_YN,KODASP,CARD_POINT_POLICY,REMITTANCE_YN,
KODASP,CARD_POINT_POLICY,MM_BUGT_AMT,KODASP,CARD_POINT_POLICY,BUDGET_MONTH,
KODASP,CARD_POINT_POLICY,AR_AMT_CLR_KA_ID,KODASP,CARD_POINT_POLICY,SETTLE_KA,
KODASP,CARD_POINT_SVC_MAPPING,SVC_ID,KODASP,CARD_POINT_SVC_MAPPING,SVC_ID,
KODASP,CARD_POINT_SVC_MAPPING,PNT_PLCY_ID,KODASP,CARD_POINT_SVC_MAPPING,POLICY_ID,
KODASP,CARD_POINT_SVC_MAPPING,REG_DATE,KODASP,CARD_POINT_SVC_MAPPING,,"from_unixtime(unix_timestamp(REG_DATE, 'yyyy/MM/dd HH:mm:ss'))"
KODASP,CARD_POINT_SVC_MAPPING,UPDATE_DATE,KODASP,CARD_POINT_SVC_MAPPING,,"from_unixtime(unix_timestamp(UPDATE_DATE, 'yyyy/MM/dd HH:mm:ss'))"
KODASP,CLEARING_TRANSACTION,CLR_TR_ID,KODASP,CLEARING_TRANSACTION,CLR_TRSN_ID,
KODASP,CLEARING_TRANSACTION,pt_cre_dt,KODASP,CLEARING_TRANSACTION,,"cast(replace(substr(REG_DATE, 1, 10), '/', '') as bigint)"
KODASP,CLEARING_TRANSACTION,FEE_CLR_CD,KODASP,CLEARING_TRANSACTION,CLR_CD,
KODASP,CLEARING_TRANSACTION,SYS_CRE_DTTM,KODASP,CLEARING_TRANSACTION,,"from_unixtime(unix_timestamp(REG_DATE, 'yyyy/MM/dd HH:mm:ss'))"
KODASP,CLEARING_TRANSACTION,SYS_UPD_DTTM,KODASP,CLEARING_TRANSACTION,,"from_unixtime(unix_timestamp(UPDATE_DATE, 'yyyy/MM/dd HH:mm:ss'))"
KODASP,CLEARING_TRANSACTION,PCS_CD,KODASP,CLEARING_TRANSACTION,PROCESSING_CD,
KODASP,CLEARING_TRANSACTION,SVC_ID,KODASP,CLEARING_TRANSACTION,SVC_ID,
KODASP,CLEARING_TRANSACTION,ROLE_CD,KODASP,CLEARING_TRANSACTION,ROLE_CD,
KODASP,CLEARING_TRANSACTION,PTN_ID,KODASP,CLEARING_TRANSACTION,PLAYER_ID,
KODASP,CLEARING_TRANSACTION,CLR_PLCY_CD,KODASP,CLEARING_TRANSACTION,SETL_POLICY_CD,
KODASP,CLEARING_TRANSACTION,FEE_VL_STRT_DTTM,KODASP,CLEARING_TRANSACTION,,"from_unixtime(unix_timestamp(EFFECTIVE_DATE, 'yyyy/MM/dd HH:mm:ss'))"
KODASP,CLEARING_TRANSACTION,FEE_VL_EXN_DTTM,KODASP,CLEARING_TRANSACTION,,"from_unixtime(unix_timestamp(EXPIRY_DATE, 'yyyy/MM/dd HH:mm:ss'))"
KODASP,CLEARING_TRANSACTION,FEE_BTK_YN,KODASP,CLEARING_TRANSACTION,TAKE_IN_ADVC_YN,
KODASP,CLEARING_TRANSACTION,TXN_TYPE_CD,KODASP,CLEARING_TRANSACTION,TAXATION_CD,
KODASP,CLEARING_TRANSACTION,CLR_TR_RF_CD,KODASP,CLEARING_TRANSACTION,REF_CD,
KODASP,CLEARING_TRANSACTION,ASP_ID,KODASP,CLEARING_TRANSACTION,ASP_ID,
KODASP,CLEARING_TRANSACTION,SPPS_ACQR_ID,KODASP,CLEARING_TRANSACTION,ACQUIRER_ID,
KODASP,CLEARING_TRANSACTION,KB_SL_CD,KODASP,CLEARING_TRANSACTION,SALES_CD,
KODASP,CLEARING_TRANSACTION,KA_ID,KODASP,CLEARING_TRANSACTION,KA_ID,
KODASP,CLEARING_TRANSACTION,BZMN_LCNS_TYPE_CD,KODASP,CLEARING_TRANSACTION,BIZ_LICENSE_TYPE,
KODASP,COMPOSITE_PAYMENT_PRIORITY,SVC_ID,KODASP,COMPOSITE_PAYMENT_PRIORITY,SVC_ID,
KODASP,COMPOSITE_PAYMENT_PRIORITY,PNT_PLCY_ID,KODASP,COMPOSITE_PAYMENT_PRIORITY,POLICY_ID,
KODASP,COMPOSITE_PAYMENT_PRIORITY,PRITY,KODASP,COMPOSITE_PAYMENT_PRIORITY,PRIORITY,
KODASP,COMPOSITE_PAYMENT_PRIORITY,SYS_CRE_DTTM,KODASP,COMPOSITE_PAYMENT_PRIORITY,,"from_unixtime(unix_timestamp(REG_DATE, 'yyyy/MM/dd HH:mm:ss'))"
KODASP,COMPOSITE_PAYMENT_PRIORITY,SYS_UPD_DTTM,KODASP,COMPOSITE_PAYMENT_PRIORITY,,"from_unixtime(unix_timestamp(UPDATE_DATE, 'yyyy/MM/dd HH:mm:ss'))"
KODASP,CONTRACT,ROLE_CD,KODASP,CONTRACT,ROLE_CD,
KODASP,CONTRACT,PTN_ID,KODASP,CONTRACT,PLAYER_ID,
KODASP,CONTRACT,ADD_INFO_YN,KODASP,CONTRACT,ADDITIONAL_INFO_YN,
KODASP,CONTRACT,STRT_DTTM,KODASP,CONTRACT,,"from_unixtime(unix_timestamp(START_DATE, 'yyyy/MM/dd HH:mm:ss'))"
KODASP,CONTRACT,SYS_REG_DTTM,KODASP,CONTRACT,,"from_unixtime(unix_timestamp(REG_DATE, 'yyyy/MM/dd HH:mm:ss'))"
KODASP,CONTRACT,SYS_UPD_DTTM,KODASP,CONTRACT,,"from_unixtime(unix_timestamp(UPDATE_DATE, 'yyyy/MM/dd HH:mm:ss'))"
KODASP,CONTRACT,EXN_DTTM,KODASP,CONTRACT,,"from_unixtime(unix_timestamp(EXPIRE_DATE, 'yyyy/MM/dd HH:mm:ss'))"
KODASP,CONTRACT,PTN_ACT_ST_CD,KODASP,CONTRACT,STATUS,
KODASP,CONTRACT,REP_CLR_DV_CD,KODASP,CONTRACT,STMT_TYPE,
KODASP,CONTRACT,CLR_OWR_PTN_ID,KODASP,CONTRACT,SETL_PLAYER_ID,
KODASP,CONTRACT,PTN_NM,KODASP,CONTRACT,NAME,
KODASP,CONTRACT,PO_LGIN_ID,KODASP,CONTRACT,PORTAL_ID,
KODASP,CONTRACT,BZNO,KODASP,CONTRACT,BIZLICENSE_NO,
KODASP,CONTRACT,CONO,KODASP,CONTRACT,CORP_NO,
KODASP,CONTRACT,CLR_OWR_ROLE_CD,KODASP,CONTRACT,SETL_ROLE_CD,
KODASP,CONTRACT,MC_LST_EXPS_YN,KODASP,CONTRACT,HIDE_FROM_LIST,
KODASP,CONTRACT,EXPS_MC_NM,KODASP,CONTRACT,STORE_NAME,
KODASP,CONTRACT,BZMN_LCNS_TYPE_CD,KODASP,CONTRACT,BIZ_LICENSE_TYPE,
KODASP,COUPON_POLICY,ASP_ID,KODASP,COUPON_POLICY,ASP_ID,
KODASP,COUPON_POLICY,CPN_USE_YN,KODASP,COUPON_POLICY,USE_YN,
KODASP,COUPON_POLICY,CPN_GIFT_ACCP_WAT_TM_CNT,KODASP,COUPON_POLICY,EXPIRY_HOUR,
KODASP,COUPON_POLICY,CPN_VL_PRID_EXTS_UNIT_MCNT,KODASP,COUPON_POLICY,EXTEND_PERIOD_MONTH,
KODASP,COUPON_POLICY,CPN_BUY_CNCL_PSBL_DCNT,KODASP,COUPON_POLICY,CANCELABLE_DAY,
KODASP,COUPON_POLICY,CPN_VL_PRID_GUD_ANCE_DD,KODASP,COUPON_POLICY,NOTI_INTERVAL_DAY,
KODASP,COUPON_POLICY,VL_PRID_WTN_RFND_AMT,KODASP,COUPON_POLICY,RFND_FEE,
KODASP,COUPON_POLICY,VL_PRID_EXTS_AFT_RFND_AMT,KODASP,COUPON_POLICY,RFND_EXTENDED_FEE,
KODASP,COUPON_POLICY,VL_PRID_EXN_AFT_RFND_AMT,KODASP,COUPON_POLICY,RFND_EXPIRY_FEE,
KODASP,COUPON_POLICY,EXTN_PRSCR_AFT_RFND_AMT,KODASP,COUPON_POLICY,RFND_EXTINCT_FEE,
KODASP,COUPON_POLICY,REG_DATE,KODASP,COUPON_POLICY,,"from_unixtime(to_unix_timestamp(REG_DATE, 'yyyy/MM/dd HH:mm:ss'))"
KODASP,COUPON_POLICY,UPDATE_DATE,KODASP,COUPON_POLICY,,"from_unixtime(to_unix_timestamp(UPDATE_DATE, 'yyyy/MM/dd HH:mm:ss'))"
KODASP,CUSTOM_DISCOUNT,DC_TYPE_CD,KODASP,CUSTOM_DISCOUNT,DCNT_TYPE,
KODASP,CUSTOM_DISCOUNT,SVC_ID,KODASP,CUSTOM_DISCOUNT,SVC_ID,
KODASP,CUSTOM_DISCOUNT,BNF_SNO,KODASP,CUSTOM_DISCOUNT,DCNT_SEQ,
KODASP,CUSTOM_DISCOUNT,BYBTP_DC_INFO_USE_YN,KODASP,CUSTOM_DISCOUNT,HAS_BIZ_TYPE_DCNT_YN,
KODASP,CUSTOM_DISCOUNT,MAX_REG_PSBL_JMC_SC,KODASP,CUSTOM_DISCOUNT,MAX_REGISTRABLE_MERCHANT,
KODASP,CUSTOM_DISCOUNT,FVRT_DC_CHG_IMP_PRID_DCNT,KODASP,CUSTOM_DISCOUNT,UNCHANGEABLE_PERIOD,
KODASP,DCNT_BUNDLE_MAPPING,bnf_grp_id,KODASP,DCNT_BUNDLE_MAPPING,dcnt_bundle_id,
KODASP,DCNT_BUNDLE_MAPPING,dc_type_cd,KODASP,DCNT_BUNDLE_MAPPING,dcnt_type,
KODASP,DCNT_BUNDLE_MAPPING,bnf_sno,KODASP,DCNT_BUNDLE_MAPPING,dcnt_seq,
KODASP,DCNT_BUNDLE_MAPPING,REG_DATE,KODASP,DCNT_BUNDLE_MAPPING,,"from_unixtime(to_unix_timestamp(REG_DATE, 'yyyy/MM/dd HH:mm:ss'))"
KODASP,DCNT_BUNDLE_MAPPING,UPDATE_DATE,KODASP,DCNT_BUNDLE_MAPPING,,"from_unixtime(to_unix_timestamp(UPDATE_DATE, 'yyyy/MM/dd HH:mm:ss'))"
KODASP,DCNT_BUNDLE_MAPPING,bndl_type_cd,KODASP,DCNT_BUNDLE_MAPPING,bundle_type,
KODASP,DCNT_BUNDLE_PRODUCT_MAPPING,BNF_GRP_ID,KODASP,DCNT_BUNDLE_PRODUCT_MAPPING,DCNT_BUNDLE_ID,
KODASP,DCNT_BUNDLE_PRODUCT_MAPPING,SVC_ID,KODASP,DCNT_BUNDLE_PRODUCT_MAPPING,SVC_ID,
KODASP,DCNT_BUNDLE_PRODUCT_MAPPING,BNDL_TYPE_CD,KODASP,DCNT_BUNDLE_PRODUCT_MAPPING,BUNDLE_TYPE,
KODASP,DCNT_GROUP_MAPPING,DC_TYPE_CD,KODASP,DCNT_GROUP_MAPPING,DCNT_TYPE,
KODASP,DCNT_GROUP_MAPPING,SVC_ID,KODASP,DCNT_GROUP_MAPPING,SVC_ID,
KODASP,DCNT_GROUP_MAPPING,BNF_SNO,KODASP,DCNT_GROUP_MAPPING,DCNT_SEQ,
KODASP,DCNT_GROUP_MAPPING,MAPNG_TYPE_CD,KODASP,DCNT_GROUP_MAPPING,MAPPING_TYPE,
KODASP,DCNT_GROUP_MAPPING,ACQ_CHNL_CD,KODASP,DCNT_GROUP_MAPPING,CHANNEL,
KODASP,DCNT_GROUP_MAPPING,REG_DATE,KODASP,DCNT_GROUP_MAPPING,,"from_unixtime(to_unix_timestamp(REG_DATE, 'yyyy/MM/dd HH:mm:ss'))"
KODASP,DCNT_GROUP_MAPPING,UPDATE_DATE,KODASP,DCNT_GROUP_MAPPING,,"from_unixtime(to_unix_timestamp(UPDATE_DATE, 'yyyy/MM/dd HH:mm:ss'))"
KODASP,DISCOUNT_BUNDLE,DCNT_BUNDLE_ID,KODASP,DISCOUNT_BUNDLE,DCNT_BUNDLE_ID,
KODASP,DISCOUNT_BUNDLE,BNF_BNDL_NM,KODASP,DISCOUNT_BUNDLE,BUNDLE_NAME,
KODASP,DISCOUNT_BUNDLE,ASP_ID,KODASP,DISCOUNT_BUNDLE,ASP_ID,
KODASP,DISCOUNT_BUNDLE,BNDL_TYPE_CD,KODASP,DISCOUNT_BUNDLE,BUNDLE_TYPE,
KODASP,DISCOUNT_PROVIDER,DC_BOWR_ID,KODASP,DISCOUNT_PROVIDER,PROVIDER_ID,
KODASP,DISCOUNT_PROVIDER,PNT_BOWR_ROLE_CD,KODASP,DISCOUNT_PROVIDER,ROLE_CD,
KODASP,DISCOUNT_PROVIDER,DC_FAMT_FRTE_DV_CD,KODASP,DISCOUNT_PROVIDER,RATE_TYPE,
KODASP,DISCOUNT_PROVIDER,DC_BU_VAL,KODASP,DISCOUNT_PROVIDER,RATE_VALUE,
KODASP,DISCOUNT_PROVIDER,SYS_CRE_DTTM,KODASP,DISCOUNT_PROVIDER,,"from_unixtime(to_unix_timestamp(REG_DATE, 'yyyy/MM/dd HH:mm:ss'))"
KODASP,DISCOUNT_PROVIDER,SYS_UPD_DTTM,KODASP,DISCOUNT_PROVIDER,,"from_unixtime(to_unix_timestamp(UPDATE_DATE, 'yyyy/MM/dd HH:mm:ss'))"
KODASP,DISCOUNT_PROVIDER,DC_TYPE_CD,KODASP,DISCOUNT_PROVIDER,DCNT_TYPE,
KODASP,DISCOUNT_PROVIDER,SVC_ID,KODASP,DISCOUNT_PROVIDER,SVC_ID,
KODASP,DISCOUNT_PROVIDER,BNF_SNO,KODASP,DISCOUNT_PROVIDER,DCNT_SEQ,
KODASP,EPAY_SVC_CODE,SVC_ID,KODASP,EPAY_SVC_CODE,SVC_ID,
KODASP,EPAY_SVC_CODE,ACQR_DV_CD,KODASP,EPAY_SVC_CODE,CHANNEL,
KODASP,EPAY_SVC_CODE,ACQR_SVC_ID,KODASP,EPAY_SVC_CODE,SVC_CODE,
KODASP,EPAY_SVC_CODE,SYS_CRE_DTTM,KODASP,EPAY_SVC_CODE,,"from_unixtime(unix_timestamp(REG_DATE, 'yyyy/MM/dd HH:mm:ss'))"
KODASP,EPAY_SVC_CODE,SYS_UPD_DTTM,KODASP,EPAY_SVC_CODE,,"from_unixtime(unix_timestamp(UPDATE_DATE, 'yyyy/MM/dd HH:mm:ss'))"
KODASP,EXTERNAL_SERVICE,SEQ,KODASP,EXTERNAL_SERVICE,SEQ,
KODASP,EXTERNAL_SERVICE,SVC_TYPE_CD,KODASP,EXTERNAL_SERVICE,SERVICE_TYPE,
KODASP,EXTERNAL_SERVICE,SVC_PRV_ROLE_CD,KODASP,EXTERNAL_SERVICE,PROVIDER_ROLE,
KODASP,EXTERNAL_SERVICE,SVC_PRV_PTN_ID,KODASP,EXTERNAL_SERVICE,PROVIDER_PLAYER_ID,
KODASP,EXTERNAL_SERVICE,ASP_ID,KODASP,EXTERNAL_SERVICE,ASP_ID,
KODASP,EXTERNAL_SERVICE,SVC_NM,KODASP,EXTERNAL_SERVICE,EXTERNAL_SERVICE_NAME,
KODASP,EXTERNAL_SERVICE,REG_DATE,KODASP,EXTERNAL_SERVICE,,"from_unixtime(to_unix_timestamp(REG_DATE, 'yyyy/MM/dd HH:mm:ss'))"
KODASP,EXTERNAL_SERVICE,UPDATE_DATE,KODASP,EXTERNAL_SERVICE,,"from_unixtime(to_unix_timestamp(UPDATE_DATE, 'yyyy/MM/dd HH:mm:ss'))"
KODASP,FEE_RATE,SNO,KODASP,FEE_RATE,SEQ,
KODASP,FEE_RATE,FEE_CLR_CD,KODASP,FEE_RATE,CLR_CD,
KODASP,FEE_RATE,SCT_MINM_VAL,KODASP,FEE_RATE,FEE_RANGE_MIN,
KODASP,FEE_RATE,SCT_MAX_VAL,KODASP,FEE_RATE,FEE_RANGE_MAX,
KODASP,FEE_RATE,FEE_FAMT_FRTE_DV_CD,KODASP,FEE_RATE,FEE_VAL_TYPE,
KODASP,FEE_RATE,CHRRT_VAL,KODASP,FEE_RATE,FEE_VAL,
KODASP,FEE_RATE,SYS_CRE_DTTM,KODASP,FEE_RATE,,"from_unixtime(to_unix_timestamp(REG_DATE, 'yyyy/MM/dd HH:mm:ss'))"
KODASP,FEE_RATE,SYS_UPD_DTTM,KODASP,FEE_RATE,,"from_unixtime(to_unix_timestamp(UPDATE_DATE, 'yyyy/MM/dd HH:mm:ss'))"
KODASP,FRAUD_DETECTION_POLICY,ASP_ID,KODASP,FRAUD_DETECTION_POLICY,ASP_ID,
KODASP,FRAUD_DETECTION_POLICY,CHRG_WRNG_TR_PV_PLCY_ID,KODASP,FRAUD_DETECTION_POLICY,RECHARGE_RULE_CD,
KODASP,FRAUD_DETECTION_POLICY,USER_DCRM_TYPE_CD,KODASP,FRAUD_DETECTION_POLICY,ID_TYPE,
KODASP,FRAUD_DETECTION_POLICY,REG_DATE,KODASP,FRAUD_DETECTION_POLICY,,"from_unixtime(to_unix_timestamp(REG_DATE, 'yyyy/MM/dd HH:mm:ss'))"
KODASP,FRAUD_DETECTION_POLICY,UPDATE_DATE,KODASP,FRAUD_DETECTION_POLICY,,"from_unixtime(to_unix_timestamp(UPDATE_DATE, 'yyyy/MM/dd HH:mm:ss'))"
KODASP,FRAUD_DETECTION_POLICY,STLM_TR_PV_PLCY_ID,KODASP,FRAUD_DETECTION_POLICY,PAYMENT_RULE_CD,
KODASP,FRAUD_DETECTION_POLICY,AMBR_ID_TYPE_CD,KODASP,FRAUD_DETECTION_POLICY,ACT_ID_TYPE,
KODASP,FRAUD_DETECTION_POLICY,AAMBR_ID_TYPE_CD,KODASP,FRAUD_DETECTION_POLICY,SEMI_ACT_ID_TYPE,
KODASP,FUNDAMENTAL_PLAYER,BZMN_TYPE_CD,KODASP,FUNDAMENTAL_PLAYER,BIZ_TYPE,
KODASP,FUNDAMENTAL_PLAYER,CON_ACT_ST_CD,KODASP,FUNDAMENTAL_PLAYER,STATUS,
KODASP,FUNDAMENTAL_PLAYER,REG_DATE,KODASP,FUNDAMENTAL_PLAYER,,"from_unixtime(to_unix_timestamp(REG_DATE, 'yyyy/MM/dd HH:mm:ss'))"
KODASP,FUNDAMENTAL_PLAYER,UPDATE_DATE,KODASP,FUNDAMENTAL_PLAYER,,"from_unixtime(to_unix_timestamp(UPDATE_DATE, 'yyyy/MM/dd HH:mm:ss'))"
KODASP,FUNDAMENTAL_PLAYER,AR_AMT_YN,KODASP,FUNDAMENTAL_PLAYER,ADVC_MONEY_YN,
KODASP,FUNDAMENTAL_PLAYER,ROLE_CD,KODASP,FUNDAMENTAL_PLAYER,ROLE_CD,
KODASP,FUNDAMENTAL_PLAYER,PTN_ID,KODASP,FUNDAMENTAL_PLAYER,PLAYER_ID,
KODASP,FUNDAMENTAL_PLAYER,ACQR_ONL_DV_CD,KODASP,FUNDAMENTAL_PLAYER,ACQ_TYPE,
KODASP,FUNDAMENTAL_PLAYER,ACQR_FOM_CL_CD,KODASP,FUNDAMENTAL_PLAYER,ACQ_CLS,
KODASP,GIFT_POLICY,ASP_ID,KODASP,GIFT_POLICY,ASP_ID,
KODASP,GIFT_POLICY,GIFT_ACCP_VL_PRID_TM_CNT,KODASP,GIFT_POLICY,EXPIRY_HOUR,
KODASP,GROUP_MAPPING,mc_grp_mapng_sno,KODASP,GROUP_MAPPING,ID,
KODASP,GROUP_MAPPING,PTN_ID,KODASP,GROUP_MAPPING,PLAYER_ID,
KODASP,GROUP_MAPPING,mc_GRP_ID,KODASP,GROUP_MAPPING,GRP_ID,
KODASP,GROUP_MAPPING,SYS_CRE_DTTM,KODASP,GROUP_MAPPING,,"from_unixtime(unix_timestamp(REG_DATE, 'yyyy/MM/dd HH:mm:ss'))"
KODASP,GROUP_MAPPING,SYS_UPD_DTTM,KODASP,GROUP_MAPPING,,"from_unixtime(unix_timestamp(UPDATE_DATE, 'yyyy/MM/dd HH:mm:ss'))"
KODASP,GROUP_MAPPING,bztp_grp_cd,KODASP,GROUP_MAPPING,ROLE_CD,
KODASP,GROUP_MAPPING,acqr_dv_cd,KODASP,GROUP_MAPPING,CHANNEL,
KODASP,GROUP_MAPPING_HISTORY,ID,KODASP,GROUP_MAPPING_HISTORY,ID,
KODASP,GROUP_MAPPING_HISTORY,PTN_ID,KODASP,GROUP_MAPPING_HISTORY,PLAYER_ID,
KODASP,GROUP_MAPPING_HISTORY,BZTP_GRP_ID,KODASP,GROUP_MAPPING_HISTORY,GRP_ID,
KODASP,GROUP_MAPPING_HISTORY,MC_GRP_TYPE_CD,KODASP,GROUP_MAPPING_HISTORY,GROUP_CD,
KODASP,GROUP_MAPPING_HISTORY,MC_MAPNG_ROLE_CD,KODASP,GROUP_MAPPING_HISTORY,ROLE_CD,
KODASP,GROUP_MAPPING_HISTORY,SYS_CRE_DTTM,KODASP,GROUP_MAPPING_HISTORY,,"from_unixtime(unix_timestamp(REG_DATE, 'yyyy/MM/dd HH:mm:ss'))"
KODASP,GROUP_MAPPING_HISTORY,SYS_UPD_DTTM,KODASP,GROUP_MAPPING_HISTORY,,"from_unixtime(unix_timestamp(UPDATE_DATE, 'yyyy/MM/dd HH:mm:ss'))"
KODASP,GROUP_MAPPING_HISTORY,ACQ_CHNL_CD,KODASP,GROUP_MAPPING_HISTORY,CHANNEL,
KODASP,GROUP_MAPPING_HISTORY,MC_GRP_MAPNG_ST_CD,KODASP,GROUP_MAPPING_HISTORY,STATUS,
KODASP,GROUP_MAPPING_HISTORY,REG_PO_LGIN_ID,KODASP,GROUP_MAPPING_HISTORY,REGISTRANT,
KODASP,HANA_MERCHANT,SEQ,KODASP,HANA_MERCHANT,SEQ,
KODASP,HANA_MERCHANT,REVISION_SEQ,KODASP,HANA_MERCHANT,REVISION_SEQ,
KODASP,HANA_MERCHANT,DATA_TYPE,KODASP,HANA_MERCHANT,DATA_TYPE,
KODASP,HANA_MERCHANT,MCT_MNG_NO,KODASP,HANA_MERCHANT,MCT_MNG_NO,
KODASP,HANA_MERCHANT,SIMPLE_NM,KODASP,HANA_MERCHANT,SIMPLE_NM,
KODASP,HANA_MERCHANT,BIZ_LICENSE_NO,KODASP,HANA_MERCHANT,BIZ_LICENSE_NO,
KODASP,HANA_MERCHANT,MC_PHN_NO,KODASP,HANA_MERCHANT,TEL_NO,
KODASP,HANA_MERCHANT,ZIP_CD,KODASP,HANA_MERCHANT,ZIP_CD,
KODASP,HANA_MERCHANT,ADDR1,KODASP,HANA_MERCHANT,ADDR1,
KODASP,HANA_MERCHANT,ADDR2,KODASP,HANA_MERCHANT,ADDR2,
KODASP,HANA_MERCHANT,MCT_REG_DATE,KODASP,HANA_MERCHANT,MCT_REG_DATE,
KODASP,HANA_MERCHANT,TEMNT_DATE,KODASP,HANA_MERCHANT,TEMNT_DATE,
KODASP,HANA_MERCHANT,SUSPENDED_YN,KODASP,HANA_MERCHANT,SUSPENDED_YN,
KODASP,HANA_MERCHANT,BIZ_TYPE,KODASP,HANA_MERCHANT,BIZ_TYPE,
KODASP,HANA_MERCHANT,BIZ_NAME,KODASP,HANA_MERCHANT,BIZ_NAME,
KODASP,HANA_MERCHANT,ADDR_NEW_OLD_TYPE,KODASP,HANA_MERCHANT,ADDR_NEW_OLD_TYPE,
KODASP,HANA_MERCHANT,SALES_CD,KODASP,HANA_MERCHANT,SALES_CD,
KODASP,HANA_MERCHANT,SI_DO_NM,KODASP,HANA_MERCHANT,SI_DO_NM,
KODASP,HANA_MERCHANT,SI_GUN_GU_NM,KODASP,HANA_MERCHANT,SI_GUN_GU_NM,
KODASP,HANA_MERCHANT,ADMIN_DONG_NAME,KODASP,HANA_MERCHANT,ADMIN_DONG_NAME,
KODASP,HANA_MERCHANT,ADMIN_DONG_CODE,KODASP,HANA_MERCHANT,ADMIN_DONG_CODE,
KODASP,HANA_MERCHANT,LEGAL_DONG_NAME,KODASP,HANA_MERCHANT,LEGAL_DONG_NAME,
KODASP,HANA_MERCHANT,LEGAL_DONG_CODE,KODASP,HANA_MERCHANT,LEGAL_DONG_CODE,
KODASP,HANA_MERCHANT,ROAD_NM,KODASP,HANA_MERCHANT,ROAD_NM,
KODASP,HANA_MERCHANT,BUILDING_NO,KODASP,HANA_MERCHANT,BUILDING_NO,
KODASP,HANA_MERCHANT,SUB_BUILDING_NO,KODASP,HANA_MERCHANT,SUB_BUILDING_NO,
KODASP,HANA_MERCHANT,REG_DATE,KODASP,HANA_MERCHANT,,"from_unixtime(unix_timestamp(REG_DATE, 'yyyy/MM/dd HH:mm:ss'))"
KODASP,HANA_MERCHANT,UPDATE_DATE,KODASP,HANA_MERCHANT,,"from_unixtime(unix_timestamp(UPDATE_DATE, 'yyyy/MM/dd HH:mm:ss'))"
KODASP,HANA_MERCHANT,LATITUDE,KODASP,HANA_MERCHANT,LATITUDE,
KODASP,HANA_MERCHANT,LONGITUDE,KODASP,HANA_MERCHANT,LONGITUDE,
KODASP,HANA_MERCHANT,mc_feert,KODASP,HANA_MERCHANT,MERCHANT_FEE_RATE,
KODASP,HANA_MERCHANT,repp_nm,KODASP,HANA_MERCHANT,repr_nm,
KODASP,HANA_MERCHANT,DEBIT_MERCHANT_FEE_RATE,KODASP,HANA_MERCHANT,DEBIT_MERCHANT_FEE_RATE,
KODASP,HANA_MERCHANT,CREDIT_MERCHANT_FEE_RATE,KODASP,HANA_MERCHANT,CREDIT_MERCHANT_FEE_RATE,
KODASP,HANA_MERCHANT,BIZ_TXTN_DVCD,KODASP,HANA_MERCHANT,BIZ_TXTN_DVCD,
KODASP,HANA_MERCHANT,BIZ_TXTN_TYPE,KODASP,HANA_MERCHANT,BIZ_TXTN_TYPE,
KODASP,HANA_MERCHANT,CORP_REGISTER_NO,KODASP,HANA_MERCHANT,CORP_REGISTER_NO,
KODASP,HANA_MERCHANT,TMNL_YN,KODASP,HANA_MERCHANT,TMNL_YN,
KODASP,HANA_MERCHANT,KEY_IN_BLK_YN,KODASP,HANA_MERCHANT,KEY_IN_BLK_YN,
KODASP,HANA_MERCHANT,INCOME_DEDUCTION_YN,KODASP,HANA_MERCHANT,INCOME_DEDUCTION_YN,
KODASP,HANA_MERCHANT,SUSPENDED_CODE,KODASP,HANA_MERCHANT,SUSPENDED_CODE,
KODASP,HANA_MERCHANT_HISTORY,SEQ,KODASP,HANA_MERCHANT_HISTORY,SEQ,
KODASP,HANA_MERCHANT_HISTORY,TYPE,KODASP,HANA_MERCHANT_HISTORY,TYPE,
KODASP,HANA_MERCHANT_HISTORY,REVISION_SEQ,KODASP,HANA_MERCHANT_HISTORY,REVISION_SEQ,
KODASP,HANA_MERCHANT_HISTORY,TRIGGER_REG_DATE,KODASP,HANA_MERCHANT_HISTORY,,"from_unixtime(to_unix_timestamp(TRIGGER_REG_DATE, 'yyyy/MM/dd HH:mm:ss'))"
KODASP,HANA_MERCHANT_HISTORY,DATA_TYPE,KODASP,HANA_MERCHANT_HISTORY,DATA_TYPE,
KODASP,HANA_MERCHANT_HISTORY,MCT_MNG_NO,KODASP,HANA_MERCHANT_HISTORY,MCT_MNG_NO,
KODASP,HANA_MERCHANT_HISTORY,SIMPLE_NM,KODASP,HANA_MERCHANT_HISTORY,SIMPLE_NM,
KODASP,HANA_MERCHANT_HISTORY,BIZ_LICENSE_NO,KODASP,HANA_MERCHANT_HISTORY,BIZ_LICENSE_NO,
KODASP,HANA_MERCHANT_HISTORY,REPR_NM,KODASP,HANA_MERCHANT_HISTORY,REPR_NM,
KODASP,HANA_MERCHANT_HISTORY,TEL_NO,KODASP,HANA_MERCHANT_HISTORY,TEL_NO,
KODASP,HANA_MERCHANT_HISTORY,ZIP_CD,KODASP,HANA_MERCHANT_HISTORY,ZIP_CD,
KODASP,HANA_MERCHANT_HISTORY,ADDR1,KODASP,HANA_MERCHANT_HISTORY,ADDR1,
KODASP,HANA_MERCHANT_HISTORY,ADDR2,KODASP,HANA_MERCHANT_HISTORY,ADDR2,
KODASP,HANA_MERCHANT_HISTORY,MCT_REG_DATE,KODASP,HANA_MERCHANT_HISTORY,MCT_REG_DATE,
KODASP,HANA_MERCHANT_HISTORY,TEMNT_DATE,KODASP,HANA_MERCHANT_HISTORY,TEMNT_DATE,
KODASP,HANA_MERCHANT_HISTORY,SUSPENDED_YN,KODASP,HANA_MERCHANT_HISTORY,SUSPENDED_YN,
KODASP,HANA_MERCHANT_HISTORY,BIZ_TYPE,KODASP,HANA_MERCHANT_HISTORY,BIZ_TYPE,
KODASP,HANA_MERCHANT_HISTORY,BIZ_NAME,KODASP,HANA_MERCHANT_HISTORY,BIZ_NAME,
KODASP,HANA_MERCHANT_HISTORY,ADDR_NEW_OLD_TYPE,KODASP,HANA_MERCHANT_HISTORY,ADDR_NEW_OLD_TYPE,
KODASP,HANA_MERCHANT_HISTORY,SALES_CD,KODASP,HANA_MERCHANT_HISTORY,SALES_CD,
KODASP,HANA_MERCHANT_HISTORY,SI_DO_NM,KODASP,HANA_MERCHANT_HISTORY,SI_DO_NM,
KODASP,HANA_MERCHANT_HISTORY,SI_GUN_GU_NM,KODASP,HANA_MERCHANT_HISTORY,SI_GUN_GU_NM,
KODASP,HANA_MERCHANT_HISTORY,ADMIN_DONG_NAME,KODASP,HANA_MERCHANT_HISTORY,ADMIN_DONG_NAME,
KODASP,HANA_MERCHANT_HISTORY,ADMIN_DONG_CODE,KODASP,HANA_MERCHANT_HISTORY,ADMIN_DONG_CODE,
KODASP,HANA_MERCHANT_HISTORY,LEGAL_DONG_NAME,KODASP,HANA_MERCHANT_HISTORY,LEGAL_DONG_NAME,
KODASP,HANA_MERCHANT_HISTORY,LEGAL_DONG_CODE,KODASP,HANA_MERCHANT_HISTORY,LEGAL_DONG_CODE,
KODASP,HANA_MERCHANT_HISTORY,ROAD_NM,KODASP,HANA_MERCHANT_HISTORY,ROAD_NM,
KODASP,HANA_MERCHANT_HISTORY,BUILDING_NO,KODASP,HANA_MERCHANT_HISTORY,BUILDING_NO,
KODASP,HANA_MERCHANT_HISTORY,SUB_BUILDING_NO,KODASP,HANA_MERCHANT_HISTORY,SUB_BUILDING_NO,
KODASP,HANA_MERCHANT_HISTORY,REG_DATE,KODASP,HANA_MERCHANT_HISTORY,,"from_unixtime(to_unix_timestamp(REG_DATE, 'yyyy/MM/dd HH:mm:ss'))"
KODASP,HANA_MERCHANT_HISTORY,UPDATE_DATE,KODASP,HANA_MERCHANT_HISTORY,,"from_unixtime(to_unix_timestamp(UPDATE_DATE, 'yyyy/MM/dd HH:mm:ss'))"
KODASP,HANA_MERCHANT_HISTORY,LATITUDE,KODASP,HANA_MERCHANT_HISTORY,LATITUDE,
KODASP,HANA_MERCHANT_HISTORY,LONGITUDE,KODASP,HANA_MERCHANT_HISTORY,LONGITUDE,
KODASP,HANA_MERCHANT_HISTORY,MERCHANT_FEE_RATE,KODASP,HANA_MERCHANT_HISTORY,MERCHANT_FEE_RATE,
KODASP,HANA_MERCHANT_HISTORY,pt_reg_m,KODASP,HANA_MERCHANT_HISTORY,,"translate(substr(REG_DATE,0,7),'/','')"
KODASP,KB_MERCHANT,SNO,KODASP,KB_MERCHANT,SEQ,
KODASP,KB_MERCHANT,pt_cre_dt,KODASP,KB_MERCHANT,,"cast(translate(substr(REG_DATE, 1, 10), '/', '') as bigint)"
KODASP,KB_MERCHANT,DATA_TYPE,KODASP,KB_MERCHANT,DATA_TYPE,
KODASP,KB_MERCHANT,REVISION_SEQ,KODASP,KB_MERCHANT,REVISION_SEQ,
KODASP,KB_MERCHANT,BZNO,KODASP,KB_MERCHANT,BIZ_LICENSE_NO,
KODASP,KB_MERCHANT,MC_ID,KODASP,KB_MERCHANT,MCT_MNG_NO,
KODASP,KB_MERCHANT,MC_NM,KODASP,KB_MERCHANT,SIMPLE_NM,
KODASP,KB_MERCHANT,MC_PHN_NO,KODASP,KB_MERCHANT,TEL_NO,
KODASP,KB_MERCHANT,PSNO,KODASP,KB_MERCHANT,ZIP_CD,
KODASP,KB_MERCHANT,BSC_ADDR,KODASP,KB_MERCHANT,ADDR1,
KODASP,KB_MERCHANT,DTL_ADDR,KODASP,KB_MERCHANT,ADDR2,
KODASP,KB_MERCHANT,MC_REG_DT,KODASP,KB_MERCHANT,MCT_REG_DATE,
KODASP,KB_MERCHANT,MC_RSG_DT,KODASP,KB_MERCHANT,TEMNT_DATE,
KODASP,KB_MERCHANT,SLS_TEMP_STOP_YN,KODASP,KB_MERCHANT,SUSPENDED_YN,
KODASP,KB_MERCHANT,BZTP_CD,KODASP,KB_MERCHANT,BIZ_TYPE,
KODASP,KB_MERCHANT,SUB_BZTP_CD,KODASP,KB_MERCHANT,SUB_CD,
KODASP,KB_MERCHANT,BZTP_NM,KODASP,KB_MERCHANT,BIZ_NAME,
KODASP,KB_MERCHANT,CK_CRD_FEERT,KODASP,KB_MERCHANT,CHK_FEE_RATE,
KODASP,KB_MERCHANT,CR_CRD_FEERT,KODASP,KB_MERCHANT,CRD_FEE_RATE,
KODASP,KB_MERCHANT,ADDR_NEW_OLD_TYPE,KODASP,KB_MERCHANT,ADDR_NEW_OLD_TYPE,
KODASP,KB_MERCHANT,TXN_TYPE_CD,KODASP,KB_MERCHANT,BIZ_TXTN_TYPE,
KODASP,KB_MERCHANT,TXN_TYPE_CD_NM,KODASP,KB_MERCHANT,BIZ_TXTN_DVCD,
KODASP,KB_MERCHANT,MC_RE_REG_DT,KODASP,KB_MERCHANT,MCT_RENTRY_DT,
KODASP,KB_MERCHANT,INSTMT_PSBL_YN,KODASP,KB_MERCHANT,INST_YN,
KODASP,KB_MERCHANT,INSTMT_MCNT,KODASP,KB_MERCHANT,INST_MONTHS,
KODASP,KB_MERCHANT,OVRS_FEERT,KODASP,KB_MERCHANT,MCT_ABR_FERT,
KODASP,KB_MERCHANT,BYMN_APV_LMT_AMT,KODASP,KB_MERCHANT,MONTHLY_APV_LIMIT,
KODASP,KB_MERCHANT,DAILY_APV_LIMIT,KODASP,KB_MERCHANT,DAILY_APV_LIMIT,
KODASP,KB_MERCHANT,KEY_IN_BLK_YN,KODASP,KB_MERCHANT,KEY_IN_BLK_YN,
KODASP,KB_MERCHANT,KEY_IN_BLK_LIMIT,KODASP,KB_MERCHANT,KEY_IN_BLK_LIMIT,
KODASP,KB_MERCHANT,SMAC_BANK_CD,KODASP,KB_MERCHANT,SMAC_BANK_CD,
KODASP,KB_MERCHANT,SMAC_BANK_CD_NM,KODASP,KB_MERCHANT,SMAC_BANK_CD_NM,
KODASP,KB_MERCHANT,REG_TMNL_INSL_YN,KODASP,KB_MERCHANT,REG_TMNL_INSL_YN,
KODASP,KB_MERCHANT,TMNL_ID_NO,KODASP,KB_MERCHANT,TMNL_ID_NO,
KODASP,KB_MERCHANT,MERC_FEE_DVCD,KODASP,KB_MERCHANT,MERC_FEE_DVCD,
KODASP,KB_MERCHANT,VAN_FEE_DVCD,KODASP,KB_MERCHANT,VAN_FEE_DVCD,
KODASP,KB_MERCHANT,INCDE_YN,KODASP,KB_MERCHANT,INCOME_DEDUCTION_YN,
KODASP,KB_MERCHANT,INCDE_TYPE_CD,KODASP,KB_MERCHANT,INCOME_DEDUCTION_TYPE,
KODASP,KB_MERCHANT,SUCT_YN,KODASP,KB_MERCHANT,UNIFORM_YN,
KODASP,KB_MERCHANT,MC_FEERT,KODASP,KB_MERCHANT,MERCHANT_FEE_RATE,
KODASP,KB_MERCHANT,LATD,KODASP,KB_MERCHANT,LATITUDE,
KODASP,KB_MERCHANT,LOTD,KODASP,KB_MERCHANT,LONGITUDE,
KODASP,KB_MERCHANT,SL_CD,KODASP,KB_MERCHANT,SALES_CD,
KODASP,KB_MERCHANT,SYS_CRE_DTTM,KODASP,KB_MERCHANT,,"from_unixtime(unix_timestamp(REG_DATE, 'yyyy/MM/dd HH:mm:ss'))"
KODASP,KB_MERCHANT,SYS_UPD_DTTM,KODASP,KB_MERCHANT,,"from_unixtime(unix_timestamp(UPDATE_DATE, 'yyyy/MM/dd HH:mm:ss'))"
KODASP,KB_MERCHANT,SIDO_NM,KODASP,KB_MERCHANT,SI_DO_NM,
KODASP,KB_MERCHANT,SGG_NM,KODASP,KB_MERCHANT,SI_GUN_GU_NM,
KODASP,KB_MERCHANT,EMD_NM,KODASP,KB_MERCHANT,EUP_MYUN_DONG_NM,
KODASP,KB_MERCHANT,ADMD_NM,KODASP,KB_MERCHANT,ADMIN_DONG_NAME,
KODASP,KB_MERCHANT,ADMD_CD,KODASP,KB_MERCHANT,ADMIN_DONG_CODE,
KODASP,KB_MERCHANT,LGLD_NM,KODASP,KB_MERCHANT,LEGAL_DONG_NAME,
KODASP,KB_MERCHANT,LGLD_CD,KODASP,KB_MERCHANT,LEGAL_DONG_CODE,
KODASP,KB_MERCHANT,ROAD_NM_CODE,KODASP,KB_MERCHANT,ROAD_NM_CODE,
KODASP,KB_MERCHANT,repp_nm,KODASP,KB_MERCHANT,repr_nm,
KODASP,KB_MERCHANT_HISTORY,SEQ,KODASP,KB_MERCHANT_HISTORY,SEQ,
KODASP,KB_MERCHANT_HISTORY,TYPE,KODASP,KB_MERCHANT_HISTORY,TYPE,
KODASP,KB_MERCHANT_HISTORY,REVISION_SEQ,KODASP,KB_MERCHANT_HISTORY,REVISION_SEQ,
KODASP,KB_MERCHANT_HISTORY,TRIGGER_REG_DATE,KODASP,KB_MERCHANT_HISTORY,,"from_unixtime(to_unix_timestamp(TRIGGER_REG_DATE, 'yyyy/MM/dd HH:mm:ss'))"
KODASP,KB_MERCHANT_HISTORY,DATA_TYPE,KODASP,KB_MERCHANT_HISTORY,DATA_TYPE,
KODASP,KB_MERCHANT_HISTORY,BIZ_LICENSE_NO,KODASP,KB_MERCHANT_HISTORY,BIZ_LICENSE_NO,
KODASP,KB_MERCHANT_HISTORY,MCT_MNG_NO,KODASP,KB_MERCHANT_HISTORY,MCT_MNG_NO,
KODASP,KB_MERCHANT_HISTORY,SIMPLE_NM,KODASP,KB_MERCHANT_HISTORY,SIMPLE_NM,
KODASP,KB_MERCHANT_HISTORY,REPR_NM,KODASP,KB_MERCHANT_HISTORY,REPR_NM,
KODASP,KB_MERCHANT_HISTORY,TEL_NO,KODASP,KB_MERCHANT_HISTORY,TEL_NO,
KODASP,KB_MERCHANT_HISTORY,ZIP_CD,KODASP,KB_MERCHANT_HISTORY,ZIP_CD,
KODASP,KB_MERCHANT_HISTORY,ADDR1,KODASP,KB_MERCHANT_HISTORY,ADDR1,
KODASP,KB_MERCHANT_HISTORY,ADDR2,KODASP,KB_MERCHANT_HISTORY,ADDR2,
KODASP,KB_MERCHANT_HISTORY,MCT_REG_DATE,KODASP,KB_MERCHANT_HISTORY,MCT_REG_DATE,
KODASP,KB_MERCHANT_HISTORY,TEMNT_DATE,KODASP,KB_MERCHANT_HISTORY,TEMNT_DATE,
KODASP,KB_MERCHANT_HISTORY,SUSPENDED_YN,KODASP,KB_MERCHANT_HISTORY,SUSPENDED_YN,
KODASP,KB_MERCHANT_HISTORY,BIZ_TYPE,KODASP,KB_MERCHANT_HISTORY,BIZ_TYPE,
KODASP,KB_MERCHANT_HISTORY,SUB_CD,KODASP,KB_MERCHANT_HISTORY,SUB_CD,
KODASP,KB_MERCHANT_HISTORY,BIZ_NAME,KODASP,KB_MERCHANT_HISTORY,BIZ_NAME,
KODASP,KB_MERCHANT_HISTORY,CHK_FEE_RATE,KODASP,KB_MERCHANT_HISTORY,CHK_FEE_RATE,
KODASP,KB_MERCHANT_HISTORY,CRD_FEE_RATE,KODASP,KB_MERCHANT_HISTORY,CRD_FEE_RATE,
KODASP,KB_MERCHANT_HISTORY,ADDR_NEW_OLD_TYPE,KODASP,KB_MERCHANT_HISTORY,ADDR_NEW_OLD_TYPE,
KODASP,KB_MERCHANT_HISTORY,BIZ_TXTN_TYPE,KODASP,KB_MERCHANT_HISTORY,BIZ_TXTN_TYPE,
KODASP,KB_MERCHANT_HISTORY,BIZ_TXTN_DVCD,KODASP,KB_MERCHANT_HISTORY,BIZ_TXTN_DVCD,
KODASP,KB_MERCHANT_HISTORY,MCT_RENTRY_DT,KODASP,KB_MERCHANT_HISTORY,MCT_RENTRY_DT,
KODASP,KB_MERCHANT_HISTORY,INST_YN,KODASP,KB_MERCHANT_HISTORY,INST_YN,
KODASP,KB_MERCHANT_HISTORY,INST_MONTHS,KODASP,KB_MERCHANT_HISTORY,INST_MONTHS,
KODASP,KB_MERCHANT_HISTORY,MCT_ABR_FERT,KODASP,KB_MERCHANT_HISTORY,MCT_ABR_FERT,
KODASP,KB_MERCHANT_HISTORY,MONTHLY_APV_LIMIT,KODASP,KB_MERCHANT_HISTORY,MONTHLY_APV_LIMIT,
KODASP,KB_MERCHANT_HISTORY,DAILY_APV_LIMIT,KODASP,KB_MERCHANT_HISTORY,DAILY_APV_LIMIT,
KODASP,KB_MERCHANT_HISTORY,KEY_IN_BLK_YN,KODASP,KB_MERCHANT_HISTORY,KEY_IN_BLK_YN,
KODASP,KB_MERCHANT_HISTORY,KEY_IN_BLK_LIMIT,KODASP,KB_MERCHANT_HISTORY,KEY_IN_BLK_LIMIT,
KODASP,KB_MERCHANT_HISTORY,SMAC_BANK_CD,KODASP,KB_MERCHANT_HISTORY,SMAC_BANK_CD,
KODASP,KB_MERCHANT_HISTORY,SMAC_BANK_CD_NM,KODASP,KB_MERCHANT_HISTORY,SMAC_BANK_CD_NM,
KODASP,KB_MERCHANT_HISTORY,REG_TMNL_INSL_YN,KODASP,KB_MERCHANT_HISTORY,REG_TMNL_INSL_YN,
KODASP,KB_MERCHANT_HISTORY,TMNL_ID_NO,KODASP,KB_MERCHANT_HISTORY,TMNL_ID_NO,
KODASP,KB_MERCHANT_HISTORY,MERC_FEE_DVCD,KODASP,KB_MERCHANT_HISTORY,MERC_FEE_DVCD,
KODASP,KB_MERCHANT_HISTORY,VAN_FEE_DVCD,KODASP,KB_MERCHANT_HISTORY,VAN_FEE_DVCD,
KODASP,KB_MERCHANT_HISTORY,INCOME_DEDUCTION_YN,KODASP,KB_MERCHANT_HISTORY,INCOME_DEDUCTION_YN,
KODASP,KB_MERCHANT_HISTORY,INCOME_DEDUCTION_TYPE,KODASP,KB_MERCHANT_HISTORY,INCOME_DEDUCTION_TYPE,
KODASP,KB_MERCHANT_HISTORY,UNIFORM_YN,KODASP,KB_MERCHANT_HISTORY,UNIFORM_YN,
KODASP,KB_MERCHANT_HISTORY,MERCHANT_FEE_RATE,KODASP,KB_MERCHANT_HISTORY,MERCHANT_FEE_RATE,
KODASP,KB_MERCHANT_HISTORY,LATITUDE,KODASP,KB_MERCHANT_HISTORY,LATITUDE,
KODASP,KB_MERCHANT_HISTORY,LONGITUDE,KODASP,KB_MERCHANT_HISTORY,LONGITUDE,
KODASP,KB_MERCHANT_HISTORY,SALES_CD,KODASP,KB_MERCHANT_HISTORY,SALES_CD,
KODASP,KB_MERCHANT_HISTORY,REG_DATE,KODASP,KB_MERCHANT_HISTORY,,"from_unixtime(to_unix_timestamp(REG_DATE, 'yyyy/MM/dd HH:mm:ss'))"
KODASP,KB_MERCHANT_HISTORY,UPDATE_DATE,KODASP,KB_MERCHANT_HISTORY,,"from_unixtime(to_unix_timestamp(UPDATE_DATE, 'yyyy/MM/dd HH:mm:ss'))"
KODASP,KB_MERCHANT_HISTORY,SI_DO_NM,KODASP,KB_MERCHANT_HISTORY,SI_DO_NM,
KODASP,KB_MERCHANT_HISTORY,SI_GUN_GU_NM,KODASP,KB_MERCHANT_HISTORY,SI_GUN_GU_NM,
KODASP,KB_MERCHANT_HISTORY,EUP_MYUN_DONG_NM,KODASP,KB_MERCHANT_HISTORY,EUP_MYUN_DONG_NM,
KODASP,KB_MERCHANT_HISTORY,ADMIN_DONG_NAME,KODASP,KB_MERCHANT_HISTORY,ADMIN_DONG_NAME,
KODASP,KB_MERCHANT_HISTORY,ADMIN_DONG_CODE,KODASP,KB_MERCHANT_HISTORY,ADMIN_DONG_CODE,
KODASP,KB_MERCHANT_HISTORY,LEGAL_DONG_NAME,KODASP,KB_MERCHANT_HISTORY,LEGAL_DONG_NAME,
KODASP,KB_MERCHANT_HISTORY,LEGAL_DONG_CODE,KODASP,KB_MERCHANT_HISTORY,LEGAL_DONG_CODE,
KODASP,KB_MERCHANT_HISTORY,ROAD_NM_CODE,KODASP,KB_MERCHANT_HISTORY,ROAD_NM_CODE,
KODASP,KB_MERCHANT_HISTORY,pt_reg_m,KODASP,KB_MERCHANT_HISTORY,,"translate(substr(REG_DATE,1,7),'/','')"
KODASP,KOD_AFC_BRCD_BRAN,AFC_BRCD_BRAN_SNO,KODASP,KOD_AFC_BRCD_BRAN,AFC_BRCD_BRAN_SNO,
KODASP,KOD_AFC_BRCD_BRAN,AFC_BRCD_BRAN_NM,KODASP,KOD_AFC_BRCD_BRAN,AFC_BRCD_BRAN_NM,
KODASP,KOD_AFC_BRCD_BRAN,AFC_BRCD_BRAN_ID,KODASP,KOD_AFC_BRCD_BRAN,AFC_BRCD_BRAN_ID,
KODASP,KOD_AFC_BRCD_BRAN,AFC_BRCD_SLL_PRD_ID,KODASP,KOD_AFC_BRCD_BRAN,AFC_BRCD_SLL_PRD_ID,
KODASP,KOD_AFC_BRCD_BRAN,MC_ID,KODASP,KOD_AFC_BRCD_BRAN,MC_ID,
KODASP,KOD_AFC_BRCD_BRAN,MC_NM,KODASP,KOD_AFC_BRCD_BRAN,MC_NM,
KODASP,KOD_AFC_BRCD_BRAN,AFC_BRCD_BRAN_CTG_NM,KODASP,KOD_AFC_BRCD_BRAN,AFC_BRCD_BRAN_CTG_NM,
KODASP,KOD_AFC_BRCD_BRAN,SYS_CRE_DTTM,KODASP,KOD_AFC_BRCD_BRAN,,"from_unixtime(unix_timestamp(SYS_CRE_DTTM, 'yyyy/MM/dd HH:mm:ss'))"
KODASP,KOD_AFC_BRCD_BRAN,SYS_UPD_DTTM,KODASP,KOD_AFC_BRCD_BRAN,,"from_unixtime(unix_timestamp(SYS_UPD_DTTM, 'yyyy/MM/dd HH:mm:ss'))"
KODASP,KOD_AFC_BRCD_BRAN,KSK_GUD_PHR_EXPS_YN,KODASP,KOD_AFC_BRCD_BRAN,KSK_GUD_PHR_EXPS_YN,
KODASP,KOD_MB_GFCT_BRAN_PLCY,MB_GFCT_BRAN_PLCY_ID,KODASP,KOD_MB_GFCT_BRAN_PLCY,MB_GFCT_BRAN_PLCY_ID,
KODASP,KOD_MB_GFCT_BRAN_PLCY,ASP_ID,KODASP,KOD_MB_GFCT_BRAN_PLCY,ASP_ID,
KODASP,KOD_MB_GFCT_BRAN_PLCY,BRAN_NM,KODASP,KOD_MB_GFCT_BRAN_PLCY,BRAN_NM,
KODASP,KOD_MB_GFCT_BRAN_PLCY,MB_GFCT_BRAN_CTG_ID,KODASP,KOD_MB_GFCT_BRAN_PLCY,MB_GFCT_BRAN_CTG_ID,
KODASP,KOD_MB_GFCT_BRAN_PLCY,CLR_DV_CD,KODASP,KOD_MB_GFCT_BRAN_PLCY,CLR_DV_CD,
KODASP,KOD_MB_GFCT_BRAN_PLCY,PPH_PRD_CON_ID,KODASP,KOD_MB_GFCT_BRAN_PLCY,PPH_PRD_CON_ID,
KODASP,KOD_MB_GFCT_BRAN_PLCY,MC_BU_FEE_TYPE_CD,KODASP,KOD_MB_GFCT_BRAN_PLCY,MC_BU_FEE_TYPE_CD,
KODASP,KOD_MB_GFCT_BRAN_PLCY,FEE_FAMT_FRTE_DV_CD,KODASP,KOD_MB_GFCT_BRAN_PLCY,FEE_FAMT_FRTE_DV_CD,
KODASP,KOD_MB_GFCT_BRAN_PLCY,FEERT,KODASP,KOD_MB_GFCT_BRAN_PLCY,FEERT,
KODASP,KOD_MB_GFCT_BRAN_PLCY,MAX_HLD_LMT_AMT,KODASP,KOD_MB_GFCT_BRAN_PLCY,MAX_HLD_LMT_AMT,
KODASP,KOD_MB_GFCT_BRAN_PLCY,BYMN_BUY_LMT_AMT,KODASP,KOD_MB_GFCT_BRAN_PLCY,BYMN_BUY_LMT_AMT,
KODASP,KOD_MB_GFCT_BRAN_PLCY,BYDT_BUY_LMT_AMT,KODASP,KOD_MB_GFCT_BRAN_PLCY,BYDT_BUY_LMT_AMT,
KODASP,KOD_MB_GFCT_BRAN_PLCY,EXPS_WGHT,KODASP,KOD_MB_GFCT_BRAN_PLCY,EXPS_WGHT,
KODASP,KOD_MB_GFCT_BRAN_PLCY,SYS_CRE_DTTM,KODASP,KOD_MB_GFCT_BRAN_PLCY,,"cast(translate(SYS_CRE_DTTM, '/', '-') as timestamp)"
KODASP,KOD_MB_GFCT_BRAN_PLCY,SYS_UPD_DTTM,KODASP,KOD_MB_GFCT_BRAN_PLCY,,"cast(translate(SYS_UPD_DTTM, '/', '-') as timestamp)"
KODASP,KOD_MB_GFCT_BRAN_PLCY,BRAN_ORT_DV_CD,KODASP,KOD_MB_GFCT_BRAN_PLCY,BRAN_ORT_DV_CD,
KODASP,KOD_MB_GFCT_BRAN_PLCY,OUTS_PBLS_DV_CD,KODASP,KOD_MB_GFCT_BRAN_PLCY,OUTS_PBLS_DV_CD,
KODASP,KOD_MB_GFCT_BRAN_PLCY,PBLS_BRAN_ID,KODASP,KOD_MB_GFCT_BRAN_PLCY,PBLS_BRAN_ID,
KODASP,KOD_MB_GFCT_BRAN_PLCY,STLM_MC_ID,KODASP,KOD_MB_GFCT_BRAN_PLCY,STLM_MC_ID,
KODASP,KOD_MB_GFCT_BRAN_PLCY,STLM_MC_NM,KODASP,KOD_MB_GFCT_BRAN_PLCY,STLM_MC_NM,
KODASP,KOD_MB_GFCT_BRAN_PLCY,EXPS_YN,KODASP,KOD_MB_GFCT_BRAN_PLCY,EXPS_YN,
KODASP,KOD_MB_GFCT_PLCY,MB_GFCT_PLCY_ID,KODASP,KOD_MB_GFCT_PLCY,MB_GFCT_PLCY_ID,
KODASP,KOD_MB_GFCT_PLCY,MB_GFCT_BRAN_PLCY_ID,KODASP,KOD_MB_GFCT_PLCY,MB_GFCT_BRAN_PLCY_ID,
KODASP,KOD_MB_GFCT_PLCY,ASP_ID,KODASP,KOD_MB_GFCT_PLCY,ASP_ID,
KODASP,KOD_MB_GFCT_PLCY,KA_ID,KODASP,KOD_MB_GFCT_PLCY,KA_ID,
KODASP,KOD_MB_GFCT_PLCY,PNT_PLCY_ID,KODASP,KOD_MB_GFCT_PLCY,PNT_PLCY_ID,
KODASP,KOD_MB_GFCT_PLCY,STLM_MC_ID,KODASP,KOD_MB_GFCT_PLCY,STLM_MC_ID,
KODASP,KOD_MB_GFCT_PLCY,PLCY_NM,KODASP,KOD_MB_GFCT_PLCY,PLCY_NM,
KODASP,KOD_MB_GFCT_PLCY,TG_NM,KODASP,KOD_MB_GFCT_PLCY,TG_NM,
KODASP,KOD_MB_GFCT_PLCY,BNF_MHD_CD,KODASP,KOD_MB_GFCT_PLCY,BNF_MHD_CD,
KODASP,KOD_MB_GFCT_PLCY,BNFR,KODASP,KOD_MB_GFCT_PLCY,BNFR,
KODASP,KOD_MB_GFCT_PLCY,FCVAL,KODASP,KOD_MB_GFCT_PLCY,FCVAL,
KODASP,KOD_MB_GFCT_PLCY,SLPC,KODASP,KOD_MB_GFCT_PLCY,SLPC,
KODASP,KOD_MB_GFCT_PLCY,ONCE_BUY_LMT_QTY,KODASP,KOD_MB_GFCT_PLCY,ONCE_BUY_LMT_QTY,
KODASP,KOD_MB_GFCT_PLCY,PMBR_MAX_BUY_QTY,KODASP,KOD_MB_GFCT_PLCY,PMBR_MAX_BUY_QTY,
KODASP,KOD_MB_GFCT_PLCY,VL_PRID_DCNT,KODASP,KOD_MB_GFCT_PLCY,VL_PRID_DCNT,
KODASP,KOD_MB_GFCT_PLCY,VL_PRID_EXTS_PSBL_YN,KODASP,KOD_MB_GFCT_PLCY,VL_PRID_EXTS_PSBL_YN,
KODASP,KOD_MB_GFCT_PLCY,VL_PRID_EXTS_PSBL_DCNT,KODASP,KOD_MB_GFCT_PLCY,VL_PRID_EXTS_PSBL_DCNT,
KODASP,KOD_MB_GFCT_PLCY,VL_PRID_MAX_DCNT,KODASP,KOD_MB_GFCT_PLCY,VL_PRID_MAX_DCNT,
KODASP,KOD_MB_GFCT_PLCY,STC_PSBL_DCNT,KODASP,KOD_MB_GFCT_PLCY,STC_PSBL_DCNT,
KODASP,KOD_MB_GFCT_PLCY,XNG_IPSB_YN,KODASP,KOD_MB_GFCT_PLCY,XNG_IPSB_YN,
KODASP,KOD_MB_GFCT_PLCY,RFND_FEE_CD,KODASP,KOD_MB_GFCT_PLCY,RFND_FEE_CD,
KODASP,KOD_MB_GFCT_PLCY,VL_PRID_EXN_AF_FEE_CD,KODASP,KOD_MB_GFCT_PLCY,VL_PRID_EXN_AF_FEE_CD,
KODASP,KOD_MB_GFCT_PLCY,PBL_QTY,KODASP,KOD_MB_GFCT_PLCY,PBL_QTY,
KODASP,KOD_MB_GFCT_PLCY,EXPS_YN,KODASP,KOD_MB_GFCT_PLCY,EXPS_YN,
KODASP,KOD_MB_GFCT_PLCY,SLL_STRT_DTTM,KODASP,KOD_MB_GFCT_PLCY,,"cast(translate(SLL_STRT_DTTM, '/', '-') as timestamp)"
KODASP,KOD_MB_GFCT_PLCY,SLL_END_DTTM,KODASP,KOD_MB_GFCT_PLCY,,"cast(translate(SLL_END_DTTM, '/', '-') as timestamp)"
KODASP,KOD_MB_GFCT_PLCY,MB_GFCT_ST_CD,KODASP,KOD_MB_GFCT_PLCY,MB_GFCT_ST_CD,
KODASP,KOD_MB_GFCT_PLCY,SYS_CRE_DTTM,KODASP,KOD_MB_GFCT_PLCY,,"cast(translate(SYS_CRE_DTTM, '/', '-') as timestamp)"
KODASP,KOD_MB_GFCT_PLCY,SYS_UPD_DTTM,KODASP,KOD_MB_GFCT_PLCY,,"cast(translate(SYS_UPD_DTTM, '/', '-') as timestamp)"
KODASP,KOMSCO_MERCHANT,CRI_DT,KODASP,KOMSCO_MERCHANT,BASE_DATE,
KODASP,KOMSCO_MERCHANT,ACQR_DV_CD,KODASP,KOMSCO_MERCHANT,MERCHANT_TYPE,
KODASP,KOMSCO_MERCHANT,MC_ID,KODASP,KOMSCO_MERCHANT,MCT_MNG_NO,
KODASP,KOMSCO_MERCHANT,pt_cre_dt,KODASP,KOMSCO_MERCHANT,,"cast(translate(substr(SYS_CRE_DTTM, 1, 10), '/', '') as bigint)"
KODASP,KOMSCO_MERCHANT,BZNO,KODASP,KOMSCO_MERCHANT,BIZ_LICENSE_NO,
KODASP,KOMSCO_MERCHANT,MC_REG_ST_CD,KODASP,KOMSCO_MERCHANT,REG_TYPE,
KODASP,KOMSCO_MERCHANT,MC_NM,KODASP,KOMSCO_MERCHANT,SIMPLE_NM,
KODASP,KOMSCO_MERCHANT,ZON_TYPE_CD,KODASP,KOMSCO_MERCHANT,AREA_CD,
KODASP,KOMSCO_MERCHANT,ROAD_NM_ADDR_YN,KODASP,KOMSCO_MERCHANT,ADDR_NEW_OLD_TYPE,
KODASP,KOMSCO_MERCHANT,MC_PSNO,KODASP,KOMSCO_MERCHANT,ZIP_CD,
KODASP,KOMSCO_MERCHANT,MC_BSC_ADDR,KODASP,KOMSCO_MERCHANT,ADDR1,
KODASP,KOMSCO_MERCHANT,MC_DTL_ADDR,KODASP,KOMSCO_MERCHANT,ADDR2,
KODASP,KOMSCO_MERCHANT,STD_INDS_DTL_CL_CD,KODASP,KOMSCO_MERCHANT,INDUSTRY_CD,
KODASP,KOMSCO_MERCHANT,STD_INDS_DTL_CL_CDNM,KODASP,KOMSCO_MERCHANT,CODE_NAME,
KODASP,KOMSCO_MERCHANT,MC_PMNT_TYPE_CD,KODASP,KOMSCO_MERCHANT,PAYMENT_TYPE,
KODASP,KOMSCO_MERCHANT,MC_RSG_YN,KODASP,KOMSCO_MERCHANT,TEMNT_YN,
KODASP,KOMSCO_MERCHANT,SYS_CRE_ID,KODASP,KOMSCO_MERCHANT,SYS_CRE_ID,
KODASP,KOMSCO_MERCHANT,SYS_CRE_DTTM,KODASP,KOMSCO_MERCHANT,,"from_unixtime(unix_timestamp(SYS_CRE_DTTM, 'yyyy/MM/dd HH:mm:ss'))"
KODASP,KOMSCO_MERCHANT,SYS_UPD_ID,KODASP,KOMSCO_MERCHANT,SYS_UPD_ID,
KODASP,KOMSCO_MERCHANT,SYS_UPD_DTTM,KODASP,KOMSCO_MERCHANT,,"from_unixtime(unix_timestamp(SYS_UPD_DTTM, 'yyyy/MM/dd HH:mm:ss'))"
KODASP,KOMSCO_MERCHANT,MC_PHN_NO,KODASP,KOMSCO_MERCHANT,tel_no,
KODASP,MEMBER_POLICY,ASP_ID,KODASP,MEMBER_POLICY,ASP_ID,
KODASP,MEMBER_POLICY,RE_JN_PV_PRID_DCNT,KODASP,MEMBER_POLICY,REJOIN_AFTER_LEAVING,
KODASP,MERCHANT,MC_ID,KODASP,MERCHANT,PLAYER_ID,
KODASP,MERCHANT,ROLE_CD,KODASP,MERCHANT,ROLE_CD,
KODASP,MERCHANT,MC_REP_DV_CD,KODASP,MERCHANT,MCT_TYPE,
KODASP,MERCHANT,MC_ACT_ST_CD,KODASP,MERCHANT,STATUS,
KODASP,MERCHANT,ALIAS_ID,KODASP,MERCHANT,ALIAS_ID,
KODASP,MERCHANT,NKNM_USE_YN,KODASP,MERCHANT,ALIAS_USE_YN,
KODASP,MERCHANT,SYS_CRE_DTTM,KODASP,MERCHANT,,"from_unixtime(unix_timestamp(REG_DATE, 'yyyy/MM/dd HH:mm:ss'))"
KODASP,MERCHANT,SYS_UPD_DTTM,KODASP,MERCHANT,,"from_unixtime(unix_timestamp(UPDATE_DATE, 'yyyy/MM/dd HH:mm:ss'))"
KODASP,MERCHANT,PMNT_SETL_POLICY,KODASP,MERCHANT,PMNT_SETL_POLICY,
KODASP,MERCHANT,REP_MC_ID,KODASP,MERCHANT,PARENT_MCT_ID,
KODASP,MERCHANT,ERA_PO_LGIN_ID,KODASP,MERCHANT,MA_PORTAL_ID,
KODASP,MERCHANT,MAX_PMNT_PSBL_AMT,KODASP,MERCHANT,MAX_PAYMENT,
KODASP,MERCHANT,MAX_XNG_IPSB_AMT,KODASP,MERCHANT,MAX_REFUND,
KODASP,MERCHANT,OUTS_AFC_MC_ID,KODASP,MERCHANT,EXTERNAL_ID,
KODASP,MERCHANT,MC_SL_CD,KODASP,MERCHANT,SALES_CD,
KODASP,MERCHANT_ASP,MC_ID,KODASP,MERCHANT_ASP,MCT_ID,
KODASP,MERCHANT_ASP,ASP_ROLE_CD,KODASP,MERCHANT_ASP,ROLE_CD,
KODASP,MERCHANT_ASP,MC_ROLE_CD,KODASP,MERCHANT_ASP,MCT_ROLE_CD,
KODASP,MERCHANT_ASP,ASP_ID,KODASP,MERCHANT_ASP,PLAYER_ID,
KODASP,MERCHANT_ASP,SYS_CRE_DTTM,KODASP,MERCHANT_ASP,,"from_unixtime(unix_timestamp(REG_DATE, 'yyyy/MM/dd HH:mm:ss'))"
KODASP,MERCHANT_ASP,SYS_UPD_DTTM,KODASP,MERCHANT_ASP,,"from_unixtime(unix_timestamp(UPDATE_DATE, 'yyyy/MM/dd HH:mm:ss'))"
KODASP,MERCHANT_CHANGE_NOTICE,CRI_DT,KODASP,MERCHANT_CHANGE_NOTICE,BASE_DATE,
KODASP,MERCHANT_CHANGE_NOTICE,MC_ID,KODASP,MERCHANT_CHANGE_NOTICE,MCT_MNG_NO,
KODASP,MERCHANT_CHANGE_NOTICE,pt_cre_dt,KODASP,MERCHANT_CHANGE_NOTICE,,"cast(translate(substr(SYS_CRE_DTTM, 1, 10), '/', '') as bigint)"
KODASP,MERCHANT_CHANGE_NOTICE,ACQR_DV_CD,KODASP,MERCHANT_CHANGE_NOTICE,MERCHANT_TYPE,
KODASP,MERCHANT_CHANGE_NOTICE,MC_NM,KODASP,MERCHANT_CHANGE_NOTICE,SIMPLE_NM,
KODASP,MERCHANT_CHANGE_NOTICE,CHG_BF_BZTP_CD,KODASP,MERCHANT_CHANGE_NOTICE,OLD_BIZ_TYPE,
KODASP,MERCHANT_CHANGE_NOTICE,CHG_AF_BZTP_CD,KODASP,MERCHANT_CHANGE_NOTICE,NEW_BIZ_TYPE,
KODASP,MERCHANT_CHANGE_NOTICE,MC_OLD_BSC_ADDR,KODASP,MERCHANT_CHANGE_NOTICE,OLD_ADDR,
KODASP,MERCHANT_CHANGE_NOTICE,MC_N_BSC_ADDR,KODASP,MERCHANT_CHANGE_NOTICE,NEW_ADDR,
KODASP,MERCHANT_CHANGE_NOTICE,PAST_STDN_YN,KODASP,MERCHANT_CHANGE_NOTICE,OLD_TEMNT_YN,
KODASP,MERCHANT_CHANGE_NOTICE,CRNT_STDN_YN,KODASP,MERCHANT_CHANGE_NOTICE,NEW_TEMNT_YN,
KODASP,MERCHANT_CHANGE_NOTICE,SYS_CRE_ID,KODASP,MERCHANT_CHANGE_NOTICE,SYS_CRE_ID,
KODASP,MERCHANT_CHANGE_NOTICE,SYS_CRE_DTTM,KODASP,MERCHANT_CHANGE_NOTICE,,"from_unixtime(unix_timestamp(SYS_CRE_DTTM, 'yyyy/MM/dd HH:mm:ss'))"
KODASP,MERCHANT_CHANGE_NOTICE,SYS_UPD_ID,KODASP,MERCHANT_CHANGE_NOTICE,SYS_UPD_ID,
KODASP,MERCHANT_CHANGE_NOTICE,SYS_UPD_DTTM,KODASP,MERCHANT_CHANGE_NOTICE,,"from_unixtime(unix_timestamp(SYS_UPD_DTTM, 'yyyy/MM/dd HH:mm:ss'))"
KODASP,NH_MERCHANT,NH_MC_SNO,KODASP,NH_MERCHANT,SEQ,
KODASP,NH_MERCHANT,pt_cre_dt,KODASP,NH_MERCHANT,,"cast(translate(substr(reg_date, 1, 7), '/', '') as bigint)"
KODASP,NH_MERCHANT,DATA_TYPE,KODASP,NH_MERCHANT,DATA_TYPE,
KODASP,NH_MERCHANT,MC_INFO_UPD_TMCNT,KODASP,NH_MERCHANT,REVISION_SEQ,
KODASP,NH_MERCHANT,BZNO,KODASP,NH_MERCHANT,BIZ_LICENSE_NO,
KODASP,NH_MERCHANT,MC_ID,KODASP,NH_MERCHANT,MCT_MNG_NO,
KODASP,NH_MERCHANT,MC_NM,KODASP,NH_MERCHANT,SIMPLE_NM,
KODASP,NH_MERCHANT,psno,KODASP,NH_MERCHANT,ZIP_CD,
KODASP,NH_MERCHANT,BSC_ADDR,KODASP,NH_MERCHANT,ADDR1,
KODASP,NH_MERCHANT,DTL_ADDR,KODASP,NH_MERCHANT,ADDR2,
KODASP,NH_MERCHANT,MC_REG_DT,KODASP,NH_MERCHANT,MCT_REG_DATE,
KODASP,NH_MERCHANT,MC_RSG_DT,KODASP,NH_MERCHANT,TEMNT_DATE,
KODASP,NH_MERCHANT,sls_temp_stop_yn,KODASP,NH_MERCHANT,SUSPENDED_YN,
KODASP,NH_MERCHANT,BZTP_CD,KODASP,NH_MERCHANT,BIZ_TYPE,
KODASP,NH_MERCHANT,BZTP_NM,KODASP,NH_MERCHANT,BIZ_NAME,
KODASP,NH_MERCHANT,ROAD_NM_ADDR_YN,KODASP,NH_MERCHANT,ADDR_NEW_OLD_TYPE,
KODASP,NH_MERCHANT,SL_CD,KODASP,NH_MERCHANT,SALES_CD,
KODASP,NH_MERCHANT,SYS_CRE_DTTM,KODASP,NH_MERCHANT,,"from_unixtime(unix_timestamp(REG_DATE, 'yyyy/MM/dd HH:mm:ss'))"
KODASP,NH_MERCHANT,SYS_UPD_DTTM,KODASP,NH_MERCHANT,,"from_unixtime(unix_timestamp(UPDATE_DATE, 'yyyy/MM/dd HH:mm:ss'))"
KODASP,NH_MERCHANT,SIDO_NM,KODASP,NH_MERCHANT,SI_DO_NM,
KODASP,NH_MERCHANT,SGG_NM,KODASP,NH_MERCHANT,SI_GUN_GU_NM,
KODASP,NH_MERCHANT,ADMD_NM,KODASP,NH_MERCHANT,ADMIN_DONG_NAME,
KODASP,NH_MERCHANT,ADMD_CD,KODASP,NH_MERCHANT,ADMIN_DONG_CODE,
KODASP,NH_MERCHANT,LGLD_NM,KODASP,NH_MERCHANT,LEGAL_DONG_NAME,
KODASP,NH_MERCHANT,LGLD_CD,KODASP,NH_MERCHANT,LEGAL_DONG_CODE,
KODASP,NH_MERCHANT,ROAD_NM_ADDR,KODASP,NH_MERCHANT,ROAD_NM,
KODASP,NH_MERCHANT,BLD_NO,KODASP,NH_MERCHANT,BUILDING_NO,
KODASP,NH_MERCHANT,SUB_BLD_NO,KODASP,NH_MERCHANT,SUB_BUILDING_NO,
KODASP,NH_MERCHANT,LATD,KODASP,NH_MERCHANT,LATITUDE,
KODASP,NH_MERCHANT,LOTD,KODASP,NH_MERCHANT,LONGITUDE,
KODASP,NH_MERCHANT,MC_FEERT,KODASP,NH_MERCHANT,MERCHANT_FEE_RATE,
KODASP,NH_MERCHANT,REPP_NM,KODASP,NH_MERCHANT,REPR_NM,
KODASP,NH_MERCHANT,MC_PHN_NO,KODASP,NH_MERCHANT,TEL_NO,
KODASP,NH_MERCHANT_HISTORY,NH_MC_HIST_SNO,KODASP,NH_MERCHANT_HISTORY,SEQ,
KODASP,NH_MERCHANT_HISTORY,DATA_CHG_CD,KODASP,NH_MERCHANT_HISTORY,TYPE,
KODASP,NH_MERCHANT_HISTORY,MC_INFO_UPD_TMCNT,KODASP,NH_MERCHANT_HISTORY,REVISION_SEQ,
KODASP,NH_MERCHANT_HISTORY,BAT_EXCU_DT,KODASP,NH_MERCHANT_HISTORY,TRIGGER_REG_DATE,
KODASP,NH_MERCHANT_HISTORY,DATA_TYPE,KODASP,NH_MERCHANT_HISTORY,DATA_TYPE,
KODASP,NH_MERCHANT_HISTORY,BZNO,KODASP,NH_MERCHANT_HISTORY,BIZ_LICENSE_NO,
KODASP,NH_MERCHANT_HISTORY,MC_ID,KODASP,NH_MERCHANT_HISTORY,MCT_MNG_NO,
KODASP,NH_MERCHANT_HISTORY,MC_NM,KODASP,NH_MERCHANT_HISTORY,SIMPLE_NM,
KODASP,NH_MERCHANT_HISTORY,MC_PSNO,KODASP,NH_MERCHANT_HISTORY,ZIP_CD,
KODASP,NH_MERCHANT_HISTORY,MC_BSC_ADDR,KODASP,NH_MERCHANT_HISTORY,ADDR1,
KODASP,NH_MERCHANT_HISTORY,MC_DTL_ADDR,KODASP,NH_MERCHANT_HISTORY,ADDR2,
KODASP,NH_MERCHANT_HISTORY,MC_REG_DT,KODASP,NH_MERCHANT_HISTORY,MCT_REG_DATE,
KODASP,NH_MERCHANT_HISTORY,MC_REG_DSBL_DT,KODASP,NH_MERCHANT_HISTORY,TEMNT_DATE,
KODASP,NH_MERCHANT_HISTORY,SLS_STP_YN,KODASP,NH_MERCHANT_HISTORY,SUSPENDED_YN,
KODASP,NH_MERCHANT_HISTORY,BZTP_CD,KODASP,NH_MERCHANT_HISTORY,BIZ_TYPE,
KODASP,NH_MERCHANT_HISTORY,BZTP_NM,KODASP,NH_MERCHANT_HISTORY,BIZ_NAME,
KODASP,NH_MERCHANT_HISTORY,ROAD_NM_ADDR_YN,KODASP,NH_MERCHANT_HISTORY,ADDR_NEW_OLD_TYPE,
KODASP,NH_MERCHANT_HISTORY,SL_CD,KODASP,NH_MERCHANT_HISTORY,SALES_CD,
KODASP,NH_MERCHANT_HISTORY,SYS_CRE_DTTM,KODASP,NH_MERCHANT_HISTORY,,"from_unixtime(unix_timestamp(REG_DATE, 'yyyy/MM/dd HH:mm:ss'))"
KODASP,NH_MERCHANT_HISTORY,SYS_UPD_DTTM,KODASP,NH_MERCHANT_HISTORY,,"from_unixtime(unix_timestamp(UPDATE_DATE, 'yyyy/MM/dd HH:mm:ss'))"
KODASP,NH_MERCHANT_HISTORY,SIDO_NM,KODASP,NH_MERCHANT_HISTORY,SI_DO_NM,
KODASP,NH_MERCHANT_HISTORY,SGG_NM,KODASP,NH_MERCHANT_HISTORY,SI_GUN_GU_NM,
KODASP,NH_MERCHANT_HISTORY,ADMD_NM,KODASP,NH_MERCHANT_HISTORY,ADMIN_DONG_NAME,
KODASP,NH_MERCHANT_HISTORY,ADMD_CD,KODASP,NH_MERCHANT_HISTORY,ADMIN_DONG_CODE,
KODASP,NH_MERCHANT_HISTORY,LGLD_NM,KODASP,NH_MERCHANT_HISTORY,LEGAL_DONG_NAME,
KODASP,NH_MERCHANT_HISTORY,LGLD_CD,KODASP,NH_MERCHANT_HISTORY,LEGAL_DONG_CODE,
KODASP,NH_MERCHANT_HISTORY,ROAD_NM_ADDR,KODASP,NH_MERCHANT_HISTORY,ROAD_NM,
KODASP,NH_MERCHANT_HISTORY,BLD_NO,KODASP,NH_MERCHANT_HISTORY,BUILDING_NO,
KODASP,NH_MERCHANT_HISTORY,SUB_BLD_NO,KODASP,NH_MERCHANT_HISTORY,SUB_BUILDING_NO,
KODASP,NH_MERCHANT_HISTORY,LATD,KODASP,NH_MERCHANT_HISTORY,LATITUDE,
KODASP,NH_MERCHANT_HISTORY,LOTD,KODASP,NH_MERCHANT_HISTORY,LONGITUDE,
KODASP,NH_MERCHANT_HISTORY,MC_FEE,KODASP,NH_MERCHANT_HISTORY,MERCHANT_FEE_RATE,
KODASP,NH_MERCHANT_HISTORY,pt_cre_dt,KODASP,NH_MERCHANT_HISTORY,,"translate(substr(REG_DATE, 1, 7), '/', '')"
KODASP,PAYCO_MERCHANT,SNO,KODASP,PAYCO_MERCHANT,SEQ,
KODASP,PAYCO_MERCHANT,MC_ID,KODASP,PAYCO_MERCHANT,MCT_MNG_NO,
KODASP,PAYCO_MERCHANT,DATA_TYPE,KODASP,PAYCO_MERCHANT,DATA_TYPE,
KODASP,PAYCO_MERCHANT,REVISION_SEQ,KODASP,PAYCO_MERCHANT,REVISION_SEQ,
KODASP,PAYCO_MERCHANT,MC_NM,KODASP,PAYCO_MERCHANT,SIMPLE_NM,
KODASP,PAYCO_MERCHANT,BZNO,KODASP,PAYCO_MERCHANT,BIZ_LICENSE_NO,
KODASP,PAYCO_MERCHANT,MC_PHN_NO,KODASP,PAYCO_MERCHANT,TEL_NO,
KODASP,PAYCO_MERCHANT,PSNO,KODASP,PAYCO_MERCHANT,ZIP_CD,
KODASP,PAYCO_MERCHANT,BSC_ADDR,KODASP,PAYCO_MERCHANT,ADDR1,
KODASP,PAYCO_MERCHANT,DTL_ADDR,KODASP,PAYCO_MERCHANT,ADDR2,
KODASP,PAYCO_MERCHANT,MC_REG_DT,KODASP,PAYCO_MERCHANT,MCT_REG_DATE,
KODASP,PAYCO_MERCHANT,MC_RSG_DT,KODASP,PAYCO_MERCHANT,TEMNT_DATE,
KODASP,PAYCO_MERCHANT,MC_FEERT,KODASP,PAYCO_MERCHANT,MERCHANT_FEE_RATE,
KODASP,PAYCO_MERCHANT,BZTP_CD,KODASP,PAYCO_MERCHANT,BIZ_TYPE,
KODASP,PAYCO_MERCHANT,BZTP_NM,KODASP,PAYCO_MERCHANT,BIZ_NAME,
KODASP,PAYCO_MERCHANT,SL_CD,KODASP,PAYCO_MERCHANT,SALES_CD,
KODASP,PAYCO_MERCHANT,SIDO_NM,KODASP,PAYCO_MERCHANT,SI_DO_NM,
KODASP,PAYCO_MERCHANT,SGG_NM,KODASP,PAYCO_MERCHANT,SI_GUN_GU_NM,
KODASP,PAYCO_MERCHANT,EMD_NM,KODASP,PAYCO_MERCHANT,EUP_MYUN_DONG_NM,
KODASP,PAYCO_MERCHANT,ROAD_NM_CD,KODASP,PAYCO_MERCHANT,ROAD_NM_CODE,
KODASP,PAYCO_MERCHANT,ADMD_NM,KODASP,PAYCO_MERCHANT,ADMIN_DONG_NAME,
KODASP,PAYCO_MERCHANT,ADMD_CD,KODASP,PAYCO_MERCHANT,ADMIN_DONG_CODE,
KODASP,PAYCO_MERCHANT,LGLD_NM,KODASP,PAYCO_MERCHANT,LEGAL_DONG_NAME,
KODASP,PAYCO_MERCHANT,LGLD_CD,KODASP,PAYCO_MERCHANT,LEGAL_DONG_CODE,
KODASP,PAYCO_MERCHANT,LATD,KODASP,PAYCO_MERCHANT,LATITUDE,
KODASP,PAYCO_MERCHANT,LOTD,KODASP,PAYCO_MERCHANT,LONGITUDE,
KODASP,PAYCO_MERCHANT,SYS_CRE_DTTM,KODASP,PAYCO_MERCHANT,,"from_unixtime(unix_timestamp(REG_DATE, 'yyyy/MM/dd HH:mm:ss'))"
KODASP,PAYCO_MERCHANT,SYS_CRE_DTTM,KODASP,PAYCO_MERCHANT,,"from_unixtime(unix_timestamp(UPDATE_DATE, 'yyyy/MM/dd HH:mm:ss'))"
KODASP,PAYCO_MERCHANT,REPP_NM,KODASP,PAYCO_MERCHANT,REPR_NM,
KODASP,PAYCO_MERCHANT_HISTORY,SEQ,KODASP,PAYCO_MERCHANT_HISTORY,SEQ,
KODASP,PAYCO_MERCHANT_HISTORY,TYPE,KODASP,PAYCO_MERCHANT_HISTORY,TYPE,
KODASP,PAYCO_MERCHANT_HISTORY,DATA_TYPE,KODASP,PAYCO_MERCHANT_HISTORY,DATA_TYPE,
KODASP,PAYCO_MERCHANT_HISTORY,REVISION_SEQ,KODASP,PAYCO_MERCHANT_HISTORY,REVISION_SEQ,
KODASP,PAYCO_MERCHANT_HISTORY,TRIGGER_REG_DATE,KODASP,PAYCO_MERCHANT_HISTORY,,"from_unixtime(to_unix_timestamp(TRIGGER_REG_DATE, 'yyyy/MM/dd HH:mm:ss'))"
KODASP,PAYCO_MERCHANT_HISTORY,MCT_MNG_NO,KODASP,PAYCO_MERCHANT_HISTORY,MCT_MNG_NO,
KODASP,PAYCO_MERCHANT_HISTORY,SIMPLE_NM,KODASP,PAYCO_MERCHANT_HISTORY,SIMPLE_NM,
KODASP,PAYCO_MERCHANT_HISTORY,BIZ_LICENSE_NO,KODASP,PAYCO_MERCHANT_HISTORY,BIZ_LICENSE_NO,
KODASP,PAYCO_MERCHANT_HISTORY,REPR_NM,KODASP,PAYCO_MERCHANT_HISTORY,REPR_NM,
KODASP,PAYCO_MERCHANT_HISTORY,TEL_NO,KODASP,PAYCO_MERCHANT_HISTORY,TEL_NO,
KODASP,PAYCO_MERCHANT_HISTORY,ZIP_CD,KODASP,PAYCO_MERCHANT_HISTORY,ZIP_CD,
KODASP,PAYCO_MERCHANT_HISTORY,ADDR1,KODASP,PAYCO_MERCHANT_HISTORY,ADDR1,
KODASP,PAYCO_MERCHANT_HISTORY,ADDR2,KODASP,PAYCO_MERCHANT_HISTORY,ADDR2,
KODASP,PAYCO_MERCHANT_HISTORY,MCT_REG_DATE,KODASP,PAYCO_MERCHANT_HISTORY,MCT_REG_DATE,
KODASP,PAYCO_MERCHANT_HISTORY,TEMNT_DATE,KODASP,PAYCO_MERCHANT_HISTORY,TEMNT_DATE,
KODASP,PAYCO_MERCHANT_HISTORY,MERCHANT_FEE_RATE,KODASP,PAYCO_MERCHANT_HISTORY,MERCHANT_FEE_RATE,
KODASP,PAYCO_MERCHANT_HISTORY,BIZ_TYPE,KODASP,PAYCO_MERCHANT_HISTORY,BIZ_TYPE,
KODASP,PAYCO_MERCHANT_HISTORY,BIZ_NAME,KODASP,PAYCO_MERCHANT_HISTORY,BIZ_NAME,
KODASP,PAYCO_MERCHANT_HISTORY,SALES_CD,KODASP,PAYCO_MERCHANT_HISTORY,SALES_CD,
KODASP,PAYCO_MERCHANT_HISTORY,SI_DO_NM,KODASP,PAYCO_MERCHANT_HISTORY,SI_DO_NM,
KODASP,PAYCO_MERCHANT_HISTORY,SI_GUN_GU_NM,KODASP,PAYCO_MERCHANT_HISTORY,SI_GUN_GU_NM,
KODASP,PAYCO_MERCHANT_HISTORY,EUP_MYUN_DONG_NM,KODASP,PAYCO_MERCHANT_HISTORY,EUP_MYUN_DONG_NM,
KODASP,PAYCO_MERCHANT_HISTORY,ROAD_NM_CODE,KODASP,PAYCO_MERCHANT_HISTORY,ROAD_NM_CODE,
KODASP,PAYCO_MERCHANT_HISTORY,ADMIN_DONG_NAME,KODASP,PAYCO_MERCHANT_HISTORY,ADMIN_DONG_NAME,
KODASP,PAYCO_MERCHANT_HISTORY,ADMIN_DONG_CODE,KODASP,PAYCO_MERCHANT_HISTORY,ADMIN_DONG_CODE,
KODASP,PAYCO_MERCHANT_HISTORY,LEGAL_DONG_NAME,KODASP,PAYCO_MERCHANT_HISTORY,LEGAL_DONG_NAME,
KODASP,PAYCO_MERCHANT_HISTORY,LEGAL_DONG_CODE,KODASP,PAYCO_MERCHANT_HISTORY,LEGAL_DONG_CODE,
KODASP,PAYCO_MERCHANT_HISTORY,LATITUDE,KODASP,PAYCO_MERCHANT_HISTORY,LATITUDE,
KODASP,PAYCO_MERCHANT_HISTORY,LONGITUDE,KODASP,PAYCO_MERCHANT_HISTORY,LONGITUDE,
KODASP,PAYCO_MERCHANT_HISTORY,REG_DATE,KODASP,PAYCO_MERCHANT_HISTORY,,"from_unixtime(to_unix_timestamp(REG_DATE, 'yyyy/MM/dd HH:mm:ss'))"
KODASP,PAYCO_MERCHANT_HISTORY,UPDATE_DATE,KODASP,PAYCO_MERCHANT_HISTORY,,"from_unixtime(to_unix_timestamp(UPDATE_DATE, 'yyyy/MM/dd HH:mm:ss'))"
KODASP,PAYCO_MERCHANT_HISTORY,pt_reg_dt,KODASP,PAYCO_MERCHANT_HISTORY,,"translate(substr(REG_DATE,1,7),'/','')"
KODASP,PAYMENT_POLICY,ASP_ID,KODASP,PAYMENT_POLICY,ASP_ID,
KODASP,PAYMENT_POLICY,STC_PSBL_DCNT,KODASP,PAYMENT_POLICY,CANCELABLE_DAY,
KODASP,PAYMENT_POLICY,MC_MAX_STLM_AMT_CHK_YN,KODASP,PAYMENT_POLICY,CHECK_MERCHANT_MAXPAYMENT_YN,
KODASP,PAYMENT_POLICY,MAX_STLM_PSBL_AMT,KODASP,PAYMENT_POLICY,REALNAME_MAX_AMT,
KODASP,PAYMENT_POLICY,ANMS_CRD_MAX_STLM_PSBL_AMT,KODASP,PAYMENT_POLICY,NON_REALNAME_MAX_AMT,
KODASP,PAYMENT_POLICY,CPN_BUY_CNCL_PSBL_DCNT,KODASP,PAYMENT_POLICY,COUPON_CANCELABLE_DAY,
KODASP,PAYMENT_POLICY,PTON_CNCL_ODE_CD,KODASP,PAYMENT_POLICY,PARTIAL_CANCEL_ORDER,
KODASP,PAYMENT_POLICY,PNT_CMNT_USE_YN,KODASP,PAYMENT_POLICY,MAKE_UP_POINT,
KODASP,PAYMENT_POLICY,ACHRG_MAMT,KODASP,PAYMENT_POLICY,MIN_AUTO_RECHARGE_AMT,
KODASP,PAYMENT_POLICY,SYS_CRE_DTTM,KODASP,PAYMENT_POLICY,,"from_unixtime(to_unix_timestamp(REG_DATE, 'yyyy/MM/dd HH:mm:ss'))"
KODASP,PAYMENT_POLICY,SYS_UPD_DTTM,KODASP,PAYMENT_POLICY,,"from_unixtime(to_unix_timestamp(UPDATE_DATE, 'yyyy/MM/dd HH:mm:ss'))"
KODASP,PAYMENT_POLICY,EXCEPT_TAX_DEDUCTION,KODASP,PAYMENT_POLICY,EXCEPT_TAX_DEDUCTION,
KODASP,PLATFORM_POLICY,PLCY_KEY_NM,KODASP,PLATFORM_POLICY,POLICY_KEY,
KODASP,PLATFORM_POLICY,PLCY_KEY_VAL,KODASP,PLATFORM_POLICY,POLICY_VALUE,
KODASP,PLATFORM_POLICY,SYS_CRE_DTTM,KODASP,PLATFORM_POLICY,,"from_unixtime(unix_timestamp(REG_DATE, 'yyyy/MM/dd HH:mm:ss'))"
KODASP,PLATFORM_POLICY,SYS_UPD_DTTM,KODASP,PLATFORM_POLICY,,"from_unixtime(unix_timestamp(UPDATE_DATE, 'yyyy/MM/dd HH:mm:ss'))"
KODASP,PLAYER_DETAIL_INFO,PTN_ID,KODASP,PLAYER_DETAIL_INFO,PLAYER_ID,
KODASP,PLAYER_DETAIL_INFO,ROLE_CD,KODASP,PLAYER_DETAIL_INFO,ROLE_CD,
KODASP,PLAYER_DETAIL_INFO,SYS_CRE_DTTM,KODASP,PLAYER_DETAIL_INFO,,"from_unixtime(unix_timestamp(REG_DATE, 'yyyy/MM/dd HH:mm:ss'))"
KODASP,PLAYER_DETAIL_INFO,SYS_UPD_DTTM,KODASP,PLAYER_DETAIL_INFO,,"from_unixtime(unix_timestamp(UPDATE_DATE, 'yyyy/MM/dd HH:mm:ss'))"
KODASP,PLAYER_DETAIL_INFO,TXN_TYPE_CD,KODASP,PLAYER_DETAIL_INFO,TAXATION_TYPE,
KODASP,PLAYER_DETAIL_INFO,INCDE_TYPE_CD,KODASP,PLAYER_DETAIL_INFO,INCOME_DEDUCTION_TYPE,
KODASP,PLAYER_DETAIL_INFO,BZTP_CD,KODASP,PLAYER_DETAIL_INFO,TAX_BIZ_TYPE1,
KODASP,PLAYER_DETAIL_INFO,TAX_BIZ_TYPE2,KODASP,PLAYER_DETAIL_INFO,TAX_BIZ_TYPE2,
KODASP,PLAYER_DETAIL_INFO,REPP_NM,KODASP,PLAYER_DETAIL_INFO,REPR_NM,
KODASP,PLAYER_DETAIL_INFO,REP_PHN_NO,KODASP,PLAYER_DETAIL_INFO,TEL_NO,
KODASP,PLAYER_DETAIL_INFO,BSC_ADDR,KODASP,PLAYER_DETAIL_INFO,ADDR,
KODASP,PLAYER_DETAIL_INFO,DTL_ADDR,KODASP,PLAYER_DETAIL_INFO,ADDR_DETAIL,
KODASP,PLAYER_DETAIL_INFO,CGP_NM,KODASP,PLAYER_DETAIL_INFO,TAX_AGENT_NT,
KODASP,PLAYER_DETAIL_INFO,CGP_DEPT_NM,KODASP,PLAYER_DETAIL_INFO,TAX_AGENT_DEPT,
KODASP,PLAYER_DETAIL_INFO,PSNO,KODASP,PLAYER_DETAIL_INFO,ZIP_CODE,
KODASP,PLAYER_DETAIL_INFO,LATD,KODASP,PLAYER_DETAIL_INFO,LATITUDE,
KODASP,PLAYER_DETAIL_INFO,LOTD,KODASP,PLAYER_DETAIL_INFO,LONGITUDE,
KODASP,PLAYER_GROUP,GRP_ID,KODASP,PLAYER_GROUP,GRP_ID,
KODASP,PLAYER_GROUP,GRP_NM,KODASP,PLAYER_GROUP,GRP_NAME,
KODASP,PLAYER_GROUP,MC_GRP_TYPE_CD,KODASP,PLAYER_GROUP,GRP_TYPE,
KODASP,PLAYER_GROUP,GRP_OWNER_ID,KODASP,PLAYER_GROUP,GRP_OWNER_ID,
KODASP,PLAYER_GROUP,PARENT_GRP_ID,KODASP,PLAYER_GROUP,PARENT_GRP_ID,
KODASP,PLAYER_GROUP,SYS_UPD_DTTM,KODASP,PLAYER_GROUP,,"from_unixtime(unix_timestamp(UPDATE_DATE, 'yyyy/MM/dd HH:mm:ss'))"
KODASP,PLAYER_GROUP,SYS_CRE_DTTM,KODASP,PLAYER_GROUP,,"from_unixtime(unix_timestamp(REG_DATE, 'yyyy/MM/dd HH:mm:ss'))"
KODASP,PLAYER_GROUP,LAST_MC_ADD_DTTM,KODASP,PLAYER_GROUP,,"from_unixtime(unix_timestamp(LAST_PLAYER_ADDED_DATE, 'yyyy/MM/dd HH:mm:ss'))"
KODASP,PLAYER_GROUP,ASP_ID,KODASP,PLAYER_GROUP,ASP_ID,
KODASP,PLAYER_GROUP,ACQ_CHNL_CD,KODASP,PLAYER_GROUP,CHANNEL,
KODASP,PLAYER_GROUP,MC_GRP_MAPNG_TYPE_CD,KODASP,PLAYER_GROUP,GRP_MAPPING_TYPE,
KODASP,PLAYER_GROUP,SIBLING_GRP_ID,KODASP,PLAYER_GROUP,SIBLING_GRP_ID,
KODASP,PLAYER_GROUP,PO_LGIN_ID,KODASP,PLAYER_GROUP,CREATED_BY,
KODASP,PLAYER_GROUP,FNL_UPD_USER_ID,KODASP,PLAYER_GROUP,MODIFIED_BY,
KODASP,PNT_DPSTS_AGG,CRI_DT,KODASP,PNT_DPSTS_AGG,CRI_DT,
KODASP,PNT_DPSTS_AGG,ASP_ID,KODASP,PNT_DPSTS_AGG,ASP_ID,
KODASP,PNT_DPSTS_AGG,PNT_PLCY_ID,KODASP,PNT_DPSTS_AGG,PNT_PLCY_ID,
KODASP,PNT_DPSTS_AGG,PNT_BOWR_GRP_ID,KODASP,PNT_DPSTS_AGG,PNT_BOWR_GRP_ID,
KODASP,PNT_DPSTS_AGG,PNT_BOWR_ID,KODASP,PNT_DPSTS_AGG,PNT_BOWR_ID,
KODASP,PNT_DPSTS_AGG,ROLE_CD,KODASP,PNT_DPSTS_AGG,ROLE_CD,
KODASP,PNT_DPSTS_AGG,SYS_CRE_DTTM,KODASP,PNT_DPSTS_AGG,,"from_unixtime(unix_timestamp(SYS_CRE_DTTM, 'yyyy/MM/dd HH:mm:ss'))"
KODASP,PNT_DPSTS_AGG,SYS_UPD_DTTM,KODASP,PNT_DPSTS_AGG,,"from_unixtime(unix_timestamp(SYS_UPD_DTTM, 'yyyy/MM/dd HH:mm:ss'))"
KODASP,PNT_DPSTS_AGG,PNT_DPSTS_BALA,KODASP,PNT_DPSTS_AGG,PNT_DPSTS_BALA,
KODASP,PNT_DPSTS_AGG,PNT_DPSTS_DEPS_AMT,KODASP,PNT_DPSTS_AGG,PNT_DPSTS_DEPS_AMT,
KODASP,PNT_DPSTS_AGG,PNT_DPSTS_RFND_AMT,KODASP,PNT_DPSTS_AGG,PNT_DPSTS_RFND_AMT,
KODASP,PNT_DPSTS_AGG,PNT_DPSTS_ADJS_DEPS_AMT,KODASP,PNT_DPSTS_AGG,PNT_DPSTS_ADJS_DEPS_AMT,
KODASP,PNT_DPSTS_AGG,PNT_DPSTS_ADJS_RFND_AMT,KODASP,PNT_DPSTS_AGG,PNT_DPSTS_ADJS_RFND_AMT,
KODASP,PNT_DPSTS_AGG,PNT_DSB_AMT,KODASP,PNT_DPSTS_AGG,PNT_DSB_AMT,
KODASP,PNT_DPSTS_AGG,PNT_DSB_CNCL_AMT,KODASP,PNT_DPSTS_AGG,PNT_DSB_CNCL_AMT,
KODASP,PNT_DPSTS_AGG,PNT_RTRV_AMT,KODASP,PNT_DPSTS_AGG,PNT_RTRV_AMT,
KODASP,PNT_DPSTS_AGG,PNT_EXTN_AMT,KODASP,PNT_DPSTS_AGG,PNT_EXTN_AMT,
KODASP,POINT_DISPLAY_INFO_D,PNT_EXHB_SNO,KODASP,POINT_DISPLAY_INFO_D,EXHB_INFO_SNO,
KODASP,POINT_DISPLAY_INFO_D,PNT_EXHB_DTL_SNO,KODASP,POINT_DISPLAY_INFO_D,EXHB_INFO_DTL_SNO,
KODASP,POINT_DISPLAY_INFO_D,SCT_MINM_VAL,KODASP,POINT_DISPLAY_INFO_D,SCT_MINM_VAL,
KODASP,POINT_DISPLAY_INFO_D,SCT_MAX_VAL,KODASP,POINT_DISPLAY_INFO_D,SCT_MAX_VAL,
KODASP,POINT_DISPLAY_INFO_D,CLOR_CD,KODASP,POINT_DISPLAY_INFO_D,CLOR_VAL,
KODASP,POINT_DISPLAY_INFO_D,RES_BUGT_RATE_EXPS_YN,KODASP,POINT_DISPLAY_INFO_D,RES_BUGT_RATE_EXPS_YN,
KODASP,POINT_DISPLAY_INFO_D,RES_BUGT_RATE_GUD_CN,KODASP,POINT_DISPLAY_INFO_D,RES_BUGT_RATE_GUD_CN,
KODASP,POINT_DISPLAY_INFO_D,DSB_ST_GUD_CN,KODASP,POINT_DISPLAY_INFO_D,DSB_ST_GUD_CN,
KODASP,POINT_DISPLAY_INFO_D,SYS_CRE_ID,KODASP,POINT_DISPLAY_INFO_D,SYS_CRE_ID,
KODASP,POINT_DISPLAY_INFO_D,SYS_UPD_ID,KODASP,POINT_DISPLAY_INFO_D,SYS_UPD_ID,
KODASP,POINT_DISPLAY_INFO_D,SYS_CRE_DTTM,KODASP,POINT_DISPLAY_INFO_D,,"from_unixtime(unix_timestamp(SYS_CRE_DTTM, 'yyyy/MM/dd HH:mm:ss'))"
KODASP,POINT_DISPLAY_INFO_D,SYS_UPD_DTTM,KODASP,POINT_DISPLAY_INFO_D,,"from_unixtime(unix_timestamp(SYS_UPD_DTTM, 'yyyy/MM/dd HH:mm:ss'))"
KODASP,POINT_POLICY,ASP_ID,KODASP,POINT_POLICY,ASP_ID,
KODASP,POINT_POLICY,PNT_PRV_YN,KODASP,POINT_POLICY,USE_YN,
KODASP,POINT_POLICY,PPNT_WTH_VAL,KODASP,POINT_POLICY,VALUE_PER_POINT,
KODASP,POINT_POLICY,MAX_HLD_LMT_AMT,KODASP,POINT_POLICY,MAX_POSSESSION_LIMIT,
KODASP,POINT_POLICY,MINM_USE_PNT,KODASP,POINT_POLICY,MIN_CONDITION_AMT,
KODASP,POINT_POLICY,ONCE_MAX_USE_LMT_AMT,KODASP,POINT_POLICY,MAX_AMT_ONETIME,
KODASP,POINT_POLICY,ONCE_MAX_USE_RATE,KODASP,POINT_POLICY,MAX_RATE_ONETIME,
KODASP,POINT_POLICY,DD_MAX_USE_LMT_PNT,KODASP,POINT_POLICY,MAX_AMT_DAY,
KODASP,POINT_POLICY,MM_MAX_USE_LMT_PNT,KODASP,POINT_POLICY,MAX_AMT_MONTH,
KODASP,POINT_POLICY,PNT_USE_LM_MC_GRP_ID,KODASP,POINT_POLICY,EXCEPT_GRP_ID,
KODASP,POINT_POLICY,PNT_USE_AGRM_KEEP_TM_MIN_CNT,KODASP,POINT_POLICY,TIME_DURATION,
KODASP,POINT_POLICY,EXTN_NTFC_DD,KODASP,POINT_POLICY,ANNOUNCE_DAY,
KODASP,POINT_POLICY,USE_CNCL_PNT_VL_PRID_DCNT,KODASP,POINT_POLICY,CANCELLED_VALIDITY_PERIOD,
KODASP,POINT_POLICY,SYS_CRE_DTTM,KODASP,POINT_POLICY,,"from_unixtime(to_unix_timestamp(REG_DATE, 'yyyy/MM/dd HH:mm:ss'))"
KODASP,POINT_POLICY,SYS_UPD_DTTM,KODASP,POINT_POLICY,,"from_unixtime(to_unix_timestamp(UPDATE_DATE, 'yyyy/MM/dd HH:mm:ss'))"
KODASP,POINT_POLICY,VL_PRID_TYPE_CD,KODASP,POINT_POLICY,PERIOD_TYPE,
KODASP,POINT_POLICY,PNT_VL_PRID_SPF_DTTM,KODASP,POINT_POLICY,,"from_unixtime(to_unix_timestamp(EXP_DATE, 'yyyy/MM/dd HH:mm:ss'))"
KODASP,POINT_POLICY,YY_DSB_LMT_PNT,KODASP,POINT_POLICY,REWARD_LIMIT_YEAR,
KODASP,POINT_POLICY,MM_DSB_LMT_PNT,KODASP,POINT_POLICY,REWARD_LIMIT_MONTH,
KODASP,POINT_POLICY,PNT_AUTO_USE_STN_DV_CD,KODASP,POINT_POLICY,AUTO_USE_YN,
KODASP,POINT_POLICY,RFND_PNT_EXTN_FAMT_FRTE_DV_CD,KODASP,POINT_POLICY,REFUND_EXTINCT_TYPE,
KODASP,POINT_POLICY,RFND_PTIM_EXTN_PNT,KODASP,POINT_POLICY,REFUND_EXTINCT_VALUE,
KODASP,POINT_POLICY,LM_BZTP_GRP_ID,KODASP,POINT_POLICY,BIZTYPE_GRP_ID,
KODASP,POINT_POLICY,INCDE_TRGT_YN,KODASP,POINT_POLICY,INCOME_DEDUCTION_YN,
KODASP,POINT_POLICY,PNT_PLCY_TYPE_CD,KODASP,POINT_POLICY,POLICY_TYPE,
KODASP,POINT_POLICY,ANNL_PNT_DSB_BUGT_AMT,KODASP,POINT_POLICY,BUDGET_YEAR,
KODASP,POINT_POLICY,PNT_USE_PSBL_MINM_STLM_AMT,KODASP,POINT_POLICY,MIN_CONDITION_PAY_AMT,
KODASP,POINT_POLICY,AP_XPRSN_NM,KODASP,POINT_POLICY,DISPLAY_NAME,
KODASP,POINT_POLICY,PMSN_MC_GRP_ID,KODASP,POINT_POLICY,GRANT_GRP_ID,
KODASP,POINT_POLICY,PMSN_BZTP_GRP_ID,KODASP,POINT_POLICY,BIZTYPE_GRANT_GRP_ID,
KODASP,POINT_POLICY,CLR_TYPE_CD,KODASP,POINT_POLICY,SETL_TYPE,
KODASP,POINT_POLICY,CLR_PLCY_CD,KODASP,POINT_POLICY,SETL_POLICY_CD,
KODASP,POINT_POLICY,PNT_GRDA_DSB_USE_YN,KODASP,POINT_POLICY,USE_GRADE_YN,
KODASP,POINT_POLICY,USE_ARSL_INCL_YN,KODASP,POINT_POLICY,INCLUDE_PREV_CONDITION,
KODASP,POINT_POLICY,OPR_MEMO_CN,KODASP,POINT_POLICY,MEMO,
KODASP,POINT_POLICY,PO_LGIN_ID,KODASP,POINT_POLICY,REGISTRANT,
KODASP,POINT_POLICY,BALA_TRNSF_PSBL_YN,KODASP,POINT_POLICY,POINT_TO_BALANCE,
KODASP,POINT_POLICY,CSTM_MHD_FAMT_FRTE_DV_CD,KODASP,POINT_POLICY,COMPOSITE_PAY_TYPE,
KODASP,POINT_POLICY,TML_PNT_CHRG_PSBL_YN,KODASP,POINT_POLICY,TERMINAL_RECHARGE,
KODASP,POINT_POLICY,DSB_VL_PRID_TYPE_CD,KODASP,POINT_POLICY,PERIOD_TYPE_AT_PAYMENT,
KODASP,POINT_POLICY,DSB_DFLT_PNT_EXTN_PRID_DCNT,KODASP,POINT_POLICY,VALIDITY_PERIOD_AT_PAYMENT,
KODASP,POINT_POLICY,DFLT_PNT_VL_PRID_SPF_DTTM,KODASP,POINT_POLICY,,"from_unixtime(to_unix_timestamp(EXP_DATE_AT_PAYMENT, 'yyyy/MM/dd HH:mm:ss'))"
KODASP,POINT_POLICY,TG_NM,KODASP,POINT_POLICY,TAG,
KODASP,POINT_POLICY,PNT_AUTO_USE_STN_YN,KODASP,POINT_POLICY,CUSTOM_YN,
KODASP,POINT_POLICY,PNT_RMT_PSBL_YN,KODASP,POINT_POLICY,REMITTANCE_YN,
KODASP,POINT_POLICY,MM_BUGT_AMT,KODASP,POINT_POLICY,BUDGET_MONTH,
KODASP,POINT_POLICY,AR_AMT_CLR_KA_ID,KODASP,POINT_POLICY,SETTLE_KA,
KODASP,POINT_POLICY_ALLOWANCE,SUB_TYPE,KODASP,POINT_POLICY_ALLOWANCE,SUB_TYPE,
KODASP,POINT_POLICY_ALLOWANCE,PAW_NM,KODASP,POINT_POLICY_ALLOWANCE,NAME,
KODASP,POINT_POLICY_ALLOWANCE,SYS_CRE_DTTM,KODASP,POINT_POLICY_ALLOWANCE,,"from_unixtime(to_unix_timestamp(REG_DATE, 'yyyy/MM/dd HH:mm:ss'))"
KODASP,POINT_POLICY_ALLOWANCE,SYS_UPD_DTTM,KODASP,POINT_POLICY_ALLOWANCE,,"from_unixtime(to_unix_timestamp(UPDATE_DATE, 'yyyy/MM/dd HH:mm:ss'))"
KODASP,POINT_POLICY_GROUP_MAPPING,PNT_PLCY_ID,KODASP,POINT_POLICY_GROUP_MAPPING,POLICY_ID,
KODASP,POINT_POLICY_GROUP_MAPPING,AUTH_MAPNG_TYPE_CD,KODASP,POINT_POLICY_GROUP_MAPPING,MAPPING_TYPE,
KODASP,POINT_POLICY_GROUP_MAPPING,ACQ_CHNL_CD,KODASP,POINT_POLICY_GROUP_MAPPING,CHANNEL,
KODASP,POINT_POLICY_GROUP_MAPPING,BZTP_GRP_ID,KODASP,POINT_POLICY_GROUP_MAPPING,GROUP_ID,
KODASP,POINT_POLICY_GROUP_MAPPING,SYS_CRE_DTTM,KODASP,POINT_POLICY_GROUP_MAPPING,,"from_unixtime(to_unix_timestamp(REG_DATE, 'yyyy/MM/dd HH:mm:ss'))"
KODASP,POINT_POLICY_GROUP_MAPPING,SYS_UPD_DTTM,KODASP,POINT_POLICY_GROUP_MAPPING,,"from_unixtime(to_unix_timestamp(UPDATE_DATE, 'yyyy/MM/dd HH:mm:ss'))"
KODASP,POINT_PROVIDER,PROVIDER_ID,KODASP,POINT_PROVIDER,PROVIDER_ID,
KODASP,POINT_PROVIDER,PNT_BOWR_ROLE_CD,KODASP,POINT_PROVIDER,ROLE_CD,
KODASP,POINT_PROVIDER,PNT_PLCY_ID,KODASP,POINT_PROVIDER,POLICY_ID,
KODASP,POINT_PROVIDER,DC_FAMT_FRTE_DV_CD,KODASP,POINT_PROVIDER,RATE_TYPE,
KODASP,POINT_PROVIDER,PNT_BU_VAL,KODASP,POINT_PROVIDER,RATE_VALUE,
KODASP,POINT_PROVIDER,CLR_PLCY_CD,KODASP,POINT_PROVIDER,SETL_POLICY_CD,
KODASP,POINT_PROVIDER,SYS_CRE_DTTM,KODASP,POINT_PROVIDER,,"from_unixtime(unix_timestamp(REG_DATE, 'yyyy/MM/dd HH:mm:ss'))"
KODASP,POINT_PROVIDER,SYS_UPD_DTTM,KODASP,POINT_PROVIDER,,"from_unixtime(unix_timestamp(UPDATE_DATE, 'yyyy/MM/dd HH:mm:ss'))"
KODASP,POINT_PROVIDER,ACN_TYPE_CD,KODASP,POINT_PROVIDER,ACNT_TYPE,
KODASP,POINT_PROVIDER,CLR_TYPE_CD,KODASP,POINT_PROVIDER,SETL_TYPE,
KODASP,POINT_PROVIDER,PNT_BOWR_GRP_ID,KODASP,POINT_PROVIDER,PROVIDER_GRP_ID,
KODASP,POINT_PROVIDER,CLR_MEMO_CN,KODASP,POINT_PROVIDER,MEMO,
KODASP,POINT_PROVIDER,PNT_BOWR_GRD_ID,KODASP,POINT_PROVIDER,GRADE_ID,
KODASP,POLICY_LOG,PNT_PLCY_HIST_SNO,KODASP,POLICY_LOG,SEQ,
KODASP,POLICY_LOG,PNT_PLCY_ID,KODASP,POLICY_LOG,POLICY_ID,
KODASP,POLICY_LOG,PLCY_TYPE_CD,KODASP,POLICY_LOG,POLICY_TYPE,
KODASP,POLICY_LOG,DATA_CN,KODASP,POLICY_LOG,POLICY_DATA,
KODASP,POLICY_LOG,SYS_CRE_DTTM,KODASP,POLICY_LOG,,"from_unixtime(unix_timestamp(REG_DATE, 'yyyy/MM/dd HH:mm:ss'))"
KODASP,POLICY_LOG,SYS_UPD_DTTM,KODASP,POLICY_LOG,,"from_unixtime(unix_timestamp(UPDATE_DATE, 'yyyy/MM/dd HH:mm:ss'))"
KODASP,PREPURCHASE_INFO,PPH_CON_SNO,KODASP,PREPURCHASE_INFO,PREPURCHASE_INFO_ID,
KODASP,PREPURCHASE_INFO,PACQ_AMT,KODASP,PREPURCHASE_INFO,TOTAL_PREPURCHASE_AMT,
KODASP,PREPURCHASE_INFO,CONR_NM,KODASP,PREPURCHASE_INFO,PROVIDER_NAME,
KODASP,PREPURCHASE_INFO,PACQ_CON_NM,KODASP,PREPURCHASE_INFO,PREPURCHASE_NAME,
KODASP,PREPURCHASE_INFO,PACQ_DCRT,KODASP,PREPURCHASE_INFO,PREPURCHASE_RATE,
KODASP,PREPURCHASE_INFO,CON_DSTB_ENTR_DV_CD,KODASP,PREPURCHASE_INFO,CONTRACT_TYPE,
KODASP,PREPURCHASE_INFO,ERN_CRI_DV_CD,KODASP,PREPURCHASE_INFO,YIELD_BASIS,
KODASP,PREPURCHASE_INFO,MC_GRP_ID,KODASP,PREPURCHASE_INFO,GRP_ID,
KODASP,PREPURCHASE_INFO,SYS_CRE_DTTM,KODASP,PREPURCHASE_INFO,,"from_unixtime(unix_timestamp(REG_DATE, 'yyyy/MM/dd HH:mm:ss'))"
KODASP,PREPURCHASE_INFO,SYS_UPD_DTTM,KODASP,PREPURCHASE_INFO,,"from_unixtime(unix_timestamp(UPDATE_DATE, 'yyyy/MM/dd HH:mm:ss'))"
KODASP,PREPURCHASE_INFO,ROLE_CD,KODASP,PREPURCHASE_INFO,ROLE_CD,
KODASP,PREPURCHASE_INFO,PTN_ID,KODASP,PREPURCHASE_INFO,PTN_ID,
KODASP,PREPURCHASE_INFO,PACQ_CLR_TYPE_CD,KODASP,PREPURCHASE_INFO,PACQ_CLR_TYPE_CD,
KODASP,RC_DPSTS_AGG,CRI_DT,KODASP,RC_DPSTS_AGG,CRI_DT,
KODASP,RC_DPSTS_AGG,ASP_ID,KODASP,RC_DPSTS_AGG,ASP_ID,
KODASP,RC_DPSTS_AGG,PLYR_ID,KODASP,RC_DPSTS_AGG,PLYR_ID,
KODASP,RC_DPSTS_AGG,SYS_CRE_DTTM,KODASP,RC_DPSTS_AGG,,"from_unixtime(unix_timestamp(SYS_CRE_DTTM, 'yyyy/MM/dd HH:mm:ss'))"
KODASP,RC_DPSTS_AGG,SYS_UPD_DTTM,KODASP,RC_DPSTS_AGG,,"from_unixtime(unix_timestamp(SYS_UPD_DTTM, 'yyyy/MM/dd HH:mm:ss'))"
KODASP,RC_DPSTS_AGG,DPSTS_BALA_AMT,KODASP,RC_DPSTS_AGG,DPSTS_BALA_AMT,
KODASP,RC_DPSTS_AGG,DPSTS_DEPS_AMT,KODASP,RC_DPSTS_AGG,DPSTS_DEPS_AMT,
KODASP,RC_DPSTS_AGG,DPSTS_RFND_AMT,KODASP,RC_DPSTS_AGG,DPSTS_RFND_AMT,
KODASP,RC_DPSTS_AGG,DPSTS_ADJS_DEPS_AMT,KODASP,RC_DPSTS_AGG,DPSTS_ADJS_DEPS_AMT,
KODASP,RC_DPSTS_AGG,DPSTS_ADJS_RFND_AMT,KODASP,RC_DPSTS_AGG,DPSTS_ADJS_RFND_AMT,
KODASP,RC_DPSTS_AGG,CHRG_AMT,KODASP,RC_DPSTS_AGG,CHRG_AMT,
KODASP,RC_DPSTS_AGG,CHRGC_AMT,KODASP,RC_DPSTS_AGG,CHRGC_AMT,
KODASP,RC_DPSTS_AGG,RTRV_AMT,KODASP,RC_DPSTS_AGG,RTRV_AMT,
KODASP,RECHARGE_POLICY,FEE_CD,KODASP,RECHARGE_POLICY,FEE_CD,
KODASP,RECHARGE_POLICY,SYS_UPD_DTTM,KODASP,RECHARGE_POLICY,,"from_unixtime(to_unix_timestamp(UPDATE_DATE, 'yyyy/MM/dd HH:mm:ss'))"
KODASP,RECHARGE_POLICY,SYS_CRE_DTTM,KODASP,RECHARGE_POLICY,,"from_unixtime(to_unix_timestamp(REG_DATE, 'yyyy/MM/dd HH:mm:ss'))"
KODASP,RECHARGE_POLICY,ROLE_CD,KODASP,RECHARGE_POLICY,ROLE_CD,
KODASP,RECHARGE_POLICY,PTN_ID,KODASP,RECHARGE_POLICY,PLAYER_ID,
KODASP,RECHARGE_POLICY,ASP_ID,KODASP,RECHARGE_POLICY,ASP_ID,
KODASP,RECHARGE_POLICY,AMT_LMT_UNIT_DV_CD,KODASP,RECHARGE_POLICY,LIMIT_AMT_PER,
KODASP,RECHARGE_POLICY,ONCE_MAX_CHRG_LMT_AMT,KODASP,RECHARGE_POLICY,MAX_AMT_ONETIME,
KODASP,RECHARGE_POLICY,DD_MAX_CHRG_LMT_AMT,KODASP,RECHARGE_POLICY,MAX_AMT_DAY,
KODASP,RECHARGE_POLICY,MM_MAX_CHRG_LMT_AMT,KODASP,RECHARGE_POLICY,MAX_AMT_MONTH,
KODASP,RECHARGER_POINT_POLICY,ASP_ID,KODASP,RECHARGER_POINT_POLICY,ASP_ID,
KODASP,RECHARGER_POINT_POLICY,RC_ID,KODASP,RECHARGER_POINT_POLICY,RECHARGER_ID,
KODASP,RECHARGER_POINT_POLICY,PNT_PLCY_ID,KODASP,RECHARGER_POINT_POLICY,POLICY_ID,
KODASP,RECHARGER_POINT_POLICY,PRITY,KODASP,RECHARGER_POINT_POLICY,PRIORITY,
KODASP,RECHARGER_POINT_POLICY,SYS_CRE_DTTM,KODASP,RECHARGER_POINT_POLICY,,"from_unixtime(to_unix_timestamp(REG_DATE, 'yyyy/MM/dd HH:mm:ss'))"
KODASP,RECHARGER_POINT_POLICY,SYS_UPD_DTTM,KODASP,RECHARGER_POINT_POLICY,,"from_unixtime(to_unix_timestamp(UPDATE_DATE, 'yyyy/MM/dd HH:mm:ss'))"
KODASP,REFUND_POLICY,SNO,KODASP,REFUND_POLICY,SEQ,
KODASP,REFUND_POLICY,CHRGC_PSBL_DCNT,KODASP,REFUND_POLICY,CANCELABLE_DAY,
KODASP,REFUND_POLICY,SGNT_CRD_RFND_LMT_AMT,KODASP,REFUND_POLICY,REALNAME_RFND_LIMIT_AMT,
KODASP,REFUND_POLICY,ANMS_CRD_RFND_LMT_AMT,KODASP,REFUND_POLICY,NON_REALNAME_RFND_LIMIT_AMT,
KODASP,REFUND_POLICY,MM_MAX_XNG_IPSB_TMCNT,KODASP,REFUND_POLICY,MONTHLY_LIMIT_CNT,
KODASP,REFUND_POLICY,CR_CRD_XNG_IPSB_DCNT,KODASP,REFUND_POLICY,CREDIT_RFND_BNDR_DAY,
KODASP,REFUND_POLICY,STRT_DTTM,KODASP,REFUND_POLICY,,"from_unixtime(to_unix_timestamp(EFTV_DATE, 'yyyy/MM/dd HH:mm:ss'))"
KODASP,REFUND_POLICY,EXN_DTTM,KODASP,REFUND_POLICY,,"from_unixtime(to_unix_timestamp(EXP_DATE, 'yyyy/MM/dd HH:mm:ss'))"
KODASP,REFUND_POLICY,SYS_CRE_DTTM,KODASP,REFUND_POLICY,,"from_unixtime(to_unix_timestamp(REG_DATE, 'yyyy/MM/dd HH:mm:ss'))"
KODASP,REFUND_POLICY,SYS_UPD_DTTM,KODASP,REFUND_POLICY,,"from_unixtime(to_unix_timestamp(UPDATE_DATE, 'yyyy/MM/dd HH:mm:ss'))"
KODASP,REFUND_POLICY,RFND_FEE_IMPN_EXMP_AMT,KODASP,REFUND_POLICY,DFLT_BNDR_AMT,
KODASP,REFUND_POLICY,CRI_AMT_UN_FEE,KODASP,REFUND_POLICY,DFLT_BELOW_BNDR_FEE,
KODASP,REFUND_POLICY,CRI_AMT_AB_FEE,KODASP,REFUND_POLICY,DFLT_ABOVE_BNDR_FEE,
KODASP,REFUND_POLICY,KNMN_RFND_FEE,KODASP,REFUND_POLICY,DFLT_KONAMONEY_RFND_FEE,
KODASP,REFUND_POLICY,VL_PRID_EXN_CRD_RFND_FEE,KODASP,REFUND_POLICY,DFLT_EXP_RFND_FEE,
KODASP,REFUND_POLICY,ROLE_CD,KODASP,REFUND_POLICY,ROLE_CD,
KODASP,REFUND_POLICY,PTN_ID,KODASP,REFUND_POLICY,PLAYER_ID,
KODASP,REFUND_POLICY,RFND_LMT_UNIT_CD,KODASP,REFUND_POLICY,RFND_LIMIT_AMT_PER,
KODASP,REFUND_POLICY,RFND_TMCNT_CND_APY_UNIT_CD,KODASP,REFUND_POLICY,RFND_LIMIT_CNT_PER,
KODASP,REFUND_POLICY,RFND_CND_USTF_PRCS_CD,KODASP,REFUND_POLICY,CONDITION_UNMET_PROCESS,
KODASP,REFUND_POLICY,RFND_CND_CRIDD_TYPE_CD,KODASP,REFUND_POLICY,CONDITION_BASE_DATE_TYPE,
KODASP,REFUND_POLICY,CHK_BALA_USE_YN,KODASP,REFUND_POLICY,USE_CHECKED_BALANCE,
KODASP,REFUND_POLICY,CTC_RFND_PLCY_CRI_AMT,KODASP,REFUND_POLICY,CC_BNDR_AMT,
KODASP,REFUND_POLICY,CTC_RFC_AMT_UN_FEE,KODASP,REFUND_POLICY,CC_BELOW_BNDR_FEE,
KODASP,REFUND_POLICY,CTC_RFC_AMT_AB_FEE,KODASP,REFUND_POLICY,CC_ABOVE_BNDR_FEE,
KODASP,REFUND_POLICY,CTC_PMON_MAX_RFND_AMT,KODASP,REFUND_POLICY,CC_MAX_AMT_MONTH,
KODASP,REISSUANCE_POLICY,ASP_ID,KODASP,REISSUANCE_POLICY,ASP_ID,
KODASP,REISSUANCE_POLICY,FOC_RISU_CRI_VAL,KODASP,REISSUANCE_POLICY,LIMIT_CNT,
KODASP,REISSUANCE_POLICY,MBR_CRD_DV_CD,KODASP,REISSUANCE_POLICY,LIMIT_CNT_PER,
KODASP,REISSUANCE_POLICY,ISU_XP,KODASP,REISSUANCE_POLICY,ISSUANCE_COST,
KODASP,REISSUANCE_POLICY,DSB_TYPE_CD,KODASP,REISSUANCE_POLICY,PAYMENT_TYPE,
KODASP,REISSUANCE_POLICY,SYS_CRE_DTTM,KODASP,REISSUANCE_POLICY,,"from_unixtime(to_unix_timestamp(REG_DATE, 'yyyy/MM/dd HH:mm:ss'))"
KODASP,REISSUANCE_POLICY,SYS_UPD_DTTM,KODASP,REISSUANCE_POLICY,,"from_unixtime(to_unix_timestamp(UPDATE_DATE, 'yyyy/MM/dd HH:mm:ss'))"
KODASP,REISSUANCE_POLICY,CRD_XP_IMPN_UNIT_CRI_CD,KODASP,REISSUANCE_POLICY,CHARGE_CONDITION_CNT_PER,
KODASP,REISSUANCE_POLICY,CRD_XP_IMPN_PTM_CRI_CD,KODASP,REISSUANCE_POLICY,CHARGE_CONDITION_AT,
KODASP,REISSUANCE_POLICY,ADD_CRD_XP_IMPN_CRI_ATIM_DGE,KODASP,REISSUANCE_POLICY,CHARGE_CONDITION_CNT,
KODASP,REISSUANCE_POLICY,ADD_CRD_XP_IMPN_TRY_TMCNT,KODASP,REISSUANCE_POLICY,CHARGE_TRY_CNT,
KODASP,REISSUANCE_POLICY,RISU_PLCY_APY_CRI_DV_CD,KODASP,REISSUANCE_POLICY,REISSUE_CONTEXT,
KODASP,REMITTANCE_POLICY,ASP_ID,KODASP,REMITTANCE_POLICY,ASP_ID,
KODASP,REMITTANCE_POLICY,ONCE_MAX_RMT_AMT,KODASP,REMITTANCE_POLICY,MAX_REMIT_AMT_ONETIME,
KODASP,REMITTANCE_POLICY,DD_MAX_RMT_TMCNT,KODASP,REMITTANCE_POLICY,MAX_REMIT_CNT_DAY,
KODASP,REMITTANCE_POLICY,DD_MAX_RMT_AMT,KODASP,REMITTANCE_POLICY,MAX_REMIT_AMT_DAY,
KODASP,REMITTANCE_POLICY,MM_MAX_RMT_TMCNT,KODASP,REMITTANCE_POLICY,MAX_REMIT_CNT_MONTH,
KODASP,REMITTANCE_POLICY,MM_MAX_RMT_AMT,KODASP,REMITTANCE_POLICY,MAX_REMIT_AMT_MONTH,
KODASP,REMITTANCE_POLICY,RMT_EXN_DD_WAT_TM_CNT,KODASP,REMITTANCE_POLICY,EXPIRY_HOUR,
KODASP,REMITTANCE_POLICY,SYS_CRE_DTTM,KODASP,REMITTANCE_POLICY,,"from_unixtime(unix_timestamp(REG_DATE, 'yyyy/MM/dd HH:mm:ss'))"
KODASP,REMITTANCE_POLICY,SYS_UPD_DTTM,KODASP,REMITTANCE_POLICY,,"from_unixtime(unix_timestamp(UPDATE_DATE, 'yyyy/MM/dd HH:mm:ss'))"
KODASP,REMITTANCE_POLICY,PLCY_PRV_UNIT_TYPE_CD,KODASP,REMITTANCE_POLICY,CONTEXT,
KODASP,SAMSUNG_MERCHANT,sno,KODASP,SAMSUNG_MERCHANT,SEQ,
KODASP,SAMSUNG_MERCHANT,pt_cre_dt,KODASP,SAMSUNG_MERCHANT,,"cast(translate(substr(REG_DATE, 1, 10), '/', '') as bigint)"
KODASP,SAMSUNG_MERCHANT,revision_sno,KODASP,SAMSUNG_MERCHANT,REVISION_SEQ,
KODASP,SAMSUNG_MERCHANT,data_type,KODASP,SAMSUNG_MERCHANT,DATA_TYPE,
KODASP,SAMSUNG_MERCHANT,mc_id,KODASP,SAMSUNG_MERCHANT,MCT_MNG_NO,
KODASP,SAMSUNG_MERCHANT,mc_nm,KODASP,SAMSUNG_MERCHANT,SIMPLE_NM,
KODASP,SAMSUNG_MERCHANT,bzno,KODASP,SAMSUNG_MERCHANT,BIZ_LICENSE_NO,
KODASP,SAMSUNG_MERCHANT,psno,KODASP,SAMSUNG_MERCHANT,ZIP_CD,
KODASP,SAMSUNG_MERCHANT,bsc_addr,KODASP,SAMSUNG_MERCHANT,ADDR1,
KODASP,SAMSUNG_MERCHANT,dtl_addr,KODASP,SAMSUNG_MERCHANT,ADDR2,
KODASP,SAMSUNG_MERCHANT,mc_reg_dt,KODASP,SAMSUNG_MERCHANT,MCT_REG_DATE,
KODASP,SAMSUNG_MERCHANT,mc_rsg_dt,KODASP,SAMSUNG_MERCHANT,TEMNT_DATE,
KODASP,SAMSUNG_MERCHANT,sls_temp_stop_yn,KODASP,SAMSUNG_MERCHANT,SUSPENDED_YN,
KODASP,SAMSUNG_MERCHANT,bztp_cd,KODASP,SAMSUNG_MERCHANT,BIZ_TYPE,
KODASP,SAMSUNG_MERCHANT,bztp_nm,KODASP,SAMSUNG_MERCHANT,BIZ_NAME,
KODASP,SAMSUNG_MERCHANT,mc_feert,KODASP,SAMSUNG_MERCHANT,MERCHANT_FEE_RATE,
KODASP,SAMSUNG_MERCHANT,addr_new_old_type,KODASP,SAMSUNG_MERCHANT,ADDR_NEW_OLD_TYPE,
KODASP,SAMSUNG_MERCHANT,mc_rjn_dt,KODASP,SAMSUNG_MERCHANT,MCT_RE_REG_DATE,
KODASP,SAMSUNG_MERCHANT,cono,KODASP,SAMSUNG_MERCHANT,CORP_REGISTER_NO,
KODASP,SAMSUNG_MERCHANT,sl_cd,KODASP,SAMSUNG_MERCHANT,SALES_CD,
KODASP,SAMSUNG_MERCHANT,sido_nm,KODASP,SAMSUNG_MERCHANT,SI_DO_NM,
KODASP,SAMSUNG_MERCHANT,sgg_nm,KODASP,SAMSUNG_MERCHANT,SI_GUN_GU_NM,
KODASP,SAMSUNG_MERCHANT,admd_nm,KODASP,SAMSUNG_MERCHANT,ADMIN_DONG_NAME,
KODASP,SAMSUNG_MERCHANT,admd_cd,KODASP,SAMSUNG_MERCHANT,ADMIN_DONG_CODE,
KODASP,SAMSUNG_MERCHANT,lgld_nm,KODASP,SAMSUNG_MERCHANT,LEGAL_DONG_NAME,
KODASP,SAMSUNG_MERCHANT,lgld_cd,KODASP,SAMSUNG_MERCHANT,LEGAL_DONG_CODE,
KODASP,SAMSUNG_MERCHANT,road_nm_code,KODASP,SAMSUNG_MERCHANT,ROAD_NM,
KODASP,SAMSUNG_MERCHANT,bld_no,KODASP,SAMSUNG_MERCHANT,BUILDING_NO,
KODASP,SAMSUNG_MERCHANT,sub_bld_no,KODASP,SAMSUNG_MERCHANT,SUB_BUILDING_NO,
KODASP,SAMSUNG_MERCHANT,latd,KODASP,SAMSUNG_MERCHANT,LATITUDE,
KODASP,SAMSUNG_MERCHANT,lotd,KODASP,SAMSUNG_MERCHANT,LONGITUDE,
KODASP,SAMSUNG_MERCHANT,sys_cre_dttm,KODASP,SAMSUNG_MERCHANT,,"from_unixtime(unix_timestamp(REG_DATE, 'yyyy/MM/dd HH:mm:ss'))"
KODASP,SAMSUNG_MERCHANT,sys_upd_dttm,KODASP,SAMSUNG_MERCHANT,,"from_unixtime(unix_timestamp(UPDATE_DATE, 'yyyy/MM/dd HH:mm:ss'))"
KODASP,SAMSUNG_MERCHANT,REPP_NM,KODASP,SAMSUNG_MERCHANT,REPR_NM,
KODASP,SAMSUNG_MERCHANT,MC_PHN_NO,KODASP,SAMSUNG_MERCHANT,TEL_NO,
KODASP,SAMSUNG_MERCHANT_HISTORY,sno,KODASP,SAMSUNG_MERCHANT_HISTORY,SEQ,
KODASP,SAMSUNG_MERCHANT_HISTORY,TYPE,KODASP,SAMSUNG_MERCHANT_HISTORY,TYPE,
KODASP,SAMSUNG_MERCHANT_HISTORY,revision_sno,KODASP,SAMSUNG_MERCHANT_HISTORY,REVISION_SEQ,
KODASP,SAMSUNG_MERCHANT_HISTORY,TRIGGER_REG_DATE,KODASP,SAMSUNG_MERCHANT_HISTORY,,"from_unixtime(unix_timestamp(TRIGGER_REG_DATE, 'yyyy/MM/dd HH:mm:ss'))"
KODASP,SAMSUNG_MERCHANT_HISTORY,data_type,KODASP,SAMSUNG_MERCHANT_HISTORY,DATA_TYPE,
KODASP,SAMSUNG_MERCHANT_HISTORY,mc_id,KODASP,SAMSUNG_MERCHANT_HISTORY,MCT_MNG_NO,
KODASP,SAMSUNG_MERCHANT_HISTORY,mc_nm,KODASP,SAMSUNG_MERCHANT_HISTORY,SIMPLE_NM,
KODASP,SAMSUNG_MERCHANT_HISTORY,bzno,KODASP,SAMSUNG_MERCHANT_HISTORY,BIZ_LICENSE_NO,
KODASP,SAMSUNG_MERCHANT_HISTORY,psno,KODASP,SAMSUNG_MERCHANT_HISTORY,ZIP_CD,
KODASP,SAMSUNG_MERCHANT_HISTORY,bsc_addr,KODASP,SAMSUNG_MERCHANT_HISTORY,ADDR1,
KODASP,SAMSUNG_MERCHANT_HISTORY,dtl_addr,KODASP,SAMSUNG_MERCHANT_HISTORY,ADDR2,
KODASP,SAMSUNG_MERCHANT_HISTORY,mc_reg_dt,KODASP,SAMSUNG_MERCHANT_HISTORY,MCT_REG_DATE,
KODASP,SAMSUNG_MERCHANT_HISTORY,mc_rsg_dt,KODASP,SAMSUNG_MERCHANT_HISTORY,TEMNT_DATE,
KODASP,SAMSUNG_MERCHANT_HISTORY,sls_temp_stop_yn,KODASP,SAMSUNG_MERCHANT_HISTORY,SUSPENDED_YN,
KODASP,SAMSUNG_MERCHANT_HISTORY,bztp_cd,KODASP,SAMSUNG_MERCHANT_HISTORY,BIZ_TYPE,
KODASP,SAMSUNG_MERCHANT_HISTORY,bztp_nm,KODASP,SAMSUNG_MERCHANT_HISTORY,BIZ_NAME,
KODASP,SAMSUNG_MERCHANT_HISTORY,mc_feert,KODASP,SAMSUNG_MERCHANT_HISTORY,MERCHANT_FEE_RATE,
KODASP,SAMSUNG_MERCHANT_HISTORY,addr_new_old_type,KODASP,SAMSUNG_MERCHANT_HISTORY,ADDR_NEW_OLD_TYPE,
KODASP,SAMSUNG_MERCHANT_HISTORY,mc_rjn_dt,KODASP,SAMSUNG_MERCHANT_HISTORY,MCT_RE_REG_DATE,
KODASP,SAMSUNG_MERCHANT_HISTORY,cono,KODASP,SAMSUNG_MERCHANT_HISTORY,CORP_REGISTER_NO,
KODASP,SAMSUNG_MERCHANT_HISTORY,sl_cd,KODASP,SAMSUNG_MERCHANT_HISTORY,SALES_CD,
KODASP,SAMSUNG_MERCHANT_HISTORY,sido_nm,KODASP,SAMSUNG_MERCHANT_HISTORY,SI_DO_NM,
KODASP,SAMSUNG_MERCHANT_HISTORY,sgg_nm,KODASP,SAMSUNG_MERCHANT_HISTORY,SI_GUN_GU_NM,
KODASP,SAMSUNG_MERCHANT_HISTORY,admd_nm,KODASP,SAMSUNG_MERCHANT_HISTORY,ADMIN_DONG_NAME,
KODASP,SAMSUNG_MERCHANT_HISTORY,admd_cd,KODASP,SAMSUNG_MERCHANT_HISTORY,ADMIN_DONG_CODE,
KODASP,SAMSUNG_MERCHANT_HISTORY,lgld_nm,KODASP,SAMSUNG_MERCHANT_HISTORY,LEGAL_DONG_NAME,
KODASP,SAMSUNG_MERCHANT_HISTORY,lgld_cd,KODASP,SAMSUNG_MERCHANT_HISTORY,LEGAL_DONG_CODE,
KODASP,SAMSUNG_MERCHANT_HISTORY,road_nm_code,KODASP,SAMSUNG_MERCHANT_HISTORY,ROAD_NM,
KODASP,SAMSUNG_MERCHANT_HISTORY,bld_no,KODASP,SAMSUNG_MERCHANT_HISTORY,BUILDING_NO,
KODASP,SAMSUNG_MERCHANT_HISTORY,sub_bld_no,KODASP,SAMSUNG_MERCHANT_HISTORY,SUB_BUILDING_NO,
KODASP,SAMSUNG_MERCHANT_HISTORY,latd,KODASP,SAMSUNG_MERCHANT_HISTORY,LATITUDE,
KODASP,SAMSUNG_MERCHANT_HISTORY,lotd,KODASP,SAMSUNG_MERCHANT_HISTORY,LONGITUDE,
KODASP,SAMSUNG_MERCHANT_HISTORY,sys_cre_dttm,KODASP,SAMSUNG_MERCHANT_HISTORY,,"from_unixtime(unix_timestamp(REG_DATE, 'yyyy/MM/dd HH:mm:ss'))"
KODASP,SAMSUNG_MERCHANT_HISTORY,sys_upd_dttm,KODASP,SAMSUNG_MERCHANT_HISTORY,,"from_unixtime(unix_timestamp(UPDATE_DATE, 'yyyy/MM/dd HH:mm:ss'))"
KODASP,SAMSUNG_MERCHANT_HISTORY,pt_cre_dt,KODASP,SAMSUNG_MERCHANT_HISTORY,,"translate(substr(REG_DATE, 1, 7), '/', '')"
KODASP,SERVICE,SVC_ID,KODASP,SERVICE,SVC_ID,
KODASP,SERVICE,ISUR_ID,KODASP,SERVICE,ISSUER_ID,
KODASP,SERVICE,ASP_ID,KODASP,SERVICE,ASP_ID,
KODASP,SERVICE,SVC_NM,KODASP,SERVICE,SVC_NAME,
KODASP,SERVICE,SVC_DV_CD,KODASP,SERVICE,SVC_TYPE,
KODASP,SERVICE,VL_STRT_DTTM,KODASP,SERVICE,,"from_unixtime(unix_timestamp(EFTV_DATE, 'yyyy/MM/dd HH:mm:ss'))"
KODASP,SERVICE,VL_PRID_EXN_DTTM,KODASP,SERVICE,,"from_unixtime(unix_timestamp(EXP_DATE, 'yyyy/MM/dd HH:mm:ss'))"
KODASP,SERVICE,SLL_STRT_DTTM,KODASP,SERVICE,,"from_unixtime(unix_timestamp(SALE_START_DATE, 'yyyy/MM/dd HH:mm:ss'))"
KODASP,SERVICE,SLL_END_DTTM,KODASP,SERVICE,,"from_unixtime(unix_timestamp(SALE_END_DATE, 'yyyy/MM/dd HH:mm:ss'))"
KODASP,SERVICE,CHRG_PSBL_YN,KODASP,SERVICE,RECHARGEABLE_YN,
KODASP,SERVICE,BRAN_TYPE_CD,KODASP,SERVICE,BRAND_TYPE,
KODASP,SERVICE,STLM_NT_NM,KODASP,SERVICE,PMNT_NW_NAME,
KODASP,SERVICE,USE_LM_TMCNT,KODASP,SERVICE,USE_CNT,
KODASP,SERVICE,FCVAL,KODASP,SERVICE,FACE_AMT,
KODASP,SERVICE,BYSVC_ISU_LM_TMCNT,KODASP,SERVICE,ISSUE_LIMIT_CNT,
KODASP,SERVICE,RE_SLL_YN,KODASP,SERVICE,RESALE_YN,
KODASP,SERVICE,PPH_AMT,KODASP,SERVICE,PREPURCHASE_AMT,
KODASP,SERVICE,SYS_CRE_DTTM,KODASP,SERVICE,,"from_unixtime(unix_timestamp(REG_DATE, 'yyyy/MM/dd HH:mm:ss'))"
KODASP,SERVICE,SYS_UPD_DTTM,KODASP,SERVICE,,"from_unixtime(unix_timestamp(UPDATE_DATE, 'yyyy/MM/dd HH:mm:ss'))"
KODASP,SERVICE,IMG_URL,KODASP,SERVICE,IMAGE_URL,
KODASP,SERVICE,CUR_CD,KODASP,SERVICE,CURRENCY,
KODASP,SERVICE,MB_RLTG_CRD_DV_CD,KODASP,SERVICE,CARD_TYPE,
KODASP,SERVICE,XNG_IPSB_YN,KODASP,SERVICE,REFUNDABLE_YN,
KODASP,SERVICE,MB_CRD_DOWN_PSBL_YN,KODASP,SERVICE,COPYABLE_YN,
KODASP,SERVICE,VL_PRID_EXTS_PSBL_YN,KODASP,SERVICE,EXTENDABLE_YN,
KODASP,SERVICE,CRD_VL_PRID_TYPE_CD,KODASP,SERVICE,EFTV_PERIOD_TYPE,
KODASP,SERVICE,CRD_VL_PRID_CNT,KODASP,SERVICE,EFTV_DURATION,
KODASP,SERVICE,SVC_ACT_ST_CD,KODASP,SERVICE,STATUS,
KODASP,SERVICE,DC_BNF_CD,KODASP,SERVICE,PRODUCT_TYPE_CD,
KODASP,SERVICE,THMN_IMG_URL,KODASP,SERVICE,THUMBNAIL_URL,
KODASP,SERVICE,SVC_TG_CN,KODASP,SERVICE,TAGS,
KODASP,SERVICE,SBLG_SVC_ID,KODASP,SERVICE,SIBLING_PRODUCT_ID,
KODASP,SERVICE,SVC_DSCR,KODASP,SERVICE,SHORT_DESC,
KODASP,SERVICE,BYCST_ISU_LM_TMCNT,KODASP,SERVICE,USER_ISSUE_LIMIT_CNT,
KODASP,SERVICE,MC_USEP_DV_CD,KODASP,SERVICE,MERCHANT_TYPE,
KODASP,SERVICE,CHRGST_USEP_DV_CD,KODASP,SERVICE,RECHARGER_TYPE,
KODASP,SERVICE,PTN_NM,KODASP,SERVICE,PARTNER_NAME,
KODASP,SERVICE,OUTS_BIN_NO,KODASP,SERVICE,EXTERNAL_BIN,
KODASP,SERVICE,AL_TYPE_CD,KODASP,SERVICE,PARTNERSHIP_TYPE,
KODASP,SERVICE,SVC_SLL_TYPE_CD,KODASP,SERVICE,SALES_TYPE,
KODASP,SERVICE,SVC_DC_LMT_AMT,KODASP,SERVICE,CARD_DCNT_LIMIT,
KODASP,SERVICE,CRD_DC_LMT_UNIT_TYPE_CD,KODASP,SERVICE,CARD_DCNT_LIMIT_TYPE,
KODASP,SERVICE,BFM_ARSL_PSTP_PRID_MCNT,KODASP,SERVICE,CONDITION_GRACE_PERIOD,
KODASP,SERVICE,BFM_STLM_ARSL_STSF_AMT,KODASP,SERVICE,PREV_CONDITION_AMT,
KODASP,SERVICE,THM_CHRG_ARSL_STSF_AMT,KODASP,SERVICE,PREV_CONDITION_RECHARGE_AMT,
KODASP,SERVICE,ISP_IMG_URL,KODASP,SERVICE,ISP_IMAGE_URL,
KODASP,SERVICE,OPT_CRD_BALA_MMT_PSBL_YN,KODASP,SERVICE,TRANSFER_TO_OPTION,
KODASP,SERVICE,BASC_CRD_BALA_CVSN_PSBL_YN,KODASP,SERVICE,TRANSFER_TO_BASIC,
KODASP,SERVICE,CPN_TYPE_CD,KODASP,SERVICE,COUPON_TYPE,
KODASP,SERVICE,CSHP_EXPS_YN,KODASP,SERVICE,SHOW_IN_SHOP,
KODASP,SERVICE,ONL_SUPT_CD,KODASP,SERVICE,ONLINE_SUPPORT,
KODASP,SERVICE,SVC_GRP_NM,KODASP,SERVICE,SERVICE_GROUP_NAME,
KODASP,SERVICE,RMT_PSBL_YN,KODASP,SERVICE,REMITTABLE_YN,
KODASP,SERVICE,SVC_SLL_DCRT,KODASP,SERVICE,SALE_DISCOUNT_RATE,
KODASP,SERVICE,SVC_BUY_PCST,KODASP,SERVICE,COMMODITY_COST,
KODASP,SERVICE,SVC_AL_TYPE_CD,KODASP,SERVICE,AFFILIATE_TYPE,
KODASP,SERVICE,PU_AFC_PRV_PSBL_YN,KODASP,SERVICE,MULTI_AFFILIATE_YN,
KODASP,SERVICE,CRD_PNT_PLCY_ID,KODASP,SERVICE,CARD_POINT_POLICY_ID,
KODASP,SERVICE,CRD_PNT_USE_YN,KODASP,SERVICE,USE_CARD_POINT_YN,
KODASP,SERVICE,CRD_PNT_RLTM_RV_PSBL_YN,KODASP,SERVICE,REALTIME_ACCUMULATE_YN,
KODASP,SERVICE,CORP_WL_CRD_ORT_TYPE_CD,KODASP,SERVICE,OPERATION_TYPE,
KODASP,SERVICE,PSNL_CHRG_PMSN_YN,KODASP,SERVICE,PERSONAL_RECHARGEABLE_YN,
KODASP,SERVICE,RISU_PSBL_YN,KODASP,SERVICE,REISSUANCE_YN,
KODASP,SERVICE,TOKN_BIN_NO,KODASP,SERVICE,TOKEN_BIN_NO,
KODASP,SERVICE,AUTO_SGZN_YN,KODASP,SERVICE,AUTO_REALNAME_YN,
KODASP,SERVICE,AUTO_CSTM_YN,KODASP,SERVICE,AUTO_COMPOSITE_PAYMENT_YN,
KODASP,SERVICE,AUTO_INCDE_YN,KODASP,SERVICE,AUTO_INCOMEDEDUCTION_YN,
KODASP,SERVICE,RLTM_RWD_ORG_TR_AMT_USE_YN,KODASP,SERVICE,ORG_TR_AMT_YN,
KODASP,SERVICE,SVC_TC_USE_YN,KODASP,SERVICE,TC_YN,
KODASP,SERVICE,CPN_NO_ISU_MHD_CD,KODASP,SERVICE,COUPON_TOKEN_TYPE,
KODASP,SERVICE,ORT_ENP_CPN_PRD_CD,KODASP,SERVICE,COUPON_CODE,
KODASP,SERVICE,ADD_CRD_XP_IMPN_YN,KODASP,SERVICE,CHARGE_CARD_COST,
KODASP,SERVICE,MINM_CHRG_AMT,KODASP,SERVICE,MIN_RECHARGE_AMT,
KODASP,SERVICE,CHRG_UNIT_AMT,KODASP,SERVICE,RECHARGE_UNIT_AMT,
KODASP,SERVICE,ADD_CRD_XP,KODASP,SERVICE,CHARGE_CARD_COST_AMT,
KODASP,SERVICE,FCVAL_AMT_FOM_CD,KODASP,SERVICE,FACE_AMT_TYPE,
KODASP,SERVICE,RISU_SVC_GRP_ID,KODASP,SERVICE,REISSUE_GROUP_ID,
KODASP,SERVICE,REP_KA_ID,KODASP,SERVICE,OWNER_KA,
KODASP,SERVICE,CPN_DUP_BNF_PSBL_YN,KODASP,SERVICE,MULTI_DCNT_COUPON,
KODASP,SERVICE,CPN_USE_CNCL_RUL_CD,KODASP,SERVICE,COUPON_CANCEL_RULE,
KODASP,SERVICE,CPN_GIFT_PSBL_YN,KODASP,SERVICE,COUPON_GIFT_YN,
KODASP,SERVICE,CPN_RMN_PRID_DCNT,KODASP,SERVICE,COUPON_REMIND_PERIOD,
KODASP,SERVICE,SVC_STLM_MHD_CD,KODASP,SERVICE,TRANSACTION_TYPE,
KODASP,SERVICE,TAXI_STLM_PSBL_YN,KODASP,SERVICE,USE_MOBILITY,
KODASP,SERVICE,CUTM_CPN_YN,KODASP,SERVICE,CUSTOM_COUPON_YN,
KODASP,SERVICE,TR_PSBL_YN,KODASP,SERVICE,KEYIN_YN,
KODASP,SERVICE,PYC_TR_PSBL_YN,KODASP,SERVICE,PAYCO_YN,
KODASP,SERVICE,MB_PRE_ISU_USE_YN,KODASP,SERVICE,MOBILE_PRE_ISSUE_YN,
KODASP,SERVICE,BRCD_SUPT_YN,KODASP,SERVICE,USE_BAR_CODE,
KODASP,SERVICE,SVC_ATTR_CN,KODASP,SERVICE,ATTRIBUTES,
KODASP,SERVICE,SPPM_LST_CN,KODASP,SERVICE,E_PAY,
KODASP,SERVICE,CRD_LS_RISU_XP,KODASP,SERVICE,REISSUE_COST,
KODASP,SERVICE,OUTS_APVP_TYPE_CD,KODASP,SERVICE,EXTERNAL_APPROVE_TYPE,
KODASP,SERVICE,RDNB_CPN_YN,KODASP,SERVICE,RANDOM_NO_COUPON,
KODASP,SERVICE,EXN_CRD_RISU_XP,KODASP,SERVICE,EXPIRY_REISSUE_COST,
KODASP,SERVICE,OVRS_STLM_PSBL_YN,KODASP,SERVICE,OVRS_STLM_PSBL_YN,
KODASP,SERVICE,OVRS_STLM_BRDC_NM,KODASP,SERVICE,OVRS_STLM_BRDC_NM,
KODASP,SERVICE,CRD_VL_PRID_EXTS_MCNT,KODASP,SERVICE,CARD_EXTEND_PERIOD,
KODASP,SERVICE,BANK_ACN_RMT_PSBL_YN,KODASP,SERVICE,BANK_ACN_RMT_PSBL_YN,
KODASP,SERVICE,CNVG_CRD_EXCU_CD,KODASP,SERVICE,CNVG_CRD_EXCU_CD,
KODASP,SERVICE,MBR_HLD_LMT_INCL_YN,KODASP,SERVICE,MBR_HLD_LMT_INCL_YN,
KODASP,SERVICE,BNF_ARSL_CND_CD,KODASP,SERVICE,BNF_ARSL_CND_CD,
KODASP,SERVICE_CATEGORY,SVC_CTG_ID,KODASP,SERVICE_CATEGORY,SVC_CATEGORY_CD,
KODASP,SERVICE_CATEGORY,ASP_ID,KODASP,SERVICE_CATEGORY,ASP_ID,
KODASP,SERVICE_CATEGORY,CTG_NM,KODASP,SERVICE_CATEGORY,CATEGORY_NAME,
KODASP,SERVICE_CATEGORY,SYS_CRE_DTTM,KODASP,SERVICE_CATEGORY,,"from_unixtime(to_unix_timestamp(REG_DATE, 'yyyy/MM/dd HH:mm:ss'))"
KODASP,SERVICE_CATEGORY,SYS_UPD_DTTM,KODASP,SERVICE_CATEGORY,,"from_unixtime(to_unix_timestamp(UPDATE_DATE, 'yyyy/MM/dd HH:mm:ss'))"
KODASP,SERVICE_CATEGORY,SVC_CTG_DV_CD,KODASP,SERVICE_CATEGORY,CATEGORY_TYPE,
KODASP,SERVICE_DETAIL,SVC_ID,KODASP,SERVICE_DETAIL,SVC_ID,
KODASP,SERVICE_DETAIL,SNO,KODASP,SERVICE_DETAIL,SEQ,
KODASP,SERVICE_DETAIL,TIT_NM,KODASP,SERVICE_DETAIL,TITLE,
KODASP,SERVICE_DETAIL,PRD_DTL_INFO_CN,KODASP,SERVICE_DETAIL,CONTENT,
KODASP,SERVICE_DETAIL,PRD_CN_LOC_FORM_CD,KODASP,SERVICE_DETAIL,TYPE,
KODASP,SERVICE_DETAIL,SYS_CRE_DTTM,KODASP,SERVICE_DETAIL,,"from_unixtime(to_unix_timestamp(REG_DATE, 'yyyy/MM/dd HH:mm:ss'))"
KODASP,SERVICE_DETAIL,SYS_UPD_DTTM,KODASP,SERVICE_DETAIL,,"from_unixtime(to_unix_timestamp(UPDATE_DATE, 'yyyy/MM/dd HH:mm:ss'))"
KODASP,SERVICE_DETAIL,pt_reg_dt,KODASP,SERVICE_DETAIL,,"substr(translate(REG_DATE, '/', ''), 1, 6)"
KODASP,SERVICE_DISCOUNT,DC_TYPE_CD,KODASP,SERVICE_DISCOUNT,DCNT_TYPE,
KODASP,SERVICE_DISCOUNT,DCNT_UNDER_UNIT_PRCS,KODASP,SERVICE_DISCOUNT,DCNT_UNDER_UNIT_PRCS,
KODASP,SERVICE_DISCOUNT,DCNT_MIN_UNIT,KODASP,SERVICE_DISCOUNT,DCNT_MIN_UNIT,
KODASP,SERVICE_DISCOUNT,DC_FAMT_FRTE_DV_CD,KODASP,SERVICE_DISCOUNT,RATE_TYPE,
KODASP,SERVICE_DISCOUNT,DC_VAL,KODASP,SERVICE_DISCOUNT,RATE_VAL,
KODASP,SERVICE_DISCOUNT,SYS_CRE_DTTM,KODASP,SERVICE_DISCOUNT,,"from_unixtime(to_unix_timestamp(REG_DATE, 'yyyy/MM/dd HH:mm:ss'))"
KODASP,SERVICE_DISCOUNT,SYS_UPD_DTTM,KODASP,SERVICE_DISCOUNT,,"from_unixtime(to_unix_timestamp(UPDATE_DATE, 'yyyy/MM/dd HH:mm:ss'))"
KODASP,SERVICE_DISCOUNT,BNF_PRID_SNO,KODASP,SERVICE_DISCOUNT,TIMESLOT_ID,
KODASP,SERVICE_DISCOUNT,BNF_ASP_SVC_ID,KODASP,SERVICE_DISCOUNT,SVC_ID,
KODASP,SERVICE_DISCOUNT,BNF_SNO,KODASP,SERVICE_DISCOUNT,DCNT_SEQ,
KODASP,SERVICE_DISCOUNT,GRP_ID,KODASP,SERVICE_DISCOUNT,GRP_ID,
KODASP,SERVICE_DISCOUNT,BNF_PRITY,KODASP,SERVICE_DISCOUNT,PRIORITY,
KODASP,SERVICE_DISCOUNT,TOT_DC_LMT_AMT,KODASP,SERVICE_DISCOUNT,DCNT_LIMIT,
KODASP,SERVICE_DISCOUNT,DC_LMT_UNIT_TYPE_CD,KODASP,SERVICE_DISCOUNT,DCNT_LIMIT_TYPE,
KODASP,SERVICE_DISCOUNT,DBFA_PSBL_MINM_STLM_AMT,KODASP,SERVICE_DISCOUNT,MIN_CONDITION_AMT,
KODASP,SERVICE_DISCOUNT,BFM_USE_ARSL_CRI_AMT,KODASP,SERVICE_DISCOUNT,PREV_CONDITION_AMT,
KODASP,SERVICE_DISCOUNT,PPH_AMT,KODASP,SERVICE_DISCOUNT,PREPURCHASE_AMT,
KODASP,SERVICE_DISCOUNT,PPH_CON_ID,KODASP,SERVICE_DISCOUNT,PREPURCHASE_INFO_ID,
KODASP,SERVICE_DISCOUNT,DC_BNF_PSTP_PRID_MCNT,KODASP,SERVICE_DISCOUNT,CONDITION_GRACE_PERIOD,
KODASP,SERVICE_DISCOUNT,DC_BNF_ID,KODASP,SERVICE_DISCOUNT,DCNT_ID,
KODASP,SERVICE_DISCOUNT,BNF_NM,KODASP,SERVICE_DISCOUNT,NAME,
KODASP,SERVICE_DISCOUNT,EXCEPT_GRP_ID,KODASP,SERVICE_DISCOUNT,EXCEPT_GRP_ID,
KODASP,SERVICE_DISCOUNT,PNT_EXTN_PRID_CNT,KODASP,SERVICE_DISCOUNT,POINT_VALIDITY_PERIOD,
KODASP,SERVICE_DISCOUNT,THM_CHRG_ARSL_CRI_AMT,KODASP,SERVICE_DISCOUNT,PREV_CONDITION_RECHARGE_AMT,
KODASP,SERVICE_DISCOUNT,SUB_DC_BNF_CL_CD,KODASP,SERVICE_DISCOUNT,SUB_TYPE,
KODASP,SERVICE_DISCOUNT,BFM_ARSL_INCL_YN,KODASP,SERVICE_DISCOUNT,INCLUDE_PREV_CONDITION,
KODASP,SERVICE_DISCOUNT,ONCE_DC_PNT_LMT_AMT,KODASP,SERVICE_DISCOUNT,ONETIME_DCNT_LIMIT,
KODASP,SERVICE_DISCOUNT,DC_PLC_ONL_DV_CD,KODASP,SERVICE_DISCOUNT,DISCOUNT_PLACE,
KODASP,SERVICE_DISCOUNT,BIZTYPE_GRP_ID,KODASP,SERVICE_DISCOUNT,BIZTYPE_GRP_ID,
KODASP,SERVICE_DISCOUNT,CRD_PNT_ITG_LMT_APY_YN,KODASP,SERVICE_DISCOUNT,APPLY_CARD_DCNT_LIMIT,
KODASP,SERVICE_DISCOUNT,VL_PRID_TYPE_CD,KODASP,SERVICE_DISCOUNT,PERIOD_TYPE,
KODASP,SERVICE_DISCOUNT,PNT_VL_PRID_SPF_DTTM,KODASP,SERVICE_DISCOUNT,,"from_unixtime(to_unix_timestamp(EXP_DATE, 'yyyy/MM/dd HH:mm:ss'))"
KODASP,SERVICE_DISCOUNT,PNT_PLCY_ID,KODASP,SERVICE_DISCOUNT,POINT_POLICY_ID,
KODASP,SERVICE_DISCOUNT,PNT_DSB_BUGT_AMT,KODASP,SERVICE_DISCOUNT,POINT_BUDGET,
KODASP,SERVICE_DISCOUNT,PNT_DV_CD,KODASP,SERVICE_DISCOUNT,POINT_TYPE,
KODASP,SERVICE_DISCOUNT,PNT_BOWR_GRP_ID,KODASP,SERVICE_DISCOUNT,PROVIDER_GRP_ID,
KODASP,SERVICE_DISCOUNT,ADN_SVC_ACQR_ID,KODASP,SERVICE_DISCOUNT,ACQUIRER_ID,
KODASP,SERVICE_DISCOUNT,CLR_PTM_TYPE_CD,KODASP,SERVICE_DISCOUNT,SETL_TYPE,
KODASP,SERVICE_GROUP,SVC_GRP_ID,KODASP,SERVICE_GROUP,SVC_GRP_ID,
KODASP,SERVICE_GROUP,ASP_ID,KODASP,SERVICE_GROUP,ASP_ID,
KODASP,SERVICE_GROUP,GRP_NM,KODASP,SERVICE_GROUP,GRP_NAME,
KODASP,SERVICE_GROUP,PRD_GRP_TYPE_CD,KODASP,SERVICE_GROUP,GRP_TYPE,
KODASP,SERVICE_GROUP,SYS_CRE_DTTM,KODASP,SERVICE_GROUP,,"from_unixtime(to_unix_timestamp(REG_DATE, 'yyyy/MM/dd HH:mm:ss'))"
KODASP,SERVICE_GROUP,SYS_UPD_DTTM,KODASP,SERVICE_GROUP,,"from_unixtime(to_unix_timestamp(UPDATE_DATE, 'yyyy/MM/dd HH:mm:ss'))"
KODASP,SERVICE_PROVIDER,PRVR_ROLE_CD,KODASP,SERVICE_PROVIDER,ROLE_TYPE,
KODASP,SERVICE_PROVIDER,PRV_PTN_ID,KODASP,SERVICE_PROVIDER,PLAYER_ID,
KODASP,SERVICE_PROVIDER,SYS_CRE_DTTM,KODASP,SERVICE_PROVIDER,,"from_unixtime(to_unix_timestamp(REG_DATE, 'yyyy/MM/dd HH:mm:ss'))"
KODASP,SERVICE_PROVIDER,SYS_UPD_DTTM,KODASP,SERVICE_PROVIDER,,"from_unixtime(to_unix_timestamp(UPDATE_DATE, 'yyyy/MM/dd HH:mm:ss'))"
KODASP,SERVICE_PROVIDER,SVC_ID,KODASP,SERVICE_PROVIDER,SVC_ID,
KODASP,SERVICE_PROVIDER,PRD_PRVR_MAPNG_SNO,KODASP,SERVICE_PROVIDER,SEQ,
KODASP,SHINHAN_MERCHANT,SNO,KODASP,SHINHAN_MERCHANT,SEQ,
KODASP,SHINHAN_MERCHANT,MC_ID,KODASP,SHINHAN_MERCHANT,MCT_MNG_NO,
KODASP,SHINHAN_MERCHANT,REVISION_SEQ,KODASP,SHINHAN_MERCHANT,REVISION_SEQ,
KODASP,SHINHAN_MERCHANT,DATA_TYPE,KODASP,SHINHAN_MERCHANT,DATA_TYPE,
KODASP,SHINHAN_MERCHANT,MC_NM,KODASP,SHINHAN_MERCHANT,SIMPLE_NM,
KODASP,SHINHAN_MERCHANT,BZNO,KODASP,SHINHAN_MERCHANT,BIZ_LICENSE_NO,
KODASP,SHINHAN_MERCHANT,MC_PHN_NO,KODASP,SHINHAN_MERCHANT,TEL_NO,
KODASP,SHINHAN_MERCHANT,PSNO,KODASP,SHINHAN_MERCHANT,ZIP_CD,
KODASP,SHINHAN_MERCHANT,BSC_ADDR,KODASP,SHINHAN_MERCHANT,ADDR1,
KODASP,SHINHAN_MERCHANT,DTL_ADDR,KODASP,SHINHAN_MERCHANT,ADDR2,
KODASP,SHINHAN_MERCHANT,MC_REG_DT,KODASP,SHINHAN_MERCHANT,MCT_REG_DATE,
KODASP,SHINHAN_MERCHANT,MC_RSG_DT,KODASP,SHINHAN_MERCHANT,TEMNT_DATE,
KODASP,SHINHAN_MERCHANT,SIS_TEMP_STOP_YN,KODASP,SHINHAN_MERCHANT,SUSPENDED_YN,
KODASP,SHINHAN_MERCHANT,BZTP_CD,KODASP,SHINHAN_MERCHANT,BIZ_TYPE,
KODASP,SHINHAN_MERCHANT,BZTP_NM,KODASP,SHINHAN_MERCHANT,BIZ_NAME,
KODASP,SHINHAN_MERCHANT,ADDR_NEW_OLD_TYPE,KODASP,SHINHAN_MERCHANT,ADDR_NEW_OLD_TYPE,
KODASP,SHINHAN_MERCHANT,SALES_CD,KODASP,SHINHAN_MERCHANT,SALES_CD,
KODASP,SHINHAN_MERCHANT,MERCHANT_FEE_RATE,KODASP,SHINHAN_MERCHANT,MERCHANT_FEE_RATE,
KODASP,SHINHAN_MERCHANT,SIDO_NM,KODASP,SHINHAN_MERCHANT,SI_DO_NM,
KODASP,SHINHAN_MERCHANT,SGG_NM,KODASP,SHINHAN_MERCHANT,SI_GUN_GU_NM,
KODASP,SHINHAN_MERCHANT,ADMD_NM,KODASP,SHINHAN_MERCHANT,ADMIN_DONG_NAME,
KODASP,SHINHAN_MERCHANT,ADMD_CD,KODASP,SHINHAN_MERCHANT,ADMIN_DONG_CODE,
KODASP,SHINHAN_MERCHANT,LGLD_NM,KODASP,SHINHAN_MERCHANT,LEGAL_DONG_NAME,
KODASP,SHINHAN_MERCHANT,LGLD_CD,KODASP,SHINHAN_MERCHANT,LEGAL_DONG_CODE,
KODASP,SHINHAN_MERCHANT,ROAD_NM,KODASP,SHINHAN_MERCHANT,ROAD_NM,
KODASP,SHINHAN_MERCHANT,ROAD_NM_CD,KODASP,SHINHAN_MERCHANT,ROAD_NM_CD,
KODASP,SHINHAN_MERCHANT,BUILDING_NO,KODASP,SHINHAN_MERCHANT,BUILDING_NO,
KODASP,SHINHAN_MERCHANT,SUB_BUILDING_NO,KODASP,SHINHAN_MERCHANT,SUB_BUILDING_NO,
KODASP,SHINHAN_MERCHANT,LATITUDE,KODASP,SHINHAN_MERCHANT,LATITUDE,
KODASP,SHINHAN_MERCHANT,LONGITUDE,KODASP,SHINHAN_MERCHANT,LONGITUDE,
KODASP,SHINHAN_MERCHANT,REG_DATE,KODASP,SHINHAN_MERCHANT,,"from_unixtime(unix_timestamp(REG_DATE, 'yyyy/MM/dd HH:mm:ss'))"
KODASP,SHINHAN_MERCHANT,UPDATE_DATE,KODASP,SHINHAN_MERCHANT,,"from_unixtime(unix_timestamp(UPDATE_DATE, 'yyyy/MM/dd HH:mm:ss'))"
KODASP,SHINHAN_MERCHANT,REPP_NM,KODASP,SHINHAN_MERCHANT,REPR_NM,
KODASP,SHINHAN_MERCHANT_HISTORY,SEQ,KODASP,SHINHAN_MERCHANT_HISTORY,SEQ,
KODASP,SHINHAN_MERCHANT_HISTORY,TYPE,KODASP,SHINHAN_MERCHANT_HISTORY,TYPE,
KODASP,SHINHAN_MERCHANT_HISTORY,REVISION_SEQ,KODASP,SHINHAN_MERCHANT_HISTORY,REVISION_SEQ,
KODASP,SHINHAN_MERCHANT_HISTORY,TRIGGER_REG_DATE,KODASP,SHINHAN_MERCHANT_HISTORY,,"case substr(TRIGGER_REG_DATE,(-1)*2) when 'PM' then from_unixtime(to_unix_timestamp(TRIGGER_REG_DATE, 'dd-MMM-yy HH.mm.ss')+(60*60*12)) else from_unixtime(to_unix_timestamp(TRIGGER_REG_DATE, 'dd-MMM-yy HH.mm.ss')) end"
KODASP,SHINHAN_MERCHANT_HISTORY,DATA_TYPE,KODASP,SHINHAN_MERCHANT_HISTORY,DATA_TYPE,
KODASP,SHINHAN_MERCHANT_HISTORY,MCT_MNG_NO,KODASP,SHINHAN_MERCHANT_HISTORY,MCT_MNG_NO,
KODASP,SHINHAN_MERCHANT_HISTORY,SIMPLE_NM,KODASP,SHINHAN_MERCHANT_HISTORY,SIMPLE_NM,
KODASP,SHINHAN_MERCHANT_HISTORY,BIZ_LICENSE_NO,KODASP,SHINHAN_MERCHANT_HISTORY,BIZ_LICENSE_NO,
KODASP,SHINHAN_MERCHANT_HISTORY,REPR_NM,KODASP,SHINHAN_MERCHANT_HISTORY,REPR_NM,
KODASP,SHINHAN_MERCHANT_HISTORY,TEL_NO,KODASP,SHINHAN_MERCHANT_HISTORY,TEL_NO,
KODASP,SHINHAN_MERCHANT_HISTORY,ZIP_CD,KODASP,SHINHAN_MERCHANT_HISTORY,ZIP_CD,
KODASP,SHINHAN_MERCHANT_HISTORY,ADDR1,KODASP,SHINHAN_MERCHANT_HISTORY,ADDR1,
KODASP,SHINHAN_MERCHANT_HISTORY,ADDR2,KODASP,SHINHAN_MERCHANT_HISTORY,ADDR2,
KODASP,SHINHAN_MERCHANT_HISTORY,MCT_REG_DATE,KODASP,SHINHAN_MERCHANT_HISTORY,MCT_REG_DATE,
KODASP,SHINHAN_MERCHANT_HISTORY,TEMNT_DATE,KODASP,SHINHAN_MERCHANT_HISTORY,TEMNT_DATE,
KODASP,SHINHAN_MERCHANT_HISTORY,SUSPENDED_YN,KODASP,SHINHAN_MERCHANT_HISTORY,SUSPENDED_YN,
KODASP,SHINHAN_MERCHANT_HISTORY,BIZ_TYPE,KODASP,SHINHAN_MERCHANT_HISTORY,BIZ_TYPE,
KODASP,SHINHAN_MERCHANT_HISTORY,BIZ_NAME,KODASP,SHINHAN_MERCHANT_HISTORY,BIZ_NAME,
KODASP,SHINHAN_MERCHANT_HISTORY,ADDR_NEW_OLD_TYPE,KODASP,SHINHAN_MERCHANT_HISTORY,ADDR_NEW_OLD_TYPE,
KODASP,SHINHAN_MERCHANT_HISTORY,SALES_CD,KODASP,SHINHAN_MERCHANT_HISTORY,SALES_CD,
KODASP,SHINHAN_MERCHANT_HISTORY,MERCHANT_FEE_RATE,KODASP,SHINHAN_MERCHANT_HISTORY,MERCHANT_FEE_RATE,
KODASP,SHINHAN_MERCHANT_HISTORY,SI_DO_NM,KODASP,SHINHAN_MERCHANT_HISTORY,SI_DO_NM,
KODASP,SHINHAN_MERCHANT_HISTORY,SI_GUN_GU_NM,KODASP,SHINHAN_MERCHANT_HISTORY,SI_GUN_GU_NM,
KODASP,SHINHAN_MERCHANT_HISTORY,ADMIN_DONG_NAME,KODASP,SHINHAN_MERCHANT_HISTORY,ADMIN_DONG_NAME,
KODASP,SHINHAN_MERCHANT_HISTORY,ADMIN_DONG_CODE,KODASP,SHINHAN_MERCHANT_HISTORY,ADMIN_DONG_CODE,
KODASP,SHINHAN_MERCHANT_HISTORY,LEGAL_DONG_NAME,KODASP,SHINHAN_MERCHANT_HISTORY,LEGAL_DONG_NAME,
KODASP,SHINHAN_MERCHANT_HISTORY,LEGAL_DONG_CODE,KODASP,SHINHAN_MERCHANT_HISTORY,LEGAL_DONG_CODE,
KODASP,SHINHAN_MERCHANT_HISTORY,ROAD_NM,KODASP,SHINHAN_MERCHANT_HISTORY,ROAD_NM,
KODASP,SHINHAN_MERCHANT_HISTORY,ROAD_NM_CD,KODASP,SHINHAN_MERCHANT_HISTORY,ROAD_NM_CD,
KODASP,SHINHAN_MERCHANT_HISTORY,BUILDING_NO,KODASP,SHINHAN_MERCHANT_HISTORY,BUILDING_NO,
KODASP,SHINHAN_MERCHANT_HISTORY,SUB_BUILDING_NO,KODASP,SHINHAN_MERCHANT_HISTORY,SUB_BUILDING_NO,
KODASP,SHINHAN_MERCHANT_HISTORY,LATITUDE,KODASP,SHINHAN_MERCHANT_HISTORY,LATITUDE,
KODASP,SHINHAN_MERCHANT_HISTORY,LONGITUDE,KODASP,SHINHAN_MERCHANT_HISTORY,LONGITUDE,
KODASP,SHINHAN_MERCHANT_HISTORY,REG_DATE,KODASP,SHINHAN_MERCHANT_HISTORY,,"from_unixtime(to_unix_timestamp(REG_DATE, 'yyyy/MM/dd HH:mm:ss'))"
KODASP,SHINHAN_MERCHANT_HISTORY,UPDATE_DATE,KODASP,SHINHAN_MERCHANT_HISTORY,,"from_unixtime(to_unix_timestamp(UPDATE_DATE, 'yyyy/MM/dd HH:mm:ss'))"
KODASP,SHINHAN_MERCHANT_HISTORY,pt_reg_date,KODASP,SHINHAN_MERCHANT_HISTORY,,"translate(substr(REG_DATE,1,8),'/','')"
KODASP,SSUMPASS_MERCHANT,MCT_MNG_NO,KODASP,SSUMPASS_MERCHANT,MCT_MNG_NO,
KODASP,SSUMPASS_MERCHANT,REVISION_SEQ,KODASP,SSUMPASS_MERCHANT,REVISION_SEQ,
KODASP,SSUMPASS_MERCHANT,DATA_TYPE,KODASP,SSUMPASS_MERCHANT,DATA_TYPE,
KODASP,SSUMPASS_MERCHANT,SIMPLE_NM,KODASP,SSUMPASS_MERCHANT,SIMPLE_NM,
KODASP,SSUMPASS_MERCHANT,BIZ_LICENSE_NO,KODASP,SSUMPASS_MERCHANT,BIZ_LICENSE_NO,
KODASP,SSUMPASS_MERCHANT,MC_PHN_NO,KODASP,SSUMPASS_MERCHANT,TEL_NO,
KODASP,SSUMPASS_MERCHANT,ZIP_CD,KODASP,SSUMPASS_MERCHANT,ZIP_CD,
KODASP,SSUMPASS_MERCHANT,ADDR1,KODASP,SSUMPASS_MERCHANT,ADDR1,
KODASP,SSUMPASS_MERCHANT,ADDR2,KODASP,SSUMPASS_MERCHANT,ADDR2,
KODASP,SSUMPASS_MERCHANT,MCT_REG_DATE,KODASP,SSUMPASS_MERCHANT,MCT_REG_DATE,
KODASP,SSUMPASS_MERCHANT,TEMNT_DATE,KODASP,SSUMPASS_MERCHANT,TEMNT_DATE,
KODASP,SSUMPASS_MERCHANT,SUSPENDED_YN,KODASP,SSUMPASS_MERCHANT,SUSPENDED_YN,
KODASP,SSUMPASS_MERCHANT,BIZ_TYPE,KODASP,SSUMPASS_MERCHANT,BIZ_TYPE,
KODASP,SSUMPASS_MERCHANT,BIZ_NAME,KODASP,SSUMPASS_MERCHANT,BIZ_NAME,
KODASP,SSUMPASS_MERCHANT,ADDR_NEW_OLD_TYPE,KODASP,SSUMPASS_MERCHANT,ADDR_NEW_OLD_TYPE,
KODASP,SSUMPASS_MERCHANT,SALES_CD,KODASP,SSUMPASS_MERCHANT,SALES_CD,
KODASP,SSUMPASS_MERCHANT,MERCHANT_FEE_RATE,KODASP,SSUMPASS_MERCHANT,MERCHANT_FEE_RATE,
KODASP,SSUMPASS_MERCHANT,SI_DO_NM,KODASP,SSUMPASS_MERCHANT,SI_DO_NM,
KODASP,SSUMPASS_MERCHANT,SI_GUN_GU_NM,KODASP,SSUMPASS_MERCHANT,SI_GUN_GU_NM,
KODASP,SSUMPASS_MERCHANT,ADMIN_DONG_NAME,KODASP,SSUMPASS_MERCHANT,ADMIN_DONG_NAME,
KODASP,SSUMPASS_MERCHANT,ADMIN_DONG_CODE,KODASP,SSUMPASS_MERCHANT,ADMIN_DONG_CODE,
KODASP,SSUMPASS_MERCHANT,LEGAL_DONG_NAME,KODASP,SSUMPASS_MERCHANT,LEGAL_DONG_NAME,
KODASP,SSUMPASS_MERCHANT,LEGAL_DONG_CODE,KODASP,SSUMPASS_MERCHANT,LEGAL_DONG_CODE,
KODASP,SSUMPASS_MERCHANT,ROAD_NM,KODASP,SSUMPASS_MERCHANT,ROAD_NM,
KODASP,SSUMPASS_MERCHANT,ROAD_NM_CD,KODASP,SSUMPASS_MERCHANT,ROAD_NM_CD,
KODASP,SSUMPASS_MERCHANT,BUILDING_NO,KODASP,SSUMPASS_MERCHANT,BUILDING_NO,
KODASP,SSUMPASS_MERCHANT,SUB_BUILDING_NO,KODASP,SSUMPASS_MERCHANT,SUB_BUILDING_NO,
KODASP,SSUMPASS_MERCHANT,LATITUDE,KODASP,SSUMPASS_MERCHANT,LATITUDE,
KODASP,SSUMPASS_MERCHANT,LONGITUDE,KODASP,SSUMPASS_MERCHANT,LONGITUDE,
KODASP,SSUMPASS_MERCHANT,INDUSTRY_CD,KODASP,SSUMPASS_MERCHANT,INDUSTRY_CD,
KODASP,SSUMPASS_MERCHANT,REG_DATE,KODASP,SSUMPASS_MERCHANT,,"from_unixtime(unix_timestamp(REG_DATE, 'yyyy/MM/dd HH:mm:ss'))"
KODASP,SSUMPASS_MERCHANT,UPDATE_DATE,KODASP,SSUMPASS_MERCHANT,,"from_unixtime(unix_timestamp(UPDATE_DATE, 'yyyy/MM/dd HH:mm:ss'))"
KODASP,SSUMPASS_MERCHANT,SSUMPASS_BIZ_TYPE,KODASP,SSUMPASS_MERCHANT,SSUMPASS_BIZ_TYPE,
KODASP,SSUMPASS_MERCHANT,repp_nm,KODASP,SSUMPASS_MERCHANT,repr_nm,
KODASP,SSUMPASS_MERCHANT_HISTORY,SEQ,KODASP,SSUMPASS_MERCHANT_HISTORY,SEQ,
KODASP,SSUMPASS_MERCHANT_HISTORY,TYPE,KODASP,SSUMPASS_MERCHANT_HISTORY,TYPE,
KODASP,SSUMPASS_MERCHANT_HISTORY,REVISION_SEQ,KODASP,SSUMPASS_MERCHANT_HISTORY,REVISION_SEQ,
KODASP,SSUMPASS_MERCHANT_HISTORY,TRIGGER_REG_DATE,KODASP,SSUMPASS_MERCHANT_HISTORY,,"from_unixtime(to_unix_timestamp(TRIGGER_REG_DATE, 'yyyy/MM/dd HH:mm:ss'))"
KODASP,SSUMPASS_MERCHANT_HISTORY,DATA_TYPE,KODASP,SSUMPASS_MERCHANT_HISTORY,DATA_TYPE,
KODASP,SSUMPASS_MERCHANT_HISTORY,MCT_MNG_NO,KODASP,SSUMPASS_MERCHANT_HISTORY,MCT_MNG_NO,
KODASP,SSUMPASS_MERCHANT_HISTORY,SIMPLE_NM,KODASP,SSUMPASS_MERCHANT_HISTORY,SIMPLE_NM,
KODASP,SSUMPASS_MERCHANT_HISTORY,BIZ_LICENSE_NO,KODASP,SSUMPASS_MERCHANT_HISTORY,BIZ_LICENSE_NO,
KODASP,SSUMPASS_MERCHANT_HISTORY,REPR_NM,KODASP,SSUMPASS_MERCHANT_HISTORY,REPR_NM,
KODASP,SSUMPASS_MERCHANT_HISTORY,TEL_NO,KODASP,SSUMPASS_MERCHANT_HISTORY,TEL_NO,
KODASP,SSUMPASS_MERCHANT_HISTORY,ZIP_CD,KODASP,SSUMPASS_MERCHANT_HISTORY,ZIP_CD,
KODASP,SSUMPASS_MERCHANT_HISTORY,ADDR1,KODASP,SSUMPASS_MERCHANT_HISTORY,ADDR1,
KODASP,SSUMPASS_MERCHANT_HISTORY,ADDR2,KODASP,SSUMPASS_MERCHANT_HISTORY,ADDR2,
KODASP,SSUMPASS_MERCHANT_HISTORY,MCT_REG_DATE,KODASP,SSUMPASS_MERCHANT_HISTORY,MCT_REG_DATE,
KODASP,SSUMPASS_MERCHANT_HISTORY,TEMNT_DATE,KODASP,SSUMPASS_MERCHANT_HISTORY,TEMNT_DATE,
KODASP,SSUMPASS_MERCHANT_HISTORY,SUSPENDED_YN,KODASP,SSUMPASS_MERCHANT_HISTORY,SUSPENDED_YN,
KODASP,SSUMPASS_MERCHANT_HISTORY,BIZ_TYPE,KODASP,SSUMPASS_MERCHANT_HISTORY,BIZ_TYPE,
KODASP,SSUMPASS_MERCHANT_HISTORY,BIZ_NAME,KODASP,SSUMPASS_MERCHANT_HISTORY,BIZ_NAME,
KODASP,SSUMPASS_MERCHANT_HISTORY,ADDR_NEW_OLD_TYPE,KODASP,SSUMPASS_MERCHANT_HISTORY,ADDR_NEW_OLD_TYPE,
KODASP,SSUMPASS_MERCHANT_HISTORY,SALES_CD,KODASP,SSUMPASS_MERCHANT_HISTORY,SALES_CD,
KODASP,SSUMPASS_MERCHANT_HISTORY,MERCHANT_FEE_RATE,KODASP,SSUMPASS_MERCHANT_HISTORY,MERCHANT_FEE_RATE,
KODASP,SSUMPASS_MERCHANT_HISTORY,SI_DO_NM,KODASP,SSUMPASS_MERCHANT_HISTORY,SI_DO_NM,
KODASP,SSUMPASS_MERCHANT_HISTORY,SI_GUN_GU_NM,KODASP,SSUMPASS_MERCHANT_HISTORY,SI_GUN_GU_NM,
KODASP,SSUMPASS_MERCHANT_HISTORY,ADMIN_DONG_NAME,KODASP,SSUMPASS_MERCHANT_HISTORY,ADMIN_DONG_NAME,
KODASP,SSUMPASS_MERCHANT_HISTORY,ADMIN_DONG_CODE,KODASP,SSUMPASS_MERCHANT_HISTORY,ADMIN_DONG_CODE,
KODASP,SSUMPASS_MERCHANT_HISTORY,LEGAL_DONG_NAME,KODASP,SSUMPASS_MERCHANT_HISTORY,LEGAL_DONG_NAME,
KODASP,SSUMPASS_MERCHANT_HISTORY,LEGAL_DONG_CODE,KODASP,SSUMPASS_MERCHANT_HISTORY,LEGAL_DONG_CODE,
KODASP,SSUMPASS_MERCHANT_HISTORY,ROAD_NM,KODASP,SSUMPASS_MERCHANT_HISTORY,ROAD_NM,
KODASP,SSUMPASS_MERCHANT_HISTORY,ROAD_NM_CD,KODASP,SSUMPASS_MERCHANT_HISTORY,ROAD_NM_CD,
KODASP,SSUMPASS_MERCHANT_HISTORY,BUILDING_NO,KODASP,SSUMPASS_MERCHANT_HISTORY,BUILDING_NO,
KODASP,SSUMPASS_MERCHANT_HISTORY,SUB_BUILDING_NO,KODASP,SSUMPASS_MERCHANT_HISTORY,SUB_BUILDING_NO,
KODASP,SSUMPASS_MERCHANT_HISTORY,LATITUDE,KODASP,SSUMPASS_MERCHANT_HISTORY,LATITUDE,
KODASP,SSUMPASS_MERCHANT_HISTORY,LONGITUDE,KODASP,SSUMPASS_MERCHANT_HISTORY,LONGITUDE,
KODASP,SSUMPASS_MERCHANT_HISTORY,INDUSTRY_CD,KODASP,SSUMPASS_MERCHANT_HISTORY,INDUSTRY_CD,
KODASP,SSUMPASS_MERCHANT_HISTORY,REG_DATE,KODASP,SSUMPASS_MERCHANT_HISTORY,,"from_unixtime(to_unix_timestamp(REG_DATE, 'yyyy/MM/dd HH:mm:ss'))"
KODASP,SSUMPASS_MERCHANT_HISTORY,UPDATE_DATE,KODASP,SSUMPASS_MERCHANT_HISTORY,,"from_unixtime(to_unix_timestamp(UPDATE_DATE, 'yyyy/MM/dd HH:mm:ss'))"
KODASP,SSUMPASS_MERCHANT_HISTORY,SSUMPASS_BIZ_TYPE,KODASP,SSUMPASS_MERCHANT_HISTORY,SSUMPASS_BIZ_TYPE,
KODASP,SSUMPASS_MERCHANT_HISTORY,pt_reg_m,KODASP,SSUMPASS_MERCHANT_HISTORY,,"translate(substr(REG_DATE,0,7),'/','')"
KODASP,TIMESLOT,BNF_PRID_STN_SNO,KODASP,TIMESLOT,TIMESLOT_ID,
KODASP,TIMESLOT,STRT_DTTM,KODASP,TIMESLOT,,"from_unixtime(unix_timestamp(START_DATE, 'yyyy/MM/dd HH:mm:ss'))"
KODASP,TIMESLOT,END_DTTM,KODASP,TIMESLOT,,"from_unixtime(unix_timestamp(END_DATE, 'yyyy/MM/dd HH:mm:ss'))"
KODASP,TIMESLOT,SYS_UPD_DTTM,KODASP,TIMESLOT,,"from_unixtime(unix_timestamp(UPDATE_DATE, 'yyyy/MM/dd HH:mm:ss'))"
KODASP,TIMESLOT,SYS_CRE_DTTM,KODASP,TIMESLOT,,"from_unixtime(unix_timestamp(REG_DATE, 'yyyy/MM/dd HH:mm:ss'))"
KODASP,TIMESLOT_DEFINITION,BNF_PRID_CRI_SNO,KODASP,TIMESLOT_DEFINITION,SEQ,
KODASP,TIMESLOT_DEFINITION,DC_SCT_STRT_MM,KODASP,TIMESLOT_DEFINITION,MON_YEAR_START,
KODASP,TIMESLOT_DEFINITION,DC_SCT_END_MM,KODASP,TIMESLOT_DEFINITION,MON_YEAR_END,
KODASP,TIMESLOT_DEFINITION,DD_SCT_DC_STRT_DD,KODASP,TIMESLOT_DEFINITION,DAY_MON_START,
KODASP,TIMESLOT_DEFINITION,DD_SCT_DC_END_DD,KODASP,TIMESLOT_DEFINITION,DAY_MON_END,
KODASP,TIMESLOT_DEFINITION,DAY_SCT_DC_CHK_DV_CD,KODASP,TIMESLOT_DEFINITION,DAY_WEEK,
KODASP,TIMESLOT_DEFINITION,DC_STRT_HM,KODASP,TIMESLOT_DEFINITION,TIME_START,
KODASP,TIMESLOT_DEFINITION,DC_END_HM,KODASP,TIMESLOT_DEFINITION,TIME_END,
KODASP,TIMESLOT_DEFINITION,SYS_UPD_DTTM,KODASP,TIMESLOT_DEFINITION,,"from_unixtime(unix_timestamp(UPDATE_DATE, 'yyyy/MM/dd HH:mm:ss'))"
KODASP,TIMESLOT_DEFINITION,SYS_CRE_DTTM,KODASP,TIMESLOT_DEFINITION,,"from_unixtime(unix_timestamp(REG_DATE, 'yyyy/MM/dd HH:mm:ss'))"
KODASP,TIMESLOT_DEFINITION,BNF_PRID_SNO,KODASP,TIMESLOT_DEFINITION,TIMESLOT_ID,
KODASP,TIMESLOT_DEFINITION,BNF_HLDY_APY_YN,KODASP,TIMESLOT_DEFINITION,ALLOW_HOLIDAY,
KPS,ADMIN_TRAN,ADM_PNT_DSB_SNO,KPS,ADMIN_TRAN,BATCH_ID,
KPS,ADMIN_TRAN,PRCS_SNO,KPS,ADMIN_TRAN,TRAN_IDX,
KPS,ADMIN_TRAN,PNT_TR_TYPE_CD,KPS,ADMIN_TRAN,TRAN_TYPE,
KPS,ADMIN_TRAN,PNT_DV_CD,KPS,ADMIN_TRAN,POINT_TYPE,
KPS,ADMIN_TRAN,DSB_XNG_CNT_TRGT_PAR_NO,KPS,ADMIN_TRAN,,"concat(KEY_PAR, KEY_USERID)"
KPS,ADMIN_TRAN,RQS_AMT,KPS,ADMIN_TRAN,AMOUNT,
KPS,ADMIN_TRAN,RWD_DSB_RQS_ST_CD,KPS,ADMIN_TRAN,STATUS,
KPS,ADMIN_TRAN,RL_DSB_XNG_CNT_AMT,KPS,ADMIN_TRAN,FIXED_AMOUNT,
KPS,ADMIN_TRAN,RLV_ST_RSN_CN,KPS,ADMIN_TRAN,REASON,
KPS,ADMIN_TRAN,SYS_CRE_DTTM,KPS,ADMIN_TRAN,,"from_unixtime(unix_timestamp(CREATED, 'yyyy/MM/dd HH:mm:ss'))"
KPS,ADMIN_TRAN,SYS_UPD_DTTM,KPS,ADMIN_TRAN,,"from_unixtime(unix_timestamp(UPDATED, 'yyyy/MM/dd HH:mm:ss'))"
KPS,ADMIN_TRAN,APV_TR_YN,KPS,ADMIN_TRAN,APPROVAL_TRAN_YN,
KPS,ADMIN_TRAN,RWD_ID,KPS,ADMIN_TRAN,PROMOTION_ID,
KPS,ADMIN_TRAN,NR_NO,KPS,ADMIN_TRAN,NR_NUMBER,
KPS,ADMIN_TRAN,CNCL_ST_CD,KPS,ADMIN_TRAN,REVERSAL_STATUS,
KPS,ADMIN_TRAN,MBR_ID,KPS,ADMIN_TRAN,USER_ID,
KPS,ADMIN_TRAN,SVC_ID,KPS,ADMIN_TRAN,SVC_ID,
KPS,ADMIN_TRAN,KA_ID,KPS,ADMIN_TRAN,KA_ID,
KPS,ADMIN_TRAN,RWD_NO,KPS,ADMIN_TRAN,RT_NUMBER,
KPS,ADMIN_TRAN,PNT_PLCY_ID,KPS,ADMIN_TRAN,POLICY_ID,
KPS,ADMIN_TRAN,PNT_PLCY_NM,KPS,ADMIN_TRAN,POLICY_NAME,
KPS,ADMIN_TRAN,PNT_PLCY_TYPE_CD,KPS,ADMIN_TRAN,POLICY_TYPE,
KPS,ADMIN_TRAN,ORG_TR_NR_NO,KPS,ADMIN_TRAN,ORG_NR_NUMBER,
KPS,ADMIN_TRAN,DSB_BOWR_GRP_ID,KPS,ADMIN_TRAN,PROVIDER_GROUP_ID,
KPS,ADMIN_TRAN,ORG_CRD_PAR_NO,KPS,ADMIN_TRAN,TR_PAR,
KPS,ADMIN_TRAN,PNT_BOWR_GRD_ID,KPS,ADMIN_TRAN,GRADE_ID,
KPS,ADMIN_TRAN,TR_OCA_CRD_SVC_ID,KPS,ADMIN_TRAN,TR_SVC_ID,
KPS,ADMIN_TRAN,SHRE_RATE_PRCS_PTIM_CRI_AMT,KPS,ADMIN_TRAN,CANDIDATE_VALUE,
KPS,ADMIN_TRAN,SHRE_RATE_PRCS_RATE,KPS,ADMIN_TRAN,APPLIED_RATE,
KPS,ADMIN_TRAN,LMT_XCPT_TYPE_CD,KPS,ADMIN_TRAN,CHECK_IGNORE_TYPE,
KPS,ADMIN_TRAN,OUTS_LNK_TR_CD_VAL,KPS,ADMIN_TRAN,CP_NUMBER,
KPS,ADMIN_TRAN,OCA_AMT,KPS,ADMIN_TRAN,TR_AMOUNT,
KPS,ADMIN_TRAN,AGG_RFLC_TYPE_CD,KPS,ADMIN_TRAN,ACC_USER_STACK,
KPS,ADMIN_TRAN,pt_cre_dt,KPS,ADMIN_TRAN,,"translate(translate(substr(CREATED,1,8),'/',''),'-','')"
KPS,KPS_PNT_ITG_CLT_TR,PNT_ITG_CLT_TR_SNO,KPS,KPS_PNT_ITG_CLT_TR,PNT_ITG_CLT_TR_SNO,
KPS,KPS_PNT_ITG_CLT_TR,ITG_CLT_ID,KPS,KPS_PNT_ITG_CLT_TR,ITG_CLT_ID,
KPS,KPS_PNT_ITG_CLT_TR,TRAN_ID,KPS,KPS_PNT_ITG_CLT_TR,TRAN_ID,
KPS,KPS_PNT_ITG_CLT_TR,PNT_ITG_CLT_TYPE_CD,KPS,KPS_PNT_ITG_CLT_TR,PNT_ITG_CLT_TYPE_CD,
KPS,KPS_PNT_ITG_CLT_TR,PNT_TR_TYPE_CD,KPS,KPS_PNT_ITG_CLT_TR,PNT_TR_TYPE_CD,
KPS,KPS_PNT_ITG_CLT_TR,PNT_ITG_CLT_AMT,KPS,KPS_PNT_ITG_CLT_TR,PNT_ITG_CLT_AMT,
KPS,KPS_PNT_ITG_CLT_TR,MBR_ID,KPS,KPS_PNT_ITG_CLT_TR,MBR_ID,
KPS,KPS_PNT_ITG_CLT_TR,PNT_TR_TRGT_VAL,KPS,KPS_PNT_ITG_CLT_TR,,"concat(PNT_TR_TRGT_VAL_PAR, PNT_TR_TRGT_VAL_MBR_ID)"
KPS,KPS_PNT_ITG_CLT_TR,DPH_PNT_TR_TRGT_VAL,KPS,KPS_PNT_ITG_CLT_TR,,"concat(DPH_PNT_TR_TRGT_VAL_PAR, DPH_PNT_TR_TRGT_VAL_MBR_ID)"
KPS,KPS_PNT_ITG_CLT_TR,RCV_PNT_TR_TRGT_VAL,KPS,KPS_PNT_ITG_CLT_TR,,"concat(RCV_PNT_TR_TRGT_VAL_PAR, RCV_PNT_TR_TRGT_VAL_MBR_ID)"
KPS,KPS_PNT_ITG_CLT_TR,PNT_PLCY_ID,KPS,KPS_PNT_ITG_CLT_TR,PNT_PLCY_ID,
KPS,KPS_PNT_ITG_CLT_TR,PNT_PLCY_TYPE_CD,KPS,KPS_PNT_ITG_CLT_TR,PNT_PLCY_TYPE_CD,
KPS,KPS_PNT_ITG_CLT_TR,PNT_PLCY_NM,KPS,KPS_PNT_ITG_CLT_TR,PNT_PLCY_NM,
KPS,KPS_PNT_ITG_CLT_TR,APV_TR_YN,KPS,KPS_PNT_ITG_CLT_TR,APV_TR_YN,
KPS,KPS_PNT_ITG_CLT_TR,APV_DT,KPS,KPS_PNT_ITG_CLT_TR,APV_DT,
KPS,KPS_PNT_ITG_CLT_TR,APV_DTTM,KPS,KPS_PNT_ITG_CLT_TR,,"from_unixtime(unix_timestamp(APV_DTTM, 'yyyy/MM/dd HH:mm:ss'))"
KPS,KPS_PNT_ITG_CLT_TR,PNT_ITG_CLT_RS_CD,KPS,KPS_PNT_ITG_CLT_TR,PNT_ITG_CLT_RS_CD,
KPS,KPS_PNT_ITG_CLT_TR,PNT_TR_ID,KPS,KPS_PNT_ITG_CLT_TR,PNT_TR_ID,
KPS,KPS_PNT_ITG_CLT_TR,SYS_CRE_DTTM,KPS,KPS_PNT_ITG_CLT_TR,,"from_unixtime(unix_timestamp(SYS_CRE_DTTM, 'yyyy/MM/dd HH:mm:ss'))"
KPS,KPS_PNT_ITG_CLT_TR,SYS_UPD_DTTM,KPS,KPS_PNT_ITG_CLT_TR,,"from_unixtime(unix_timestamp(SYS_UPD_DTTM, 'yyyy/MM/dd HH:mm:ss'))"
KPS,MB_GFCT,MB_GFCT_ID,KPS,MB_GFCT,MB_GFCT_ID,
KPS,MB_GFCT,MB_GFCT_BRAN_PLCY_ID,KPS,MB_GFCT,MB_GFCT_BRAN_PLCY_ID,
KPS,MB_GFCT,MB_GFCT_GPT_PLCY_ID,KPS,MB_GFCT,MB_GFCT_GPT_PLCY_ID,
KPS,MB_GFCT,MB_GFCT_GPT_PLCY_NM,KPS,MB_GFCT,MB_GFCT_GPT_PLCY_NM,
KPS,MB_GFCT,ASP_ID,KPS,MB_GFCT,ASP_ID,
KPS,MB_GFCT,KA_ID,KPS,MB_GFCT,KA_ID,
KPS,MB_GFCT,CRD_PNT_PLCY_ID,KPS,MB_GFCT,CRD_PNT_PLCY_ID,
KPS,MB_GFCT,NR_NO,KPS,MB_GFCT,NR_NO,
KPS,MB_GFCT,MB_GFCT_AMT,KPS,MB_GFCT,MB_GFCT_AMT,
KPS,MB_GFCT,MB_GFCT_BUY_AMT,KPS,MB_GFCT,MB_GFCT_BUY_AMT,
KPS,MB_GFCT,MB_GFCT_RES_AMT,KPS,MB_GFCT,MB_GFCT_RES_AMT,
KPS,MB_GFCT,SLL_DTTM,KPS,MB_GFCT,,"to_timestamp(SLL_DTTM, 'yyyy/MM/dd HH:mm:ss.SSS')"
KPS,MB_GFCT,LAST_GIFT_DTTM,KPS,MB_GFCT,,"to_timestamp(LAST_GIFT_DTTM, 'yyyy/MM/dd HH:mm:ss.SSS')"
KPS,MB_GFCT,EXN_DT,KPS,MB_GFCT,EXN_DT,
KPS,MB_GFCT,MB_GFCT_BYR_ID,KPS,MB_GFCT,MB_GFCT_BYR_ID,
KPS,MB_GFCT,MBR_ID,KPS,MB_GFCT,MBR_ID,
KPS,MB_GFCT,PAR_NO,KPS,MB_GFCT,PAR_NO,
KPS,MB_GFCT,MB_GFCT_ST_CD,KPS,MB_GFCT,MB_GFCT_ST_CD,
KPS,MB_GFCT,CLR_PTM_TYPE_CD,KPS,MB_GFCT,CLR_PTM_TYPE_CD,
KPS,MB_GFCT,MB_GFCT_SLL_ST_CD,KPS,MB_GFCT,MB_GFCT_SLL_ST_CD,
KPS,MB_GFCT,TR_TMCNT,KPS,MB_GFCT,TR_TMCNT,
KPS,MB_GFCT,SYS_CRE_DTTM,KPS,MB_GFCT,,"to_timestamp(SYS_CRE_DTTM, 'yyyy/MM/dd HH:mm:ss.SSS')"
KPS,MB_GFCT,SYS_UPD_DTTM,KPS,MB_GFCT,,"to_timestamp(SYS_UPD_DTTM, 'yyyy/MM/dd HH:mm:ss.SSS')"
KPS,MB_GFCT,MB_GFCT_RTN_AMT,KPS,MB_GFCT,MB_GFCT_RTN_AMT,
KPS,MB_GFCT,AF_PRCS_DTL_DTTM,KPS,MB_GFCT,,"to_timestamp(AF_PRCS_DTL_DTTM, 'yyyy/MM/dd HH:mm:ss.SSS')"
KPS,MB_GFCT,DC_BNF_SNO,KPS,MB_GFCT,DC_BNF_SNO,
KPS,MB_GFCT,DC_BNF_CD,KPS,MB_GFCT,DC_BNF_CD,
KPS,MB_GFCT,DC_FAMT_FRTE_DV_CD,KPS,MB_GFCT,DC_FAMT_FRTE_DV_CD,
KPS,MB_GFCT,DC_VAL,KPS,MB_GFCT,DC_VAL,
KPS,MB_GFCT_TR,MB_GFCT_TR_SNO,KPS,MB_GFCT_TR,MB_GFCT_TR_SNO,
KPS,MB_GFCT_TR,TR_DT,KPS,MB_GFCT_TR,TR_DT,
KPS,MB_GFCT_TR,TR_DTTM,KPS,MB_GFCT_TR,,"to_timestamp(TR_DTTM, 'yyyy/MM/dd HH:mm:ss.SSS')"
KPS,MB_GFCT_TR,ASP_ID,KPS,MB_GFCT_TR,ASP_ID,
KPS,MB_GFCT_TR,KA_ID,KPS,MB_GFCT_TR,KA_ID,
KPS,MB_GFCT_TR,MB_GFCT_ID,KPS,MB_GFCT_TR,MB_GFCT_ID,
KPS,MB_GFCT_TR,MB_GFCT_GRP_ID,KPS,MB_GFCT_TR,MB_GFCT_GRP_ID,
KPS,MB_GFCT_TR,MB_GFCT_BRAN_PLCY_ID,KPS,MB_GFCT_TR,MB_GFCT_BRAN_PLCY_ID,
KPS,MB_GFCT_TR,MB_GFCT_GPT_PLCY_ID,KPS,MB_GFCT_TR,MB_GFCT_GPT_PLCY_ID,
KPS,MB_GFCT_TR,MB_GFCT_GPT_PLCY_NM,KPS,MB_GFCT_TR,MB_GFCT_GPT_PLCY_NM,
KPS,MB_GFCT_TR,CRD_PNT_PLCY_ID,KPS,MB_GFCT_TR,CRD_PNT_PLCY_ID,
KPS,MB_GFCT_TR,NR_NO,KPS,MB_GFCT_TR,NR_NO,
KPS,MB_GFCT_TR,TRAN_ID,KPS,MB_GFCT_TR,TRAN_ID,
KPS,MB_GFCT_TR,PNT_TR_TYPE_CD,KPS,MB_GFCT_TR,PNT_TR_TYPE_CD,
KPS,MB_GFCT_TR,TR_DSCR,KPS,MB_GFCT_TR,TR_DSCR,
KPS,MB_GFCT_TR,APV_TR_YN,KPS,MB_GFCT_TR,APV_TR_YN,
KPS,MB_GFCT_TR,MB_GFCT_DC_AMT,KPS,MB_GFCT_TR,MB_GFCT_DC_AMT,
KPS,MB_GFCT_TR,TR_AMT,KPS,MB_GFCT_TR,TR_AMT,
KPS,MB_GFCT_TR,TR_AF_BALA,KPS,MB_GFCT_TR,TR_AF_BALA,
KPS,MB_GFCT_TR,MBR_ID,KPS,MB_GFCT_TR,MBR_ID,
KPS,MB_GFCT_TR,PAR_NO,KPS,MB_GFCT_TR,PAR_NO,
KPS,MB_GFCT_TR,PNT_OCCR_CRD_PAR_NO,KPS,MB_GFCT_TR,PNT_OCCR_CRD_PAR_NO,
KPS,MB_GFCT_TR,SVC_ID,KPS,MB_GFCT_TR,SVC_ID,
KPS,MB_GFCT_TR,SVC_NM,KPS,MB_GFCT_TR,SVC_NM,
KPS,MB_GFCT_TR,MC_ID,KPS,MB_GFCT_TR,MC_ID,
KPS,MB_GFCT_TR,MC_NM,KPS,MB_GFCT_TR,MC_NM,
KPS,MB_GFCT_TR,MC_BU_AMT,KPS,MB_GFCT_TR,MC_BU_AMT,
KPS,MB_GFCT_TR,AF_PRCR_CD,KPS,MB_GFCT_TR,AF_PRCR_CD,
KPS,MB_GFCT_TR,AF_PRCS_DTL_DTTM,KPS,MB_GFCT_TR,,"to_timestamp(AF_PRCS_DTL_DTTM, 'yyyy/MM/dd HH:mm:ss.SSS')"
KPS,MB_GFCT_TR,ORG_TR_NR_NO,KPS,MB_GFCT_TR,ORG_TR_NR_NO,
KPS,MB_GFCT_TR,SYS_CRE_DTTM,KPS,MB_GFCT_TR,,"to_timestamp(SYS_CRE_DTTM, 'yyyy/MM/dd HH:mm:ss.SSS')"
KPS,MB_GFCT_TR,SYS_UPD_DTTM,KPS,MB_GFCT_TR,,"to_timestamp(SYS_UPD_DTTM, 'yyyy/MM/dd HH:mm:ss.SSS')"
KPS,PNT_CORP_TRAN,CORP_PNT_PY_WD_SNO,KPS,PNT_CORP_TRAN,ID,
KPS,PNT_CORP_TRAN,APV_DT,KPS,PNT_CORP_TRAN,APPROVAL_DAY,
KPS,PNT_CORP_TRAN,KA_ID,KPS,PNT_CORP_TRAN,KA_ID,
KPS,PNT_CORP_TRAN,PNT_DV_CD,KPS,PNT_CORP_TRAN,POINT_TYPE,
KPS,PNT_CORP_TRAN,PNT_PLCY_ID,KPS,PNT_CORP_TRAN,POLICY_ID,
KPS,PNT_CORP_TRAN,PNT_PLCY_TYPE_CD,KPS,PNT_CORP_TRAN,POLICY_TYPE,
KPS,PNT_CORP_TRAN,PNT_PLCY_NM,KPS,PNT_CORP_TRAN,POLICY_NAME,
KPS,PNT_CORP_TRAN,PNT_TR_TYPE_CD,KPS,PNT_CORP_TRAN,TRAN_TYPE,
KPS,PNT_CORP_TRAN,TR_AMT,KPS,PNT_CORP_TRAN,POINT_AMT,
KPS,PNT_CORP_TRAN,TR_AF_BALA,KPS,PNT_CORP_TRAN,POINT_AFTER_AMT,
KPS,PNT_CORP_TRAN,APV_TR_YN,KPS,PNT_CORP_TRAN,APPROVAL_TRAN_YN,
KPS,PNT_CORP_TRAN,ACUM_TR_YN,KPS,PNT_CORP_TRAN,ACC_YN,
KPS,PNT_CORP_TRAN,APV_DTTM,KPS,PNT_CORP_TRAN,,"from_unixtime(unix_timestamp(APPROVAL_DATE, 'yyyy/MM/dd HH:mm:ss'))"
KPS,PNT_CORP_TRAN,NR_NO,KPS,PNT_CORP_TRAN,NR_NUMBER,
KPS,PNT_CORP_TRAN,ORG_TR_NR_NO,KPS,PNT_CORP_TRAN,ORG_NR_NUMBER,
KPS,PNT_CORP_TRAN,DSB_BOWR_GRP_ID,KPS,PNT_CORP_TRAN,PROVIDER_GROUP_ID,
KPS,PNT_CORP_TRAN,PNT_BOWR_GRD_ID,KPS,PNT_CORP_TRAN,GRADE_ID,
KPS,PNT_CORP_TRAN,CNCL_ST_CD,KPS,PNT_CORP_TRAN,REVERSAL_STATUS,
KPS,PNT_CORP_TRAN,PNT_OCCR_CRD_PAR_NO,KPS,PNT_CORP_TRAN,TR_PAR,
KPS,PNT_CORP_TRAN,TR_OCA_SVC_ID,KPS,PNT_CORP_TRAN,TR_SVC_ID,
KPS,PNT_CORP_TRAN,CORP_PNT_DSB_TRGT_PAR_NO,KPS,PNT_CORP_TRAN,TARGET_PAR,
KPS,PNT_CORP_TRAN,CORP_PNT_DSB_TRGT_SVC_ID,KPS,PNT_CORP_TRAN,TARGET_SVC_ID,
KPS,PNT_CORP_TRAN,DC_BNF_CD,KPS,PNT_CORP_TRAN,DISC_TYPE,
KPS,PNT_CORP_TRAN,DC_BNF_SNO,KPS,PNT_CORP_TRAN,DISC_SEQ,
KPS,PNT_CORP_TRAN,STLM_MC_ID,KPS,PNT_CORP_TRAN,MERCHANT_ID,
KPS,PNT_CORP_TRAN,MC_TYPE_CD,KPS,PNT_CORP_TRAN,MERCHANT_TYPE,
KPS,PNT_CORP_TRAN,AB_TR_LM_TYPE_CD,KPS,PNT_CORP_TRAN,RESTRICTION_TYPE,
KPS,PNT_CORP_TRAN,ASP_ID,KPS,PNT_CORP_TRAN,ASP_ID,
KPS,PNT_CORP_TRAN,TR_DSCR,KPS,PNT_CORP_TRAN,DETAILS,
KPS,PNT_CORP_TRAN,ADM_PNT_DSB_SNO,KPS,PNT_CORP_TRAN,ADMIN_ID,
KPS,PNT_CORP_TRAN,PNT_TR_ID,KPS,PNT_CORP_TRAN,PNT_TRAN_ID,
KPS,PNT_CORP_TRAN,SYS_CRE_DTTM,KPS,PNT_CORP_TRAN,,"from_unixtime(unix_timestamp(CREATED, 'yyyy/MM/dd HH:mm:ss'))"
KPS,PNT_CORP_TRAN,SYS_UPD_DTTM,KPS,PNT_CORP_TRAN,,"from_unixtime(unix_timestamp(UPDATED, 'yyyy/MM/dd HH:mm:ss'))"
KPS,PNT_CORP_TRAN,DNT_PNT_TYPE_CD,KPS,PNT_CORP_TRAN,DONATION_TYPE,
KPS,PNT_CORP_TRAN,MBR_ID,KPS,PNT_CORP_TRAN,TR_USER_ID,
KPS,PNT_CORP_TRAN,TRAN_ID,KPS,PNT_CORP_TRAN,TRANSACTION_ID,
KPS,PNT_CORP_TRAN,ACQR_ID,KPS,PNT_CORP_TRAN,ACQUIRER_ID,
KPS,PNT_CORP_TRAN,AR_AMT_CLR_KA_ID,KPS,PNT_CORP_TRAN,SETTLE_KA,
KPS,PNT_CORP_TRAN,VAT_XCPT_AMT,KPS,PNT_CORP_TRAN,EXP_AMT,
KPS,PNT_DISC_GRADE,PAR_NO,KPS,PNT_DISC_GRADE,PAR,
KPS,PNT_DISC_GRADE,NR_NO,KPS,PNT_DISC_GRADE,NR_NUMBER,
KPS,PNT_DISC_GRADE,ORG_TR_NR_NO,KPS,PNT_DISC_GRADE,ORG_NR_NUMBER,
KPS,PNT_DISC_GRADE,APV_DT,KPS,PNT_DISC_GRADE,APPROVAL_DAY,
KPS,PNT_DISC_GRADE,APV_DTTM,KPS,PNT_DISC_GRADE,,"from_unixtime(unix_timestamp(APPROVAL_DATE, 'yyyy/MM/dd HH:mm:ss'))"
KPS,PNT_DISC_GRADE,APV_TR_YN,KPS,PNT_DISC_GRADE,APPROVAL_TRAN_YN,
KPS,PNT_DISC_GRADE,TR_PNT_AMT,KPS,PNT_DISC_GRADE,POINT_AMT,
KPS,PNT_DISC_GRADE,BNF_TYPE_CD,KPS,PNT_DISC_GRADE,TR_AMT,
KPS,PNT_DISC_GRADE,MM_ACUM_PNT_AMT,KPS,PNT_DISC_GRADE,ACUM_STLM_AMT,
KPS,PNT_DISC_GRADE,SYS_CRE_DTTM,KPS,PNT_DISC_GRADE,,"from_unixtime(unix_timestamp(CREATED, 'yyyy/MM/dd HH:mm:ss'))"
KPS,PNT_DISC_GRADE,SYS_UPD_DTTM,KPS,PNT_DISC_GRADE,,"from_unixtime(unix_timestamp(UPDATED, 'yyyy/MM/dd HH:mm:ss'))"
KPS,PNT_DISC_GRADE,DC_BNF_SNO,KPS,PNT_DISC_GRADE,DISC_SEQ,
KPS,PNT_DISC_GRADE,DC_BNF_CD,KPS,PNT_DISC_GRADE,DISC_TYPE,
KPS,PNT_DISC_GRADE,PNT_PLCY_ID,KPS,PNT_DISC_GRADE,POLICY_ID,
KPS,PNT_DISC_GRADE,DSB_BOWR_GRP_ID,KPS,PNT_DISC_GRADE,PROVIDER_GROUP_ID,
KPS,PNT_DISC_GRADE,BNF_NM,KPS,PNT_DISC_GRADE,DCNT_NM,
KPS,PNT_DISC_GRADE,LAST_CNCL_YN,KPS,PNT_DISC_GRADE,LAST_CNCL_YN,
KPS,PNT_DISC_GRADE,pt_apv_dt,KPS,PNT_DISC_GRADE,,"substr(APPROVAL_DAY, 1, 6)"
KPS,PNT_DISC_GRADE_HISTORY,PAR_NO,KPS,PNT_DISC_GRADE_HISTORY,PAR,
KPS,PNT_DISC_GRADE_HISTORY,NR_NO,KPS,PNT_DISC_GRADE_HISTORY,NR_NUMBER,
KPS,PNT_DISC_GRADE_HISTORY,PRCS_SNO,KPS,PNT_DISC_GRADE_HISTORY,TRAN_IDX,
KPS,PNT_DISC_GRADE_HISTORY,APV_DT,KPS,PNT_DISC_GRADE_HISTORY,APPROVAL_DAY,
KPS,PNT_DISC_GRADE_HISTORY,APV_DTTM,KPS,PNT_DISC_GRADE_HISTORY,,"from_unixtime(unix_timestamp(APPROVAL_DATE, 'yyyy/MM/dd HH:mm:ss'))"
KPS,PNT_DISC_GRADE_HISTORY,APV_TR_YN,KPS,PNT_DISC_GRADE_HISTORY,APPROVAL_TRAN_YN,
KPS,PNT_DISC_GRADE_HISTORY,TR_PNT_AMT,KPS,PNT_DISC_GRADE_HISTORY,POINT_AMT,
KPS,PNT_DISC_GRADE_HISTORY,APV_AMT,KPS,PNT_DISC_GRADE_HISTORY,TR_AMT,
KPS,PNT_DISC_GRADE_HISTORY,MM_ACUM_PNT_AMT,KPS,PNT_DISC_GRADE_HISTORY,ACUM_STLM_AMT,
KPS,PNT_DISC_GRADE_HISTORY,GRD_CRI_AMT,KPS,PNT_DISC_GRADE_HISTORY,CANDIDATE_VALUE,
KPS,PNT_DISC_GRADE_HISTORY,PNT_ACMR,KPS,PNT_DISC_GRADE_HISTORY,APPLIED_RATE,
KPS,PNT_DISC_GRADE_HISTORY,PNT_PLCY_ID,KPS,PNT_DISC_GRADE_HISTORY,POLICY_ID,
KPS,PNT_DISC_GRADE_HISTORY,PNT_DV_CD,KPS,PNT_DISC_GRADE_HISTORY,POINT_TYPE,
KPS,PNT_DISC_GRADE_HISTORY,DSB_BOWR_GRP_ID,KPS,PNT_DISC_GRADE_HISTORY,PROVIDER_GROUP_ID,
KPS,PNT_DISC_GRADE_HISTORY,PNT_BOWR_GRD_ID,KPS,PNT_DISC_GRADE_HISTORY,GRADE_ID,
KPS,PNT_DISC_GRADE_HISTORY,DC_BNF_SNO,KPS,PNT_DISC_GRADE_HISTORY,DISC_SEQ,
KPS,PNT_DISC_GRADE_HISTORY,DC_BNF_CD,KPS,PNT_DISC_GRADE_HISTORY,DISC_TYPE,
KPS,PNT_DISC_GRADE_HISTORY,BNF_NM,KPS,PNT_DISC_GRADE_HISTORY,DCNT_NM,
KPS,PNT_DISC_GRADE_HISTORY,SYS_CRE_DTTM,KPS,PNT_DISC_GRADE_HISTORY,,"from_unixtime(unix_timestamp(CREATED, 'yyyy/MM/dd HH:mm:ss'))"
KPS,PNT_DISC_GRADE_HISTORY,SYS_UPD_DTTM,KPS,PNT_DISC_GRADE_HISTORY,,"from_unixtime(unix_timestamp(UPDATED, 'yyyy/MM/dd HH:mm:ss'))"
KPS,PNT_DISC_GRADE_HISTORY,pt_apv_dt,KPS,PNT_DISC_GRADE_HISTORY,,"substr(APPROVAL_DAY, 1, 6)"
KPS,PNT_TRAN,PNT_TR_ID,KPS,PNT_TRAN,ID,
KPS,PNT_TRAN,APV_DTTM,KPS,PNT_TRAN,,"from_unixtime(unix_timestamp(APPROVAL_DATE, 'yyyy/MM/dd HH:mm:ss'))"
KPS,PNT_TRAN,APV_DT,KPS,PNT_TRAN,APPROVAL_DAY,
KPS,PNT_TRAN,MBR_ID,KPS,PNT_TRAN,USER_ID,
KPS,PNT_TRAN,PNT_TR_TRGT_VAL,KPS,PNT_TRAN,,"concat(target_str, target_int)"
KPS,PNT_TRAN,TR_AMT,KPS,PNT_TRAN,POINT_AMT,
KPS,PNT_TRAN,TR_AF_BALA,KPS,PNT_TRAN,POINT_AFTER_AMT,
KPS,PNT_TRAN,PNT_DV_CD,KPS,PNT_TRAN,POINT_TYPE,
KPS,PNT_TRAN,PNT_TR_TYPE_CD,KPS,PNT_TRAN,TRAN_TYPE,
KPS,PNT_TRAN,APV_TR_YN,KPS,PNT_TRAN,APPROVAL_TRAN_YN,
KPS,PNT_TRAN,ACUM_TR_YN,KPS,PNT_TRAN,ACC_YN,
KPS,PNT_TRAN,NR_NO,KPS,PNT_TRAN,NR_NUMBER,
KPS,PNT_TRAN,PNT_OCCR_CRD_PAR_NO,KPS,PNT_TRAN,TR_PAR,
KPS,PNT_TRAN,DC_BNF_CD,KPS,PNT_TRAN,DISC_TYPE,
KPS,PNT_TRAN,DC_BNF_SNO,KPS,PNT_TRAN,DISC_SEQ,
KPS,PNT_TRAN,ASP_ID,KPS,PNT_TRAN,ASP_ID,
KPS,PNT_TRAN,SVC_ID,KPS,PNT_TRAN,SVC_ID,
KPS,PNT_TRAN,EXN_DT,KPS,PNT_TRAN,EXPIRY_DATE,
KPS,PNT_TRAN,TR_DSCR,KPS,PNT_TRAN,DETAILS,
KPS,PNT_TRAN,ADM_PNT_DSB_SNO,KPS,PNT_TRAN,ADMIN_ID,
KPS,PNT_TRAN,SYS_CRE_DTTM,KPS,PNT_TRAN,,"from_unixtime(unix_timestamp(CREATED, 'yyyy/MM/dd HH:mm:ss'))"
KPS,PNT_TRAN,SYS_UPD_DTTM,KPS,PNT_TRAN,,"from_unixtime(unix_timestamp(UPDATED, 'yyyy/MM/dd HH:mm:ss'))"
KPS,PNT_TRAN,KA_ID,KPS,PNT_TRAN,PLAYER_ID,
KPS,PNT_TRAN,CNCL_EXTN_PNT_AMT,KPS,PNT_TRAN,LOST_POINT_AMT,
KPS,PNT_TRAN,PNT_PLCY_ID,KPS,PNT_TRAN,POLICY_ID,
KPS,PNT_TRAN,REP_KA_ID,KPS,PNT_TRAN,KA_ID,
KPS,PNT_TRAN,PNT_PLCY_TYPE_CD,KPS,PNT_TRAN,POLICY_TYPE,
KPS,PNT_TRAN,PNT_PLCY_NM,KPS,PNT_TRAN,POLICY_NAME,
KPS,PNT_TRAN,CSTM_PNT_USE_PRITY,KPS,PNT_TRAN,PRIORITY,
KPS,PNT_TRAN,PPNT_WTH_RATE,KPS,PNT_TRAN,VALUE_PER_POINT,
KPS,PNT_TRAN,ORG_TR_NR_NO,KPS,PNT_TRAN,ORG_NR_NUMBER,
KPS,PNT_TRAN,CNCL_ST_CD,KPS,PNT_TRAN,REVERSAL_STATUS,
KPS,PNT_TRAN,DSB_BOWR_GRP_ID,KPS,PNT_TRAN,PROVIDER_GROUP_ID,
KPS,PNT_TRAN,PNT_BOWR_GRD_ID,KPS,PNT_TRAN,GRADE_ID,
KPS,PNT_TRAN,TR_OCA_SVC_ID,KPS,PNT_TRAN,TR_SVC_ID,
KPS,PNT_TRAN,GRD_CRI_AMT,KPS,PNT_TRAN,CANDIDATE_VALUE,
KPS,PNT_TRAN,PNT_DSB_AMT_APLR,KPS,PNT_TRAN,APPLIED_RATE,
KPS,PNT_TRAN,TSFR_TRGT_YN,KPS,PNT_TRAN,SETTLEMENT_YN,
KPS,PNT_TRAN,ACQR_DV_CD,KPS,PNT_TRAN,MERCHANT_TYPE,
KPS,PNT_TRAN,STLM_MC_ID,KPS,PNT_TRAN,MERCHANT_ID,
KPS,PNT_TRAN,AB_TR_LM_TYPE_CD,KPS,PNT_TRAN,RESTRICTION_TYPE,
KPS,PNT_TRAN,CORP_PNT_TR_ID,KPS,PNT_TRAN,CORP_TRAN_ID,
KPS,PNT_TRAN,TRAN_ID,KPS,PNT_TRAN,TRANSACTION_ID,
KPS,PNT_TRAN,ACQR_ID,KPS,PNT_TRAN,ACQUIRER_ID,
KPS,PNT_TRAN,AR_AMT_CLR_KA_ID,KPS,PNT_TRAN,SETTLE_KA,
KPS,PNT_TRAN,vat_xcpt_amt,KPS,PNT_TRAN,EXP_AMT,
KPS,PNT_TRAN,pnt_tr_sub_type_cd,KPS,PNT_TRAN,pnt_tr_sub_type_cd,
KPS,PNT_TRAN,APV_DTL_DTTM,KPS,PNT_TRAN,,"to_timestamp(apv_dtl_dttm, 'yyyy/MM/dd HH:mm:ss.SSS')"
KSTS,EXPIRY_REMIND,SNO,KSTS,EXPIRY_REMIND,SEQ,
KSTS,EXPIRY_REMIND,STMP_MLG_PLCY_ID,KSTS,EXPIRY_REMIND,POLICY_ID,
KSTS,EXPIRY_REMIND,PLCY_TYPE_CD,KSTS,EXPIRY_REMIND,POLICY_TYPE,
KSTS,EXPIRY_REMIND,MBR_ID,KSTS,EXPIRY_REMIND,USER_ID,
KSTS,EXPIRY_REMIND,PREA_NFCT_DT,KSTS,EXPIRY_REMIND,REMIND_DATE,
KSTS,EXPIRY_REMIND,SYS_CRE_DTTM,KSTS,EXPIRY_REMIND,,"from_unixtime(unix_timestamp(CREATED, 'yyyy/MM/dd HH:mm:ss'))"
KSTS,EXPIRY_REMIND,pt_cre_dt,KSTS,EXPIRY_REMIND,,"translate(substr(CREATED,1,7),'/','')"
KSTS,MC_MAPPING,SNO,KSTS,MC_MAPPING,SEQ,
KSTS,MC_MAPPING,STAMP_ID,KSTS,MC_MAPPING,STAMP_ID,
KSTS,MC_MAPPING,MC_ID,KSTS,MC_MAPPING,MC_ID,
KSTS,MC_MAPPING,ASP_ID,KSTS,MC_MAPPING,ASP_ID,
KSTS,MC_MAPPING,MC_TYPE_CD,KSTS,MC_MAPPING,MC_TYPE,
KSTS,MC_MAPPING,MC_NM,KSTS,MC_MAPPING,MC_NAME,
KSTS,MC_MAPPING,SYS_CRE_DTTM,KSTS,MC_MAPPING,,"from_unixtime(to_unix_timestamp(CREATED, 'yyyy/MM/dd HH:mm:ss'))"
KSTS,MC_MAPPING,STMP_MLG_PLCY_ID,KSTS,MC_MAPPING,POLICY_ID,
KSTS,MC_MAPPING,PLCY_TYPE_CD,KSTS,MC_MAPPING,POLICY_TYPE,
KSTS,MILEAGE_CARD,MLG_CRD_ID,KSTS,MILEAGE_CARD,card_no,
KSTS,MILEAGE_CARD,JBEF_MLG_CRD_ID,KSTS,MILEAGE_CARD,BEFORE_CARD_NO,
KSTS,MILEAGE_CARD,ASP_ID,KSTS,MILEAGE_CARD,ASP_ID,
KSTS,MILEAGE_CARD,MLG_PLCY_ID,KSTS,MILEAGE_CARD,MILEAGE_ID,
KSTS,MILEAGE_CARD,MBR_ID,KSTS,MILEAGE_CARD,USER_ID,
KSTS,MILEAGE_CARD,CRNT_CRD_ACUM_AMT,KSTS,MILEAGE_CARD,CURRENT_AMOUNT,
KSTS,MILEAGE_CARD,EXN_DT,KSTS,MILEAGE_CARD,EXPIRY_DATE,
KSTS,MILEAGE_CARD,MLG_ACT_ST_CD,KSTS,MILEAGE_CARD,STATUS,
KSTS,MILEAGE_CARD,MLG_DTL_ST_CD,KSTS,MILEAGE_CARD,STATUS_CODE,
KSTS,MILEAGE_CARD,SYS_CRE_DTTM,KSTS,MILEAGE_CARD,,"from_unixtime(to_unix_timestamp(CREATED, 'yyyy/MM/dd HH:mm:ss'))"
KSTS,MILEAGE_CARD,SYS_UPD_DTTM,KSTS,MILEAGE_CARD,,"from_unixtime(to_unix_timestamp(UPDATED, 'yyyy/MM/dd HH:mm:ss'))"
KSTS,MILEAGE_CARD,RWD_KD_CD,KSTS,MILEAGE_CARD,REWARD_TYPE,
KSTS,MILEAGE_CARD,RWD_ID,KSTS,MILEAGE_CARD,REWARD_ID,
KSTS,MILEAGE_CARD,RWD_NO,KSTS,MILEAGE_CARD,RT_NUMBER,
KSTS,MILEAGE_CARD,RWD_PRCR_CD,KSTS,MILEAGE_CARD,REWARD_RESULT,
KSTS,MILEAGE_CARD,pt_upd_dt,KSTS,MILEAGE_CARD,,"translate(substr(UPDATED,1,8),'/','')"
KSTS,MILEAGE_HISTORY,SNO,KSTS,MILEAGE_HISTORY,SEQ,
KSTS,MILEAGE_HISTORY,ASP_ID,KSTS,MILEAGE_HISTORY,ASP_ID,
KSTS,MILEAGE_HISTORY,MLG_PLCY_ID,KSTS,MILEAGE_HISTORY,MILEAGE_ID,
KSTS,MILEAGE_HISTORY,MBR_ID,KSTS,MILEAGE_HISTORY,USER_ID,
KSTS,MILEAGE_HISTORY,MLG_CRD_ID,KSTS,MILEAGE_HISTORY,RELATED_CARD_NO,
KSTS,MILEAGE_HISTORY,RV_TR_TYPE_CD,KSTS,MILEAGE_HISTORY,TYPE,
KSTS,MILEAGE_HISTORY,RL_PRCS_AMT,KSTS,MILEAGE_HISTORY,ACCUM_AMOUNT,
KSTS,MILEAGE_HISTORY,CRD_CRI_ACUM_BEF_AMT,KSTS,MILEAGE_HISTORY,BEFORE_ACCUM_AMOUNT,
KSTS,MILEAGE_HISTORY,CRD_CRI_ACUM_AFT_AMT,KSTS,MILEAGE_HISTORY,AFTER_ACCUM_AMOUNT,
KSTS,MILEAGE_HISTORY,MC_ID,KSTS,MILEAGE_HISTORY,MC_ID,
KSTS,MILEAGE_HISTORY,MC_TYPE_CD,KSTS,MILEAGE_HISTORY,MC_TYPE,
KSTS,MILEAGE_HISTORY,NR_NO,KSTS,MILEAGE_HISTORY,NR_NUMBER,
KSTS,MILEAGE_HISTORY,TR_OCCR_DTL_DTTM,KSTS,MILEAGE_HISTORY,,"from_unixtime(to_unix_timestamp(APPROVAL_DATETIME, 'yyyy/MM/dd HH:mm:ss'))"
KSTS,MILEAGE_HISTORY,ORG_TR_NR_NO,KSTS,MILEAGE_HISTORY,ORG_NR_NUMBER,
KSTS,MILEAGE_HISTORY,TR_CNCL_ST_CD,KSTS,MILEAGE_HISTORY,REVERSAL_STATUS,
KSTS,MILEAGE_HISTORY,RWD_KD_CD,KSTS,MILEAGE_HISTORY,REWARD_TYPE,
KSTS,MILEAGE_HISTORY,RWD_ID,KSTS,MILEAGE_HISTORY,REWARD_ID,
KSTS,MILEAGE_HISTORY,RWD_NO,KSTS,MILEAGE_HISTORY,RT_NUMBER,
KSTS,MILEAGE_HISTORY,RWD_ST_CD,KSTS,MILEAGE_HISTORY,REWARD_STATUS,
KSTS,MILEAGE_HISTORY,SYS_CRE_DTTM,KSTS,MILEAGE_HISTORY,,"from_unixtime(to_unix_timestamp(CREATED, 'yyyy/MM/dd HH:mm:ss'))"
KSTS,MILEAGE_HISTORY,SYS_UPD_DTTM,KSTS,MILEAGE_HISTORY,,"from_unixtime(to_unix_timestamp(UPDATED, 'yyyy/MM/dd HH:mm:ss'))"
KSTS,MILEAGE_HISTORY,RQS_AMT,KSTS,MILEAGE_HISTORY,REQ_AMOUNT,
KSTS,MILEAGE_HISTORY,TR_AF_CRD_ST_CD,KSTS,MILEAGE_HISTORY,CARD_STATUS,
KSTS,MILEAGE_HISTORY,RAL_PRCS_AMT,KSTS,MILEAGE_HISTORY,TR_AMOUNT,
KSTS,MILEAGE_HISTORY,STMP_RQS_TYPE_CD,KSTS,MILEAGE_HISTORY,REQ_TYPE,
KSTS,MILEAGE_HISTORY,RWD_PRCR_CD,KSTS,MILEAGE_HISTORY,REWARD_RESULT,
KSTS,MILEAGE_POLICY,MLG_PLCY_ID,KSTS,MILEAGE_POLICY,MILEAGE_ID,
KSTS,MILEAGE_POLICY,MLG_PLCY_NM,KSTS,MILEAGE_POLICY,NAME,
KSTS,MILEAGE_POLICY,MLG_PLCY_STRT_DTTM,KSTS,MILEAGE_POLICY,,"from_unixtime(to_unix_timestamp(START_DATETIME, 'yyyy/MM/dd HH:mm:ss'))"
KSTS,MILEAGE_POLICY,MLG_PLCY_USE_YN,KSTS,MILEAGE_POLICY,ENABLE,
KSTS,MILEAGE_POLICY,RV_TYPE_CD,KSTS,MILEAGE_POLICY,COLLECT_TYPE,
KSTS,MILEAGE_POLICY,RV_CRI_VAL,KSTS,MILEAGE_POLICY,COLLECT_VALUE,
KSTS,MILEAGE_POLICY,RWD_KD_CD,KSTS,MILEAGE_POLICY,REWARD_TYPE,
KSTS,MILEAGE_POLICY,RWD_ID,KSTS,MILEAGE_POLICY,REWARD_ID,
KSTS,MILEAGE_POLICY,CUTM_RWD_YN,KSTS,MILEAGE_POLICY,CUSTOM_REWARD_YN,
KSTS,MILEAGE_POLICY,CMPL_GOAL_AMT,KSTS,MILEAGE_POLICY,TARGET_AMOUNT,
KSTS,MILEAGE_POLICY,EXN_TYPE_CD,KSTS,MILEAGE_POLICY,EXPIRY_TYPE,
KSTS,MILEAGE_POLICY,EXN_CRI_DT,KSTS,MILEAGE_POLICY,EXPIRY_VALUE,
KSTS,MILEAGE_POLICY,EXN_PREA_NFCT_CYC_VAL,KSTS,MILEAGE_POLICY,EXPIRY_REMIND_PERIOD,
KSTS,MILEAGE_POLICY,ASP_ID,KSTS,MILEAGE_POLICY,ASP_ID,
KSTS,MILEAGE_POLICY,SYS_CRE_DTTM,KSTS,MILEAGE_POLICY,,"from_unixtime(to_unix_timestamp(CREATED, 'yyyy/MM/dd HH:mm:ss'))"
KSTS,MILEAGE_POLICY,SYS_UPD_DTTM,KSTS,MILEAGE_POLICY,,"from_unixtime(to_unix_timestamp(UPDATED, 'yyyy/MM/dd HH:mm:ss'))"
KSTS,MILEAGE_POLICY,BYMC_RV_PSBL_MAX_VAL,KSTS,MILEAGE_POLICY,MC_COLLECT_LIMIT,
KSTS,MILEAGE_POLICY,MLG_PLCY_END_DTTM,KSTS,MILEAGE_POLICY,,"from_unixtime(to_unix_timestamp(END_DATETIME, 'yyyy/MM/dd HH:mm:ss'))"
KSTS,MILEAGE_POLICY,MLG_PLCY_LWR_TYPE_CD,KSTS,MILEAGE_POLICY,SUB_TYPE,
KSTS,MILEAGE_POLICY,MC_RV_LM_INIT_TYPE_CD,KSTS,MILEAGE_POLICY,MC_LIMIT_TYPE,
KSTS,REQ_HISTORY,SNO,KSTS,REQ_HISTORY,SEQ,
KSTS,REQ_HISTORY,MBR_ID,KSTS,REQ_HISTORY,USER_ID,
KSTS,REQ_HISTORY,ASP_ID,KSTS,REQ_HISTORY,ASP_ID,
KSTS,REQ_HISTORY,MTI_APV_DV_CD,KSTS,REQ_HISTORY,MTI,
KSTS,REQ_HISTORY,SYS_CRE_DTTM,KSTS,REQ_HISTORY,,"from_unixtime(unix_timestamp(CREATED, 'yyyy/MM/dd HH:mm:ss'))"
KSTS,REQ_HISTORY,PCS_CD,KSTS,REQ_HISTORY,PROCESSING_CODE,
KSTS,REQ_HISTORY,MC_ID,KSTS,REQ_HISTORY,MC_ID,
KSTS,REQ_HISTORY,MC_TYPE_CD,KSTS,REQ_HISTORY,MC_TYPE,
KSTS,REQ_HISTORY,NR_NO,KSTS,REQ_HISTORY,NR_NUMBER,
KSTS,REQ_HISTORY,APV_TR_PAR_NO,KSTS,REQ_HISTORY,PAR,
KSTS,REQ_HISTORY,APV_DTL_DTTM,KSTS,REQ_HISTORY,,"from_unixtime(unix_timestamp(APPROVAL_DATETIME, 'yyyy/MM/dd HH:mm:ss'))"
KSTS,REQ_HISTORY,ORG_TR_NR_NO,KSTS,REQ_HISTORY,ORG_NR_NUMBER,
KSTS,REQ_HISTORY,PRCR_ERR_CD,KSTS,REQ_HISTORY,RESULT,
KSTS,REQ_HISTORY,TID,KSTS,REQ_HISTORY,SUPPORT_INFO,
KSTS,REQ_HISTORY,TOT_PNT_USE_AF_AMT,KSTS,REQ_HISTORY,AMOUNT,
KSTS,REWARD_HISTORY,SNO,KSTS,REWARD_HISTORY,SEQ,
KSTS,REWARD_HISTORY,RWD_CNCL_DV_CD,KSTS,REWARD_HISTORY,TYPE,
KSTS,REWARD_HISTORY,STMP_PLCY_ID,KSTS,REWARD_HISTORY,STAMP_ID,
KSTS,REWARD_HISTORY,MBR_ID,KSTS,REWARD_HISTORY,USER_ID,
KSTS,REWARD_HISTORY,ASP_ID,KSTS,REWARD_HISTORY,ASP_ID,
KSTS,REWARD_HISTORY,RWD_KD_CD,KSTS,REWARD_HISTORY,REWARD_TYPE,
KSTS,REWARD_HISTORY,RWD_ID,KSTS,REWARD_HISTORY,REWARD_ID,
KSTS,REWARD_HISTORY,NR_NO,KSTS,REWARD_HISTORY,NR_NUMBER,
KSTS,REWARD_HISTORY,RWD_NO,KSTS,REWARD_HISTORY,RT_NUMBER,
KSTS,REWARD_HISTORY,RWD_ST_CD,KSTS,REWARD_HISTORY,STATUS,
KSTS,REWARD_HISTORY,APV_DTL_DTTM,KSTS,REWARD_HISTORY,,"from_unixtime(to_unix_timestamp(APPROVAL_DATETIME, 'yyyy/MM/dd HH:mm:ss'))"
KSTS,REWARD_HISTORY,ORG_TR_NR_NO,KSTS,REWARD_HISTORY,ORG_NR_NUMBER,
KSTS,REWARD_HISTORY,RWD_CLLC_ST_CD,KSTS,REWARD_HISTORY,REVERSAL_STATUS,
KSTS,REWARD_HISTORY,CNCL_APV_DTL_DTTM,KSTS,REWARD_HISTORY,,"from_unixtime(to_unix_timestamp(REVERSAL_DATETIME, 'yyyy/MM/dd HH:mm:ss'))"
KSTS,REWARD_HISTORY,SYS_CRE_DTTM,KSTS,REWARD_HISTORY,,"from_unixtime(to_unix_timestamp(CREATED, 'yyyy/MM/dd HH:mm:ss'))"
KSTS,REWARD_HISTORY,SYS_UPD_DTTM,KSTS,REWARD_HISTORY,,"from_unixtime(to_unix_timestamp(UPDATED, 'yyyy/MM/dd HH:mm:ss'))"
KSTS,STAMP_CARD,STMP_CRD_ID,KSTS,STAMP_CARD,card_no,
KSTS,STAMP_CARD,SYS_CRE_DTTM,KSTS,STAMP_CARD,,"from_unixtime(unix_timestamp(CREATED, 'yyyy/MM/dd HH:mm:ss'))"
KSTS,STAMP_CARD,SYS_UPD_DTTM,KSTS,STAMP_CARD,,"from_unixtime(unix_timestamp(UPDATED, 'yyyy/MM/dd HH:mm:ss'))"
KSTS,STAMP_CARD,STMP_PLCY_ID,KSTS,STAMP_CARD,STAMP_ID,
KSTS,STAMP_CARD,MBR_ID,KSTS,STAMP_CARD,USER_ID,
KSTS,STAMP_CARD,CRNT_RV_PCNT,KSTS,STAMP_CARD,CURRENT_COUNT,
KSTS,STAMP_CARD,RV_CRD_CMPL_PCNT,KSTS,STAMP_CARD,TARGET_COUNT,
KSTS,STAMP_CARD,STMP_RV_TYPE_CD,KSTS,STAMP_CARD,COLLECT_TYPE,
KSTS,STAMP_CARD,EXN_DT,KSTS,STAMP_CARD,EXPIRY_DATE,
KSTS,STAMP_CARD,RV_CRD_ACT_ST_CD,KSTS,STAMP_CARD,STATUS,
KSTS,STAMP_CARD,STMP_DTL_ST_CD,KSTS,STAMP_CARD,STATUS_CODE,
KSTS,STAMP_CARD,RWD_KD_CD,KSTS,STAMP_CARD,REWARD_TYPE,
KSTS,STAMP_CARD,RWD_ID,KSTS,STAMP_CARD,REWARD_ID,
KSTS,STAMP_CARD,VL_PRID_CHG_PSBL_YN,KSTS,STAMP_CARD,EXPIRY_UPDATABLE,
KSTS,STAMP_CARD,RWD_NO,KSTS,STAMP_CARD,RT_NUMBER,
KSTS,STAMP_CARD,TOT_TR_CCNT,KSTS,STAMP_CARD,TOTAL_TR_COUNT,
KSTS,STAMP_CARD,RLTM_ACUM_AMT,KSTS,STAMP_CARD,CURRENT_ACCUM_AMOUNT,
KSTS,STAMP_CARD,RWD_PRCR_CD,KSTS,STAMP_CARD,REWARD_RESULT,
KSTS,STAMP_HISTORY,SNO,KSTS,STAMP_HISTORY,SEQ,
KSTS,STAMP_HISTORY,STMP_RV_TYPE_CD,KSTS,STAMP_HISTORY,TYPE,
KSTS,STAMP_HISTORY,STMP_PLCY_ID,KSTS,STAMP_HISTORY,STAMP_ID,
KSTS,STAMP_HISTORY,MBR_ID,KSTS,STAMP_HISTORY,USER_ID,
KSTS,STAMP_HISTORY,ASP_ID,KSTS,STAMP_HISTORY,ASP_ID,
KSTS,STAMP_HISTORY,MC_ID,KSTS,STAMP_HISTORY,MC_ID,
KSTS,STAMP_HISTORY,SYS_CRE_DTTM,KSTS,STAMP_HISTORY,,"from_unixtime(unix_timestamp(CREATED, 'yyyy/MM/dd HH:mm:ss'))"
KSTS,STAMP_HISTORY,SYS_UPD_DTTM,KSTS,STAMP_HISTORY,,"CASE UPDATED WHEN '' THEN CAST('1970-01-01 00:00:00' as timestamp) else from_unixtime(unix_timestamp(UPDATED, 'yyyy/MM/dd HH:mm:ss')) end"
KSTS,STAMP_HISTORY,MC_TYPE_CD,KSTS,STAMP_HISTORY,MC_TYPE,
KSTS,STAMP_HISTORY,RV_PCNT,KSTS,STAMP_HISTORY,,cast(`COUNT` as bigint)
KSTS,STAMP_HISTORY,RV_BF_PCNT,KSTS,STAMP_HISTORY,BEFORE_COUNT,
KSTS,STAMP_HISTORY,RV_AF_PCNT,KSTS,STAMP_HISTORY,AFTER_COUNT,
KSTS,STAMP_HISTORY,APV_DTL_DTTM,KSTS,STAMP_HISTORY,,"from_unixtime(unix_timestamp(APPROVAL_DATETIME, 'yyyy/MM/dd HH:mm:ss'))"
KSTS,STAMP_HISTORY,NR_NO,KSTS,STAMP_HISTORY,NR_NUMBER,
KSTS,STAMP_HISTORY,STMP_RV_OCA_CRD_PAR_NO,KSTS,STAMP_HISTORY,PAR,
KSTS,STAMP_HISTORY,RV_STLM_AMT,KSTS,STAMP_HISTORY,AMOUNT,
KSTS,STAMP_HISTORY,CNCL_ST_CD,KSTS,STAMP_HISTORY,REVERSAL_STATUS,
KSTS,STAMP_HISTORY,CNCL_APV_DTL_DTTM,KSTS,STAMP_HISTORY,,"from_unixtime(unix_timestamp(REVERSAL_DATETIME, 'yyyy/MM/dd HH:mm:ss'))"
KSTS,STAMP_HISTORY,ORG_TR_NR_NO,KSTS,STAMP_HISTORY,ORG_NR_NUMBER,
KSTS,STAMP_HISTORY,RWD_ST_CD,KSTS,STAMP_HISTORY,REWARD_STATUS,
KSTS,STAMP_HISTORY,RWD_NO,KSTS,STAMP_HISTORY,RT_NUMBER,
KSTS,STAMP_HISTORY,RV_BF_TR_CCNT,KSTS,STAMP_HISTORY,BEFORE_TR_COUNT,
KSTS,STAMP_HISTORY,RV_TR_CCNT,KSTS,STAMP_HISTORY,AFTER_TR_COUNT,
KSTS,STAMP_HISTORY,RV_PRCS_AF_ACUM_RV_AMT,KSTS,STAMP_HISTORY,AFTER_ACCUM_AMOUNT,
KSTS,STAMP_HISTORY,STMP_RQS_TYPE_CD,KSTS,STAMP_HISTORY,REQ_TYPE,
KSTS,STAMP_HISTORY,RWD_PRCR_CD,KSTS,STAMP_HISTORY,REWARD_RESULT,
KSTS,STAMP_POLICY,STMP_PLCY_ID,KSTS,STAMP_POLICY,STAMP_ID,
KSTS,STAMP_POLICY,ASP_ID,KSTS,STAMP_POLICY,ASP_ID,
KSTS,STAMP_POLICY,RV_CRI_TYPE_CD,KSTS,STAMP_POLICY,COLLECT_TYPE,
KSTS,STAMP_POLICY,RV_CRI_VAL,KSTS,STAMP_POLICY,COLLECT_VALUE,
KSTS,STAMP_POLICY,EXN_TYPE_CD,KSTS,STAMP_POLICY,EXPIRY_TYPE,
KSTS,STAMP_POLICY,EXN_CRI_VAL,KSTS,STAMP_POLICY,EXPIRY_VALUE,
KSTS,STAMP_POLICY,STMP_CMPL_PCNT,KSTS,STAMP_POLICY,TARGET_COUNT,
KSTS,STAMP_POLICY,RWD_KD_CD,KSTS,STAMP_POLICY,REWARD_TYPE,
KSTS,STAMP_POLICY,RWD_ID,KSTS,STAMP_POLICY,REWARD_ID,
KSTS,STAMP_POLICY,PLCY_USE_YN,KSTS,STAMP_POLICY,ENABLE,
KSTS,STAMP_POLICY,SYS_CRE_DTTM,KSTS,STAMP_POLICY,,"from_unixtime(to_unix_timestamp(CREATED, 'yyyy/MM/dd HH:mm:ss'))"
KSTS,STAMP_POLICY,SYS_UPD_DTTM,KSTS,STAMP_POLICY,,"from_unixtime(to_unix_timestamp(UPDATED, 'yyyy/MM/dd HH:mm:ss'))"
KSTS,STAMP_POLICY,EXN_PREA_NFCT_CYC,KSTS,STAMP_POLICY,EXPIRY_REMIND,
KSTS,STAMP_POLICY,CUTM_RWD_YN,KSTS,STAMP_POLICY,CUSTOM_REWARD_YN,
KSTS,STAMP_POLICY,STMP_PLCY_STRT_DTTM,KSTS,STAMP_POLICY,,"from_unixtime(to_unix_timestamp(START_DATETIME, 'yyyy/MM/dd HH:mm:ss'))"
KSTS,STAMP_POLICY,BYMC_RV_PSBL_MAX_VAL,KSTS,STAMP_POLICY,MC_COLLECT_LIMIT,
KSTS,STAMP_POLICY,STMP_PLCY_END_DTTM,KSTS,STAMP_POLICY,,"from_unixtime(to_unix_timestamp(END_DATETIME, 'yyyy/MM/dd HH:mm:ss'))"
KSTS,STAMP_POLICY,STMP_PLCY_NM,KSTS,STAMP_POLICY,NAME,
KSTS,STAMP_POLICY,STMP_PLCY_LWR_TYPE_CD,KSTS,STAMP_POLICY,SUB_TYPE,
KSTS,STAMP_POLICY,MC_RV_LM_INIT_TYPE_CD,KSTS,STAMP_POLICY,MC_LIMIT_TYPE,
KSTS,STAMP_VARIOUS,ROW_LCKN_KEY_NM,KSTS,STAMP_VARIOUS,KEY1,
KSTS,STAMP_VARIOUS,KEY2,KSTS,STAMP_VARIOUS,KEY2,
KSTS,STAMP_VARIOUS,KEY3,KSTS,STAMP_VARIOUS,KEY3,
KSTS,STAMP_VARIOUS,KEY4,KSTS,STAMP_VARIOUS,KEY4,
KSTS,STAMP_VARIOUS,KEY5,KSTS,STAMP_VARIOUS,KEY5,
KSTS,STAMP_VARIOUS,VALUE1,KSTS,STAMP_VARIOUS,VALUE1,
KSTS,STAMP_VARIOUS,VALUE2,KSTS,STAMP_VARIOUS,VALUE2,
KSTS,STAMP_VARIOUS,VALUE3,KSTS,STAMP_VARIOUS,VALUE3,
KSTS,STAMP_VARIOUS,VALUE4,KSTS,STAMP_VARIOUS,VALUE4,
KSTS,STAMP_VARIOUS,VALUE5,KSTS,STAMP_VARIOUS,VALUE5,
KSTS,STAMP_VARIOUS,SYS_CRE_DTTM,KSTS,STAMP_VARIOUS,,"from_unixtime(unix_timestamp(SYS_CRE_DTTM, 'yyyy/MM/dd HH:mm:ss'))"
KSTS,STAMP_VARIOUS,SYS_UPD_DTTM,KSTS,STAMP_VARIOUS,,"from_unixtime(unix_timestamp(SYS_UPD_DTTM, 'yyyy/MM/dd HH:mm:ss'))"
LGMS,GAME_ROUND,GAME_TMRD,LGMS,GAME_ROUND,RDNUM,
LGMS,GAME_ROUND,GAME_PLCY_NO,LGMS,GAME_ROUND,GAME_ID,
LGMS,GAME_ROUND,GAME_STRT_DTTM,LGMS,GAME_ROUND,,"from_unixtime(unix_timestamp(START_DT, 'yyyy/MM/dd HH:mm:ss'))"
LGMS,GAME_ROUND,GAME_END_DTTM,LGMS,GAME_ROUND,,"from_unixtime(unix_timestamp(CLOSE_DT, 'yyyy/MM/dd HH:mm:ss'))"
LGMS,GAME_ROUND,LOT_DTTM,LGMS,GAME_ROUND,,"from_unixtime(unix_timestamp(DRAW_DT, 'yyyy/MM/dd HH:mm:ss'))"
LGMS,GAME_ROUND,WNMNY_TAK_STRT_DTTM,LGMS,GAME_ROUND,,"from_unixtime(unix_timestamp(CLAIM_START_DT, 'yyyy/MM/dd HH:mm:ss'))"
LGMS,GAME_ROUND,WNMNY_TAK_END_DTTM,LGMS,GAME_ROUND,,"from_unixtime(unix_timestamp(CLAIM_DUE_DT, 'yyyy/MM/dd HH:mm:ss'))"
LGMS,GAME_ROUND,GAME_TMRD_ST_CD,LGMS,GAME_ROUND,STAT,
LGMS,GAME_ROUND,GAME_TMRD_ST_CD_NM,LGMS,GAME_ROUND,STATE_CNG_RSN,
LGMS,GAME_ROUND,BNUS_USE_YN,LGMS,GAME_ROUND,HAS_BONUS_NMBR,
LGMS,GAME_ROUND,TKET_PRC,LGMS,GAME_ROUND,UNIT_PRICE,
LGMS,GAME_ROUND,MAX_LOT_NO,LGMS,GAME_ROUND,MAX_GAME_NPTKT,
LGMS,GAME_ROUND,MINM_LOT_NO,LGMS,GAME_ROUND,MIN_GAME_NPTKT,
LGMS,GAME_ROUND,SYS_CRE_DTTM,LGMS,GAME_ROUND,,"from_unixtime(unix_timestamp(CREATED, 'yyyy/MM/dd HH:mm:ss'))"
LGMS,GAME_ROUND,SYS_UPD_DTTM,LGMS,GAME_ROUND,,"from_unixtime(unix_timestamp(UPDATED, 'yyyy/MM/dd HH:mm:ss'))"
LGMS,GAME_ROUND,VERNO,LGMS,GAME_ROUND,VERSION,
LOP,BRAND_HISTORY,BRAN_CD,LOP,BRAND_HISTORY,,TRIM(BRAND_CODE)
LOP,BRAND_HISTORY,BRAN_NM,LOP,BRAND_HISTORY,BRAND_NAME,
LOP,BRAND_HISTORY,CRNT_BRAN_ST_CD,LOP,BRAND_HISTORY,STATUS,
LOP,BRAND_HISTORY,SYS_CRE_DTTM,LOP,BRAND_HISTORY,,"from_unixtime(unix_timestamp(CREATED, 'yyyy/MM/dd HH:mm:ss'))"
LOP,BRAND_HISTORY,SYS_UPD_DTTM,LOP,BRAND_HISTORY,,"from_unixtime(unix_timestamp(UPDATED, 'yyyy/MM/dd HH:mm:ss'))"
LOP,BRAND_HISTORY,SYS_CRE_ID,LOP,BRAND_HISTORY,CREATOR,
LOP,BRAND_HISTORY,SYS_UPD_ID,LOP,BRAND_HISTORY,UPDATER,
LOP,CATEGORY,ID,LOP,CATEGORY,ID,
LOP,CATEGORY,DLVR_CTG_NM,LOP,CATEGORY,NAME,
LOP,CATEGORY,SYS_CRE_DTTM,LOP,CATEGORY,,"from_unixtime(to_unix_timestamp(CREATED, 'yyyy/MM/dd HH:mm:ss'))"
LOP,CATEGORY,SYS_UPD_DTTM,LOP,CATEGORY,,"from_unixtime(to_unix_timestamp(UPDATED, 'yyyy/MM/dd HH:mm:ss'))"
LOP,EXT_RECYCLE_INFO,ECF_ID,LOP,EXT_RECYCLE_INFO,RECYCLE_ID,
LOP,EXT_RECYCLE_INFO,SYS_CRE_DTTM,LOP,EXT_RECYCLE_INFO,,"from_unixtime(to_unix_timestamp(CREATED, 'yyyy/MM/dd HH:mm:ss'))"
LOP,EXT_RECYCLE_INFO,TID,LOP,EXT_RECYCLE_INFO,TID,
LOP,EXT_RECYCLE_INFO,SYS_UPD_DTTM,LOP,EXT_RECYCLE_INFO,,"from_unixtime(to_unix_timestamp(UPDATED, 'yyyy/MM/dd HH:mm:ss'))"
LOP,EXT_RECYCLE_INFO,DT,LOP,EXT_RECYCLE_INFO,YYYYMMDD,
LOP,EXT_RECYCLE_ORDER_INFO,ORDR_NO,LOP,EXT_RECYCLE_ORDER_INFO,ORDER_ID,
LOP,EXT_RECYCLE_ORDER_INFO,ORDR_ST_CD,LOP,EXT_RECYCLE_ORDER_INFO,ORDER_STATUS,
LOP,EXT_RECYCLE_ORDER_INFO,SYS_CRE_DTTM,LOP,EXT_RECYCLE_ORDER_INFO,,"from_unixtime(to_unix_timestamp(CREATED, 'yyyy/MM/dd HH:mm:ss'))"
LOP,EXT_RECYCLE_ORDER_INFO,TID,LOP,EXT_RECYCLE_ORDER_INFO,TID,
LOP,EXT_RECYCLE_ORDER_INFO,SYS_UPD_DTTM,LOP,EXT_RECYCLE_ORDER_INFO,,"from_unixtime(to_unix_timestamp(UPDATED, 'yyyy/MM/dd HH:mm:ss'))"
LOP,EXT_RECYCLE_ORDER_INFO,DT,LOP,EXT_RECYCLE_ORDER_INFO,YYYYMMDD,
LOP,EXT_RECYCLE_ORDER_INFO,ODR_LOC_INFO_CN,LOP,EXT_RECYCLE_ORDER_INFO,ORDERER_DTO,
LOP,EXT_RECYCLE_ORDER_INFO,ECF_IFR_ORDR_NO,LOP,EXT_RECYCLE_ORDER_INFO,SHORT_ORDER_ID,
LOP,EXT_RECYCLE_ORDER_INFO,USE_YN,LOP,EXT_RECYCLE_ORDER_INFO,USED,
LOP,EXT_RECYCLE_ORDER_INFO,ECF_ID,LOP,EXT_RECYCLE_ORDER_INFO,RECYCLE_ID,
LOP,MADE_IN_MEMO,CNOR_MEMO_TYPE_CD,LOP,MADE_IN_MEMO,MADE_IN_MEMO_TYPE,
LOP,MADE_IN_MEMO,MEMO_TYPE_KEY_VAL,LOP,MADE_IN_MEMO,MADE_IN_MEMO_TYPE_KEY,
LOP,MADE_IN_MEMO,CNOR_CN,LOP,MADE_IN_MEMO,MADE_IN_MEMO,
LOP,MADE_IN_MEMO,SYS_CRE_DTTM,LOP,MADE_IN_MEMO,,"from_unixtime(to_unix_timestamp(CREATED, 'yyyy/MM/dd HH:mm:ss'))"
LOP,MADE_IN_MEMO,SYS_UPD_DTTM,LOP,MADE_IN_MEMO,,"from_unixtime(to_unix_timestamp(UPDATED, 'yyyy/MM/dd HH:mm:ss'))"
LOP,MEMO_POLICY,rqs_plcy_id,LOP,MEMO_POLICY,ID,
LOP,MEMO_POLICY,ASP_ID,LOP,MEMO_POLICY,ASP_ID,
LOP,MEMO_POLICY,IMG_URL_ADDR,LOP,MEMO_POLICY,IMAGE_URL,
LOP,MEMO_POLICY,MEMO_DLVY_TRGT_CN,LOP,MEMO_POLICY,MEMO_TO,
LOP,MEMO_POLICY,MEMO_TYPE_CD,LOP,MEMO_POLICY,MEMO_TYPE,
LOP,MEMO_POLICY,RQS_MTTRS_MSG_CN,LOP,MEMO_POLICY,MESSAGE,
LOP,MEMO_POLICY,RQS_MTTRS_DTL_PHR_CN,LOP,MEMO_POLICY,MESSAGE_DETAIL,
LOP,MEMO_POLICY,WRKR_NM,LOP,MEMO_POLICY,OPERATOR,
LOP,MEMO_POLICY,PRITY,LOP,MEMO_POLICY,PRIORITY,
LOP,MEMO_POLICY,RQS_MTTRS_NCHC_PRT_PHR_CN,LOP,MEMO_POLICY,SHORT_MESSAGE_NEGATIVE,
LOP,MEMO_POLICY,RQS_MTTRS_CHCE_PRT_PHR_CN,LOP,MEMO_POLICY,SHORT_MESSAGE_POSITIVE,
LOP,MEMO_POLICY,EXPS_YN,LOP,MEMO_POLICY,SHOW,
LOP,MEMO_POLICY,SYS_CRE_DTTM,LOP,MEMO_POLICY,,"from_unixtime(to_unix_timestamp(CREATED, 'yyyy/MM/dd HH:mm:ss'))"
LOP,MEMO_POLICY,SYS_UPD_DTTM,LOP,MEMO_POLICY,,"from_unixtime(to_unix_timestamp(UPDATED, 'yyyy/MM/dd HH:mm:ss'))"
LOP,MEMO_STAT,YMPK,LOP,MEMO_STAT,YYYYMM,
LOP,MEMO_STAT,MEMO_ID,LOP,MEMO_STAT,MEMO_ID,
LOP,MEMO_STAT,ORDR_NO,LOP,MEMO_STAT,ORDER_ID,
LOP,MEMO_STAT,MBR_ID,LOP,MEMO_STAT,USER_ID,
LOP,MEMO_STAT,SYS_CRE_DTTM,LOP,MEMO_STAT,,"from_unixtime(unix_timestamp(CREATED, 'yyyy/MM/dd HH:mm:ss'))"
LOP,MEMO_STAT,SYS_UPD_DTTM,LOP,MEMO_STAT,,"from_unixtime(unix_timestamp(UPDATED, 'yyyy/MM/dd HH:mm:ss'))"
LOP,MEMO_STAT,CHCE_EON,LOP,MEMO_STAT,IS_SELECT,
LOP,MEMO_STAT,CNCL_EON,LOP,MEMO_STAT,CANCEL,
LOP,MEMO_STAT,YM,LOP,MEMO_STAT,YYYYMM,
LOP,MEMO_STAT,DT,LOP,MEMO_STAT,YYYYMMDD,
LOP,MEMO_STAT,MEMO_STRT_DTTM,LOP,MEMO_STAT,YYYYMMDDHHMMSS,
LOP,MENU_HISTORY,PT_YM,LOP,MENU_HISTORY,,"cast(translate(substr(CREATED,1,7),'/','') as int)"
LOP,MENU_HISTORY,dlvr_menu_hist_id,LOP,MENU_HISTORY,ID,
LOP,MENU_HISTORY,MENU_QTY,LOP,MENU_HISTORY,COUNT,
LOP,MENU_HISTORY,MENU_GRP_NM,LOP,MENU_HISTORY,GROUP_NAME,
LOP,MENU_HISTORY,MENU_ID,LOP,MENU_HISTORY,MENU_ID,
LOP,MENU_HISTORY,menu_nm,LOP,MENU_HISTORY,NAME,
LOP,MENU_HISTORY,MENU_VERNO,LOP,MENU_HISTORY,VERSION,
LOP,MENU_HISTORY,ORDR_NO,LOP,MENU_HISTORY,ORDER_ID,
LOP,MENU_HISTORY,SYS_CRE_DTTM,LOP,MENU_HISTORY,,"from_unixtime(unix_timestamp(CREATED, 'yyyy/MM/dd HH:mm:ss'))"
LOP,MENU_HISTORY,SYS_UPD_DTTM,LOP,MENU_HISTORY,,"from_unixtime(unix_timestamp(UPDATED, 'yyyy/MM/dd HH:mm:ss'))"
LOP,MENU_HISTORY,WO_AMT,LOP,MENU_HISTORY,TOTAL_PRICE,
LOP,MENU_HISTORY,MENU_AMT,LOP,MENU_HISTORY,PRICE,
LOP,MENU_HISTORY,ECF_FOR_PRVS_USE_YN,LOP,MENU_HISTORY,ECO_FRIENDLY,
LOP,MENU_HISTORY_OPTION,PT_ORDR_YM,LOP,MENU_HISTORY_OPTION,,"cast(substr(translate(ORDER_DATE_TIME, '/', ''), 1, 6) as bigint)"
LOP,MENU_HISTORY_OPTION,DLVR_MENU_HIST_OPT_ID,LOP,MENU_HISTORY_OPTION,ID,
LOP,MENU_HISTORY_OPTION,DLVR_MENU_OPT_ID,LOP,MENU_HISTORY_OPTION,MENU_OPTION_ID,
LOP,MENU_HISTORY_OPTION,OPT_NM,LOP,MENU_HISTORY_OPTION,NAME,
LOP,MENU_HISTORY_OPTION,DLVR_MENU_HIST_ID,LOP,MENU_HISTORY_OPTION,MENU_HISTORY_ID,
LOP,MENU_HISTORY_OPTION,PRITY,LOP,MENU_HISTORY_OPTION,PRIORITY,
LOP,MENU_HISTORY_OPTION,ORDR_DTTM,LOP,MENU_HISTORY_OPTION,,"from_unixtime(unix_timestamp(ORDER_DATE_TIME, 'yyyy/MM/dd HH:mm:ss'))"
LOP,MENU_HISTORY_OPTION_ITEM,DLVR_MENU_HIST_OPT_ID,LOP,MENU_HISTORY_OPTION_ITEM,MENU_HISTORY_OPTION_ID,
LOP,MENU_HISTORY_OPTION_ITEM,OPT_QTY,LOP,MENU_HISTORY_OPTION_ITEM,COUNT,
LOP,MENU_HISTORY_OPTION_ITEM,DLVR_MENU_OPT_ITM_ID,LOP,MENU_HISTORY_OPTION_ITEM,MENU_OPTION_ITEM_ID,
LOP,MENU_HISTORY_OPTION_ITEM,OPT_NM,LOP,MENU_HISTORY_OPTION_ITEM,NAME,
LOP,MENU_HISTORY_OPTION_ITEM,SNGL_PRC,LOP,MENU_HISTORY_OPTION_ITEM,PRICE,
LOP,MENU_HISTORY_OPTION_ITEM,OPT_TYPE,LOP,MENU_HISTORY_OPTION_ITEM,OPTION_TYPE,
LOP,MENU_HISTORY_OPTION_ITEM,PRITY,LOP,MENU_HISTORY_OPTION_ITEM,PRIORITY,
LOP,MENU_HISTORY_OPTION_ITEM,ORDR_DTTM,LOP,MENU_HISTORY_OPTION_ITEM,,"from_unixtime(to_unix_timestamp(order_date_time, 'yyyy/MM/dd HH:mm:ss'))"
LOP,MENU_HISTORY_OPTION_ITEM,pt_ordr_dt,LOP,MENU_HISTORY_OPTION_ITEM,,"translate(translate(substr(order_date_time,1,7),'/',''),'-','')"
LOP,MENU_HISTORY_SUB_ITEM,DLVR_MENU_HIST_ID,LOP,MENU_HISTORY_SUB_ITEM,MENU_HISTORY_ID,
LOP,MENU_HISTORY_SUB_ITEM,QTY,LOP,MENU_HISTORY_SUB_ITEM,COUNT,
LOP,MENU_HISTORY_SUB_ITEM,LWR_MENU_ID,LOP,MENU_HISTORY_SUB_ITEM,MENU_SUB_ITEM_ID,
LOP,MENU_HISTORY_SUB_ITEM,LWR_MENU_NM,LOP,MENU_HISTORY_SUB_ITEM,NAME,
LOP,MENU_HISTORY_SUB_ITEM,PRC,LOP,MENU_HISTORY_SUB_ITEM,PRICE,
LOP,MENU_HISTORY_SUB_ITEM,PRITY,LOP,MENU_HISTORY_SUB_ITEM,PRIORITY,
LOP,MENU_HISTORY_SUB_ITEM,ORDR_DTTM,LOP,MENU_HISTORY_SUB_ITEM,,"from_unixtime(to_unix_timestamp(order_date_time, 'yyyy/MM/dd HH:mm:ss'))"
LOP,MENU_HISTORY_SUB_ITEM,PT_ORDR_DT,LOP,MENU_HISTORY_SUB_ITEM,,"translate(substr(order_date_time,1,7),'/','')"
LOP,ORDER_HISTORY,DLVR_ORDR_HIST_SNO,LOP,ORDER_HISTORY,ID,
LOP,ORDER_HISTORY,pt_upd_dt,LOP,ORDER_HISTORY,,"cast(replace(substr(UPDATE_DATE_TIME, 1, 10), '/', '') as bigint)"
LOP,ORDER_HISTORY,DLVR_ORDR_ID,LOP,ORDER_HISTORY,ORDER_ID,
LOP,ORDER_HISTORY,DLVR_AGNY_NM,LOP,ORDER_HISTORY,DELIVERY_AGENCY,
LOP,ORDER_HISTORY,BSC_DVTP,LOP,ORDER_HISTORY,DELIVERY_BASE_FEE,
LOP,ORDER_HISTORY,DLVR_DSTNC_MTR_CNT,LOP,ORDER_HISTORY,DELIVERY_DISTANCE,
LOP,ORDER_HISTORY,EXTC_DVTP,LOP,ORDER_HISTORY,DELIVERY_EXTRA_FEE,
LOP,ORDER_HISTORY,PKP_ET_TM,LOP,ORDER_HISTORY,DELIVERY_PICKUP_EXPECTED_AT,
LOP,ORDER_HISTORY,PKP_RQS_TM,LOP,ORDER_HISTORY,DELIVERY_PICKUP_REQUESTED_AT,
LOP,ORDER_HISTORY,DLVR_ST_CD,LOP,ORDER_HISTORY,DELIVERY_STATUS,
LOP,ORDER_HISTORY,TOT_DVTP,LOP,ORDER_HISTORY,DELIVERY_TOTAL_FEE,
LOP,ORDER_HISTORY,DLVR_ST_CHG_DTTM,LOP,ORDER_HISTORY,,"from_unixtime(unix_timestamp(DELIVERY_UPDATED, 'yyyy/MM/dd HH:mm:ss'))"
LOP,ORDER_HISTORY,DLVR_ST_UPD_DT,LOP,ORDER_HISTORY,DELIVERY_UPDATED_YYYYMMDD,
LOP,ORDER_HISTORY,DLVR_ET_TM,LOP,ORDER_HISTORY,EST_TIME,
LOP,ORDER_HISTORY,ORDR_ST_CD,LOP,ORDER_HISTORY,STATUS,
LOP,ORDER_HISTORY,DTL_ORDR_ST_CD,LOP,ORDER_HISTORY,STATUS_DETAILS,
LOP,ORDER_HISTORY,SYS_UPD_DTTM,LOP,ORDER_HISTORY,,"from_unixtime(unix_timestamp(UPDATE_DATE_TIME, 'yyyy/MM/dd HH:mm:ss'))"
LOP,ORDER_HISTORY,DLVR_TYPE_CD,LOP,ORDER_HISTORY,DELIVERY_TYPE,
LOP,ORDER_HISTORY,TID,LOP,ORDER_HISTORY,TID,
LOP,ORDER_HISTORY,SEVR_NM,LOP,ORDER_HISTORY,HOST_NAME,
LOP,ORDER_HISTORY,IFR_ORDR_NO,LOP,ORDER_HISTORY,SEQ,
LOP,ORDER_INFO,DLVR_ORDR_ID,LOP,ORDER_INFO,ID,
LOP,ORDER_INFO,ORDR_YM,LOP,ORDER_INFO,ORDER_DATE_YYYYMM,
LOP,ORDER_INFO,ORDR_DT,LOP,ORDER_INFO,ORDER_DATE_YYYYMMDD,
LOP,ORDER_INFO,CNCL_RSN_CN,LOP,ORDER_INFO,CANCEL_MEMO,
LOP,ORDER_INFO,ORDR_NED_ET_TM,LOP,ORDER_INFO,EST_TIME,
LOP,ORDER_INFO,ORDR_MEMO_CN,LOP,ORDER_INFO,MEMO,
LOP,ORDER_INFO,DMC_ID,LOP,ORDER_INFO,MERCHANT_ID,
LOP,ORDER_INFO,ORDR_DTTM,LOP,ORDER_INFO,,"from_unixtime(unix_timestamp(ORDER_DATE_TIME, 'yyyy/MM/dd HH:mm:ss'))"
LOP,ORDER_INFO,DLVR_SHOP_ID,LOP,ORDER_INFO,PLACE_ID,
LOP,ORDER_INFO,SHOP_NM,LOP,ORDER_INFO,PLACE_NAME,
LOP,ORDER_INFO,MENU_NM,LOP,ORDER_INFO,PRINT_NAME,
LOP,ORDER_INFO,ORDR_ST_CD,LOP,ORDER_INFO,STATUS,
LOP,ORDER_INFO,ORDR_ST_SUB_CD,LOP,ORDER_INFO,STATUS_DETAILS,
LOP,ORDER_INFO,SYS_UPD_DTTM,LOP,ORDER_INFO,,"from_unixtime(unix_timestamp(UPDATE_DATE_TIME, 'yyyy/MM/dd HH:mm:ss'))"
LOP,ORDER_INFO,ODR_SNO,LOP,ORDER_INFO,ORDERER_ID,
LOP,ORDER_INFO,LAST_NR_NO,LOP,ORDER_INFO,PAYMENT_NR_NUMBER,
LOP,ORDER_INFO,ORDR_AMT,LOP,ORDER_INFO,TOTAL_AMOUNT,
LOP,ORDER_INFO,DLVR_ST_CD,LOP,ORDER_INFO,DELIVERY_STATUS,
LOP,ORDER_INFO,MBR_ID,LOP,ORDER_INFO,USER_ID,
LOP,ORDER_INFO,PKP_RQS_TM,LOP,ORDER_INFO,DELIVERY_PICKUP_REQUESTED_AT,
LOP,ORDER_INFO,PKP_ET_TM,LOP,ORDER_INFO,DELIVERY_PICKUP_EXPECTED_AT,
LOP,ORDER_INFO,DLVR_DSTNC,LOP,ORDER_INFO,DELIVERY_DISTANCE,
LOP,ORDER_INFO,TOT_DVTP,LOP,ORDER_INFO,DELIVERY_TOTAL_FEE,
LOP,ORDER_INFO,BSC_DVTP,LOP,ORDER_INFO,DELIVERY_BASE_FEE,
LOP,ORDER_INFO,EXTC_DVTP,LOP,ORDER_INFO,DELIVERY_EXTRA_FEE,
LOP,ORDER_INFO,DLVR_CHG_DTTM,LOP,ORDER_INFO,,"from_unixtime(unix_timestamp(DELIVERY_UPDATED, 'yyyy/MM/dd HH:mm:ss'))"
LOP,ORDER_INFO,ORDR_CNCL_DV_CD,LOP,ORDER_INFO,CANCEL_BURDEN,
LOP,ORDER_INFO,ORDR_CNCL_RSN_CD,LOP,ORDER_INFO,CANCEL_TYPE,
LOP,ORDER_INFO,DLVE_ENP_CD,LOP,ORDER_INFO,DELIVERY_AGENCY,
LOP,ORDER_INFO,DELIVERY_CANCEL_TRY_COUNT,LOP,ORDER_INFO,DELIVERY_CANCEL_TRY_COUNT,
LOP,ORDER_INFO,DLVR_CNCL_DV_CD,LOP,ORDER_INFO,DELIVERY_CANCEL_TYPE,
LOP,ORDER_INFO,DLVR_CNCL_RSN_CD,LOP,ORDER_INFO,DELIVERY_CANCEL_BURDEN,
LOP,ORDER_INFO,DLVR_CHG_DT,LOP,ORDER_INFO,DELIVERY_UPDATED_YYYYMMDD,
LOP,ORDER_INFO,ORG_TR_NR_NO,LOP,ORDER_INFO,ORG_NR_NUMBER,
LOP,ORDER_INFO,FST_APV_DTTM,LOP,ORDER_INFO,,"from_unixtime(unix_timestamp(ORG_APPROVAL_DATE, 'yyyy/MM/dd HH:mm:ss'))"
LOP,ORDER_INFO,FST_APV_DT,LOP,ORDER_INFO,ORG_APPROVAL_DATE_YYYYMMDD,
LOP,ORDER_INFO,DLVR_CNCL_MEMO_CN,LOP,ORDER_INFO,DELIVERY_CANCEL_MEMO,
LOP,ORDER_INFO,MGS_USERD,LOP,ORDER_INFO,MGS_USERD,
LOP,ORDER_INFO,KA_ID,LOP,ORDER_INFO,KA_ID,
LOP,ORDER_INFO,DLVR_TYPE_CD,LOP,ORDER_INFO,DELIVERY_TYPE,
LOP,ORDER_INFO,DLVR_RQS_DTTM,LOP,ORDER_INFO,,"from_unixtime(unix_timestamp(DELIVERY_REGISTERED_AT, 'yyyy/MM/dd HH:mm:ss'))"
LOP,ORDER_INFO,RD_ASG_DTTM,LOP,ORDER_INFO,,"from_unixtime(unix_timestamp(DELIVERY_ALLOCATED_AT, 'yyyy/MM/dd HH:mm:ss'))"
LOP,ORDER_INFO,RD_ASG_CHG_DTTM,LOP,ORDER_INFO,,"from_unixtime(unix_timestamp(DELIVERY_ALLOCATION_CHANGED_AT, 'yyyy/MM/dd HH:mm:ss'))"
LOP,ORDER_INFO,DELIVERY_PICKUP_FINISHED_AT,LOP,ORDER_INFO,,"from_unixtime(unix_timestamp(DELIVERY_PICKUP_FINISHED_AT, 'yyyy/MM/dd HH:mm:ss'))"
LOP,ORDER_INFO,PKP_DTTM,LOP,ORDER_INFO,,"from_unixtime(unix_timestamp(DELIVERY_DROP_FINISHED_AT, 'yyyy/MM/dd HH:mm:ss'))"
LOP,ORDER_INFO,DLVR_CPLT_DTTM,LOP,ORDER_INFO,,"from_unixtime(unix_timestamp(DELIVERY_CANCELED_AT, 'yyyy/MM/dd HH:mm:ss'))"
LOP,ORDER_INFO,CNCL_DLVR_DTTM,LOP,ORDER_INFO,,"from_unixtime(unix_timestamp(EXPECTED_AUTO_CANCEL_AT, 'yyyy/MM/dd HH:mm:ss'))"
LOP,ORDER_INFO,AUTO_CNCL_ET_DTTM,LOP,ORDER_INFO,DELIVERY_DONE,
LOP,ORDER_INFO,DLVR_CPLT_YN,LOP,ORDER_INFO,,"from_unixtime(unix_timestamp(EXPECTED_ESTIMATED_AT, 'yyyy/MM/dd HH:mm:ss'))"
LOP,ORDER_INFO,DLVR_CPLT_ET_DTTM,LOP,ORDER_INFO,AGENCY_ORDER_ID,
LOP,ORDER_INFO,AL_DLVR_AGNY_ORDR_NO,LOP,ORDER_INFO,TYPE,
LOP,ORDER_INFO,ORDR_WAT_NO,LOP,ORDER_INFO,SEQ,
LOP,ORDER_INFO,ORDR_INCNM_CTG_ID,LOP,ORDER_INFO,INCOMING_CATEGORY_ID,
LOP,ORDER_INFO,ASP_ID,LOP,ORDER_INFO,ASP_ID,
LOP,ORDER_INFO,REVW_ST_CD,LOP,ORDER_INFO,REVIEW_STATUS,
LOP,ORDER_INFO,IFR_ORDR_NO,LOP,ORDER_INFO,SHORT_ID,
LOP,ORDER_INFO,RD_RQS_CN,LOP,ORDER_INFO,MEMO_RIDER,
LOP,ORDER_INFO,ECF_CTN_USE_YN,LOP,ORDER_INFO,ECO_FRIENDLY,
LOP,ORDER_INFO,ALS_ORDR_ID,LOP,ORDER_INFO,ALIAS_ID,
LOP,ORDER_INFO,DLVR_AGNY_DLVY_ST_VAL,LOP,ORDER_INFO,AGENCY_ORDER_LAST_STATUS,
LOP,ORDERER,ODR_ID,LOP,ORDERER,ID,
LOP,ORDERER,ADDR,LOP,ORDERER,ADDR,
LOP,ORDERER,ADDR_DETAIL,LOP,ORDERER,ADDR_DETAIL,
LOP,ORDERER,LAST_USE_CRD_PAR_NO,LOP,ORDERER,PAR,
LOP,ORDERER,MBR_ID,LOP,ORDERER,USER_ID,
LOP,ORDERER,ODR_PSNO,LOP,ORDERER,ZIP_CODE,
LOP,ORDERER,LATD,LOP,ORDERER,LATITUDE,
LOP,ORDERER,LOTD,LOP,ORDERER,LONGITUDE,
LOP,ORDERER,LAW_ADM_NAME,LOP,ORDERER,LAW_ADM_NAME,
LOP,ORDERER,HANG_ADM_NAME,LOP,ORDERER,HANG_ADM_NAME,
LOP,ORDERER,ZON_LGLD_CD,LOP,ORDERER,LAW_ADM_CODE,
LOP,ORDERER,ZON_ADMD_CD,LOP,ORDERER,HANG_ADM_CODE,
LOP,ORDERER,OLD_ADDR,LOP,ORDERER,OLD_ADDR,
LOP,ORDERER,OLD_ADDR_DETAIL,LOP,ORDERER,OLD_ADDR_DETAIL,
LOP,ORDERER,INFW_KA_ID,LOP,ORDERER,INCOMING_KA_ID,
LOP,ORDERER,OLD,LOP,ORDERER,OLD,
LOP,ORDERER,SYS_UPD_DTTM,LOP,ORDERER,,"from_unixtime(unix_timestamp(UPDATE_date_time, 'yyyy/MM/dd HH:mm:ss'))"
LOP,PAYMENT,NR_NO,LOP,PAYMENT,NR_NUMBER,
LOP,PAYMENT,STLM_DTL_DTTM,LOP,PAYMENT,,"from_unixtime(unix_timestamp(APPROVAL_DATE_TIME, 'yyyy/MM/dd HH:mm:ss'))"
LOP,PAYMENT,ASP_ID,LOP,PAYMENT,ASP_ID,
LOP,PAYMENT,TR_CRE_GM_CN,LOP,PAYMENT,DE90,
LOP,PAYMENT,MC_ID,LOP,PAYMENT,MERCHANT_ID,
LOP,PAYMENT,DLVR_ORDR_ID,LOP,PAYMENT,ORDER_ID,
LOP,PAYMENT,ORG_TR_AMT,LOP,PAYMENT,ORG_AMOUNT,
LOP,PAYMENT,PCS_CD,LOP,PAYMENT,PROCESSING_CODE,
LOP,PAYMENT,DLVR_ORDR_STLM_RSN_CD,LOP,PAYMENT,REASON_CODE,
LOP,PAYMENT,TOT_DVTP,LOP,PAYMENT,TIP_AMOUNT,
LOP,PAYMENT,ENC_TOKN_NO,LOP,PAYMENT,TOKEN,
LOP,PAYMENT,TR_AMT,LOP,PAYMENT,TR_AMOUNT,
LOP,PAYMENT,MBR_ID,LOP,PAYMENT,USER_ID,
LOP,PAYMENT,TID,LOP,PAYMENT,LOG_TID,
LOP,PAYMENT,TOT_DC_AMT,LOP,PAYMENT,DISCOUNT_AMOUNT,
LOP,PAYMENT,AMT_SCT_DVTP,LOP,PAYMENT,TIP_GRADE_AMOUNT,
LOP,PAYMENT,PDON_EXTC_DVTP,LOP,PAYMENT,TIP_EXTRA_DONG_AMOUNT,
LOP,PAYMENT,ORDR_APVL_TR_TYPE_CD,LOP,PAYMENT,TYPE,
LOP,PAYMENT,APV_NO,LOP,PAYMENT,APPROVAL_CODE,
LOP,PAYMENT,PUR_MENU_AMT,LOP,PAYMENT,MENU_AMOUNT,
LOP,PAYMENT,DLVR_SHOP_ID,LOP,PAYMENT,PLACE_ID,
LOP,PAYMENT,DLVR_MC_NM,LOP,PAYMENT,PLACE_NAME,
LOP,PAYMENT,CRI_DT,LOP,PAYMENT,YYYYMMDD,
LOP,PAYMENT,PKP_DC_AMT,LOP,PAYMENT,DISCOUNT_AMOUNT_PICKUP,
LOP,PAYMENT,USER_PNT_USE_AMT,LOP,PAYMENT,USED_USER_POINT,
LOP,PAYMENT,TM_EXTC_DVTP,LOP,PAYMENT,TIP_EXTRA_HOUR_AMOUNT,
LOP,PAYMENT,ENV_GUR_AMT,LOP,PAYMENT,ECO_DEPOSIT_AMOUNT,
LOP,PAYMENT,pt_stlm_dtl_yr,LOP,PAYMENT,,"substr(APPROVAL_DATE_TIME, 1, 4)"
LOP,PLACE,ID,LOP,PLACE,ID,
LOP,PLACE,SYS_CRE_DTTM,LOP,PLACE,,"from_unixtime(to_unix_timestamp(CREATED, 'yyyy/MM/dd HH:mm:ss'))"
LOP,PLACE,SYS_UPD_DTTM,LOP,PLACE,,"from_unixtime(to_unix_timestamp(UPDATED, 'yyyy/MM/dd HH:mm:ss'))"
LOP,PLACE,BSC_ADDR,LOP,PLACE,ADDR,
LOP,PLACE,ASP_ID,LOP,PLACE,ASP_ID,
LOP,PLACE,BZNO,LOP,PLACE,BIZ_NO,
LOP,PLACE,BZTP_NM,LOP,PLACE,BIZ_TYPE_NAME,
LOP,PLACE,DLVR_EXHB_CTG_CD,LOP,PLACE,CATEGORY_CODE,
LOP,PLACE,DLVR_ZON_GUD_CN,LOP,PLACE,DELIVERY_MEMO,
LOP,PLACE,DF_DD_MEMO_CN,LOP,PLACE,HOLIDAY_MEMO,
LOP,PLACE,KA_ID,LOP,PLACE,KA_ID,
LOP,PLACE,DMC_ID,LOP,PLACE,MERCHANT_ID,
LOP,PLACE,MIN_AMOUNT,LOP,PLACE,MIN_AMOUNT,
LOP,PLACE,FULL_NM,LOP,PLACE,NAME,
LOP,PLACE,SLS_EON,LOP,PLACE,OPEN,
LOP,PLACE,ORDR_PSBL_TM_GUD_PHR_CN,LOP,PLACE,ORDERABLE_TIME_MEMO,
LOP,PLACE,MC_SNF_INTR_CN,LOP,PLACE,SIMPLE_INTRO,
LOP,PLACE,TIP_AMOUNT,LOP,PLACE,TIP_AMOUNT,
LOP,PLACE,PSNO,LOP,PLACE,ZIP_CODE,
LOP,PLACE,DLVR_AGNY_NM,LOP,PLACE,DELIVERY_AGENCY,
LOP,PLACE,SLS_DTTM_STOP_EON,LOP,PLACE,PAUSE,
LOP,PLACE,CNOR_CN,LOP,PLACE,MADE_IN_MEMO,
LOP,PLACE,SHOP_OPBR_DTTM,LOP,PLACE,,"from_unixtime(to_unix_timestamp(OPEN_DATE, 'yyyy/MM/dd HH:mm:ss'))"
LOP,PLACE,MBR_ID,LOP,PLACE,USER_ID,
LOP,PLACE,MONTHLY_FEE_SKIP_COUNT,LOP,PLACE,MONTHLY_FEE_SKIP_COUNT,
LOP,PLACE,RMN_ALRM_CYC,LOP,PLACE,REMIND_ALARM_INTERVAL,
LOP,PLACE,ORDR_PSBL_DMT_AMT,LOP,PLACE,ORDERABLE_DIAMETER,
LOP,PLACE,RMN_ALRM_SOND_FILE_LNTH,LOP,PLACE,SOUND_FILE_DURATION,
LOP,PLACE,SINCERITY,LOP,PLACE,SINCERITY,
LOP,PLACE,BEF_WK_ORDR_PCNT,LOP,PLACE,LAST_WEEK_ORDER_COUNT,
LOP,PLACE,SHOP_SLS_ST_CD,LOP,PLACE,STATUS,
LOP,PLACE,TEMP_DF_STRT_DTTM,LOP,PLACE,,"from_unixtime(to_unix_timestamp(SPECIAL_HOLIDAY_FROM, 'yyyy/MM/dd HH:mm:ss'))"
LOP,PLACE,TEMP_DF_END_DTTM,LOP,PLACE,,"from_unixtime(to_unix_timestamp(SPECIAL_HOLIDAY_TO, 'yyyy/MM/dd HH:mm:ss'))"
LOP,PLACE,AUTO_DELIVERY_MODE,LOP,PLACE,AUTO_DELIVERY_MODE,
LOP,PLACE,DTTM_STP_STRT_DTTM,LOP,PLACE,,"from_unixtime(to_unix_timestamp(PAUSE_START_AT, 'yyyy/MM/dd HH:mm:ss'))"
LOP,PLACE,DTTM_STP_RLS_DTTM,LOP,PLACE,,"from_unixtime(to_unix_timestamp(PAUSE_END_AT, 'yyyy/MM/dd HH:mm:ss'))"
LOP,PLACE,TIP_EXTRA_DONG_TYPE,LOP,PLACE,TIP_EXTRA_DONG_TYPE,
LOP,PLACE,CATEGORY,LOP,PLACE,CATEGORY,
LOP,PLACE,DLVR_SHOP_TYPE_CD,LOP,PLACE,TYPE,
LOP,PLACE,PKP_DC_VAL,LOP,PLACE,PICKUP_DISCOUNT_VALUE,
LOP,PLACE,PKP_DC_FAMT_FRTE_DV_CD,LOP,PLACE,PICKUP_DISCOUNT_VALUE_TYPE,
LOP,PLACE,SHOP_PKP_ST_CD,LOP,PLACE,PICKUP_STATUS,
LOP,PLACE,DLVR_ST_CD,LOP,PLACE,DELIVERY_STATUS,
LOP,PLACE,PKP_DC_AMT,LOP,PLACE,PICKUP_DISCOUNT_AMOUNT_MAX,
LOP,PLACE,PICKUP_MIN_AMOUNT,LOP,PLACE,PICKUP_MIN_AMOUNT,
LOP,PLACE,PKP_MINM_ORDR_AMT,LOP,PLACE,PICKUP_DISCOUNT_MIN_AMOUNT,
LOP,PLACE,MIN_TIP_GRADE_AMOUNT,LOP,PLACE,MIN_TIP_GRADE_AMOUNT,
LOP,PLACE,REVW_CNT,LOP,PLACE,REVIEW_COUNT,
LOP,PLACE,REVW_SC,LOP,PLACE,REVIEW_SCORE,
LOP,PLACE,GRD_LVL,LOP,PLACE,RANK,
LOP,PLACE,EXPS_YN,LOP,PLACE,SHOW,
LOP,PLACE,DTL_SHOP_SLS_ST_CD,LOP,PLACE,STATUS_DETAIL,
LOP,PLACE,DLVR_SHOP_BRAN_CD,LOP,PLACE,BRAND_CODE,
LOP,PLACE,IS_DUMMY,LOP,PLACE,IS_DUMMY,
LOP,PLACE_CATEGORY_LIST,DLVR_SHOP_ID,LOP,PLACE_CATEGORY_LIST,PLACE_ID,
LOP,PLACE_CATEGORY_LIST,DLVR_SHOP_CTG_ID,LOP,PLACE_CATEGORY_LIST,CATEGORY_ID,
LOP,PLACE_CATEGORY_LIST,CTG_TYPE_CD,LOP,PLACE_CATEGORY_LIST,TYPE,
LOP,PLACE_CATEGORY_LIST,SYS_CRE_DTTM,LOP,PLACE_CATEGORY_LIST,,"from_unixtime(to_unix_timestamp(CREATED, 'yyyy/MM/dd HH:mm:ss'))"
LOP,PLACE_CATEGORY_LIST,SYS_UPD_DTTM,LOP,PLACE_CATEGORY_LIST,,"from_unixtime(to_unix_timestamp(UPDATED, 'yyyy/MM/dd HH:mm:ss'))"
LOP,PLACE_CATEGORY_LIST,CTG_NM,LOP,PLACE_CATEGORY_LIST,CATEGORY_NAME,
LOP,PLACE_CONVENIENCE_LIST,DLVR_SHOP_ID,LOP,PLACE_CONVENIENCE_LIST,PLACE_ID,
LOP,PLACE_CONVENIENCE_LIST,CVFC_LIST_CN,LOP,PLACE_CONVENIENCE_LIST,CONVENIENCE_LIST,
LOP,PLACE_HISTORY,pt_upd_dt,LOP,PLACE_HISTORY,,"substr(translate(sys_upd_dttm, '/', ''), 1, 6)"
LOP,PLACE_HOLIDAY_LIST,DLVR_SHOP_ID,LOP,PLACE_HOLIDAY_LIST,PLACE_ID,
LOP,PLACE_HOLIDAY_LIST,DF_DAY_LIST_CN,LOP,PLACE_HOLIDAY_LIST,HOLIDAY_LIST,
LOP,PLACE_HOLIDAY_LIST,HLDY_EIC_TYPE_CD,LOP,PLACE_HOLIDAY_LIST,PERIOD,
LOP,PLACE_HOLIDAY_LIST,DF_DD_TYPE_CD,LOP,PLACE_HOLIDAY_LIST,TYPE,
LOP,PLACE_INTRO_LIST,DLVR_SHOP_ID,LOP,PLACE_INTRO_LIST,PLACE_ID,
LOP,PLACE_INTRO_LIST,INTR_CN,LOP,PLACE_INTRO_LIST,CONTENT,
LOP,PLACE_INTRO_LIST,INTR_TIT_NM,LOP,PLACE_INTRO_LIST,TITLE,
LOP,PLACE_RANK_POLICY,ASP_ID,LOP,PLACE_RANK_POLICY,ASP_ID,
LOP,PLACE_RANK_POLICY,GRD_EST_REVW_TMCNT,LOP,PLACE_RANK_POLICY,THRESHOLD_REVIEW_COUNT,
LOP,PLACE_RANK_POLICY,SYS_CRE_DTTM,LOP,PLACE_RANK_POLICY,,"from_unixtime(to_unix_timestamp(CREATED, 'yyyy/MM/dd HH:mm:ss'))"
LOP,PLACE_RANK_POLICY,SYS_UPD_DTTM,LOP,PLACE_RANK_POLICY,,"from_unixtime(to_unix_timestamp(UPDATED, 'yyyy/MM/dd HH:mm:ss'))"
LOP,PLACE_RANK_POLICY_CLASS,ID,LOP,PLACE_RANK_POLICY_CLASS,ID,
LOP,PLACE_RANK_POLICY_CLASS,ASP_ID,LOP,PLACE_RANK_POLICY_CLASS,ASP_ID,
LOP,PLACE_RANK_POLICY_CLASS,GRD_LVL,LOP,PLACE_RANK_POLICY_CLASS,RANK_LEVEL,
LOP,PLACE_RANK_POLICY_CLASS,IMG_URL_ADDR,LOP,PLACE_RANK_POLICY_CLASS,IMAGE_URL,
LOP,PLACE_RANK_POLICY_CLASS,FULL_NM,LOP,PLACE_RANK_POLICY_CLASS,NAME,
LOP,PLACE_RANK_POLICY_CLASS,DTL_IMG_URL_ADDR,LOP,PLACE_RANK_POLICY_CLASS,DETAIL_IMAGE_URL,
LOP,PLACE_RANK_POLICY_CLASS,GRD_CPTR,LOP,PLACE_RANK_POLICY_CLASS,PERCENTAGE,
LOP,PLACE_RANK_POLICY_CLASS,SYS_CRE_DTTM,LOP,PLACE_RANK_POLICY_CLASS,,"from_unixtime(to_unix_timestamp(CREATED, 'yyyy/MM/dd HH:mm:ss'))"
LOP,PLACE_RANK_POLICY_CLASS,SYS_UPD_DTTM,LOP,PLACE_RANK_POLICY_CLASS,,"from_unixtime(to_unix_timestamp(UPDATED, 'yyyy/MM/dd HH:mm:ss'))"
LOP,PLACE_REFRESH_HHMM,DLVR_SHOP_ID,LOP,PLACE_REFRESH_HHMM,PLACE_ID,
LOP,PLACE_REFRESH_HHMM,DLVR_SHOP_SLS_TYPE_CD,LOP,PLACE_REFRESH_HHMM,TYPE,
LOP,PLACE_REFRESH_HHMM,DLVR_SHOP_ORT_TM_HM,LOP,PLACE_REFRESH_HHMM,HHMM,
LOP,PLACE_REVIEW_POLICY,ASP_ID,LOP,PLACE_REVIEW_POLICY,ASP_ID,
LOP,PLACE_REVIEW_POLICY,SHOP_REVW_TYPE_CD,LOP,PLACE_REVIEW_POLICY,TYPE,
LOP,PLACE_REVIEW_POLICY,FULL_NM,LOP,PLACE_REVIEW_POLICY,NAME,
LOP,PLACE_REVIEW_POLICY,PSTV_KWD_CN,LOP,PLACE_REVIEW_POLICY,POSITIVE_KEYWORD,
LOP,PLACE_REVIEW_POLICY,WRNG_KWD_CN,LOP,PLACE_REVIEW_POLICY,NEGATIVE_KEYWORD,
LOP,PLACE_REVIEW_POLICY,IMG_URL_ADDR,LOP,PLACE_REVIEW_POLICY,IMAGE_URL,
LOP,PLACE_REVIEW_POLICY,PRITY,LOP,PLACE_REVIEW_POLICY,PRIORITY,
LOP,PLACE_REVIEW_POLICY,USE_YN,LOP,PLACE_REVIEW_POLICY,USE,
LOP,PLACE_REVIEW_POLICY,SYS_CRE_DTTM,LOP,PLACE_REVIEW_POLICY,,"from_unixtime(to_unix_timestamp(CREATED, 'yyyy/MM/dd HH:mm:ss'))"
LOP,PLACE_REVIEW_POLICY,SYS_UPD_DTTM,LOP,PLACE_REVIEW_POLICY,,"from_unixtime(to_unix_timestamp(UPDATED, 'yyyy/MM/dd HH:mm:ss'))"
LOP,PLACE_SETTING_STATUS,DLVR_SHOP_ID,LOP,PLACE_SETTING_STATUS,PLACE_ID,
LOP,PLACE_SETTING_STATUS,DLVR_PSBL_YN,LOP,PLACE_SETTING_STATUS,IS_DONE_DELIVERY,
LOP,PLACE_SETTING_STATUS,PKP_PSBL_YN,LOP,PLACE_SETTING_STATUS,IS_DONE_PICKUP,
LOP,PLACE_TAG_LIST,DLVR_SHOP_ID,LOP,PLACE_TAG_LIST,PLACE_ID,
LOP,PLACE_TAG_LIST,HSH_TG_LST_CN,LOP,PLACE_TAG_LIST,TAG_LIST,
LOP,PLACE_TIME_DATA_LIST,DLVR_SHOP_ID,LOP,PLACE_TIME_DATA_LIST,PLACE_ID,
LOP,PLACE_TIME_DATA_LIST,MEMO_CN,LOP,PLACE_TIME_DATA_LIST,MEMO,
LOP,PLACE_TIME_DATA_LIST,SHOP_ORT_ST_CD,LOP,PLACE_TIME_DATA_LIST,NAME,
LOP,PLACE_TIME_DATA_LIST,STRT_DTTM,LOP,PLACE_TIME_DATA_LIST,,"from_unixtime(to_unix_timestamp(FROM_TIME, 'yyyy/MM/dd HH:mm:ss'))"
LOP,PLACE_TIME_DATA_LIST,END_DTTM,LOP,PLACE_TIME_DATA_LIST,,"from_unixtime(to_unix_timestamp(TO_TIME, 'yyyy/MM/dd HH:mm:ss'))"
LOP,PLACE_TIME_DATA_LIST,DT_TYPE_CD,LOP,PLACE_TIME_DATA_LIST,DAY_TYPE,
LOP,PLACE_TIP_EXTRA_DONG,ID,LOP,PLACE_TIP_EXTRA_DONG,ID,
LOP,PLACE_TIP_EXTRA_DONG,SYS_CRE_DTTM,LOP,PLACE_TIP_EXTRA_DONG,,"from_unixtime(unix_timestamp(CREATED, 'yyyy/MM/dd HH:mm:ss'))"
LOP,PLACE_TIP_EXTRA_DONG,SYS_UPD_DTTM,LOP,PLACE_TIP_EXTRA_DONG,,"from_unixtime(unix_timestamp(UPDATED, 'yyyy/MM/dd HH:mm:ss'))"
LOP,PLACE_TIP_EXTRA_DONG,KA_ID,LOP,PLACE_TIP_EXTRA_DONG,KA_ID,
LOP,PLACE_TIP_EXTRA_DONG,FULL_NM,LOP,PLACE_TIP_EXTRA_DONG,NAME,
LOP,PLACE_TIP_EXTRA_DONG,DVTP_AMT,LOP,PLACE_TIP_EXTRA_DONG,TIP_AMOUNT,
LOP,PLACE_TIP_EXTRA_DONG,DLVR_SHOP_ID,LOP,PLACE_TIP_EXTRA_DONG,PLACE_ID,
LOP,PLACE_TIP_EXTRA_DONG,ZON_PDON_DV_CD,LOP,PLACE_TIP_EXTRA_DONG,CODE,
LOP,PLACE_TIP_EXTRA_DONG,DLVR_SHOP_ZON_TYPE_CD,LOP,PLACE_TIP_EXTRA_DONG,TYPE,
LOP,PLACE_TIP_EXTRA_HOUR,ID,LOP,PLACE_TIP_EXTRA_HOUR,ID,
LOP,PLACE_TIP_EXTRA_HOUR,DAY_CD,LOP,PLACE_TIP_EXTRA_HOUR,DAY,
LOP,PLACE_TIP_EXTRA_HOUR,DTTM_EXTC_STRT_DTTM,LOP,PLACE_TIP_EXTRA_HOUR,,"from_unixtime(to_unix_timestamp(FROM_TIME, 'yyyy/MM/dd HH:mm:ss'))"
LOP,PLACE_TIP_EXTRA_HOUR,DTTM_EXTC_END_DTTM,LOP,PLACE_TIP_EXTRA_HOUR,,"from_unixtime(to_unix_timestamp(TO_TIME, 'yyyy/MM/dd HH:mm:ss'))"
LOP,PLACE_TIP_EXTRA_HOUR,EXTC_MC_ID,LOP,PLACE_TIP_EXTRA_HOUR,PLACE_ID,
LOP,PLACE_TIP_EXTRA_HOUR,TM_EXTC_PRC,LOP,PLACE_TIP_EXTRA_HOUR,AMOUNT,
LOP,PLACE_TIP_EXTRA_HOUR,CREATED,LOP,PLACE_TIP_EXTRA_HOUR,,"from_unixtime(to_unix_timestamp(CREATED, 'yyyy/MM/dd HH:mm:ss'))"
LOP,PLACE_TIP_EXTRA_HOUR,UPDATED,LOP,PLACE_TIP_EXTRA_HOUR,,"from_unixtime(to_unix_timestamp(UPDATED, 'yyyy/MM/dd HH:mm:ss'))"
LOP,PLACE_TIP_GRADE,ID,LOP,PLACE_TIP_GRADE,ID,
LOP,PLACE_TIP_GRADE,SYS_CRE_DTTM,LOP,PLACE_TIP_GRADE,,"from_unixtime(unix_timestamp(CREATED, 'yyyy/MM/dd HH:mm:ss'))"
LOP,PLACE_TIP_GRADE,SYS_UPD_DTTM,LOP,PLACE_TIP_GRADE,,"from_unixtime(unix_timestamp(UPDATED, 'yyyy/MM/dd HH:mm:ss'))"
LOP,PLACE_TIP_GRADE,BASE_AMOUNT,LOP,PLACE_TIP_GRADE,BASE_AMOUNT,
LOP,PLACE_TIP_GRADE,DVTP_AMT,LOP,PLACE_TIP_GRADE,TIP_AMOUNT,
LOP,PLACE_TIP_GRADE,DLVR_SHOP_ID,LOP,PLACE_TIP_GRADE,PLACE_ID,
LOP,REVIEW_HISTORY,ORDR_NO,LOP,REVIEW_HISTORY,ORDER_ID,
LOP,REVIEW_HISTORY,SYS_UPD_DTTM,LOP,REVIEW_HISTORY,,"from_unixtime(unix_timestamp(UPDATED, 'yyyy/MM/dd HH:mm:ss'))"
LOP,REVIEW_HISTORY,SYS_CRE_DTTM,LOP,REVIEW_HISTORY,,"from_unixtime(unix_timestamp(CREATED, 'yyyy/MM/dd HH:mm:ss'))"
LOP,REVIEW_HISTORY,TSTE_PSTV_WRNG_VLTN_VAL,LOP,REVIEW_HISTORY,TASTE,
LOP,REVIEW_HISTORY,QNT_PSTV_WRNG_VLTN_VAL,LOP,REVIEW_HISTORY,VOLUME,
LOP,REVIEW_HISTORY,HYGN_PSTV_WRNG_VLTN_VAL,LOP,REVIEW_HISTORY,HYGIENE,
LOP,REVIEW_HISTORY,PRC_PSTV_WRNG_VLTN_VAL,LOP,REVIEW_HISTORY,PRICE,
LOP,REVIEW_HISTORY,KND_PSTV_WRNG_VLTN_VAL,LOP,REVIEW_HISTORY,KINDNESS,
LOP,REVIEW_HISTORY,DLVR_SPEED_PSTV_WRNG_VLTN_VAL,LOP,REVIEW_HISTORY,SPEED,
LOP,STATISTICS_USER,MBR_ID,LOP,STATISTICS_USER,USER_ID,
LOP,STATISTICS_USER,ASP_ID,LOP,STATISTICS_USER,ASP_ID,
LOP,STATISTICS_USER,CYC_DT,LOP,STATISTICS_USER,PERIOD,
LOP,STATISTICS_USER,ACUM_DC_AMT,LOP,STATISTICS_USER,ACC_DISCOUNT_AMOUNT,
LOP,STATISTICS_USER,LAST_DC_ACUM_AMT,LOP,STATISTICS_USER,LAST_ACC_DISCOUNT_AMOUNT,
LOP,STATISTICS_USER,GRD_FOR_ACMP_CCNT,LOP,STATISTICS_USER,COUNT_FOR_RANK,
LOP,STATISTICS_USER,GRD_LVL,LOP,STATISTICS_USER,RANK_LEVEL,
LOP,STATISTICS_USER,GRD_NM,LOP,STATISTICS_USER,RANK_NAME,
LOP,STATISTICS_USER,PT_CYC_YR,LOP,STATISTICS_USER,,"substr(PERIOD, 1, 4)"
LOP,USER_FAVORITE_FOLDER,USER_PREF_SHOP_GRP_ID,LOP,USER_FAVORITE_FOLDER,ID,
LOP,USER_FAVORITE_FOLDER,SYS_CRE_DTTM,LOP,USER_FAVORITE_FOLDER,,"from_unixtime(unix_timestamp(CREATED, 'yyyy/MM/dd HH:mm:ss'))"
LOP,USER_FAVORITE_FOLDER,TID,LOP,USER_FAVORITE_FOLDER,TID,
LOP,USER_FAVORITE_FOLDER,SYS_UPD_DTTM,LOP,USER_FAVORITE_FOLDER,,"from_unixtime(unix_timestamp(UPDATED, 'yyyy/MM/dd HH:mm:ss'))"
LOP,USER_FAVORITE_FOLDER,UPD_DT,LOP,USER_FAVORITE_FOLDER,YYYYMMDD,
LOP,USER_FAVORITE_FOLDER,MBR_ID,LOP,USER_FAVORITE_FOLDER,USER_ID,
LOP,USER_FAVORITE_FOLDER,INCMN_KA_ID,LOP,USER_FAVORITE_FOLDER,INCOMING_KA_ID,
LOP,USER_FAVORITE_FOLDER,USER_PREF_SHOP_GRP_NM,LOP,USER_FAVORITE_FOLDER,NAME,
LOP,USER_FAVORITE_FOLDER,EXPS_PRITY,LOP,USER_FAVORITE_FOLDER,PRIORITY,
LOP,USER_FAVORITE_FOLDER,pt_cre_dt,LOP,USER_FAVORITE_FOLDER,,"translate(substr(created, 1, 7), '/', '')"
LOP,USER_FAVORITE_PLACE,DLVR_SHOP_ID,LOP,USER_FAVORITE_PLACE,PLACE_ID,
LOP,USER_FAVORITE_PLACE,MBR_ID,LOP,USER_FAVORITE_PLACE,USER_ID,
LOP,USER_FAVORITE_PLACE,INCMN_KA_ID,LOP,USER_FAVORITE_PLACE,INCOMING_KA_ID,
LOP,USER_FAVORITE_PLACE,SYS_CRE_DTTM,LOP,USER_FAVORITE_PLACE,,"from_unixtime(unix_timestamp(CREATED, 'yyyy/MM/dd HH:mm:ss'))"
LOP,USER_FAVORITE_PLACE,TID,LOP,USER_FAVORITE_PLACE,TID,
LOP,USER_FAVORITE_PLACE,SYS_UPD_DTTM,LOP,USER_FAVORITE_PLACE,,"from_unixtime(unix_timestamp(UPDATED, 'yyyy/MM/dd HH:mm:ss'))"
LOP,USER_FAVORITE_PLACE,UPD_DT,LOP,USER_FAVORITE_PLACE,YYYYMMDD,
LOP,USER_FAVORITE_PLACE,USER_PREF_SHOP_GRP_ID,LOP,USER_FAVORITE_PLACE,FOLDER_ID,
LOP,USER_INFO,MBR_ID,LOP,USER_INFO,USER_ID,
LOP,USER_INFO,KA_ID,LOP,USER_INFO,KA_ID,
LOP,USER_INFO,FST_DLVR_ORDR_ID,LOP,USER_INFO,FIRST_ORDER_ID,
LOP,USER_INFO,FST_ORDR_DTTM,LOP,USER_INFO,,"from_unixtime(unix_timestamp(FIRST_ORDER_DATETIME, 'yyyy/MM/dd HH:mm:ss'))"
LOP,USER_INFO,ORDR_CCNT,LOP,USER_INFO,ORDER_COUNT,
LOP,USER_INFO,ASP_ID,LOP,USER_INFO,ASP_ID,
LOP,USER_INFO,pt_FRST_ORDR_ym,LOP,USER_INFO,,"replace(substr(cast(FIRST_ORDER_DATETIME as string), 1, 7), '/', '')"
LOP,USER_RANK,MBR_ID,LOP,USER_RANK,USER_ID,
LOP,USER_RANK,ASP_ID,LOP,USER_RANK,ASP_ID,
LOP,USER_RANK,GRD_LVL,LOP,USER_RANK,RANK_LEVEL,
LOP,USER_RANK_POLICY,ASP_ID,LOP,USER_RANK_POLICY,ASP_ID,
LOP,USER_RANK_POLICY,GRD_EST_ACCT_MINM_DLVR_AMT,LOP,USER_RANK_POLICY,THRESHOLD_AMOUNT,
LOP,USER_RANK_POLICY,SYS_CRE_DTTM,LOP,USER_RANK_POLICY,,"from_unixtime(to_unix_timestamp(CREATED, 'yyyy/MM/dd HH:mm:ss'))"
LOP,USER_RANK_POLICY,SYS_UPD_DTTM,LOP,USER_RANK_POLICY,,"from_unixtime(to_unix_timestamp(UPDATED, 'yyyy/MM/dd HH:mm:ss'))"
LOP,USER_RANK_POLICY_CLASS,ID,LOP,USER_RANK_POLICY_CLASS,ID,
LOP,USER_RANK_POLICY_CLASS,ASP_ID,LOP,USER_RANK_POLICY_CLASS,ASP_ID,
LOP,USER_RANK_POLICY_CLASS,GRD_LVL,LOP,USER_RANK_POLICY_CLASS,RANK_LEVEL,
LOP,USER_RANK_POLICY_CLASS,FULL_NM,LOP,USER_RANK_POLICY_CLASS,NAME,
LOP,USER_RANK_POLICY_CLASS,IMG_URL_ADDR,LOP,USER_RANK_POLICY_CLASS,IMAGE_URL,
LOP,USER_RANK_POLICY_CLASS,IMG_DTL_URL_ADDR,LOP,USER_RANK_POLICY_CLASS,DETAIL_IMAGE_URL,
LOP,USER_RANK_POLICY_CLASS,GRD_ARRV_PSBL_ORDR_TMCNT,LOP,USER_RANK_POLICY_CLASS,THRESHOLD_COUNT,
LOP,USER_RANK_POLICY_CLASS,CPNB_ID,LOP,USER_RANK_POLICY_CLASS,COUPON_BOOK_ID,
LOP,USER_RANK_POLICY_CLASS,SYS_CRE_DTTM,LOP,USER_RANK_POLICY_CLASS,,"from_unixtime(to_unix_timestamp(CREATED, 'yyyy/MM/dd HH:mm:ss'))"
LOP,USER_RANK_POLICY_CLASS,SYS_UPD_DTTM,LOP,USER_RANK_POLICY_CLASS,,"from_unixtime(to_unix_timestamp(UPDATED, 'yyyy/MM/dd HH:mm:ss'))"
LOP,USER_RANK_POLICY_CLASS,MAX_DC_AMT,LOP,USER_RANK_POLICY_CLASS,MAXIMUM_DISCOUNT_TEXT,
LSS,LSS_BYMBR_LUCK,MBR_ID,LSS,LSS_BYMBR_LUCK,MBR_ID,
LSS,LSS_BYMBR_LUCK,ASP_ID,LSS,LSS_BYMBR_LUCK,ASP_ID,
LSS,LSS_BYMBR_LUCK,BYMBR_LUCK_RES_PCNT,LSS,LSS_BYMBR_LUCK,BYMBR_LUCK_RES_PCNT,
LSS,LSS_BYMBR_LUCK,LUCK_TR_DTLS_SNO,LSS,LSS_BYMBR_LUCK,LUCK_TR_DTLS_SNO,
LSS,LSS_BYMBR_LUCK,SYS_CRE_DTTM,LSS,LSS_BYMBR_LUCK,,"from_unixtime(unix_timestamp(SYS_CRE_DTTM, 'yyyy/MM/dd HH:mm:ss'))"
LSS,LSS_BYMBR_LUCK,SYS_UPD_DTTM,LSS,LSS_BYMBR_LUCK,,"from_unixtime(unix_timestamp(SYS_UPD_DTTM, 'yyyy/MM/dd HH:mm:ss'))"
LSS,LSS_LOTT_PLCY,LUCK_USE_PLCY_ID,LSS,LSS_LOTT_PLCY,LUCK_USE_PLCY_ID,
LSS,LSS_LOTT_PLCY,GAME_PLCY_NO,LSS,LSS_LOTT_PLCY,GAME_PLCY_NO,
LSS,LSS_LOTT_PLCY,SLR_ID,LSS,LSS_LOTT_PLCY,SLR_ID,
LSS,LSS_LOTT_PLCY,LWR_LUCK_USE_PLCY_EXHB_NM,LSS,LSS_LOTT_PLCY,LWR_LUCK_USE_PLCY_EXHB_NM,
LSS,LSS_LOTT_PLCY,LWR_LUCK_USE_PLCY_DSCR,LSS,LSS_LOTT_PLCY,LWR_LUCK_USE_PLCY_DSCR,
LSS,LSS_LOTT_PLCY,LOTT_PLCY_LUCK_BUY_CNT,LSS,LSS_LOTT_PLCY,LOTT_PLCY_LUCK_BUY_CNT,
LSS,LSS_LOTT_PLCY,SYS_CRE_DTTM,LSS,LSS_LOTT_PLCY,,"from_unixtime(unix_timestamp(SYS_CRE_DTTM, 'yyyy/MM/dd HH:mm:ss'))"
LSS,LSS_LOTT_PLCY,SYS_UPD_DTTM,LSS,LSS_LOTT_PLCY,,"from_unixtime(unix_timestamp(SYS_UPD_DTTM, 'yyyy/MM/dd HH:mm:ss'))"
LSS,lss_luck_cash_pbl_dtls,luck_cash_tr_dtls_sno,LSS,lss_luck_cash_pbl_dtls,luck_cash_tr_dtls_sno,
LSS,lss_luck_cash_pbl_dtls,pmon_luck_cash_dsb_rank,LSS,lss_luck_cash_pbl_dtls,pmon_luck_cash_dsb_rank,
LSS,lss_luck_cash_pbl_dtls,luck_cash_plcy_buy_cnt,LSS,lss_luck_cash_pbl_dtls,luck_cash_plcy_buy_cnt,
LSS,lss_luck_cash_pbl_dtls,SYS_CRE_DTTM,LSS,lss_luck_cash_pbl_dtls,,"from_unixtime(to_unix_timestamp(SYS_CRE_DTTM, 'yyyy/MM/dd HH:mm:ss'))"
LSS,lss_luck_cash_pbl_dtls,SYS_UPD_DTTM,LSS,lss_luck_cash_pbl_dtls,,"from_unixtime(to_unix_timestamp(sys_upd_dttm, 'yyyy/MM/dd HH:mm:ss'))"
LSS,lss_luck_cash_pbl_dtls,user_cash_rv_amt,LSS,lss_luck_cash_pbl_dtls,user_cash_rv_amt,
LSS,lss_luck_cash_pbl_dtls,pt_cre_dt,LSS,lss_luck_cash_pbl_dtls,,"translate(translate(substr(sys_cre_dttm,1,7),'/',''),'-','')"
LSS,lss_luck_mfct_win,luck_mfct_win_rank,LSS,lss_luck_mfct_win,luck_mfct_win_rank,
LSS,lss_luck_mfct_win,sys_upd_dttm,LSS,lss_luck_mfct_win,,"from_unixtime(to_unix_timestamp(sys_upd_dttm, 'yyyy/MM/dd HH:mm:ss'))"
LSS,lss_luck_mfct_win,sys_cre_dttm,LSS,lss_luck_mfct_win,,"from_unixtime(to_unix_timestamp(sys_cre_dttm, 'yyyy/MM/dd HH:mm:ss'))"
LSS,lss_luck_mfct_win,pt_cre_dt,LSS,lss_luck_mfct_win,,"translate(translate(substr(sys_cre_dttm,1,7),'/',''),'-','')"
LSS,LSS_LUCK_TR_DTLS,luck_tr_dtls_sno,LSS,LSS_LUCK_TR_DTLS,luck_tr_dtls_sno,
LSS,LSS_LUCK_TR_DTLS,org_tr_amt,LSS,LSS_LUCK_TR_DTLS,org_tr_amt,
LSS,LSS_LUCK_TR_DTLS,cnd_amt,LSS,LSS_LUCK_TR_DTLS,cnd_amt,
LSS,LSS_LUCK_TR_DTLS,luck_tr_cnt,LSS,LSS_LUCK_TR_DTLS,luck_tr_cnt,
LSS,LSS_LUCK_TR_DTLS,bytr_luck_res_pcnt,LSS,LSS_LUCK_TR_DTLS,bytr_luck_res_pcnt,
LSS,LSS_LUCK_TR_DTLS,sys_cre_dttm,LSS,LSS_LUCK_TR_DTLS,,"from_unixtime(unix_timestamp(sys_cre_dttm, 'yyyy/MM/dd HH:mm:ss'))"
LSS,LSS_LUCK_TR_DTLS,sys_upd_dttm,LSS,LSS_LUCK_TR_DTLS,,"from_unixtime(unix_timestamp(sys_upd_dttm, 'yyyy/MM/dd HH:mm:ss'))"
MAP,DEVICE,ID,MAP,DEVICE,ID,
MAP,DEVICE,WLLT_DVC_ID,MAP,DEVICE,WALLET_DEVICE_ID,
MAP,DEVICE,OS_NM,MAP,DEVICE,OS_NAME,
MAP,DEVICE,OS_VER_NM,MAP,DEVICE,OS_VERSION,
MAP,DEVICE,MFCM_CD,MAP,DEVICE,MANUFACTURER,
MAP,DEVICE,OS_FRWL_ESTABL_CN,MAP,DEVICE,OS_FIRMWIRE_BUILD,
MAP,DEVICE,MFCT_NM,MAP,DEVICE,PRODUCT_NAME,
MAP,DEVICE,MDL_NM,MAP,DEVICE,MODEL_NAME,
MAP,DEVICE,IMEI,MAP,DEVICE,IMEI,
MAP,DEVICE,MAC_ADDR,MAP,DEVICE,MAC_ADDRESS,
MAP,DEVICE,NFC_SUPT_YN,MAP,DEVICE,NFC_SUPPORTS,
MAP,DEVICE,UPD_VERNO,MAP,DEVICE,VERSION,
MAP,DEVICE,TML_FGPT_CN,MAP,DEVICE,MOBILE_FGP,
MAP,DEVICE,PRO_NM,MAP,DEVICE,PROCESSOR_NAME,
MAP,DEVICE,PRSS_SPEED_VAL,MAP,DEVICE,PROCESSOR_SPEED,
MAP,DEVICE,PRO_ID,MAP,DEVICE,PROCESSOR_NUMBER,
MAP,DEVICE,DVC_ST_CD,MAP,DEVICE,STATUS,
MAP,DEVICE,SYS_CRE_DTTM,MAP,DEVICE,,"from_unixtime(to_unix_timestamp(CREATED, 'yyyy/MM/dd HH:mm:ss'))"
MAP,DEVICE,SYS_UPD_DTTM,MAP,DEVICE,,"from_unixtime(to_unix_timestamp(UPDATED, 'yyyy/MM/dd HH:mm:ss'))"
MAP,DEVICE,WLLT_ID,MAP,DEVICE,WALLET_ID,
MAP,DEVICE,pt_cre_d,MAP,DEVICE,,"translate(substr(CREATED,1,10),'/','')"
MAP,DORMANCY_HISTORY,DRM_MBR_HIST_ID,MAP,DORMANCY_HISTORY,ID,
MAP,DORMANCY_HISTORY,MBR_ID,MAP,DORMANCY_HISTORY,USER_ID,
MAP,DORMANCY_HISTORY,DRM_MBR_CHG_CHNL_CD,MAP,DORMANCY_HISTORY,CHANNEL,
MAP,DORMANCY_HISTORY,DRM_CHG_ST_CD,MAP,DORMANCY_HISTORY,STATUS,
MAP,DORMANCY_HISTORY,PCS_CD,MAP,DORMANCY_HISTORY,PROCESSING_CODE,
MAP,DORMANCY_HISTORY,NR_NO,MAP,DORMANCY_HISTORY,NR_NUMBER,
MAP,DORMANCY_HISTORY,MTI_CD,MAP,DORMANCY_HISTORY,MTI,
MAP,DORMANCY_HISTORY,UPD_VERNO,MAP,DORMANCY_HISTORY,VERSION,
MAP,DORMANCY_HISTORY,SYS_CRE_DTTM,MAP,DORMANCY_HISTORY,,"from_unixtime(unix_timestamp(CREATED, 'yyyy/MM/dd HH:mm:ss'))"
MAP,DORMANCY_HISTORY,SYS_UPD_DTTM,MAP,DORMANCY_HISTORY,,"from_unixtime(unix_timestamp(UPDATED, 'yyyy/MM/dd HH:mm:ss'))"
MAP,DORMANCY_HISTORY,pt_cre_dt,MAP,DORMANCY_HISTORY,,"translate(substr(CREATED ,1,7),'/','')"
MAP,MARKETING_AGREE_HISTORY,MBR_ID,MAP,MARKETING_AGREE_HISTORY,USER_ID,
MAP,MARKETING_AGREE_HISTORY,TC_ID,MAP,MARKETING_AGREE_HISTORY,TC_ID,
MAP,MARKETING_AGREE_HISTORY,MKTN_AGRM_HIST_SNO,MAP,MARKETING_AGREE_HISTORY,SEQ,
MAP,MARKETING_AGREE_HISTORY,ASP_ID,MAP,MARKETING_AGREE_HISTORY,ASP_ID,
MAP,MARKETING_AGREE_HISTORY,AGRM_YN,MAP,MARKETING_AGREE_HISTORY,AGREE_YN,
MAP,MARKETING_AGREE_HISTORY,SNDNG_RCV_AGRM_YN,MAP,MARKETING_AGREE_HISTORY,PUSH,
MAP,MARKETING_AGREE_HISTORY,EMAIL_RCV_AGRM_YN,MAP,MARKETING_AGREE_HISTORY,EMAIL,
MAP,MARKETING_AGREE_HISTORY,ARS_RCV_AGRM_YN,MAP,MARKETING_AGREE_HISTORY,ARS,
MAP,MARKETING_AGREE_HISTORY,SMS_RCV_AGRM_YN,MAP,MARKETING_AGREE_HISTORY,SMS,
MAP,MARKETING_AGREE_HISTORY,CHG_CHNL_DV_CD,MAP,MARKETING_AGREE_HISTORY,UPDATE_CHANNEL,
MAP,MARKETING_AGREE_HISTORY,CHG_DTL_DTTM,MAP,MARKETING_AGREE_HISTORY,,"from_unixtime(to_unix_timestamp(UPDATE_DT, 'yyyy/MM/dd HH:mm:ss'))"
MAP,MARKETING_AGREE_HISTORY,SYS_CRE_DTTM,MAP,MARKETING_AGREE_HISTORY,,"from_unixtime(to_unix_timestamp(CREATED, 'yyyy/MM/dd HH:mm:ss'))"
MAP,MARKETING_AGREE_HISTORY,SYS_UPD_DTTM,MAP,MARKETING_AGREE_HISTORY,,"from_unixtime(to_unix_timestamp(UPDATED, 'yyyy/MM/dd HH:mm:ss'))"
MAP,MARKETING_AGREE_HISTORY,pt_cre_d,MAP,MARKETING_AGREE_HISTORY,,"translate(substr(CREATED,1,10),'/','')"
MAP,TC_CONTENT,ID,MAP,TC_CONTENT,ID,
MAP,TC_CONTENT,UPD_VERNO,MAP,TC_CONTENT,VERSION,
MAP,TC_CONTENT,TC_CN,MAP,TC_CONTENT,PLAIN_TEXT,
MAP,TC_CONTENT,TC_NM,MAP,TC_CONTENT,TITLE,
MAP,TC_CONTENT,TC_ID_UNUSED,MAP,TC_CONTENT,TC_ID_UNUSED,
MAP,TC_CONTENT,SYS_CRE_DTTM,MAP,TC_CONTENT,,"from_unixtime(to_unix_timestamp(CREATED, 'yyyy/MM/dd HH:mm:ss'))"
MAP,TC_CONTENT,SYS_UPD_DTTM,MAP,TC_CONTENT,,"from_unixtime(to_unix_timestamp(UPDATED, 'yyyy/MM/dd HH:mm:ss'))"
MAP,TC_CONTENT,NAT_LANG_CD,MAP,TC_CONTENT,LOCALE_VAL,
MAP,TC_CONTENT,URL_ADDR,MAP,TC_CONTENT,URL,
MAP,TC_CONTENT,VERSION_NO_UNUSED,MAP,TC_CONTENT,VERSION_NO_UNUSED,
MAP,TC_CONTENT,FILE_FORM_CD,MAP,TC_CONTENT,INPUT_TYPE,
MAP,TC_CONTENT,FILE_NO,MAP,TC_CONTENT,FILE_NO,
MAP,TC_CONTENT,FILE_SNO,MAP,TC_CONTENT,FILE_SN,
MAP,TC_CONTENT,TC_VER_ID,MAP,TC_CONTENT,VER_ID,
MAP,TC_DEFINITION,ID,MAP,TC_DEFINITION,ID,
MAP,TC_DEFINITION,TC_NM,MAP,TC_DEFINITION,NAME,
MAP,TC_DEFINITION,UPD_VERNO,MAP,TC_DEFINITION,VERSION,
MAP,TC_DEFINITION,TC_ID,MAP,TC_DEFINITION,TC_ID,
MAP,TC_DEFINITION,TC_ESTN_DV_CD,MAP,TC_DEFINITION,TC_TYPE,
MAP,TC_DEFINITION,ASP_ID,MAP,TC_DEFINITION,ASP_ID,
MAP,TC_DEFINITION,TC_ODE,MAP,TC_DEFINITION,TC_ORDER,
MAP,TC_DEFINITION,TC_GROUP_UNUSED,MAP,TC_DEFINITION,TC_GROUP_UNUSED,
MAP,TC_DEFINITION,ACT_ST_CD,MAP,TC_DEFINITION,STATUS,
MAP,TC_DEFINITION,SYS_CRE_DTTM,MAP,TC_DEFINITION,,"from_unixtime(to_unix_timestamp(CREATED, 'yyyy/MM/dd HH:mm:ss'))"
MAP,TC_DEFINITION,SYS_UPD_DTTM,MAP,TC_DEFINITION,,"from_unixtime(to_unix_timestamp(UPDATED, 'yyyy/MM/dd HH:mm:ss'))"
MAP,TC_DEFINITION,CUSTOM_EFFECTIVE_DATE,MAP,TC_DEFINITION,CUSTOM_EFFECTIVE_DATE,
MAP,TC_DEFINITION,CUSTOM_VER_ID,MAP,TC_DEFINITION,CUSTOM_VER_ID,
MAP,TC_VERSION,ID,MAP,TC_VERSION,ID,
MAP,TC_VERSION,TC_ID,MAP,TC_VERSION,TC_ID,
MAP,TC_VERSION,VERSION_NO_UNUSED,MAP,TC_VERSION,VERSION_NO_UNUSED,
MAP,TC_VERSION,TC_VL_ENFR_DT_VAL,MAP,TC_VERSION,EFFECTIVE_DATE,
MAP,TC_VERSION,UPD_VERNO,MAP,TC_VERSION,VERSION,
MAP,TC_VERSION,SYS_CRE_DTTM,MAP,TC_VERSION,,"from_unixtime(to_unix_timestamp(CREATED, 'yyyy/MM/dd HH:mm:ss'))"
MAP,TC_VERSION,SYS_UPD_DTTM,MAP,TC_VERSION,,"from_unixtime(to_unix_timestamp(UPDATED, 'yyyy/MM/dd HH:mm:ss'))"
MAP,TC_VERSION,VERNO,MAP,TC_VERSION,VERSION_NO,
MAP,TERMS_AND_CONDITIONS,ID,MAP,TERMS_AND_CONDITIONS,ID,
MAP,TERMS_AND_CONDITIONS,TC_NM,MAP,TERMS_AND_CONDITIONS,NAME,
MAP,TERMS_AND_CONDITIONS,UPD_VERNO,MAP,TERMS_AND_CONDITIONS,VERSION,
MAP,TERMS_AND_CONDITIONS,TC_EFFECTIVE_DATE_UNUSED,MAP,TERMS_AND_CONDITIONS,,"from_unixtime(to_unix_timestamp(TC_EFFECTIVE_DATE_UNUSED, 'yyyy/MM/dd HH:mm:ss'))"
MAP,TERMS_AND_CONDITIONS,TC_EXPIRY_DATE_UNUSED,MAP,TERMS_AND_CONDITIONS,,"from_unixtime(to_unix_timestamp(TC_EXPIRY_DATE_UNUSED, 'yyyy/MM/dd HH:mm:ss'))"
MAP,TERMS_AND_CONDITIONS,ACT_ST_CD,MAP,TERMS_AND_CONDITIONS,STATUS,
MAP,TERMS_AND_CONDITIONS,SYS_CRE_DTTM,MAP,TERMS_AND_CONDITIONS,,"from_unixtime(to_unix_timestamp(CREATED, 'yyyy/MM/dd HH:mm:ss'))"
MAP,TERMS_AND_CONDITIONS,SYS_UPD_DTTM,MAP,TERMS_AND_CONDITIONS,,"from_unixtime(to_unix_timestamp(UPDATED, 'yyyy/MM/dd HH:mm:ss'))"
MAP,TERMS_AND_CONDITIONS,TC_ACTN_DV_CD,MAP,TERMS_AND_CONDITIONS,TC_ACTION_TYPE,
MAP,TERMS_AND_CONDITIONS,TC_INFO_DLVY_YN,MAP,TERMS_AND_CONDITIONS,BROADCASTING_YN,
MAP,TERMS_AND_CONDITIONS,TC_DLVY_TRGT_CN,MAP,TERMS_AND_CONDITIONS,BROADCASTING_TARGET,
MAP,TERMS_AND_CONDITIONS,TC_EXPS_PTM_DV_CD,MAP,TERMS_AND_CONDITIONS,VIEW_POSITION_TYPE,
MAP,USER_ADDITION_SVC_HISTORY,SPPS_HIST_SNO,MAP,USER_ADDITION_SVC_HISTORY,ID,
MAP,USER_ADDITION_SVC_HISTORY,SPPS_ID,MAP,USER_ADDITION_SVC_HISTORY,ADDITION_SERVICE_ID,
MAP,USER_ADDITION_SVC_HISTORY,MBR_ID,MAP,USER_ADDITION_SVC_HISTORY,USER_ID,
MAP,USER_ADDITION_SVC_HISTORY,SPPS_REG_CHNL_CD,MAP,USER_ADDITION_SVC_HISTORY,CHANNEL,
MAP,USER_ADDITION_SVC_HISTORY,SPPS_REG_ST_CD,MAP,USER_ADDITION_SVC_HISTORY,STATUS,
MAP,USER_ADDITION_SVC_HISTORY,UPD_VERNO,MAP,USER_ADDITION_SVC_HISTORY,VERSION,
MAP,USER_ADDITION_SVC_HISTORY,SYS_CRE_DTTM,MAP,USER_ADDITION_SVC_HISTORY,,"from_unixtime(unix_timestamp(CREATED, 'yyyy/MM/dd HH:mm:ss'))"
MAP,USER_ADDITION_SVC_HISTORY,SYS_UPD_DTTM,MAP,USER_ADDITION_SVC_HISTORY,,"from_unixtime(unix_timestamp(UPDATED, 'yyyy/MM/dd HH:mm:ss'))"
MAP,USER_BLACKLIST_POLICY_STATUS,ID,MAP,USER_BLACKLIST_POLICY_STATUS,ID,
MAP,USER_BLACKLIST_POLICY_STATUS,WTDW_DT,MAP,USER_BLACKLIST_POLICY_STATUS,,from_unixtime(cast((FROM_WITHDRAW_TIME/1000) as bigint))
MAP,USER_BLACKLIST_POLICY_STATUS,HSH_ID_DV_CD,MAP,USER_BLACKLIST_POLICY_STATUS,HASH_ID_TYPE,
MAP,USER_BLACKLIST_POLICY_STATUS,ENC_HSH_VAL,MAP,USER_BLACKLIST_POLICY_STATUS,HASH_ID,
MAP,USER_BLACKLIST_POLICY_STATUS,FNL_WRNG_USER_MBR_ID,MAP,USER_BLACKLIST_POLICY_STATUS,LAST_BLACKLIST_ID,
MAP,USER_BLACKLIST_POLICY_STATUS,WRNG_USER_REG_ST_CD,MAP,USER_BLACKLIST_POLICY_STATUS,CURRENT_STATUS,
MAP,USER_BLACKLIST_POLICY_STATUS,ASP_ID,MAP,USER_BLACKLIST_POLICY_STATUS,ASP_ID,
MAP,USER_BLACKLIST_POLICY_STATUS,SYS_CRE_DTTM,MAP,USER_BLACKLIST_POLICY_STATUS,,"from_unixtime(to_unix_timestamp(CREATED, 'yyyy/MM/dd HH:mm:ss'))"
MAP,USER_BLACKLIST_POLICY_STATUS,SYS_UPD_DTTM,MAP,USER_BLACKLIST_POLICY_STATUS,,"from_unixtime(to_unix_timestamp(UPDATED, 'yyyy/MM/dd HH:mm:ss'))"
MAP,USER_BLACKLIST_POLICY_STATUS,UPD_VERNO,MAP,USER_BLACKLIST_POLICY_STATUS,VERSION,
MAP,USER_BLACKLIST_POLICY_STATUS,RLS_TMCNT,MAP,USER_BLACKLIST_POLICY_STATUS,TOTAL_UNBLOCK_COUNT,
MAP,USER_BLACKLIST_POLICY_STATUS,FNL_WRNG_USER_PRCS_DT,MAP,USER_BLACKLIST_POLICY_STATUS,,from_unixtime(cast((LAST_BLOCK_DATE/1000) as bigint))
MAP,USER_BLACKLIST_POLICY_STATUS,FNL_WRNG_USER_RLS_DT,MAP,USER_BLACKLIST_POLICY_STATUS,,from_unixtime(cast((LAST_UNBLOCK_DATE/1000) as bigint))
MAP,USER_TC_MAPPINGS,TC_MBR_AGRM_HIST_SNO,MAP,USER_TC_MAPPINGS,ID,
MAP,USER_TC_MAPPINGS,TC_DTL_SNO,MAP,USER_TC_MAPPINGS,TC_ID,
MAP,USER_TC_MAPPINGS,MBR_ID,MAP,USER_TC_MAPPINGS,USER_ID,
MAP,USER_TC_MAPPINGS,UPD_VERNO,MAP,USER_TC_MAPPINGS,VERSION,
MAP,USER_TC_MAPPINGS,SYS_CRE_DTTM,MAP,USER_TC_MAPPINGS,,"from_unixtime(to_unix_timestamp(CREATED, 'yyyy/MM/dd HH:mm:ss'))"
MAP,USER_TC_MAPPINGS,SYS_UPD_DTTM,MAP,USER_TC_MAPPINGS,,"from_unixtime(to_unix_timestamp(UPDATED, 'yyyy/MM/dd HH:mm:ss'))"
MAP,USER_TC_MAPPINGS,PT_CRE_Y,MAP,USER_TC_MAPPINGS,,"translate(substr(CREATED,1,4),'/','')"
MAP,WALLET,WLLT_ID,MAP,WALLET,ID,
MAP,WALLET,SYS_CRE_DTTM,MAP,WALLET,,"from_unixtime(unix_timestamp(CREATED, 'yyyy/MM/dd HH:mm:ss'))"
MAP,WALLET,SYS_UPD_DTTM,MAP,WALLET,,"from_unixtime(unix_timestamp(UPDATED, 'yyyy/MM/dd HH:mm:ss'))"
MAP,WALLET,WLLT_ID_MAPNG_ID,MAP,WALLET,MPA_ID,
MAP,WALLET,MBR_ID,MAP,WALLET,USER_ID,
MAP,WALLET,UPD_VERNO,MAP,WALLET,VERSION,
MAP,WALLET,ENC_STLM_PIN_PSWD,MAP,WALLET,PAYMENT_PIN,
MAP,WALLET,WLLT_ACT_ST_CD,MAP,WALLET,STATUS,
MAP,WALLET,LAST_DTTM_STOP_DTL_DTTM,MAP,WALLET,,"from_unixtime(unix_timestamp(LAST_SUSPENDED_DATE, 'yyyy/MM/dd HH:mm:ss'))"
MAP,WALLET,AP_VERNO,MAP,WALLET,WALLET_VERSION,
MAP,WALLET,AP_INFW_CHNL_CD,MAP,WALLET,APP_JOIN_CHANNEL,
MAP,WALLET_DETAILS,ID,MAP,WALLET_DETAILS,ID,
MAP,WALLET_DETAILS,SYS_UPD_DTTM,MAP,WALLET_DETAILS,,"from_unixtime(unix_timestamp(UPDATED, 'yyyy/MM/dd HH:mm:ss'))"
MAP,WALLET_DETAILS,SYS_CRE_DTTM,MAP,WALLET_DETAILS,,"from_unixtime(unix_timestamp(CREATED, 'yyyy/MM/dd HH:mm:ss'))"
MAP,WALLET_DETAILS,MB_STN_KEY_CN,MAP,WALLET_DETAILS,MOBILE_CONF_KEY,
MAP,WALLET_DETAILS,MB_MAC_KEY_CN,MAP,WALLET_DETAILS,MOBILE_MAC_KEY,
MAP,WALLET_DETAILS,MB_KEY_SPLM_TM_CNT,MAP,WALLET_DETAILS,MOBILE_KEYS_TIME_TO_REPLENISH,
MAP,WALLET_DETAILS,MB_KEY_CRE_TM,MAP,WALLET_DETAILS,MOBILE_KEYS_GENERATION_TIME,
MAP,WALLET_DETAILS,COMN_ENC_KEY_VAL,MAP,WALLET_DETAILS,PUBLIC_KEY,
MAP,WALLET_DETAILS,RNS_MPA_ID,MAP,WALLET_DETAILS,RNS_MPA_ID,
MAP,WALLET_DETAILS,RNS_PROVIDER_TYPE,MAP,WALLET_DETAILS,RNS_PROVIDER_TYPE,
MAP,WALLET_DETAILS,WLLT_ID,MAP,WALLET_DETAILS,WALLET_ID,
MAP,WALLET_DETAILS,UPD_VERNO,MAP,WALLET_DETAILS,VERSION,
MAP,WALLET_HISTORY,ID,MAP,WALLET_HISTORY,ID,
MAP,WALLET_HISTORY,WLLT_CHG_HIST_ST_CD,MAP,WALLET_HISTORY,STATUS,
MAP,WALLET_HISTORY,RQSR_NM,MAP,WALLET_HISTORY,INITIATOR,
MAP,WALLET_HISTORY,SYS_CRE_DTTM,MAP,WALLET_HISTORY,,"from_unixtime(unix_timestamp(CREATED, 'yyyy/MM/dd HH:mm:ss'))"
MAP,WALLET_HISTORY,SYS_UPD_DTTM,MAP,WALLET_HISTORY,,"from_unixtime(unix_timestamp(UPDATED, 'yyyy/MM/dd HH:mm:ss'))"
MAP,WALLET_HISTORY,UPD_VERNO,MAP,WALLET_HISTORY,VERSION,
MAP,WALLET_HISTORY,CHG_PURP_DV_CD,MAP,WALLET_HISTORY,PURPOSE,
MAP,WALLET_HISTORY,MBR_ID,MAP,WALLET_HISTORY,USER_ID,
MAP,WALLET_HISTORY,pt_cre_dt,MAP,WALLET_HISTORY,,"translate(translate(substr(CREATED ,1,10),'/',''),'-','')"
MAP,WALLET_USER,MBR_ID,MAP,WALLET_USER,ID,
MAP,WALLET_USER,pt_cre_dt,MAP,WALLET_USER,,"cast(substr(translate(created, '/', ''), 1, 8) as bigint)"
MAP,WALLET_USER,UPD_VERNO,MAP,WALLET_USER,VERSION,
MAP,WALLET_USER,BRTH_DT,MAP,WALLET_USER,DOB,
MAP,WALLET_USER,NLTY_CD,MAP,WALLET_USER,NATIONALITY,
MAP,WALLET_USER,MBR_ACT_ST_CD,MAP,WALLET_USER,STATUS,
MAP,WALLET_USER,SYS_CRE_DTTM,MAP,WALLET_USER,,"from_unixtime(unix_timestamp(CREATED, 'yyyy/MM/dd HH:mm:ss'))"
MAP,WALLET_USER,SYS_UPD_DTTM,MAP,WALLET_USER,,"from_unixtime(unix_timestamp(UPDATED, 'yyyy/MM/dd HH:mm:ss'))"
MAP,WALLET_USER,SEX_CD,MAP,WALLET_USER,GENDER,
MAP,WALLET_USER,MBR_VRFC_DATA_VAL,MAP,WALLET_USER,VERIFICATION_DATA,
MAP,WALLET_USER,NAT_LANG_CD,MAP,WALLET_USER,LOCALE,
MAP,WALLET_USER,ASP_ID,MAP,WALLET_USER,ASP_ID,
MAP,WALLET_USER,LGIN_FAIL_TMCNT,MAP,WALLET_USER,LOGIN_FAIL_COUNT,
MAP,WALLET_USER,MBR_LGIN_ID,MAP,WALLET_USER,USERNAME,
MAP,WALLET_USER,JN_DTL_DTTM,MAP,WALLET_USER,,from_unixtime(cast((cast(REGISTERED_AT as double)/1000) as bigint))
MAP,WALLET_USER,MBR_ST_DTL_CD,MAP,WALLET_USER,USER_FLAGS,
MAP,WALLET_USER,VRFC_OPR_ID,MAP,WALLET_USER,VERIFIER_ID,
MAP,WALLET_USER,VRFC_DTL_DTTM,MAP,WALLET_USER,,"from_unixtime(unix_timestamp(VERIFICATION_TIME, 'yyyy/MM/dd HH:mm:ss'))"
MAP,WALLET_USER,RWD_ID,MAP,WALLET_USER,REWARD_ID,
MAP,WALLET_USER,MBR_ST_CD,MAP,WALLET_USER,USER_ACTIVITY_FLAG,
MAP,WALLET_USER,ENC_DI_NO,MAP,WALLET_USER,DI,
MAP,WALLET_USER,ENC_BRTH_DT,MAP,WALLET_USER,SOCIAL_NO,
MAP,WALLET_USER,BSC_ADDR,MAP,WALLET_USER,ADDRESS,
MAP,WALLET_USER,PSNO,MAP,WALLET_USER,ZIP_CODE,
MAP,WALLET_USER,DTL_ADDR,MAP,WALLET_USER,DETAIL_ADDRESS,
MAP,WALLET_USER,ENC_CI_NO,MAP,WALLET_USER,CI,
MAP,WALLET_USER,WTDW_DT,MAP,WALLET_USER,,from_unixtime(cast((cast(WITHDRAWAL_TIME as double)/1000) as bigint))
MAP,WALLET_USER,MBR_DV_CD,MAP,WALLET_USER,USER_TYPE,
MAP,WALLET_USER,EMAIL_RCV_AGRM_YN,MAP,WALLET_USER,EMAIL_SUBSCRIPTION,
MAP,WALLET_USER,PSH_RCV_AGRM_YN,MAP,WALLET_USER,PUSH_SUBSCRIPTION,
MAP,WALLET_USER,SMS_RCV_AGRM_YN,MAP,WALLET_USER,SMS_SUBSCRIPTION,
MAP,WALLET_USER,RENM_YN,MAP,WALLET_USER,REALNAME_RENAME_YN,
MAP,WALLET_USER,ARS_RCV_AGRM_YN,MAP,WALLET_USER,ARS_SUBSCRIPTION,
MAP,WALLET_USER,MKTN_CHNL_CHG_DTL_DTTM,MAP,WALLET_USER,,"from_unixtime(unix_timestamp(MKT_CHANNEL_UPDATE_TIME, 'yyyy/MM/dd HH:mm:ss'))"
MAP,WALLET_USER,MBR_GRD_CD,MAP,WALLET_USER,GRADE_TYPE,
MAP,WALLET_USER,JN_CHNL_CD,MAP,WALLET_USER,JOIN_CHANNEL,
MAP,WALLET_USER,AAMBR_JN_DTL_DTTM,MAP,WALLET_USER,,"from_unixtime(unix_timestamp(SEMI_ACT_JOIN_DT, 'yyyy/MM/dd HH:mm:ss'))"
MAP,WALLET_USER,AMBR_JN_DTL_DTTM,MAP,WALLET_USER,,"from_unixtime(unix_timestamp(ACT_JOIN_DT, 'yyyy/MM/dd HH:mm:ss'))"
MAP,WALLET_USER,MPH_NO_SLF_AUTHT_YN,MAP,WALLET_USER,MN_ACQUIRED_STATUS,
MAP,WALLET_USER,RCNT_WLLT_ID,MAP,WALLET_USER,RECENT_WALLET_ID,
MAP,WALLET_USER,PO_PSWD_CHG_DTL_DTTM,MAP,WALLET_USER,,"from_unixtime(unix_timestamp(PORTAL_PASSWORD_CHANGED_DT, 'yyyy/MM/dd HH:mm:ss'))"
MAP,WALLET_USER,PO_JN_DTL_DTTM,MAP,WALLET_USER,,"from_unixtime(unix_timestamp(PORTAL_JOIN_DT, 'yyyy/MM/dd HH:mm:ss'))"
MAP,WALLET_USER,PO_WTDW_DTL_DTTM,MAP,WALLET_USER,,"from_unixtime(unix_timestamp(PORTAL_WITHDRAWAL_DT, 'yyyy/MM/dd HH:mm:ss'))"
MAP,WALLET_USER,PO_USE_YN,MAP,WALLET_USER,PORTAL_USE_STATUS,
MAP,WALLET_USER,PO_LGIN_TRY_TMCNT,MAP,WALLET_USER,PORTAL_LOGIN_TRY_COUNT,
MAP,WALLET_USER,TCC_CD,MAP,WALLET_USER,COMM_ID,
MAP,WALLET_USER,FST_JN_DT,MAP,WALLET_USER,,"from_unixtime(unix_timestamp(FIRST_JOIN_DT, 'yyyy/MM/dd HH:mm:ss'))"
MAP,WALLET_USER,FRNR_MBR_CITY_ADDR,MAP,WALLET_USER,CITY_ADDRESS,
MAP,WALLET_USER,FRNR_MBR_STTE_ADDR,MAP,WALLET_USER,STATE_ADDRESS,
MAP,WALLET_USER,WLLT_LGIN_DT,MAP,WALLET_USER,,"from_unixtime(unix_timestamp(WALLET_LOGIN_DT, 'yyyy/MM/dd HH:mm:ss'))"
MAP,WALLET_USER,PO_LGIN_DT,MAP,WALLET_USER,,"from_unixtime(unix_timestamp(PORTAL_LOGIN_DT, 'yyyy/MM/dd HH:mm:ss'))"
MAP,WALLET_USER,RCNT_PLCY_CRD_HIST_SNO,MAP,WALLET_USER,RECENT_POLICY_CARD_HISTORY_ID,
MAP,WALLET_USER,GE_MBR_JN_DT,MAP,WALLET_USER,,"from_unixtime(unix_timestamp(SSEMI_ACT_JOIN_DT, 'yyyy/MM/dd HH:mm:ss'))"
MAP,WALLET_USER,RSDP_PSNO,MAP,WALLET_USER,HOME_ZIP_CODE,
MAP,WALLET_USER,RSDP_ADDR,MAP,WALLET_USER,HOME_ADDRESS,
MAP,WALLET_USER,RSDP_DTL_ADDR,MAP,WALLET_USER,HOME_DETAIL_ADDRESS,
MAP,WALLET_USER,MBR_CNVG_ASP_ID,MAP,WALLET_USER,MBR_CNVG_ASP_ID,
MAP,WALLET_USER,enc_mbr_rnm,MAP,WALLET_USER,real_name,
MAP,WALLET_USER_HISTORY,MBR_ID,MAP,WALLET_USER_HISTORY,ID,
MAP,WALLET_USER_HISTORY,DATA_CHG_NO,MAP,WALLET_USER_HISTORY,REV,
MAP,WALLET_USER_HISTORY,REV_TP_CD,MAP,WALLET_USER_HISTORY,REVTYPE,
MAP,WALLET_USER_HISTORY,AMBR_JN_DTL_DTTM,MAP,WALLET_USER_HISTORY,,"from_unixtime(unix_timestamp(ACT_JOIN_DT, 'yyyy/MM/dd HH:mm:ss'))"
MAP,WALLET_USER_HISTORY,BSC_ADDR,MAP,WALLET_USER_HISTORY,ADDRESS,
MAP,WALLET_USER_HISTORY,ARS_RCV_AGRM_YN,MAP,WALLET_USER_HISTORY,ARS_SUBSCRIPTION,
MAP,WALLET_USER_HISTORY,ASP_ID,MAP,WALLET_USER_HISTORY,ASP_ID,
MAP,WALLET_USER_HISTORY,ENC_CI_NO,MAP,WALLET_USER_HISTORY,CI,
MAP,WALLET_USER_HISTORY,DTL_ADDR,MAP,WALLET_USER_HISTORY,DETAIL_ADDRESS,
MAP,WALLET_USER_HISTORY,ENC_DI_NO,MAP,WALLET_USER_HISTORY,DI,
MAP,WALLET_USER_HISTORY,BRTH_DT,MAP,WALLET_USER_HISTORY,DOB,
MAP,WALLET_USER_HISTORY,EMAIL_RCV_AGRM_YN,MAP,WALLET_USER_HISTORY,EMAIL_SUBSCRIPTION,
MAP,WALLET_USER_HISTORY,SEX_CD,MAP,WALLET_USER_HISTORY,GENDER,
MAP,WALLET_USER_HISTORY,MBR_GRD_CD,MAP,WALLET_USER_HISTORY,GRADE_TYPE,
MAP,WALLET_USER_HISTORY,JN_CHNL_CD,MAP,WALLET_USER_HISTORY,JOIN_CHANNEL,
MAP,WALLET_USER_HISTORY,NAT_LANG_CD,MAP,WALLET_USER_HISTORY,LOCALE,
MAP,WALLET_USER_HISTORY,LGIN_FAIL_TMCNT,MAP,WALLET_USER_HISTORY,LOGIN_FAIL_COUNT,
MAP,WALLET_USER_HISTORY,MKTN_CHNL_CHG_DTL_DTTM,MAP,WALLET_USER_HISTORY,,"from_unixtime(unix_timestamp(MKT_CHANNEL_UPDATE_TIME, 'yyyy/MM/dd HH:mm:ss'))"
MAP,WALLET_USER_HISTORY,MPHN_NO_OCP_CTF_YN,MAP,WALLET_USER_HISTORY,MN_ACQUIRED_STATUS,
MAP,WALLET_USER_HISTORY,NLTY_CD,MAP,WALLET_USER_HISTORY,NATIONALITY,
MAP,WALLET_USER_HISTORY,PO_JN_DTL_DTTM,MAP,WALLET_USER_HISTORY,,"from_unixtime(unix_timestamp(PORTAL_JOIN_DT, 'yyyy/MM/dd HH:mm:ss'))"
MAP,WALLET_USER_HISTORY,PO_LGIN_TRY_TMCNT,MAP,WALLET_USER_HISTORY,PORTAL_LOGIN_TRY_COUNT,
MAP,WALLET_USER_HISTORY,ENC_PO_PSWD,MAP,WALLET_USER_HISTORY,,-- PORTAL_PASSWORD
MAP,WALLET_USER_HISTORY,PSWD_CHG_DTL_DTTM,MAP,WALLET_USER_HISTORY,,"from_unixtime(unix_timestamp(PORTAL_PASSWORD_CHANGED_DT, 'yyyy/MM/dd HH:mm:ss'))"
MAP,WALLET_USER_HISTORY,PO_USE_YN,MAP,WALLET_USER_HISTORY,PORTAL_USE_STATUS,
MAP,WALLET_USER_HISTORY,PO_WTDW_DTL_DTTM,MAP,WALLET_USER_HISTORY,,"from_unixtime(unix_timestamp(PORTAL_WITHDRAWAL_DT, 'yyyy/MM/dd HH:mm:ss'))"
MAP,WALLET_USER_HISTORY,SNDNG_RCV_AGRM_YN,MAP,WALLET_USER_HISTORY,PUSH_SUBSCRIPTION,
MAP,WALLET_USER_HISTORY,RENM_YN,MAP,WALLET_USER_HISTORY,REALNAME_RENAME_YN,
MAP,WALLET_USER_HISTORY,JN_DT,MAP,WALLET_USER_HISTORY,,"from_unixtime(unix_timestamp(REGISTERED_AT, 'yyyy/MM/dd HH:mm:ss'))"
MAP,WALLET_USER_HISTORY,RWD_ID,MAP,WALLET_USER_HISTORY,REWARD_ID,
MAP,WALLET_USER_HISTORY,AAMBR_JN_DTL_DTTM,MAP,WALLET_USER_HISTORY,,"from_unixtime(unix_timestamp(SEMI_ACT_JOIN_DT, 'yyyy/MM/dd HH:mm:ss'))"
MAP,WALLET_USER_HISTORY,SMS_RCV_AGRM_YN,MAP,WALLET_USER_HISTORY,SMS_SUBSCRIPTION,
MAP,WALLET_USER_HISTORY,ENC_CTF_BRTH_DT,MAP,WALLET_USER_HISTORY,SOCIAL_NO,
MAP,WALLET_USER_HISTORY,MBR_ACT_ST_CD,MAP,WALLET_USER_HISTORY,STATUS,
MAP,WALLET_USER_HISTORY,MBR_ST_CD,MAP,WALLET_USER_HISTORY,USER_ACTIVITY_FLAG,
MAP,WALLET_USER_HISTORY,MBR_ST_DTL_CD,MAP,WALLET_USER_HISTORY,USER_FLAGS,
MAP,WALLET_USER_HISTORY,MBR_DV_CD,MAP,WALLET_USER_HISTORY,USER_TYPE,
MAP,WALLET_USER_HISTORY,MBR_LGIN_ID,MAP,WALLET_USER_HISTORY,USERNAME,
MAP,WALLET_USER_HISTORY,ENC_PSWD,MAP,WALLET_USER_HISTORY,VERIFICATION_DATA,
MAP,WALLET_USER_HISTORY,MBR_VRFC_DTL_DTTM,MAP,WALLET_USER_HISTORY,,"from_unixtime(unix_timestamp(VERIFICATION_TIME, 'yyyy/MM/dd HH:mm:ss'))"
MAP,WALLET_USER_HISTORY,VRFC_OPR_ID,MAP,WALLET_USER_HISTORY,VERIFIER_ID,
MAP,WALLET_USER_HISTORY,ENC_WLLT_PIN_PSWD,MAP,WALLET_USER_HISTORY,WALLET_PIN,
MAP,WALLET_USER_HISTORY,WTDW_DT,MAP,WALLET_USER_HISTORY,,"from_unixtime(unix_timestamp(WITHDRAWAL_TIME, 'yyyy/MM/dd HH:mm:ss'))"
MAP,WALLET_USER_HISTORY,PSNO,MAP,WALLET_USER_HISTORY,ZIP_CODE,
MAP,WALLET_USER_HISTORY,RCNT_WLLT_ID,MAP,WALLET_USER_HISTORY,RECENT_WALLET_ID,
MAP,WALLET_USER_HISTORY,FST_JN_DT,MAP,WALLET_USER_HISTORY,,"from_unixtime(unix_timestamp(FIRST_JOIN_DT, 'yyyy/MM/dd HH:mm:ss'))"
MAP,WALLET_USER_HISTORY,CITY_ADDR,MAP,WALLET_USER_HISTORY,CITY_ADDRESS,
MAP,WALLET_USER_HISTORY,FRNR_ADDR,MAP,WALLET_USER_HISTORY,STATE_ADDRESS,
MAP,WALLET_USER_HISTORY,ENM,MAP,WALLET_USER_HISTORY,,-- ENG_NAME
MAP,WALLET_USER_HISTORY,WLLT_LGIN_DT,MAP,WALLET_USER_HISTORY,,"from_unixtime(unix_timestamp(WALLET_LOGIN_DT, 'yyyy/MM/dd HH:mm:ss'))"
MAP,WALLET_USER_HISTORY,PO_LGIN_DT,MAP,WALLET_USER_HISTORY,,"from_unixtime(unix_timestamp(PORTAL_LOGIN_DT, 'yyyy/MM/dd HH:mm:ss'))"
MAP,WALLET_USER_HISTORY,GE_MBR_JN_DT,MAP,WALLET_USER_HISTORY,,"from_unixtime(unix_timestamp(SSEMI_ACT_JOIN_DT, 'yyyy/MM/dd HH:mm:ss'))"
MAP,WALLET_USER_HISTORY,RSDP_PSNO,MAP,WALLET_USER_HISTORY,HOME_ZIP_CODE,
MAP,WALLET_USER_HISTORY,RSDP_ADDR,MAP,WALLET_USER_HISTORY,HOME_ADDRESS,
MAP,WALLET_USER_HISTORY,RSDP_DTL_ADDR,MAP,WALLET_USER_HISTORY,HOME_DETAIL_ADDRESS,
MAP,WALLET_USER_HISTORY,rev_stmp,MAP,WALLET_USER_HISTORY,,"from_unixtime(unix_timestamp(rev_stmp, 'yyyy/MM/dd HH:mm:ss'))"
MAP,WALLET_USER_PROMOTION_MAPPINGS,MBR_PRMN_SNO,MAP,WALLET_USER_PROMOTION_MAPPINGS,ID,
MAP,WALLET_USER_PROMOTION_MAPPINGS,MBR_ID,MAP,WALLET_USER_PROMOTION_MAPPINGS,USER_ID,
MAP,WALLET_USER_PROMOTION_MAPPINGS,MBR_PRMN_CD,MAP,WALLET_USER_PROMOTION_MAPPINGS,PROMO_CODE,
MAP,WALLET_USER_PROMOTION_MAPPINGS,MBR_PRMN_DV_CD,MAP,WALLET_USER_PROMOTION_MAPPINGS,PROMO_TYPE,
MAP,WALLET_USER_PROMOTION_MAPPINGS,ptcp_dt,MAP,WALLET_USER_PROMOTION_MAPPINGS,,from_unixtime(cast(cast(participate_date as float) / 1000 as bigint))
MAP,WALLET_USER_PROMOTION_MAPPINGS,SYS_CRE_DTTM,MAP,WALLET_USER_PROMOTION_MAPPINGS,,"from_unixtime(unix_timestamp(CREATED, 'yyyy/MM/dd HH:mm:ss'))"
MAP,WALLET_USER_PROMOTION_MAPPINGS,SYS_UPD_DTTM,MAP,WALLET_USER_PROMOTION_MAPPINGS,,"from_unixtime(unix_timestamp(UPDATED, 'yyyy/MM/dd HH:mm:ss'))"
MAP,WALLET_USER_PROMOTION_MAPPINGS,UPD_VERNO,MAP,WALLET_USER_PROMOTION_MAPPINGS,VERSION,
MAP,WALLET_USER_PROMOTION_MAPPINGS,PRMN_PTCP_REF_NO,MAP,WALLET_USER_PROMOTION_MAPPINGS,PRMN_PTCP_REF_NO,
MAP,WALLET_USER_PROMOTION_MAPPINGS,pt_cre_dt,MAP,WALLET_USER_PROMOTION_MAPPINGS,,"translate(translate(substr(CREATED,1,8),'/',''),'-','')"
MAP,WALLET_USER_RECOMMENDER_MAP,ID,MAP,WALLET_USER_RECOMMENDER_MAP,ID,
MAP,WALLET_USER_RECOMMENDER_MAP,MBR_ID,MAP,WALLET_USER_RECOMMENDER_MAP,WALLET_USER_ID,
MAP,WALLET_USER_RECOMMENDER_MAP,SYS_UPD_DTTM,MAP,WALLET_USER_RECOMMENDER_MAP,,"from_unixtime(unix_timestamp(UPDATED, 'yyyy/MM/dd HH:mm:ss'))"
MAP,WALLET_USER_RECOMMENDER_MAP,SYS_CRE_DTTM,MAP,WALLET_USER_RECOMMENDER_MAP,,"from_unixtime(unix_timestamp(CREATED, 'yyyy/MM/dd HH:mm:ss'))"
MAP,WALLET_USER_RECOMMENDER_MAP,UPD_VERNO,MAP,WALLET_USER_RECOMMENDER_MAP,VERSION,
MAP,WALLET_USER_RECOMMENDER_MAP,RCMR_CD,MAP,WALLET_USER_RECOMMENDER_MAP,RECOMMEND_CODE,
MAP,WALLET_USER_RECOMMENDER_MAP,RCMD_TMCNT,MAP,WALLET_USER_RECOMMENDER_MAP,RECOMMEND_COUNT,
MAP,WALLET_USER_RECOMMENDER_MAP,PRV_RCMR_CD,MAP,WALLET_USER_RECOMMENDER_MAP,PROVIDED_RECOMMENDER_CODE,
MAP,WITHDRAWAL_USER,MBR_ID,MAP,WITHDRAWAL_USER,ID,
MAP,WITHDRAWAL_USER,pt_cre_dt,MAP,WITHDRAWAL_USER,,"case when length(CREATED) < 1 then cast(substr(translate(UPDATED, '/', ''), 1, 8) as bigint) else cast(substr(translate(created, '/', ''), 1, 8) as bigint) end"
MAP,WITHDRAWAL_USER,ASP_ID,MAP,WITHDRAWAL_USER,ASP_ID,
MAP,WITHDRAWAL_USER,ENC_BRTH_DT,MAP,WITHDRAWAL_USER,SOCIAL_NO,
MAP,WITHDRAWAL_USER,SEX_CD,MAP,WITHDRAWAL_USER,GENDER,
MAP,WITHDRAWAL_USER,ENC_DI_NO,MAP,WITHDRAWAL_USER,DI,
MAP,WITHDRAWAL_USER,ENC_CI_NO,MAP,WITHDRAWAL_USER,CI,
MAP,WITHDRAWAL_USER,NLTY_CD,MAP,WITHDRAWAL_USER,NATIONALITY,
MAP,WITHDRAWAL_USER,MBR_LGIN_ID,MAP,WITHDRAWAL_USER,USERNAME,
MAP,WITHDRAWAL_USER,MBR_GRD_CD,MAP,WITHDRAWAL_USER,GRADE_TYPE,
MAP,WITHDRAWAL_USER,MBR_ACT_ST_CD,MAP,WITHDRAWAL_USER,STATUS,
MAP,WITHDRAWAL_USER,JN_CHNL_CD,MAP,WITHDRAWAL_USER,JOIN_CHANNEL,
MAP,WITHDRAWAL_USER,MPHN_NO_OCP_CTF_YN,MAP,WITHDRAWAL_USER,MN_ACQUIRED_STATUS,
MAP,WITHDRAWAL_USER,BRTH_DT,MAP,WITHDRAWAL_USER,,"from_unixtime(unix_timestamp(DOB, 'yyyy/MM/dd HH:mm:ss'))"
MAP,WITHDRAWAL_USER,NAT_LANG_CD,MAP,WITHDRAWAL_USER,LOCALE,
MAP,WITHDRAWAL_USER,CRD_DLV_ADDR_PSNO,MAP,WITHDRAWAL_USER,ZIP_CODE,
MAP,WITHDRAWAL_USER,CRD_DLV_BSC_ADDR,MAP,WITHDRAWAL_USER,ADDRESS,
MAP,WITHDRAWAL_USER,RSDP_PSNO,MAP,WITHDRAWAL_USER,HOME_ZIP_CODE,
MAP,WITHDRAWAL_USER,RSDP_ADDR,MAP,WITHDRAWAL_USER,HOME_ADDRESS,
MAP,WITHDRAWAL_USER,TCC_CD,MAP,WITHDRAWAL_USER,COMM_ID,
MAP,WITHDRAWAL_USER,RENM_YN,MAP,WITHDRAWAL_USER,REALNAME_RENAME_YN,
MAP,WITHDRAWAL_USER,LGIN_FAIL_TMCNT,MAP,WITHDRAWAL_USER,LOGIN_FAIL_COUNT,
MAP,WITHDRAWAL_USER,JN_DT,MAP,WITHDRAWAL_USER,REGISTERED_AT,
MAP,WITHDRAWAL_USER,WTDW_DT,MAP,WITHDRAWAL_USER,WITHDRAWAL_TIME,
MAP,WITHDRAWAL_USER,WLLT_LGIN_DT,MAP,WITHDRAWAL_USER,,"from_unixtime(unix_timestamp(WALLET_LOGIN_DT, 'yyyy/MM/dd HH:mm:ss'))"
MAP,WITHDRAWAL_USER,FST_JN_DT,MAP,WITHDRAWAL_USER,,"from_unixtime(unix_timestamp(FIRST_JOIN_DT, 'yyyy/MM/dd HH:mm:ss'))"
MAP,WITHDRAWAL_USER,AMBR_JN_DTL_DTTM,MAP,WITHDRAWAL_USER,,"from_unixtime(unix_timestamp(ACT_JOIN_DT, 'yyyy/MM/dd HH:mm:ss'))"
MAP,WITHDRAWAL_USER,AAMBR_JN_DTL_DTTM,MAP,WITHDRAWAL_USER,,"from_unixtime(unix_timestamp(SEMI_ACT_JOIN_DT, 'yyyy/MM/dd HH:mm:ss'))"
MAP,WITHDRAWAL_USER,GE_MBR_JN_DT,MAP,WITHDRAWAL_USER,,"from_unixtime(unix_timestamp(SSEMI_ACT_JOIN_DT, 'yyyy/MM/dd HH:mm:ss'))"
MAP,WITHDRAWAL_USER,PO_USE_YN,MAP,WITHDRAWAL_USER,PORTAL_USE_STATUS,
MAP,WITHDRAWAL_USER,PO_JN_DTL_DTTM,MAP,WITHDRAWAL_USER,,"from_unixtime(unix_timestamp(PORTAL_JOIN_DT, 'yyyy/MM/dd HH:mm:ss'))"
MAP,WITHDRAWAL_USER,PO_LGIN_DT,MAP,WITHDRAWAL_USER,,"from_unixtime(unix_timestamp(PORTAL_LOGIN_DT, 'yyyy/MM/dd HH:mm:ss'))"
MAP,WITHDRAWAL_USER,PO_LGIN_TRY_TMCNT,MAP,WITHDRAWAL_USER,PORTAL_LOGIN_TRY_COUNT,
MAP,WITHDRAWAL_USER,PO_PSWD_CHG_DTL_DTTM,MAP,WITHDRAWAL_USER,,"from_unixtime(unix_timestamp(PORTAL_PASSWORD_CHANGED_DT, 'yyyy/MM/dd HH:mm:ss'))"
MAP,WITHDRAWAL_USER,PO_WTDW_DTL_DTTM,MAP,WITHDRAWAL_USER,,"from_unixtime(unix_timestamp(PORTAL_WITHDRAWAL_DT, 'yyyy/MM/dd HH:mm:ss'))"
MAP,WITHDRAWAL_USER,RCNT_WLLT_ID,MAP,WITHDRAWAL_USER,RECENT_WALLET_ID,
MAP,WITHDRAWAL_USER,RWD_ID,MAP,WITHDRAWAL_USER,REWARD_ID,
MAP,WITHDRAWAL_USER,EMAIL_RCV_AGRM_YN,MAP,WITHDRAWAL_USER,EMAIL_SUBSCRIPTION,
MAP,WITHDRAWAL_USER,PSH_RCV_AGRM_YN,MAP,WITHDRAWAL_USER,PUSH_SUBSCRIPTION,
MAP,WITHDRAWAL_USER,SMS_RCV_AGRM_YN,MAP,WITHDRAWAL_USER,SMS_SUBSCRIPTION,
MAP,WITHDRAWAL_USER,ARS_RCV_AGRM_YN,MAP,WITHDRAWAL_USER,ARS_SUBSCRIPTION,
MAP,WITHDRAWAL_USER,MKTN_CHNL_CHG_DTL_DTTM,MAP,WITHDRAWAL_USER,,"from_unixtime(unix_timestamp(MKT_CHANNEL_UPDATE_TIME, 'yyyy/MM/dd HH:mm:ss'))"
MAP,WITHDRAWAL_USER,MBR_DV_CD,MAP,WITHDRAWAL_USER,USER_TYPE,
MAP,WITHDRAWAL_USER,MBR_ST_DTL_CD,MAP,WITHDRAWAL_USER,USER_FLAGS,
MAP,WITHDRAWAL_USER,MBR_ST_CD,MAP,WITHDRAWAL_USER,USER_ACTIVITY_FLAG,
MAP,WITHDRAWAL_USER,MBR_VRFC_VAL,MAP,WITHDRAWAL_USER,VERIFICATION_DATA,
MAP,WITHDRAWAL_USER,MBR_VRFC_DTL_DTTM,MAP,WITHDRAWAL_USER,,"from_unixtime(unix_timestamp(VERIFICATION_TIME, 'yyyy/MM/dd HH:mm:ss'))"
MAP,WITHDRAWAL_USER,UPD_VERNO,MAP,WITHDRAWAL_USER,VERSION,
MAP,WITHDRAWAL_USER,SYS_CRE_DTTM,MAP,WITHDRAWAL_USER,,"from_unixtime(unix_timestamp(CREATED, 'yyyy/MM/dd HH:mm:ss'))"
MAP,WITHDRAWAL_USER,SYS_UPD_DTTM,MAP,WITHDRAWAL_USER,,"from_unixtime(unix_timestamp(UPDATED, 'yyyy/MM/dd HH:mm:ss'))"
MRT,DAP_MBR_CRTV_CNT_AGG,EXPOSE_cnt,MRT,DAP_MBR_CRTV_CNT_AGG,,count(case when crtv_aph_dv_cd = 'EXPOSE' then 1 end)
MRT,DAP_MBR_CRTV_CNT_AGG,CLICK_cnt,MRT,DAP_MBR_CRTV_CNT_AGG,,count(case when crtv_aph_dv_cd = 'CLICK' then 1 end)
MYDS,OP0031,SNO,MYDS,OP0031,ID,
MYDS,OP0031,SYS_CRE_DTTM,MYDS,OP0031,,"from_unixtime(unix_timestamp(CREATED_AT, 'yyyy/MM/dd HH:mm:ss'))"
MYDS,OP0031,SYS_UPD_DTTM,MYDS,OP0031,,"from_unixtime(unix_timestamp(UPDATED_AT, 'yyyy/MM/dd HH:mm:ss'))"
MYDS,OP0031,DATA_BS_DV_CD,MYDS,OP0031,TR_CD,
MYDS,OP0031,RCD_TYPE_CD,MYDS,OP0031,RECORD_TYPE,
MYDS,OP0031,RCD_TYPE_ID,MYDS,OP0031,TRG,
MYDS,OP0031,MNDE_OGN_REP_CD,MYDS,OP0031,MAIN_TR_CODE,
MYDS,OP0031,U_OGN_CD,MYDS,OP0031,USE_INST,
MYDS,OP0031,CONO,MYDS,OP0031,CORP_NO,
MYDS,OP0031,BZNO,MYDS,OP0031,CORP_REG_NO,
MYDS,OP0031,U_OGN_NM,MYDS,OP0031,COMPANY_NAME,
MYDS,OP0031,RQS_CD,MYDS,OP0031,REQ_TYPE,
MYDS,OP0031,SVC_ST_DATE,MYDS,OP0031,SVC_DATE,
MYDS,OP0031,U_OGN_SVC_NM,MYDS,OP0031,SVC_NAME,
MYDS,OP0031,DEPS_ACC_PCNT,MYDS,OP0031,DEPO_CNT,
MYDS,OP0031,DEPS_ACC_CD,MYDS,OP0031,DEPO_TYPE,
MYDS,OP0031,DEFRAY_ACC_PCNT,MYDS,OP0031,WITH_CNT,
MYDS,OP0031,DEFRAY_ACC_CD,MYDS,OP0031,WITH_TYPE,
MYDS,OP0031,FEE_PYM_ACC_CD,MYDS,OP0031,CHARGE_TYPE,
MYDS,OP0031,FEE_PYM_ACC_SUB_CD,MYDS,OP0031,CHARGE_SUB_CD,
MYDS,OP0031,BYMN_DEFRAY_LMT_AMT,MYDS,OP0031,MONTH_LIMIT_AMT,
MYDS,OP0031,BYDT_DEFRAY_LMT_AMT,MYDS,OP0031,DAY_LIMIT_AMT,
MYDS,OP0031,PER_CNT_DEFRAY_LMT_AMT,MYDS,OP0031,PER_LIMIT_AMT,
MYDS,OP0031,U_OGN_AUTHT_YN,MYDS,OP0031,AUTH_YN,
MYDS,OP0031,AGRM_DAT_SBMT_OGN_TYPE_CD,MYDS,OP0031,SUBMIT_INST_CLS,
MYDS,OP0031,DEFRAY_LMT_TYPE_CD,MYDS,OP0031,WITH_LIMIT_TYPE,
MYDS,OP0031,APL_SVC_DV_CD,MYDS,OP0031,APPLY_SVC,
MYDS,OP0031,U_OGN_GE_FEE,MYDS,OP0031,CHARGE_GENERAL,
MYDS,OP0031,U_OGN_RDXM_FEE,MYDS,OP0031,CHARGE_REDU,
MYDS,OP0031,SVC_CN,MYDS,OP0031,SVC_INFO,
MYDS,OP0031,FILLER,MYDS,OP0031,FILLER,
MYDS,OP0031,CRLF,MYDS,OP0031,CRLF,
MYDS,OP0031,pt_cre_yy,MYDS,OP0031,,"substr(CREATED_AT, 1, 4)"
MYDS,OP0039,SNO,MYDS,OP0039,ID,
MYDS,OP0039,SYS_CRE_DTTM,MYDS,OP0039,,"from_unixtime(unix_timestamp(CREATED_AT, 'yyyy/MM/dd HH:mm:ss'))"
MYDS,OP0039,SYS_UPD_DTTM,MYDS,OP0039,,"from_unixtime(unix_timestamp(UPDATED_AT, 'yyyy/MM/dd HH:mm:ss'))"
MYDS,OP0039,DATA_BS_DV_CD,MYDS,OP0039,TR_CD,
MYDS,OP0039,RCD_TYPE_CD,MYDS,OP0039,RECORD_TYPE,
MYDS,OP0039,RCD_TYPE_ID,MYDS,OP0039,TRG,
MYDS,OP0039,DATA_TR_TYPE_CD,MYDS,OP0039,TRAN_TYPE,
MYDS,OP0039,DATA_TR_NATV_NO,MYDS,OP0039,TRAN_NO,
MYDS,OP0039,U_OGN_CD,MYDS,OP0039,USE_INST,
MYDS,OP0039,FEE_RDXM_YN,MYDS,OP0039,REDU_YN,
MYDS,OP0039,FEE_VE_OGN_CD,MYDS,OP0039,AGENCY,
MYDS,OP0039,PRV_OGN_CD,MYDS,OP0039,SVC_PROV,
MYDS,OP0039,MBR_FN_COM_TYPE_CD,MYDS,OP0039,FINANCE_CODE,
MYDS,OP0039,FEE,MYDS,OP0039,PROXY_AMT,
MYDS,OP0039,MNDE_OGN_REP_CD,MYDS,OP0039,MAIN_TR_CODE,
MYDS,OP0039,FILLER,MYDS,OP0039,FILLER,
MYDS,OP0039,CRLF,MYDS,OP0039,CRLF,
MYDS,OP0039,pt_cre_yy,MYDS,OP0039,,"substr(CREATED_AT, 1, 4)"
ODS,charge_agg_dd,gv_charge_cnt,ODS,charge_agg_dd,,sum(gv_charge_cnt)
ODS,charge_agg_dd,gv_charge_amt,ODS,charge_agg_dd,,sum(gv_charge_amt)
ODS,charge_agg_dd,gv_charge_cncl_cnt,ODS,charge_agg_dd,,sum(gv_charge_cncl_cnt)
ODS,charge_agg_dd,gv_charge_cncl_amt,ODS,charge_agg_dd,,sum(gv_charge_cncl_amt)
ODS,charge_agg_dd,nl_charge_cnt,ODS,charge_agg_dd,,sum(nl_charge_cnt)
ODS,charge_agg_dd,nl_charge_amt,ODS,charge_agg_dd,,sum(nl_charge_amt)
ODS,charge_agg_dd,nl_charge_cncl_cnt,ODS,charge_agg_dd,,sum(nl_charge_cncl_cnt)
ODS,charge_agg_dd,nl_charge_cncl_amt,ODS,charge_agg_dd,,sum(nl_charge_cncl_amt)
ODS,charge_agg_dd,pt_charge_cnt,ODS,charge_agg_dd,,sum(pt_charge_cnt)
ODS,charge_agg_dd,pt_charge_amt,ODS,charge_agg_dd,,sum(pt_charge_amt)
ODS,charge_agg_dd,pt_charge_cncl_cnt,ODS,charge_agg_dd,,sum(pt_charge_cncl_cnt)
ODS,charge_agg_dd,pt_charge_cncl_amt,ODS,charge_agg_dd,,sum(pt_charge_cncl_amt)
ODS,charge_agg_dd,pt_pay_cnt,ODS,charge_agg_dd,,sum(pt_pay_cnt)
ODS,charge_agg_dd,pt_pay_amt,ODS,charge_agg_dd,,sum(pt_pay_amt)
ODS,charge_agg_dd,pt_pay_cncl_cnt,ODS,charge_agg_dd,,sum(pt_pay_cncl_cnt)
ODS,charge_agg_dd,pt_pay_cncl_amt,ODS,charge_agg_dd,,sum(pt_pay_cncl_amt)
ODS,chrg_stlm_bydt_agg,t,ODS,chrg_stlm_bydt_agg,,"now() as hdfs_upd_dttm 
from (
    with tr as(
    select *,
    case when pcs_cd_grp_nm = 'S' and bala_icdc_cd = -1 and mti_cd = '0100' then 'SA'
        when (pcs_cd_grp_nm = 'S' and bala_icdc_cd = -1 and mti_cd != '0100') or (pcs_cd = '200800' and mti_cd = '0100') then 'SC'
        when pcs_cd_grp_nm = 'C' and bala_icdc_cd = 1 and mti_cd = '0100' then 'CA'
        when (pcs_cd_grp_nm = 'C' and bala_icdc_cd = 1 and mti_cd != '0100') or (pcs_cd_grp_nm = 'C' and bala_icdc_cd = -1 and mti_cd = '0100') then 'CC' end as type
    from ods.stlm_ods 
    where pcs_cd_grp_nm in ('S', 'C')
    and apv_dt >= cast('${hivevar:bf_dt}' as int) and apv_dt < cast('${hivevar:af_dt}' as int)
    ),
    
    SVC AS (
    SELECT SVC_ID, SVC_AL_TYPE_CD
    FROM KOD.SERVICE
    GROUP BY  SVC_ID, SVC_AL_TYPE_CD),
    
    KA AS (
    select svc_id, rep_ka_id
    from ods.asp_svc_ka_mpng
    group by svc_id, rep_ka_id),
    
    PNT AS (
    select pnt_plcy_type_cd, 
            nr_no,
            mbr_id, 
            svc_id, 
            par_no,
            asp_id, 
            owr_ka_id, 
            apv_dt,
            sex_cd, 
            age, 
            brth_dt, 
            pnt_tran_id,
            type,
            case when pnt_plcy_type_cd in ('01', '03', '04', '06') then 'N' else 'Y' end rwd_yn,
            sum(abs(pnt_tr_amt)) as pnt_tr_amt
    from (
    select 
        case when pnt_tr_type_cd IN ('01', '07', '09','11','13','15','17','20','51','61','63','65','69','70','81') and acum_tr_yn = 'Y' and pnt_plcy_type_cd !='01' then 'CA'
            when pnt_tr_type_cd IN ('01', '09','11','13','15','17','20','51','61','63','65','69','70','81') and acum_tr_yn = 'Y' and pnt_plcy_type_cd ='01' then 'CA' --정책수당(pnt_plcy_type_cd = '01')이면서 구매적립(pnt_tr_type_cd = '07')인 경우는 벌충에 해당되며, 이는 ias_transaction의 bala_use_amt로 쌓이기 때문에 07은 제외
            when pnt_tr_type_cd IN ('01', '04','09','12','14','15','16','18','19','21','31','41','62','64','66','81','91') and acum_tr_yn = 'N' then 'CC'
            when pnt_tr_type_cd = '02' and acum_tr_yn = 'N' then 'SA'
            when pnt_tr_type_cd IN ('02' , '92') and acum_tr_yn = 'N' then 'SC' end type,
            pnt_tr_amt, 
            pnt_plcy_type_cd, 
            nr_no,
            mbr_id, 
            svc_id, 
            par_no,
            asp_id, 
            owr_ka_id, 
            apv_dt,
            sex_cd, 
            age, 
            brth_dt, 
            pnt_tran_id
    FROM ODS.charge_ods
    where apv_dt >= cast('${hivevar:bf_dt}' as int) and apv_dt < cast('${hivevar:af_dt}' as int)) as t
    where t.type is not null
    group by type,
            pnt_plcy_type_cd, 
            nr_no,
            mbr_id, 
            svc_id, 
            par_no,
            asp_id, 
            owr_ka_id, 
            apv_dt,
            sex_cd, 
            age, 
            brth_dt, 
            pnt_tran_id,
            case when pnt_plcy_type_cd in ('01', '03', '04', '06') then 'N' else 'Y' end
    ),
    
    NR_PNT as (
    select apv_dt, type, nr_no, 
    nvl(sum(case when type in ('SA', 'SC') and rwd_yn = 'Y' then abs(pnt_tr_amt) end),0) as use_rwd_pnt_amt,
    nvl(sum(case when type in ('SA', 'SC') and rwd_yn = 'N' then abs(pnt_tr_amt) end),0) as use_adm_pnt_amt,
    nvl(sum(case when type in ('CA', 'CC') and rwd_yn = 'Y' then abs(pnt_tr_amt) end),0) as rv_rwd_pnt_amt,
    nvl(sum(case when type in ('CA', 'CC') and rwd_yn = 'N' then abs(pnt_tr_amt) end),0) as rv_adm_pnt_amt
    from PNT
    where nr_no != ''
    group by apv_dt, type, nr_no)

    select A.apv_dt, 
        A.type as stlm_chrg_apv_cd,
        A.svc_al_type_cd,
        A.par_no, 
        A.asp_id,
        A.owr_ka_id,
        A.svc_id,
        A.mbr_id, 
        A.sex_cd,
        A.brth_ym,
        A.age,
        nvl(sum(A.gm_tr_amt), 0) as tot_amt,
        nvl(sum(A.bala_use_amt), 0) as bala_amt,
        nvl(sum(b.use_rwd_pnt_amt), 0) as use_rwd_pnt_amt,
        nvl(sum(b.use_adm_pnt_amt), 0) as use_adm_pnt_amt,
        nvl(sum(A.dc_amt), 0) as dc_amt,
        nvl(sum(A.imd_dc_amt), 0) as imd_dc_amt,
        nvl(sum(A.cpn_dc_amt), 0) as cpn_dc_amt,
        nvl(sum(b.rv_rwd_pnt_amt) , 0) AS rv_rwd_pnt_amt,
        nvl(sum(b.rv_adm_pnt_amt) , 0) AS rv_adm_pnt_amt,
        sum(case when A.gm_tr_amt != 0 then 1 else 0 end) as tot_cnt,
        sum(case when A.bala_use_amt != 0 then 1 else 0 end) as bala_cnt,
        sum(case when b.use_rwd_pnt_amt !=0 then 1 else 0 end) as use_rwd_pnt_cnt,
        sum(case when b.use_adm_pnt_amt !=0 then 1 else 0 end) as use_adm_pnt_cnt,
        sum(case when A.dc_amt !=0 then 1 else 0 end) as dc_cnt,
        sum(case when A.imd_dc_amt !=0 then 1 else 0 end) as imd_dc_cnt,
        sum(case when A.cpn_dc_amt != 0 then 1 else 0 end) as cpn_dc_cnt,
        sum(case when b.rv_rwd_pnt_amt !=0 then 1 else 0 end) as rv_rwd_pnt_cnt,
        sum(case when b.rv_adm_pnt_amt !=0 then 1 else 0 end) as rv_adm_pnt_cnt
    from tr AS A
    LEFT JOIN NR_PNT AS B ON A.APV_DT = B.APV_DT AND A.NR_NO = B.NR_NO
    group by A.apv_dt, 
        A.type,
        A.svc_al_type_cd,
        A.par_no, 
        A.asp_id,
        A.owr_ka_id,
        A.svc_id,
        A.mbr_id, 
        A.sex_cd,
        A.brth_ym,
        A.age

UNION ALL

     select A.apv_dt, 
        A.type,
        case when B.svc_al_type_cd is null then 'NONE' else B.svc_al_type_cd end as svc_al_type_cd,
        A.par_no, 
        A.asp_id,
        case when c.rep_ka_id is null then '' else c.rep_ka_id end as owr_ka_id,
        A.svc_id,
        A.mbr_id, 
        A.sex_cd,
        CAST(A.brth_DT AS DOUBLE),
        case when a.brth_dt is null then null else A.age end,
        a.pnt_tr_amt as tot_amt,
        0 as bala_amt,
        0 as USE_crd_pnt_amt,
        0 as USE_user_pnt_amt,
        0 as dc_amt,
        0 as imd_dc_amt,
        0 as cpn_dc_amt,
        case when a.rwd_yn = 'Y' then a.pnt_tr_amt else 0 end as rv_rwd_pnt_amt,
        case when a.rwd_yn = 'N' then a.pnt_tr_amt else 0 end as rv_adm_pnt_amt,
        sum(case when a.pnt_tr_amt != 0 then 1 else 0 end) as tot_cnt,
        0 as bala_cnt,
        0 as crd_pnt_cnt,
        0 as user_pnt_cnt,
        0 as dc_cnt,
        0 as imd_dc_cnt,
        0 as cpn_dc_cnt,
        sum(case when a.rwd_yn = 'Y' and a.pnt_tr_amt != 0 then 1 else 0 end) as rv_rwd_pnt_cnt,
        sum(case when a.rwd_yn = 'N' and a.pnt_tr_amt != 0 then 1 else 0 end) as rv_adm_pnt_cnt
    FROM PNT as A
    LEFT JOIN SVC AS B ON A.SVC_ID = B.SVC_ID
    LEFT JOIN KA AS C ON A.SVC_ID = C.SVC_ID
    where a.nr_no = ''
    and a.type in ('CA', 'CC')
    GROUP BY A.apv_dt, 
        a.pnt_tr_amt,
        case when B.svc_al_type_cd is null then 'NONE' else B.svc_al_type_cd end,
        A.par_no, 
        A.asp_id,
        c.rep_ka_id,
        A.svc_id,
        A.mbr_id, 
        A.sex_cd,
        A.brth_DT,
        A.age,
        A.type,
        case when a.rwd_yn = 'Y' then a.pnt_tr_amt else 0 end,
        case when a.rwd_yn = 'N' then a.pnt_tr_amt else 0 end
        )"
ODS,chtbt_conv_occr_ps_bymm_agg,bfm_conv_cnt,ODS,chtbt_conv_occr_ps_bymm_agg,,cast(lm.conv_cnt as int)
ODS,chtbt_conv_occr_ps_bymm_agg,bfm_pstv_fdbk_cnt,ODS,chtbt_conv_occr_ps_bymm_agg,,cast(lm.pstv_fdbk_cnt as int)
ODS,chtbt_iqy_kwd_bydt_agg,asp_id,ODS,chtbt_iqy_kwd_bydt_agg,,'전체'
ODS,chtbt_rgl_conv_bydt_agg,asp_id,ODS,chtbt_rgl_conv_bydt_agg,,'전체'
ODS,crd_xp_ods,sex_cd,ODS,crd_xp_ods,,CASE WHEN mbr.sex_cd = '' THEN NULL ELSE mbr.sex_cd END
ODS,crd_xp_ods,keep_mcnt,ODS,crd_xp_ods,,"nvl(keep_mcnt, 0)"
ODS,crd_xp_ods,chrg_mcnt,ODS,crd_xp_ods,,"nvl(chrg_mcnt, 0)"
ODS,crd_xp_ods,stlm_mcnt,ODS,crd_xp_ods,,"nvl(stlm_mcnt, 0)"
ODS,crd_xp_ods,acum_chrg_cnt,ODS,crd_xp_ods,,"nvl(acum_chrg_cnt, 0)"
ODS,crd_xp_ods,acum_stlm_cnt,ODS,crd_xp_ods,,"nvl(acum_stlm_cnt, 0)"
ODS,crd_xp_ods,chrg_mcnt_rate,ODS,crd_xp_ods,,"nvl(chrg_mcnt / keep_mcnt * 100, 0)"
ODS,crd_xp_ods,stlm_mcnt_rate,ODS,crd_xp_ods,,"nvl(stlm_mcnt / keep_mcnt * 100, 0)"
ODS,crd_xp_ods,mm_av_chrg_cnt,ODS,crd_xp_ods,,"nvl(acum_chrg_cnt / chrg_mcnt, 0)"
ODS,crd_xp_ods,mm_av_stlm_cnt,ODS,crd_xp_ods,,"nvl(acum_stlm_cnt / stlm_mcnt, 0)"
ODS,crd_xp_ods,last_chrg_dt,ODS,crd_xp_ods,,"nvl(cast(last_chrg_dt as int), 0)"
ODS,crd_xp_ods,last_stlm_dt,ODS,crd_xp_ods,,"nvl(cast(last_stlm_dt as int), 0)"
ODS,DLVR_MC_PMON_AGG2,pt_cre_ym,ODS,DLVR_MC_PMON_AGG2,,"now() AS hdfs_upd_dttm
FROM (
--누적배달가맹점수(dlvr_mc)
WITH dlvr_mc AS (
SELECT
   a.ordr_dttm,a.asp_id,a.ka_id,a.dlvr_shop_id
   , a.dlvr_ctg_nm 
FROM ods.dlvr_ods2 a
WHERE 1=1
AND a.ordr_st_sub_cd = 'OK'    
AND pt_cre_dt <= from_timestamp(add_months(to_timestamp('${hivevar:bf_dt}', 'yyyyMMdd'), 1), 'yyyyMM')  
)

, acum_dlvr_mc AS(
SELECT
    c.asp_nm,b.ka_nm,a.dlvr_ctg_nm
    , COUNT(distinct(a.dlvr_shop_id)) AS tot_mc_cnt
FROM dlvr_mc a
INNER JOIN (
SELECT rep_ka_id AS ka_id, rep_ka_nm AS ka_nm 
FROM ods.asp_svc_ka_mpng
WHERE asp_id IN ('000137000000000','000139000000000','000142000000000')
GROUP BY rep_ka_id, rep_ka_nm
) B ON a.ka_id = b.ka_id    
INNER JOIN (
SELECT asp_id, asp_nm
FROM ods.asp_svc_ka_mpng
WHERE asp_id IN ('000137000000000','000139000000000','000142000000000')
GROUP BY asp_id, asp_nm
) C ON c.asp_id = a.asp_id  
GROUP BY c.asp_nm,b.ka_nm,a.dlvr_ctg_nm
)
, acum_dlvr_mc_prps AS (   
--ordr_ym추가 위함
SELECT
    SUBSTR('${hivevar:bf_dt}',1,6) AS pt_cre_ym
    , asp_nm,ka_nm,dlvr_ctg_nm, tot_mc_cnt
FROM acum_dlvr_mc
) 
SELECT
    pt_cre_ym,asp_nm,ka_nm,dlvr_ctg_nm
    ,CONCAT(SUBSTR(pt_cre_ym, 1,4),""년 "",SUBSTR(pt_cre_ym, 5,2),'월') AS ordr_ym
    ,tot_mc_cnt    
FROM  acum_dlvr_mc_prps   
) F
;
;


UPSERT INTO TABLE ODS.DLVR_MC_PMON_AGG2
(pt_cre_ym,asp_nm,ka_nm,dlvr_ctg_nm,ordr_ym,
bfm_mbr_cnt,bfm_mc_cnt,bfm_apv_ccnt,bfm_dc_ccnt,bfm_mc_dc_ccnt,
bfm_cpn_dc_ccnt,bfm_bala_use_ccnt,bfm_pnt_ccnt,bfm_bala_use_amt,bfm_dc_amt,
bfm_mc_dc_amt,bfm_cpn_dc_amt,bfm_tr_user_pnt_amt,bfm_tr_crd_pnt_amt,bfm_tot_mc_cnt,hdfs_upd_dttm)

--전월수(bfm)
SELECT
    SUBSTR('${hivevar:bf_dt}',1,6)"
ODS,DLVR_MC_PMON_AGG2,ordr_ym,ODS,DLVR_MC_PMON_AGG2,,"CONCAT(SUBSTR('${hivevar:bf_dt}', 1,4),""년 "",SUBSTR('${hivevar:bf_dt}', 5,2),'월')"
ODS,DLVR_MC_PMON_AGG2,bfm_mbr_cnt,ODS,DLVR_MC_PMON_AGG2,mbr_cnt,
ODS,DLVR_MC_PMON_AGG2,bfm_mc_cnt,ODS,DLVR_MC_PMON_AGG2,mc_cnt,
ODS,DLVR_MC_PMON_AGG2,bfm_apv_ccnt,ODS,DLVR_MC_PMON_AGG2,apv_ccnt,
ODS,DLVR_MC_PMON_AGG2,bfm_dc_ccnt,ODS,DLVR_MC_PMON_AGG2,dc_ccnt,
ODS,DLVR_MC_PMON_AGG2,bfm_mc_dc_ccnt,ODS,DLVR_MC_PMON_AGG2,mc_dc_ccnt,
ODS,DLVR_MC_PMON_AGG2,bfm_cpn_dc_ccnt,ODS,DLVR_MC_PMON_AGG2,cpn_dc_ccnt,
ODS,DLVR_MC_PMON_AGG2,bfm_bala_use_ccnt,ODS,DLVR_MC_PMON_AGG2,bala_use_ccnt,
ODS,DLVR_MC_PMON_AGG2,bfm_pnt_ccnt,ODS,DLVR_MC_PMON_AGG2,pnt_ccnt,
ODS,DLVR_MC_PMON_AGG2,bfm_bala_use_amt,ODS,DLVR_MC_PMON_AGG2,bala_use_amt,
ODS,DLVR_MC_PMON_AGG2,bfm_dc_amt,ODS,DLVR_MC_PMON_AGG2,dc_amt,
ODS,DLVR_MC_PMON_AGG2,bfm_mc_dc_amt,ODS,DLVR_MC_PMON_AGG2,mc_dc_amt,
ODS,DLVR_MC_PMON_AGG2,bfm_cpn_dc_amt,ODS,DLVR_MC_PMON_AGG2,cpn_dc_amt,
ODS,DLVR_MC_PMON_AGG2,bfm_tr_user_pnt_amt,ODS,DLVR_MC_PMON_AGG2,tr_user_pnt_amt,
ODS,DLVR_MC_PMON_AGG2,bfm_tr_crd_pnt_amt,ODS,DLVR_MC_PMON_AGG2,tr_crd_pnt_amt,
ODS,DLVR_MC_PMON_AGG2,bfm_tot_mc_cnt,ODS,DLVR_MC_PMON_AGG2,tot_mc_cnt,
ODS,dlvr_svc_dtl_pmon_agg2,pt_cre_ym,ODS,dlvr_svc_dtl_pmon_agg2,,"now() AS hdfs_upd_dttm
FROM
(
WITH dlvr_prpc1 AS (
-- ordr_dttm : 요일/시/분 분리, dlvr_ctg_nm추가   
SELECT 
    CAST(od.ordr_dttm AS STRING FORMAT 'yyyyMM') AS pt_cre_ym
    , od.pt_cre_DT, od.asp_id, od.ka_id, od.sex_cd, od.brth_dt
    , DAYOFWEEK(od.ordr_dttm) AS ordr_day_cd --요일	
    , CAST(od.ordr_dttm AS STRING FORMAT 'HH24') AS ordr_tm--시
--  , MINUTE(od.ordr_dttm) AS ordr_MIN
    , od.dlvr_ctg_nm
    , od.ecf_ctn_use_yn, od.mbr_id, od.gm_tr_amt, od.bala_use_amt, od.dc_amt
    , od.mc_dc_amt, od.cpn_dc_amt, od.tr_svfe, od.tr_user_pnt_amt, od.tr_crd_pnt_amt
    , od.fee, od.ordr_st_sub_cd, od.ordr_type_cd, od.dlvr_ordr_id
FROM ods.dlvr_ods2 od
WHERE 1=1
AND pt_cre_dt >= CONCAT(SUBSTR('${hivevar:bf_dt}',1,6),'01')
AND pt_cre_dt < from_timestamp(MONTHS_SUB(to_timestamp(CONCAT(SUBSTR('${hivevar:bf_dt}',1,6),'01'),'yyyyMMdd'), -1), 'yyyyMMdd')
AND ordr_st_sub_cd = 'OK'
)   
, dlvr_prpc2 AS (
-- ordr_tm : GROUPING(새벽, 아침 등), brth_dt : age → ageg_cd(연령대)
SELECT 
    p.pt_cre_ym,p.pt_cre_dt,p.ka_id,p.sex_cd,p.ordr_day_cd
    , p.ordr_type_cd, p.dlvr_ctg_nm, p.ecf_ctn_use_yn,p.mbr_id,p.gm_tr_amt
    , p.bala_use_amt,p.dc_amt, p.mc_dc_amt, p.cpn_dc_amt, p.tr_svfe
    , p.tr_user_pnt_amt, p.tr_crd_pnt_amt, p.fee, p.ordr_st_sub_cd, p.asp_id, p.dlvr_ordr_id, p.ordr_tm_dv_cdnm
    ,CASE
		WHEN p.fage BETWEEN 14 AND 19 THEN '10대'
		WHEN p.fage BETWEEN 20 AND 29 THEN '20대'
		WHEN p.fage BETWEEN 30 AND 39 THEN '30대'
		WHEN p.fage BETWEEN 40 AND 49 THEN '40대'
		WHEN p.fage BETWEEN 50 AND 59 THEN '50대'
		WHEN p.fage BETWEEN 60 AND 69 THEN '60대'
		WHEN p.fage BETWEEN 70 AND 79 THEN '70대'
		WHEN p.fage >= 80 THEN'80대 이상'
		ELSE 'UNKNOWN'
	END AS ageg_cd  
FROM (    
SELECT
    pt_cre_ym,pt_cre_dt,ka_id,sex_cd,ordr_day_cd
    , ordr_type_cd, dlvr_ctg_nm, ecf_ctn_use_yn,mbr_id,gm_tr_amt
    , bala_use_amt,dc_amt, mc_dc_amt, cpn_dc_amt, tr_svfe
    , tr_user_pnt_amt, tr_crd_pnt_amt, fee, ordr_st_sub_cd, asp_id, dlvr_ordr_id
    , CASE
        WHEN ordr_tm BETWEEN '02' AND '05' THEN '새벽'
        WHEN ordr_tm BETWEEN '06' AND '10' THEN '아침'
        WHEN ordr_tm BETWEEN '11' AND '14' THEN '점심'
        WHEN ordr_tm BETWEEN '15' AND '16' THEN '간식'
        WHEN ordr_tm BETWEEN '17' AND '20' THEN '저녁'
        WHEN ordr_tm >= '21' OR ordr_tm < '02' THEN '야식'
        ELSE 'Unknown' 
    END AS ordr_tm_dv_cdnm
    , CASE WHEN brth_dt != 0 THEN cast(substr(cast(pt_cre_ym AS string), 1, 4) as double) - cast(brth_dt as double)
           ELSE 0 END AS fage
FROM dlvr_prpc1 ) p    
)
, dlvr_agg AS (
SELECT
    pt_cre_ym,asp_id,ka_id,sex_cd,ordr_day_cd
    ,ordr_tm_dv_cdnm,ordr_type_cd,dlvr_ctg_nm,ecf_ctn_use_yn,ageg_cd
    , COUNT(DISTINCT(mbr_id)) AS mbr_cnt
	, SUM(gm_tr_amt) AS gm_tr_amt
	, SUM(bala_use_amt) AS bala_use_amt
	, SUM(dc_amt) AS dc_amt
	, SUM(mc_dc_amt) AS mc_dc_amt
	, SUM(cpn_dc_amt) AS cpn_dc_amt
	, SUM(tr_svfe) AS tr_svfe
	, SUM(tr_user_pnt_amt) AS tr_user_pnt_amt
	, SUM(tr_crd_pnt_amt) AS tr_crd_pnt_amt
	, SUM(fee) AS fee
    , COUNT(dlvr_ordr_id) AS apv_ccnt
    , SUM(CASE WHEN bala_use_amt != 0 THEN 1 ELSE 0 END) AS bala_use_ccnt
	, SUM(CASE 
            WHEN mc_dc_amt > 0 AND cpn_dc_amt > 0 THEN 2
            WHEN mc_dc_amt > 0 OR cpn_dc_amt > 0 THEN 1
            ELSE 0
          END) AS dc_ccnt
	, SUM(CASE WHEN mc_dc_amt > 0 THEN 1 ELSE 0 END) AS mc_dc_ccnt
	, SUM(CASE WHEN cpn_dc_amt > 0 THEN 1 ELSE 0 END) AS cpn_dc_ccnt
    , SUM(CASE WHEN tr_user_pnt_amt = 0 AND tr_crd_pnt_amt = 0 THEN 0 ELSE 1 END) AS pnt_ccnt
FROM dlvr_prpc2   
WHERE 1=1
AND ordr_st_sub_cd = 'OK'
GROUP BY  pt_cre_ym,asp_id,ka_id,sex_cd,ordr_day_cd
          ,ordr_tm_dv_cdnm,ordr_type_cd,dlvr_ctg_nm,ecf_ctn_use_yn,ageg_cd 
) 
--dlvr_agg_prpc : asp_id, ka_id, sex_cd, ageg_cd, ordr_day_cd, ecf_ctn_use_yn
SELECT
    a.pt_cre_ym, c.asp_nm, b.ka_nm
    , CASE WHEN a.sex_cd = '1' THEN '남성' WHEN a.sex_cd = '2' THEN '여성' ELSE 'UNKNOWN' END AS sex_cdnm
    , a.ageg_cd
    , CASE 
		WHEN A.ordr_day_cd = 1 THEN '일'
		WHEN A.ordr_day_cd = 2 THEN '월'
		WHEN A.ordr_day_cd = 3 THEN '화'
		WHEN A.ordr_day_cd = 4 THEN '수'
		WHEN A.ordr_day_cd = 5 THEN '목'
		WHEN A.ordr_day_cd = 6 THEN '금'
		WHEN A.ordr_day_cd = 7 THEN '토'
		ELSE 'Unknown'
	END AS ordr_day_cdnm
    , a.ordr_type_cd
    , a.ordr_tm_dv_cdnm
    , a.dlvr_ctg_nm
    , CASE 
		WHEN A.ecf_ctn_use_yn = '0' THEN 'N'
		WHEN A.ecf_ctn_use_yn = '1' THEN 'Y' 
 		ELSE 'Unknown'
	END AS ecf_ctn_use_yn
    , CONCAT(SUBSTR(a.pt_cre_ym, 1,4),""년 "",SUBSTR(a.pt_cre_ym, 5,2),'월') AS ordr_ym
    , a.mbr_cnt, a.gm_tr_amt, a.bala_use_amt, a.dc_amt, a.mc_dc_amt
    , a.cpn_dc_amt, a.tr_svfe, a.tr_user_pnt_amt, a.tr_crd_pnt_amt, a.fee
    , a.apv_ccnt, a.dc_ccnt, a.mc_dc_ccnt, a.cpn_dc_ccnt ,a.bala_use_ccnt
    , a.pnt_ccnt
FROM dlvr_agg A
INNER JOIN (
SELECT rep_ka_id AS ka_id, rep_ka_nm AS ka_nm 
FROM ods.asp_svc_ka_mpng
WHERE asp_id IN ('000137000000000','000139000000000','000142000000000')
GROUP BY rep_ka_id, rep_ka_nm
) B ON a.ka_id = b.ka_id    
INNER JOIN (
SELECT asp_id, asp_nm
FROM ods.asp_svc_ka_mpng
WHERE asp_id IN ('000137000000000','000139000000000','000142000000000')
GROUP BY asp_id, asp_nm
) C ON c.asp_id = a.asp_id  
) F
;
;

UPSERT INTO TABLE ods.dlvr_svc_dtl_pmon_agg2
(pt_cre_ym,asp_nm,ka_nm,sex_cdnm,ageg_cd,
ordr_day_cdnm,ordr_tm_dv_cdnm,ecf_ctn_use_yn,ordr_type_cd,dlvr_ctg_nm,
ordr_ym,bfm_mbr_cnt,bfm_apv_ccnt,bfm_dc_ccnt,bfm_mc_dc_ccnt,
bfm_cpn_dc_ccnt,bfm_bala_use_ccnt,bfm_pnt_ccnt,bfm_gm_tr_amt,bfm_bala_use_amt,
bfm_dc_amt,bfm_mc_dc_amt,bfm_cpn_dc_amt,bfm_tr_svfe,bfm_tr_user_pnt_amt,
bfm_tr_crd_pnt_amt,bfm_fee,hdfs_upd_dttm
)

--이전월(bfm)
SELECT
    SUBSTR('${hivevar:bf_dt}',1,6)"
ODS,dlvr_svc_dtl_pmon_agg2,ordr_ym,ODS,dlvr_svc_dtl_pmon_agg2,,"CONCAT(SUBSTR('${hivevar:bf_dt}', 1,4),""년 "",SUBSTR('${hivevar:bf_dt}', 5,2),'월')"
ODS,dlvr_svc_dtl_pmon_agg2,bfm_mbr_cnt,ODS,dlvr_svc_dtl_pmon_agg2,mbr_cnt,
ODS,dlvr_svc_dtl_pmon_agg2,bfm_apv_ccnt,ODS,dlvr_svc_dtl_pmon_agg2,apv_ccnt,
ODS,dlvr_svc_dtl_pmon_agg2,bfm_dc_ccnt,ODS,dlvr_svc_dtl_pmon_agg2,dc_ccnt,
ODS,dlvr_svc_dtl_pmon_agg2,bfm_mc_dc_ccnt,ODS,dlvr_svc_dtl_pmon_agg2,mc_dc_ccnt,
ODS,dlvr_svc_dtl_pmon_agg2,bfm_cpn_dc_ccnt,ODS,dlvr_svc_dtl_pmon_agg2,cpn_dc_ccnt,
ODS,dlvr_svc_dtl_pmon_agg2,bfm_bala_use_ccnt,ODS,dlvr_svc_dtl_pmon_agg2,bala_use_ccnt,
ODS,dlvr_svc_dtl_pmon_agg2,bfm_pnt_ccnt,ODS,dlvr_svc_dtl_pmon_agg2,pnt_ccnt,
ODS,dlvr_svc_dtl_pmon_agg2,bfm_gm_tr_amt,ODS,dlvr_svc_dtl_pmon_agg2,gm_tr_amt,
ODS,dlvr_svc_dtl_pmon_agg2,bfm_bala_use_amt,ODS,dlvr_svc_dtl_pmon_agg2,bala_use_amt,
ODS,dlvr_svc_dtl_pmon_agg2,bfm_dc_amt,ODS,dlvr_svc_dtl_pmon_agg2,dc_amt,
ODS,dlvr_svc_dtl_pmon_agg2,bfm_mc_dc_amt,ODS,dlvr_svc_dtl_pmon_agg2,mc_dc_amt,
ODS,dlvr_svc_dtl_pmon_agg2,bfm_cpn_dc_amt,ODS,dlvr_svc_dtl_pmon_agg2,cpn_dc_amt,
ODS,dlvr_svc_dtl_pmon_agg2,bfm_tr_svfe,ODS,dlvr_svc_dtl_pmon_agg2,tr_svfe,
ODS,dlvr_svc_dtl_pmon_agg2,bfm_tr_user_pnt_amt,ODS,dlvr_svc_dtl_pmon_agg2,tr_user_pnt_amt,
ODS,dlvr_svc_dtl_pmon_agg2,bfm_tr_crd_pnt_amt,ODS,dlvr_svc_dtl_pmon_agg2,tr_crd_pnt_amt,
ODS,dlvr_svc_dtl_pmon_agg2,bfm_fee,ODS,dlvr_svc_dtl_pmon_agg2,fee,
ODS,dlvr_svc_mbr_pmon_agg2,ordr_ym,ODS,dlvr_svc_mbr_pmon_agg2,,"CONCAT(SUBSTR(pt_cre_ym, 1,4),""년 "",SUBSTR(pt_cre_ym, 5,2),'월')"
ODS,dlvr_svc_mbr_pmon_agg2,pt_cre_ym,ODS,dlvr_svc_mbr_pmon_agg2,,"now() AS hdfs_upd_dttm
FROM
(
WITH UNION_ALL AS (
--CCNT + AMT + MBR_CNT(KA_ID)
--ccnt : ordr_st_sub_cd IN ('OK','CANCEL_AUTO','CANCEL_MANUAL','CANCEL_WALLET','CANCEL_CRM','FAIL')
SELECT
    CAST(od.ordr_dttm AS STRING FORMAT 'yyyyMM') AS pt_cre_ym
    , od.asp_id, od.ka_id, od.sex_cd, od.brth_dt
    , 0 AS fst_ordr_mbr_cnt, 0 AS mbr_cnt, 0 AS tot_mbr_cnt, 0 AS gm_tr_amt, 0 AS bala_use_amt
	, 0 AS dc_amt, 0 AS mc_dc_amt, 0 AS cpn_dc_amt, 0 AS tr_svfe, 0 AS tr_user_pnt_amt
	, 0 AS tr_crd_pnt_amt, 0 AS fee
    , SUM(CASE WHEN ordr_st_sub_cd = 'OK' THEN 1 ELSE 0 END) AS APV_CCNT 
	, SUM(CASE 
            WHEN mc_dc_amt > 0 AND cpn_dc_amt > 0 THEN 2
            WHEN mc_dc_amt > 0 OR cpn_dc_amt > 0 THEN 1
            ELSE 0
           END) AS dc_ccnt
	, SUM(CASE WHEN mc_dc_amt > 0 THEN 1 ELSE 0 END) AS mc_dc_ccnt
	, SUM(CASE WHEN cpn_dc_amt > 0 THEN 1 ELSE 0 END) AS cpn_dc_ccnt
	, SUM(CASE WHEN ordr_st_sub_cd = 'CANCEL_AUTO' THEN 1 ELSE 0 END) AS AUTO_CNCL_CCNT
	, SUM(CASE WHEN ordr_st_sub_cd = 'CANCEL_MANUAL' THEN 1 ELSE 0 END) AS MC_CNCL_CCNT
	, SUM(CASE WHEN ordr_st_sub_cd = 'CANCEL_WALLET' THEN 1 ELSE 0 END) AS MBR_CNCL_CCNT
	, SUM(CASE WHEN ordr_st_sub_cd = 'CANCEL_CRM' THEN 1 ELSE 0 END) AS CTC_CNCL_CCNT
	, SUM(CASE WHEN ordr_st_sub_cd = 'FAIL' THEN 1 ELSE 0 END) AS FAIL_CNCL_CCNT
FROM ods.dlvr_ods2 AS od
WHERE 1=1    
AND od.pt_cre_dt >= CONCAT(SUBSTR('${hivevar:bf_dt}',1,6), '01')
AND od.pt_cre_dt < cast(MONTHS_SUB(to_timestamp(CONCAT(SUBSTR('${hivevar:bf_dt}',1,6),'01'),'yyyyMMdd'), -1) as string format 'yyyyMMdd')
GROUP BY pt_cre_ym, od.asp_id, od.ka_id, od.sex_cd, od.brth_dt

UNION ALL 

--amt : ordr_st_sub_cd = 'OK'& fst_ordr_mbr_cnt 
SELECT
    CAST(od.ordr_dttm AS STRING FORMAT 'yyyyMM') AS pt_cre_ym
    , od.asp_id, od.ka_id, od.sex_cd, od.brth_dt
    , 0 AS fst_ordr_mbr_cnt	
    , COUNT(DISTINCT(mbr_id)) AS mbr_cnt
    , 0 AS tot_mbr_cnt
    , SUM(od.gm_tr_amt) AS gm_tr_amt, SUM(od.bala_use_amt) AS bala_use_amt
	, SUM(od.dc_amt) AS dc_amt, SUM(od.mc_dc_amt) AS mc_dc_amt
	, SUM(od.cpn_dc_amt) AS cpn_dc_amt, SUM(od.tr_svfe) AS tr_svfe
	, SUM(od.tr_user_pnt_amt) AS tr_user_pnt_amt, SUM(od.tr_crd_pnt_amt) AS tr_crd_pnt_amt
	, SUM(od.fee) AS fee
    , 0 AS APV_CCNT, 0 AS dc_ccnt, 0 AS mc_dc_ccnt, 0 AS cpn_dc_ccnt, 0 AS AUTO_CNCL_CCNT
    , 0 AS MC_CNCL_CCNT, 0 AS MBR_CNCL_CCNT, 0 AS CTC_CNCL_CCNT, 0 AS FAIL_CNCL_CCNT
FROM ods.dlvr_ods2 AS od
WHERE 1=1  
AND od.pt_cre_dt >= CONCAT(SUBSTR('${hivevar:bf_dt}',1,6), '01')
AND od.pt_cre_dt < cast(MONTHS_SUB(to_timestamp(CONCAT(SUBSTR('${hivevar:bf_dt}',1,6),'01'),'yyyyMMdd'), -1) as string format 'yyyyMMdd')
AND ordr_st_sub_cd = 'OK'
GROUP BY pt_cre_ym, od.asp_id, od.ka_id, od.sex_cd, od.brth_dt    
    
UNION ALL 

--amt : ordr_st_sub_cd = 'OK'& fst_ordr_mbr_cnt 
SELECT
    CAST(od.ordr_dttm AS STRING FORMAT 'yyyyMM') AS pt_cre_ym
    , od.asp_id, od.ka_id, od.sex_cd, od.brth_dt
    , CAST(COUNT(DISTINCT(od.mbr_id)) AS bigint) AS fst_ordr_mbr_cnt
    , 0 AS mbr_cnt, 0 AS tot_mbr_cnt, 0 AS gm_tr_amt, 0 AS bala_use_amt, 0 AS dc_amt
	, 0 AS mc_dc_amt, 0 AS cpn_dc_amt, 0 AS tr_svfe, 0 AS tr_user_pnt_amt, 0 AS tr_crd_pnt_amt
	, 0 AS fee, 0 AS APV_CCNT, 0 AS dc_ccnt, 0 AS mc_dc_ccnt, 0 AS cpn_dc_ccnt
	, 0 AS AUTO_CNCL_CCNT, 0 AS MC_CNCL_CCNT, 0 AS MBR_CNCL_CCNT, 0 AS CTC_CNCL_CCNT, 0 AS FAIL_CNCL_CCNT
FROM ods.dlvr_ods2 AS od
WHERE 1=1
AND od.pt_cre_dt >= CONCAT(SUBSTR('${hivevar:bf_dt}',1,6), '01')
AND od.pt_cre_dt  < cast(MONTHS_SUB(to_timestamp(CONCAT(SUBSTR('${hivevar:bf_dt}',1,6),'01'),'yyyyMMdd'), -1) as string format 'yyyyMMdd')
AND fst_ordr_dttm IS NOT NULL
AND od.ordr_st_sub_cd = 'OK'
GROUP BY pt_cre_ym, od.asp_id, od.ka_id, od.sex_cd, od.brth_dt 

UNION ALL 
--KA기준 MBR_CNT

SELECT
    SUBSTR('${hivevar:bf_dt}',1,6) AS pt_cre_ym
    , m.asp_id, m.ka_id, m.sex_cd, m.brth_dt
    , 0 AS fst_ordr_mbr_cnt	
	, 0 AS mbr_cnt
    , COUNT(m.mbr_id) AS tot_mbr_cnt
    , 0 AS gm_tr_amt
	, 0 AS bala_use_amt
	, 0 AS dc_amt
	, 0 AS mc_dc_amt
	, 0 AS cpn_dc_amt
	, 0 AS tr_svfe
	, 0 AS tr_user_pnt_amt
	, 0 AS tr_crd_pnt_amt
	, 0 AS fee
	, 0 AS APV_CCNT 
	, 0 AS dc_ccnt
	, 0 AS mc_dc_ccnt
	, 0 AS cpn_dc_ccnt
	, 0 AS AUTO_CNCL_CCNT 
	, 0 AS MC_CNCL_CCNT 
	, 0 AS MBR_CNCL_CCNT 
	, 0 AS CTC_CNCL_CCNT 
	, 0 AS FAIL_CNCL_CCNT 
FROM(
SELECT
cp.mbr_id, cp.asp_id,ks.ka_id, wu.sex_cd, CAST(wu.brth_dt AS DOUBLE) AS brth_dt
FROM cms.pan_info cp
LEFT JOIN (
    SELECT ks.asp_id, ks.rep_ka_id AS ka_id, ks.svc_id
    FROM kod.service ks 
    LEFT JOIN kod.contract kc ON ks.rep_ka_id = kc.ptn_id
    WHERE kc.role_cd = 'KA'
    ) KS ON ks.svc_id = cp.svc_id
LEFT JOIN (SELECT mbr_id, brth_dt, sex_cd FROM mapk.wallet_user) wu ON wu.mbr_id = cp.mbr_id 
WHERE 1=1
AND CAST(cp.sys_cre_dttm AS STRING FORMAT 'yyyyMM') <= SUBSTR('${hivevar:bf_dt}',1,6)
) m
GROUP BY pt_cre_ym, m.asp_id, m.ka_id, m.sex_cd, m.brth_dt
)
, union_sum AS (
SELECT
    pt_cre_ym, asp_id, ka_id, sex_cd, brth_dt
    , SUM(fst_ordr_mbr_cnt) AS fst_ordr_mbr_cnt, SUM(mbr_cnt) AS mbr_cnt
    , SUM(tot_mbr_cnt) AS tot_mbr_cnt, SUM(gm_tr_amt) AS gm_tr_amt
    , SUM(bala_use_amt) AS bala_use_amt, SUM(dc_amt) AS dc_amt
    , SUM(mc_dc_amt) AS mc_dc_amt, SUM(cpn_dc_amt) AS cpn_dc_amt
    , SUM(tr_svfe) AS tr_svfe, SUM(tr_user_pnt_amt) AS tr_user_pnt_amt
    , SUM(tr_crd_pnt_amt) AS tr_crd_pnt_amt, SUM(fee) AS fee
    , SUM(apv_ccnt+auto_cncl_ccnt+mc_cncl_ccnt+mbr_cncl_ccnt+ctc_cncl_ccnt+FAIL_CNCL_CCNT) AS tot_ccnt
    , SUM(apv_ccnt) AS apv_ccnt , SUM(dc_ccnt) AS dc_ccnt
    , SUM(mc_dc_ccnt) AS mc_dc_ccnt, SUM(cpn_dc_ccnt) AS cpn_dc_ccnt
    , SUM(CASE WHEN bala_use_amt != 0 THEN 1 ELSE 0 END) AS bala_use_ccnt
    , SUM(CASE WHEN tr_user_pnt_amt != 0 AND tr_crd_pnt_amt != 0 THEN 0 ELSE 1 END) AS pnt_ccnt  
    , SUM(auto_cncl_ccnt+mc_cncl_ccnt+mbr_cncl_ccnt+ctc_cncl_ccnt+FAIL_CNCL_CCNT) AS tot_cncl_ccnt
    , SUM(auto_cncl_ccnt) AS auto_cncl_ccnt
    , SUM(mc_cncl_ccnt) AS mc_cncl_ccnt
    , SUM(mbr_cncl_ccnt) AS mbr_cncl_ccnt
    , SUM(ctc_cncl_ccnt) AS ctc_cncl_ccnt
    , SUM(FAIL_CNCL_CCNT) AS FAIL_CNCL_CCNT
FROM union_all
GROUP BY pt_cre_ym, asp_id, ka_id, sex_cd, brth_dt
)
, union_prpc AS (
--asp_nm, ka_nm, sex_cdnm, ordr_ym, brth_dt → fage → ageg_cd
SELECT
    p.pt_cre_ym, p.asp_nm, p.ka_nm,p.fst_ordr_mbr_cnt,p.mbr_cnt,
    p.tot_mbr_cnt,p.gm_tr_amt,p.bala_use_amt,p.dc_amt,p.mc_dc_amt,
    p.cpn_dc_amt,p.tr_svfe,p.tr_user_pnt_amt,p.tr_crd_pnt_amt,p.fee,
    p.tot_ccnt,p.apv_ccnt,p.dc_ccnt,p.mc_dc_ccnt,p.cpn_dc_ccnt,
    p.bala_use_ccnt,p.pnt_ccnt,p.tot_cncl_ccnt,p.auto_cncl_ccnt,p.mc_cncl_ccnt,
    p.mbr_cncl_ccnt,p.ctc_cncl_ccnt,p.FAIL_CNCL_CCNT,p.sex_cdnm
    ,CASE
		WHEN p.fage BETWEEN 14 AND 19 THEN '10대'
		WHEN p.fage BETWEEN 20 AND 29 THEN '20대'
		WHEN p.fage BETWEEN 30 AND 39 THEN '30대'
		WHEN p.fage BETWEEN 40 AND 49 THEN '40대'
		WHEN p.fage BETWEEN 50 AND 59 THEN '50대'
		WHEN p.fage BETWEEN 60 AND 69 THEN '60대'
		WHEN p.fage BETWEEN 70 AND 79 THEN '70대'
		WHEN p.fage >= 80 THEN'80대 이상'
		ELSE 'UNKNOWN'
	END AS ageg_cd
FROM
(    
SELECT
    a.pt_cre_ym, b.asp_nm, c.ka_nm,a.fst_ordr_mbr_cnt,a.mbr_cnt,
    a.tot_mbr_cnt,a.gm_tr_amt,a.bala_use_amt,a.dc_amt,a.mc_dc_amt,
    a.cpn_dc_amt,a.tr_svfe,a.tr_user_pnt_amt,a.tr_crd_pnt_amt,a.fee,
    a.tot_ccnt,a.apv_ccnt,a.dc_ccnt,a.mc_dc_ccnt,a.cpn_dc_ccnt,
    a.bala_use_ccnt,a.pnt_ccnt,a.tot_cncl_ccnt,a.auto_cncl_ccnt,a.mc_cncl_ccnt,
    a.mbr_cncl_ccnt,a.ctc_cncl_ccnt,a.FAIL_CNCL_CCNT
    , CASE WHEN a.sex_cd = '1' THEN '남자' WHEN a.sex_cd = '2' THEN '여자' ELSE 'Unknown' END AS sex_cdnm
    , CASE WHEN a.brth_dt != 0 THEN cast(substr(cast(a.pt_cre_ym AS string), 1, 4) as double) - cast(a.brth_dt as double) ELSE 0 END AS fage 
FROM  union_sum a
INNER JOIN (SELECT asp_id, asp_nm FROM ODS.asp_svc_ka_mpng GROUP BY asp_id, asp_nm) b ON b.asp_id=a.asp_id
INNER JOIN (SELECT rep_ka_id AS ka_id, rep_ka_nm AS ka_nm FROM ODS.asp_svc_ka_mpng GROUP BY rep_ka_id, rep_ka_nm) c ON c.ka_id=a.ka_id  
) P
) 
--fage → ageg_cd
SELECT 
    pt_cre_ym, asp_nm, ka_nm, sex_cdnm, ageg_cd,
    SUM(fst_ordr_mbr_cnt) AS fst_ordr_mbr_cnt,SUM(mbr_cnt) AS mbr_cnt,
    SUM(tot_mbr_cnt) AS tot_mbr_cnt,SUM(gm_tr_amt) AS gm_tr_amt,
    SUM(bala_use_amt) AS bala_use_amt,SUM(dc_amt) AS dc_amt,
    SUM(mc_dc_amt) AS mc_dc_amt,SUM(cpn_dc_amt) AS cpn_dc_amt,
    SUM(tr_svfe) AS tr_svfe,SUM(tr_user_pnt_amt) AS tr_user_pnt_amt,
    SUM(tr_crd_pnt_amt) AS tr_crd_pnt_amt,SUM(fee) AS fee,
    SUM(tot_ccnt) AS tot_ccnt,SUM(apv_ccnt) AS apv_ccnt,
    SUM(dc_ccnt) AS dc_ccnt,SUM(mc_dc_ccnt) AS mc_dc_ccnt,
    SUM(cpn_dc_ccnt) AS cpn_dc_ccnt,SUM(bala_use_ccnt) AS bala_use_ccnt,
    SUM(pnt_ccnt) AS pnt_ccnt,SUM(tot_cncl_ccnt) AS tot_cncl_ccnt,
    SUM(auto_cncl_ccnt) AS auto_cncl_ccnt,SUM(mc_cncl_ccnt) AS mc_cncl_ccnt,
    SUM(mbr_cncl_ccnt) AS mbr_cncl_ccnt,SUM(ctc_cncl_ccnt) AS ctc_cncl_ccnt,
    SUM(FAIL_CNCL_CCNT) AS FAIL_CNCL_CCNT 
FROM union_prpc
GROUP BY pt_cre_ym, asp_nm, ka_nm, sex_cdnm, ageg_cd   
) F
WHERE 1=1
AND mbr_cnt > 0
;
;
UPSERT INTO TABLE ods.dlvr_svc_mbr_pmon_agg2
(pt_cre_ym,asp_nm,ka_nm,sex_cdnm,ageg_cd,
ordr_ym,bfm_fst_ordr_mbr_cnt,bfm_mbr_cnt,bfm_tot_mbr_cnt,bfm_gm_tr_amt,
bfm_bala_use_amt,bfm_dc_amt,bfm_mc_dc_amt,bfm_cpn_dc_amt,bfm_tr_svfe,
bfm_tr_user_pnt_amt,bfm_tr_crd_pnt_amt,bfm_fee,bfm_tot_ccnt,bfm_apv_ccnt,
bfm_dc_ccnt,bfm_bala_use_ccnt,bfm_mc_dc_ccnt,bfm_cpn_dc_ccnt,bfm_pnt_ccnt,
bfm_tot_cncl_ccnt,bfm_auto_cncl_ccnt,bfm_mc_cncl_ccnt,bfm_mbr_cncl_ccnt,bfm_ctc_cncl_ccnt,
bfm_fail_cncl_ccnt,hdfs_upd_dttm)

SELECT
    SUBSTR('${hivevar:bf_dt}',1,6)"
ODS,dlvr_svc_mbr_pmon_agg2,ordr_ym,ODS,dlvr_svc_mbr_pmon_agg2,,"CONCAT(SUBSTR('${hivevar:bf_dt}', 1,4),""년 "",SUBSTR('${hivevar:bf_dt}', 5,2),'월')"
ODS,dlvr_svc_mbr_pmon_agg2,bfm_fst_ordr_mbr_cnt,ODS,dlvr_svc_mbr_pmon_agg2,fst_ordr_mbr_cnt,
ODS,dlvr_svc_mbr_pmon_agg2,bfm_mbr_cnt,ODS,dlvr_svc_mbr_pmon_agg2,mbr_cnt,
ODS,dlvr_svc_mbr_pmon_agg2,bfm_tot_mbr_cnt,ODS,dlvr_svc_mbr_pmon_agg2,tot_mbr_cnt,
ODS,dlvr_svc_mbr_pmon_agg2,bfm_gm_tr_amt,ODS,dlvr_svc_mbr_pmon_agg2,gm_tr_amt,
ODS,dlvr_svc_mbr_pmon_agg2,bfm_bala_use_amt,ODS,dlvr_svc_mbr_pmon_agg2,bala_use_amt,
ODS,dlvr_svc_mbr_pmon_agg2,bfm_dc_amt,ODS,dlvr_svc_mbr_pmon_agg2,dc_amt,
ODS,dlvr_svc_mbr_pmon_agg2,bfm_mc_dc_amt,ODS,dlvr_svc_mbr_pmon_agg2,mc_dc_amt,
ODS,dlvr_svc_mbr_pmon_agg2,bfm_cpn_dc_amt,ODS,dlvr_svc_mbr_pmon_agg2,cpn_dc_amt,
ODS,dlvr_svc_mbr_pmon_agg2,bfm_tr_svfe,ODS,dlvr_svc_mbr_pmon_agg2,tr_svfe,
ODS,dlvr_svc_mbr_pmon_agg2,bfm_tr_user_pnt_amt,ODS,dlvr_svc_mbr_pmon_agg2,tr_user_pnt_amt,
ODS,dlvr_svc_mbr_pmon_agg2,bfm_tr_crd_pnt_amt,ODS,dlvr_svc_mbr_pmon_agg2,tr_crd_pnt_amt,
ODS,dlvr_svc_mbr_pmon_agg2,bfm_fee,ODS,dlvr_svc_mbr_pmon_agg2,fee,
ODS,dlvr_svc_mbr_pmon_agg2,bfm_tot_ccnt,ODS,dlvr_svc_mbr_pmon_agg2,tot_ccnt,
ODS,dlvr_svc_mbr_pmon_agg2,bfm_apv_ccnt,ODS,dlvr_svc_mbr_pmon_agg2,apv_ccnt,
ODS,dlvr_svc_mbr_pmon_agg2,bfm_dc_ccnt,ODS,dlvr_svc_mbr_pmon_agg2,dc_ccnt,
ODS,dlvr_svc_mbr_pmon_agg2,bfm_bala_use_ccnt,ODS,dlvr_svc_mbr_pmon_agg2,bala_use_ccnt,
ODS,dlvr_svc_mbr_pmon_agg2,bfm_pnt_ccnt,ODS,dlvr_svc_mbr_pmon_agg2,pnt_ccnt,
ODS,dlvr_svc_mbr_pmon_agg2,bfm_mc_dc_ccnt,ODS,dlvr_svc_mbr_pmon_agg2,mc_dc_ccnt,
ODS,dlvr_svc_mbr_pmon_agg2,bfm_cpn_dc_ccnt,ODS,dlvr_svc_mbr_pmon_agg2,cpn_dc_ccnt,
ODS,dlvr_svc_mbr_pmon_agg2,bfm_tot_cncl_ccnt,ODS,dlvr_svc_mbr_pmon_agg2,tot_cncl_ccnt,
ODS,dlvr_svc_mbr_pmon_agg2,bfm_auto_cncl_ccnt,ODS,dlvr_svc_mbr_pmon_agg2,auto_cncl_ccnt,
ODS,dlvr_svc_mbr_pmon_agg2,bfm_mc_cncl_ccnt,ODS,dlvr_svc_mbr_pmon_agg2,mc_cncl_ccnt,
ODS,dlvr_svc_mbr_pmon_agg2,bfm_mbr_cncl_ccnt,ODS,dlvr_svc_mbr_pmon_agg2,mbr_cncl_ccnt,
ODS,dlvr_svc_mbr_pmon_agg2,bfm_ctc_cncl_ccnt,ODS,dlvr_svc_mbr_pmon_agg2,ctc_cncl_ccnt,
ODS,dlvr_svc_mbr_pmon_agg2,bfm_fail_cncl_ccnt,ODS,dlvr_svc_mbr_pmon_agg2,fail_cncl_ccnt,
ODS,dmc_byst_agg,mc_st_cd,ODS,dmc_byst_agg,,"case when ptn_act_st_cd = 'A' then '정상'
        when ptn_act_st_cd = 'B' then '해지'
        when ptn_act_st_cd = 'C' then '중지' end"
ODS,dmc_stlm_agg,key_apv_ym,ODS,dmc_stlm_agg,,"ods as (
select * 
from ods.stlm_ods
where pcs_cd_grp_nm = 'S' 
    and bala_icdc_cd = -1 
    and mti_cd = '0100'
    and apv_dt >= cast(concat(substr('${hivevar:bf_dt}', 1, 6), '01') as int) 
)
select 
    cast(base.apv_ym as int)"
ODS,dmc_stlm_agg,apv_ym,ODS,dmc_stlm_agg,,"concat(substr(base.apv_ym, 1, 4), '-', substr(base.apv_ym, 5, 2), '-01')"
ODS,dmc_stlm_agg,stlm_mc_cnt,ODS,dmc_stlm_agg,,"nvl(count(distinct ods.stlm_mc_id),0)"
ODS,dmc_stlm_agg,tot_stlm_amt,ODS,dmc_stlm_agg,,"nvl(sum(ods.gm_tr_amt),0)"
ODS,dmc_stlm_agg,avg_mc_feert,ODS,dmc_stlm_agg,,"nvl(avg(ods.mc_feert),0)"
ODS,exn_par,crnt_exn_dt,ODS,exn_par,,pi.pan_vl_prid_dt
ODS,exn_par,fst_exn_dt,ODS,exn_par,,pi.pan_vl_exn_dt
ODS,exn_par,exts_psbl_yn,ODS,exn_par,,s.vl_prid_exts_psbl_yn
ODS,exn_par,exts_dttm,ODS,exn_par,,cvpe.sys_upd_dttm
ODS,itg_bztp_sl_bymm_agg,key_apv_ym,ODS,itg_bztp_sl_bymm_agg,,"cast(from_timestamp(ods.apv_dtl_dttm, 'yyyyMM') as int)"
ODS,itg_bztp_sl_bymm_agg,asp_nm,ODS,itg_bztp_sl_bymm_agg,,mp.asp_nm
ODS,itg_bztp_sl_bymm_agg,rep_ka_nm,ODS,itg_bztp_sl_bymm_agg,,ka.ptn_nm
ODS,itg_bztp_sl_bymm_agg,sex_cd,ODS,itg_bztp_sl_bymm_agg,,case when ods.sex_cd = '1' then '남성' when ods.sex_cd = '2' then '여성' else 'UNKNOWN' end
ODS,itg_bztp_sl_bymm_agg,ageg,ODS,itg_bztp_sl_bymm_agg,,"case when ods.age between 14 and 19 then '10대'
    	when ods.age between 20 and 29 then '20대'
    	when ods.age between 30 and 39 then '30대'
    	when ods.age between 40 and 49 then '40대'
    	when ods.age between 50 and 59 then '50대'
    	when ods.age between 60 and 69 then '60대'
    	when ods.age between 70 and 79 then '70대'
    	when ods.age >= 80 then '80대 이상' else 'UNKNOWN' END"
ODS,itg_bztp_sl_bymm_agg,apv_ym,ODS,itg_bztp_sl_bymm_agg,,"from_timestamp(ods.apv_dtl_dttm, 'yyyyMM')"
ODS,itg_bztp_sl_bymm_agg,stlm_amt,ODS,itg_bztp_sl_bymm_agg,,sum(ods.gm_tr_amt)
ODS,itg_bztp_sl_bymm_agg,stlm_cnt,ODS,itg_bztp_sl_bymm_agg,,count(ods.gm_tr_amt)
ODS,itg_bztp_sl_bymm_agg,stlm_mc_cnt,ODS,itg_bztp_sl_bymm_agg,,count(distinct ods.stlm_mc_id)
ODS,lgft_ka_reg_agg,key_apv_ym,ODS,lgft_ka_reg_agg,,"reg as (
select from_timestamp(sys_cre_dttm, 'yyyyMM') as apv_ym, 
    st_cd, 
    asp_nm, 
    ka_nm, 
    sl_cd, 
    kn_bztp_scl_nm, 
    count(distinct mc_id) as mc_cnt
from ods.lgft_ods
where sys_cre_dttm > = to_timestamp(concat(substr('${hivevar:bf_dt}', 1, 6), '01'), 'yyyyMMdd')
group by from_timestamp(sys_cre_dttm, 'yyyyMM'), st_cd, asp_nm, ka_nm, sl_cd, kn_bztp_scl_nm
)
select cast(base.ym as int)"
ODS,lgft_ka_reg_agg,apv_ym,ODS,lgft_ka_reg_agg,,base.ym
ODS,lgft_ka_reg_agg,mc_cnt,ODS,lgft_ka_reg_agg,,"nvl(mc_cnt, 0)"
ODS,lgft_ka_stlm_agg,key_apv_ym,ODS,lgft_ka_stlm_agg,,"agg as (
select so.asp_id, 
    so.owr_ka_id,
    so.kn_bztp_scl_nm,
    so.sl_cd,
    substr('${hivevar:bf_dt}', 1, 6) as apv_ym, 
    count(distinct so.stlm_mc_id) as stlm_mc_cnt, 
    sum(gm_tr_amt) as stlm_amt, 
    count(gm_tr_amt) as stlm_cnt, 
    count(distinct case when mbr_id = '' then null else mbr_id end) as stlm_mbr_cnt
from stlm_pre as lo
left join stlm as so 
on lo.mc_id = so.stlm_mc_id 
and lo.acqr_dv_cd = so.acqr_dv_cd
and lo.sl_cd = so.sl_cd
and lo.kn_bztp_scl_nm = so.kn_bztp_scl_nm
and lo.asp_id = so.asp_id
and lo.ka_id = so.owr_ka_id
group by 
    so.asp_id, 
    so.owr_ka_id,
    so.kn_bztp_scl_nm,
    so.sl_cd
)
select cast(b.ym as int)"
ODS,lgft_ka_stlm_agg,apv_ym,ODS,lgft_ka_stlm_agg,,b.ym
ODS,lgft_ka_stlm_agg,tot_mc_cnt,ODS,lgft_ka_stlm_agg,,"nvl(r.tot_mc_cnt, 0)"
ODS,lgft_ka_stlm_agg,stlm_mc_cnt,ODS,lgft_ka_stlm_agg,,"nvl(agg.stlm_mc_cnt,0)"
ODS,lgft_ka_stlm_agg,stlm_amt,ODS,lgft_ka_stlm_agg,,"nvl(agg.stlm_amt,0)"
ODS,lgft_ka_stlm_agg,stlm_cnt,ODS,lgft_ka_stlm_agg,,"nvl(agg.stlm_cnt,0)"
ODS,lgft_ods,t,ODS,lgft_ods,,"now() hdfs_upd_dttm  
from (
    with pmsn as (
        select '대표사용처' as mc_grp_type_cd, pmsn_mc_grp_id as mc_grp_id, asp_id, ka_id
        from bid.owner
        where pmsn_mc_grp_id != ''
        and sys_cre_dttm >= to_timestamp('${var:bf_dt}', 'yyyyMMdd')
        union
        select '하위사용처' as mc_grp_type_cd, a.pmsn_mc_grp_id as mc_grp_id, a.asp_id, b.ka_id
        from bid.owner_mapped a
        inner join bid.owner b 
        on a.sido_cd = b.sido_cd and a.sgg_cd = b.sgg_cd
        where a.pmsn_mc_grp_id != ''
        and a.sys_cre_dttm >= to_timestamp('${var:bf_dt}', 'yyyyMMdd')
        union
        select distinct mc_grp_type_cd, mc_grp_id, asp_id, ka_id
        from ods.lgft_ods
    ), 
    reg_pre as (
    select sys_cre_dttm, sys_upd_dttm, ptn_id, mc_grp_id, bztp_grp_cd, acqr_dv_cd, 0 as mc_grp_mapng_hist_sno
    from kod.group_mapping
    where sys_cre_dttm >= to_timestamp('${var:bf_dt}', 'yyyyMMdd')
    ),
    rsg_pre as (
    select distinct sys_cre_dttm, sys_upd_dttm, ptn_id, mc_grp_id, bztp_grp_cd, acqr_dv_cd, mc_grp_mapng_hist_sno
    from (
    select sys_cre_dttm, 
        sys_upd_dttm,
        mc_grp_mapng_hist_sno,
        ptn_id,
        mc_grp_id,
        bztp_grp_cd,
        acqr_dv_cd
    from kod.group_mapping_history
    where mc_grp_mapng_st_cd = 'DELETED'
    and sys_cre_dttm >= to_timestamp('${var:bf_dt}', 'yyyyMMdd')) as t
    ),
    cmn as (
    select *,
        case when acqr_dv_cd in ('00','01') then 'KM'
            when acqr_dv_cd = '11' then 'BC'
            when acqr_dv_cd = '12' then 'KB'
            when acqr_dv_cd = '14' then 'SS'
            when acqr_dv_cd = '15' then 'HN' end as acqr_dv_cd1
    from por.cmn_biztype_map_cd where bztp_stge_cd = '3'
    ),
    reg as (
    select 
        cast(from_timestamp(a.sys_cre_dttm, 'yyyy') as bigint) as pt_cre_yy,
        '등록' as reg_rsg_cd,
        a.sys_cre_dttm,
        a.sys_upd_dttm,
        pmsn.asp_id, 
        pmsn.ka_id,
        a.mc_grp_mapng_hist_sno,
        a.ptn_id,
        a.mc_grp_id,
        pmsn.mc_grp_type_cd, 
        a.bztp_grp_cd,
        a.acqr_dv_cd, 
        case when tam.sl_cd in ('000', '10', '0', 'E1') then '신규'
            when (tam.sl_cd in  ('8','30', '145') or (tam.acqr_dv_cd = 'SS' and tam.sl_cd = 'A')) then '3억이하'
            when (tam.sl_cd in ('160', '50', 'B') or (tam.acqr_dv_cd = 'BC' and tam.sl_cd = 'A')) then '5억이하'
            when tam.sl_cd in ('165', 'J', '100', 'C') then '10억이하'
            when tam.sl_cd in ('166', 'K', '300', 'D') then '30억이하'
            when tam.sl_cd in ('6', '301', '167', 'E', '168', 'F', '147', 'G', '187') then '30억초과'
            else 'UNKNOWN' end, 
        tam.bzno,
        tam.bztp_cd, 
        kn.kn_bztp_lcl_nm, 
        kn.kn_bztp_mcl_nm, 
        kn.kn_bztp_scl_nm, 
        asp.ptn_nm as asp_nm, 
        ka.ptn_nm as ka_nm
    from pmsn
    inner join reg_pre as a on pmsn.mc_grp_id = a.mc_grp_id
    left join kod.contract as asp on pmsn.asp_id = asp.ptn_id and asp.role_cd = 'AP'
    left join kod.contract as ka on pmsn.ka_id = ka.ptn_id and ka.role_cd = 'KA'
    left join ias.tb_all_merchant tam on a.ptn_id = tam.mc_id and a.acqr_dv_cd = tam.acqr_dv_cd
    left join cmn on tam.bztp_cd = cmn.bztp_cd and a.acqr_dv_cd = cmn.acqr_dv_cd1
    left join por.kona_biz_code as kn on cmn.bztp_mapng_cd = kn.kn_bztp_cd
    ), 
    rsg as (
    select 
        cast(from_timestamp(a.sys_cre_dttm, 'yyyy') as bigint) as pt_cre_yy,
        '해지' as st_cd,
        a.sys_cre_dttm,
        a.sys_upd_dttm,
        b.asp_id, 
        b.ka_id,
        0 as mc_grp_mapng_hist_sno,
        a.ptn_id,
        a.mc_grp_id,
        b.mc_grp_type_cd, 
        a.bztp_grp_cd,
        a.acqr_dv_cd, 
        b.sl_cd,
        b.bzno,
        b.acqr_bztp_cd, 
        b.kn_bztp_lcl_nm, 
        b.kn_bztp_mcl_nm, 
        b.kn_bztp_scl_nm,
        b.asp_nm, 
        b.ka_nm
        from rsg_pre as a
        inner join ods.lgft_ods as b on a.ptn_id = b.mc_id and b.st_cd = '등록'
    )
    select * from reg union all select * from rsg )"
ODS,mbr_bydt_agg,pt_cre_dt,ODS,mbr_bydt_agg,,om.cri_dt
ODS,mbr_bydt_agg,mbr_jn_grd_st_cdnm,ODS,mbr_bydt_agg,,"CASE
        WHEN om.mbr_jn_grd_st_cd = '05' THEN '정지회원'
        WHEN om.mbr_jn_grd_st_cd = '08' THEN '신규회원'
        WHEN om.mbr_jn_grd_st_cd = '09' THEN '탈퇴회원'
        WHEN om.mbr_jn_grd_st_cd = '10' THEN '휴면회원' END"
ODS,mbr_bydt_agg,sex_cdnm,ODS,mbr_bydt_agg,,"CASE
        WHEN om.sex_cd = ""1"" THEN '남자'
        WHEN om.sex_cd = ""2"" THEN '여자' else 'UNKNOWN' end"
ODS,mbr_bydt_agg,ageg_cd,ODS,mbr_bydt_agg,,"case WHEN om.fage BETWEEN 14 AND 19 THEN '10대'
		WHEN om.fage BETWEEN 20 AND 29 THEN '20대'
		WHEN om.fage BETWEEN 30 AND 39 THEN '30대'
		WHEN om.fage BETWEEN 40 AND 49 THEN '40대'
		WHEN om.fage BETWEEN 50 AND 59 THEN '50대'
		WHEN om.fage BETWEEN 60 AND 69 THEN '60대'
		WHEN om.fage BETWEEN 70 AND 79 THEN '70대'
		WHEN om.fage >= 80 THEN'80대 이상'
		ELSE 'UNKNOWN' end"
ODS,mbr_bydt_agg,cri_dt,ODS,mbr_bydt_agg,,"CONCAT(SUBSTR(CAST(om.cri_dt AS STRING), 1, 4), '-', SUBSTR(CAST(om.cri_dt AS STRING), 5, 2), '-', SUBSTR(CAST(om.cri_dt AS STRING), 7, 2))"
ODS,mbr_bydt_agg,asp_grp_nm,ODS,mbr_bydt_agg,,"CASE 
		WHEN am.asp_grp_nm = """" THEN '-'
	    WHEN am.asp_grp_nm IS NULL THEN '-'
		ELSE am.asp_grp_nm END"
ODS,mbr_bydt_agg,mbr_cnt,ODS,mbr_bydt_agg,,count(distinct om.mbr_id)
ODS,mkt_rcv_agrm_acum,phs_rcv_agrm_mbr_cnt,ODS,mkt_rcv_agrm_acum,,sum(CASE WHEN psh_rcv_agrm_yn = 'Y' THEN 1 ELSE 0 END )
ODS,mkt_rcv_agrm_acum,sms_rcv_agrm_mbr_cnt,ODS,mkt_rcv_agrm_acum,,SUM(CASE WHEN sms_rcv_agrm_yn = 'Y' THEN 1 ELSE 0 END )
ODS,mkt_rcv_agrm_acum,email_rcv_agrm_mbr_cnt,ODS,mkt_rcv_agrm_acum,,SUM(CASE WHEN email_rcv_agrm_yn = 'Y' THEN 1 ELSE 0 END )
ODS,mkt_rcv_agrm_acum,ars_rcv_agrm_mbr_cnt,ODS,mkt_rcv_agrm_acum,,SUM(CASE WHEN ars_rcv_agrm_yn = 'Y' THEN 1 ELSE 0 END)
ODS,mkt_rcv_agrm_acum,mkt_rcv_agrm_mbr_cnt,ODS,mkt_rcv_agrm_acum,,sum(case when psh_rcv_agrm_yn = 'Y' or sms_rcv_agrm_yn = 'Y' or email_rcv_agrm_yn = 'Y' or ars_rcv_agrm_yn = 'Y' then 1 else 0 end)
ODS,mktn_rcv_agrm_mbr_cnt_bydt_agg,cri_dt,ODS,mktn_rcv_agrm_mbr_cnt_bydt_agg,,"CAST(CAST(date_add(current_timestamp(),-1) as string FORMAT 'yyyyMMdd') as bigint)"
ODS,mktn_rcv_agrm_mbr_cnt_bydt_agg,asp_id,ODS,mktn_rcv_agrm_mbr_cnt_bydt_agg,,ct.ptn_id
ODS,mktn_rcv_agrm_mbr_cnt_bydt_agg,asp_nm,ODS,mktn_rcv_agrm_mbr_cnt_bydt_agg,,ct.ptn_nm
ODS,mktn_rcv_agrm_mbr_cnt_bydt_agg,phs_rcv_agrm_mbr_cnt,ODS,mktn_rcv_agrm_mbr_cnt_bydt_agg,,"NVL(phs_rcv_agrm_mbr_cnt,0)"
ODS,mktn_rcv_agrm_mbr_cnt_bydt_agg,sms_rcv_agrm_mbr_cnt,ODS,mktn_rcv_agrm_mbr_cnt_bydt_agg,,"NVL(sms_rcv_agrm_mbr_cnt,0)"
ODS,mktn_rcv_agrm_mbr_cnt_bydt_agg,email_rcv_agrm_mbr_cnt,ODS,mktn_rcv_agrm_mbr_cnt_bydt_agg,,"NVL(email_rcv_agrm_mbr_cnt,0)"
ODS,mktn_rcv_agrm_mbr_cnt_bydt_agg,ars_rcv_agrm_mbr_cnt,ODS,mktn_rcv_agrm_mbr_cnt_bydt_agg,,"NVL(ars_rcv_agrm_mbr_cnt,0)"
ODS,spps_agg,dow,ODS,spps_agg,,"CASE DAYOFWEEK(p.sys_cre_dttm)
    WHEN 1 THEN '일'
    WHEN 2 THEN '월'
    WHEN 3 THEN '화'
    WHEN 4 THEN '수'
    WHEN 5 THEN '목'
    WHEN 6 THEN '금'
    WHEN 7 THEN '토'
  END"
ODS,spps_agg,hr,ODS,spps_agg,,HOUR(p.sys_cre_dttm)
ODS,spps_agg,exps_prity,ODS,spps_agg,,CAST(r.exps_prity AS STRING)
ODS,spps_agg,sex_cd,ODS,spps_agg,,"CASE 
    WHEN m.sex_cd = '1' THEN '남성'
    WHEN m.sex_cd = '2' THEN '여성'
    ELSE 'UNKNOWN' 
  END"
ODS,spps_agg,ageg,ODS,spps_agg,,"CAST(NVL(
    CASE
      WHEN YEAR(CURRENT_DATE) - CAST(m.brth_dt AS INT) < 20 THEN 19
      WHEN YEAR(CURRENT_DATE) - CAST(m.brth_dt AS INT) >= 70 THEN 71
      ELSE FLOOR((YEAR(CURRENT_DATE) - CAST(m.brth_dt AS INT)) / 10) * 10
    END, 999
  ) AS STRING)"
ODS,spps_agg,exp_cnt,ODS,spps_agg,,SUM(CASE WHEN p.spps_aph_dv_cd = 'EXPOSURE' THEN 1 ELSE 0 END)
ODS,spps_agg,click_cnt,ODS,spps_agg,,SUM(CASE WHEN p.spps_aph_dv_cd = 'CLICK' THEN 1 ELSE 0 END)
ODS,spps_agg,exp_mbr_cnt,ODS,spps_agg,,COUNT(DISTINCT CASE WHEN p.spps_aph_dv_cd = 'EXPOSURE' THEN p.mbr_id ELSE NULL END)
ODS,spps_agg,click_mbr_cnt,ODS,spps_agg,,COUNT(DISTINCT CASE WHEN p.spps_aph_dv_cd = 'CLICK' THEN p.mbr_id ELSE NULL END)
ODS,TRV_CRD_ISU_RLS_BYMM_AGG,key_cri_ym,ODS,TRV_CRD_ISU_RLS_BYMM_AGG,,"rls as
    (
        select 
            from_timestamp(stop.sys_cre_dttm, 'yyyyMM') AS rls_cri_ym
                , case when stop.sex_cd = '1' then '남성' when stop.sex_cd = '2' then '여성' else 'UNKNOWN' end as sex_cd
                , case when age between 14 and 19 then '10대'
        		when age between 20 and 29 then '20대'
        		when age between 30 and 39 then '30대'
        		when age between 40 and 49 then '40대'
        		when age between 50 and 59 then '50대'
        		when age between 60 and 69 then '60대'
        		when age between 70 and 79 then '70대'
        		when age >= 80 then '80대 이상' else 'UNKNOWN' END as ageg
        		, svc_id
                , count(distinct stop.PAR_NO) rls_crd_cnt
                , count(distinct stop.mbr_id) rls_mbr_cnt
        from stop
        where 1=1
            and stop.r = 1
        group by 
                from_timestamp(stop.sys_cre_dttm, 'yyyyMM')
                , case when sex_cd = '1' then '남성' when sex_cd = '2' then '여성' else 'UNKNOWN' end
                , case when age between 14 and 19 then '10대'
        		when age between 20 and 29 then '20대'
        		when age between 30 and 39 then '30대'
        		when age between 40 and 49 then '40대'
        		when age between 50 and 59 then '50대'
        		when age between 60 and 69 then '60대'
        		when age between 70 and 79 then '70대'
        		when age >= 80 then '80대 이상' else 'UNKNOWN' END
    		    , svc_id
    )
    select  
        base.key_cri_ym"
ODS,TRV_CRD_ISU_RLS_BYMM_AGG,sex_cd,ODS,TRV_CRD_ISU_RLS_BYMM_AGG,,base.sex_cd
ODS,TRV_CRD_ISU_RLS_BYMM_AGG,ageg,ODS,TRV_CRD_ISU_RLS_BYMM_AGG,,base.ageg
ODS,TRV_CRD_ISU_RLS_BYMM_AGG,isu_crd_cnt,ODS,TRV_CRD_ISU_RLS_BYMM_AGG,,"nvl(sum(isu.isu_crd_cnt),0)"
ODS,TRV_CRD_ISU_RLS_BYMM_AGG,isu_mbr_cnt,ODS,TRV_CRD_ISU_RLS_BYMM_AGG,,"nvl(sum(isu.isu_mbr_cnt),0)"
ODS,TRV_CRD_ISU_RLS_BYMM_AGG,rls_crd_cnt,ODS,TRV_CRD_ISU_RLS_BYMM_AGG,,"nvl(sum(rls.rls_crd_cnt),0)"
PORTAL,ADMIN_BALANCE_MAPPING,ADM_BALA_GRP_ID,PORTAL,ADMIN_BALANCE_MAPPING,GROUP_ID,
PORTAL,ADMIN_BALANCE_MAPPING,BAT_ID,PORTAL,ADMIN_BALANCE_MAPPING,BATCH_ID,
PORTAL,ADMIN_BALANCE_MAPPING,PAR_NO,PORTAL,ADMIN_BALANCE_MAPPING,PAR,
PORTAL,ADMIN_BALANCE_MAPPING,RQS_AMT,PORTAL,ADMIN_BALANCE_MAPPING,RQ_AMOUNT,
PORTAL,ADMIN_BALANCE_MAPPING,AMT,PORTAL,ADMIN_BALANCE_MAPPING,AMOUNT,
PORTAL,ADMIN_BALANCE_MAPPING,ADM_BALA_MAPNG_ST_CD,PORTAL,ADMIN_BALANCE_MAPPING,STATUS,
PORTAL,ADMIN_BALANCE_MAPPING,OCCR_RSN_CN,PORTAL,ADMIN_BALANCE_MAPPING,STATUS_REASON,
PORTAL,ADMIN_BALANCE_MAPPING,ENC_TOKN_NO,PORTAL,ADMIN_BALANCE_MAPPING,RQ_TOKEN,
PORTAL,ADMIN_BALANCE_MAPPING,SYS_CRE_DTTM,PORTAL,ADMIN_BALANCE_MAPPING,,"from_unixtime(to_unix_timestamp(REG_DT, 'yyyy/MM/dd HH:mm:ss'))"
PORTAL,ADMIN_BALANCE_MAPPING,SYS_UPD_DTTM,PORTAL,ADMIN_BALANCE_MAPPING,,"from_unixtime(to_unix_timestamp(MOD_DT, 'yyyy/MM/dd HH:mm:ss'))"
PORTAL,ADMIN_BALANCE_MAPPING,ADM_BALA_RS_CD,PORTAL,ADMIN_BALANCE_MAPPING,DE_CODE,
PORTAL,AGENT,PTN_ID,PORTAL,AGENT,PLAYER_NO,
PORTAL,AGENT,REPP_SNO,PORTAL,AGENT,AGENT_NO,
PORTAL,AGENT,REPP_NM,PORTAL,AGENT,AGENT_NAME,
PORTAL,AGENT,ENC_BRTH_DT,PORTAL,AGENT,BIRTH_DATE,
PORTAL,AGENT,SEX_CD,PORTAL,AGENT,GENDER,
PORTAL,AGENT,USE_YN,PORTAL,AGENT,USE_YN,
PORTAL,AGENT,SYS_CRE_DTTM,PORTAL,AGENT,,"to_timestamp(REG_DT, 'yyyy/MM/dd HH:mm:ss.SSS')"
PORTAL,AGENT,SYS_UPD_DTTM,PORTAL,AGENT,,"to_timestamp(MOD_DT, 'yyyy/MM/dd HH:mm:ss.SSS')"
PORTAL,AGENT,FRNR_YN,PORTAL,AGENT,FOREIGNER_YN,
PORTAL,AGENT,ITNC_TEL_ZON_CD,PORTAL,AGENT,ITNC_TEL_ZON_CD,
PORTAL,AGENT,HPNM_ITNC_TEL_ZON_CD,PORTAL,AGENT,HPNM_ITNC_TEL_ZON_CD,
PORTAL,BC_MERCHANT_CODE,bztp_lcl_cd,PORTAL,BC_MERCHANT_CODE,CODE_GROUP_IDX,
PORTAL,BC_MERCHANT_CODE,BZTP_CD,PORTAL,BC_MERCHANT_CODE,CODE,
PORTAL,BC_MERCHANT_CODE,bztp_lcl_nm,PORTAL,BC_MERCHANT_CODE,CODE_NM,
PORTAL,BC_MERCHANT_CODE,bztp_nm,PORTAL,BC_MERCHANT_CODE,CODE_DETAIL,
PORTAL,CMN_BIZTYPE_MAP_CD,BZTP_CD_MAPNG_ID,PORTAL,CMN_BIZTYPE_MAP_CD,CMN_BIZTYPE_MAP_CD_ID,
PORTAL,CMN_BIZTYPE_MAP_CD,BZTP_CD,PORTAL,CMN_BIZTYPE_MAP_CD,BZTP_CD,
PORTAL,CMN_BIZTYPE_MAP_CD,BZTP_CDNM,PORTAL,CMN_BIZTYPE_MAP_CD,BZTP_NM,
PORTAL,CMN_BIZTYPE_MAP_CD,BZTP_MAPNG_CD,PORTAL,CMN_BIZTYPE_MAP_CD,BZTP_MAP_CD,
PORTAL,CMN_BIZTYPE_MAP_CD,BZTP_DSCR,PORTAL,CMN_BIZTYPE_MAP_CD,BZTP_DESC,
PORTAL,CMN_BIZTYPE_MAP_CD,ACQR_DV_CD,PORTAL,CMN_BIZTYPE_MAP_CD,ACR_BZTP_DV_CD,
PORTAL,CMN_BIZTYPE_MAP_CD,BZTP_STGE_CD,PORTAL,CMN_BIZTYPE_MAP_CD,BZTP_CD_DEPTH,
PORTAL,CMN_BIZTYPE_MAP_CD,HIER_BZTP_CD,PORTAL,CMN_BIZTYPE_MAP_CD,BZTP_UPPR_CD,
PORTAL,CMN_BIZTYPE_MAP_CD,SYS_CRE_DTTM,PORTAL,CMN_BIZTYPE_MAP_CD,,"from_unixtime(unix_timestamp(SYS_CRE_DTTM, 'yyyy/MM/dd HH:mm:ss'))"
PORTAL,CMN_BIZTYPE_MAP_CD,SYS_CRE_ID,PORTAL,CMN_BIZTYPE_MAP_CD,SYS_CRE_ID,
PORTAL,CMN_BIZTYPE_MAP_CD,SYS_UPD_DTTM,PORTAL,CMN_BIZTYPE_MAP_CD,,"from_unixtime(unix_timestamp(SYS_UPD_DTTM, 'yyyy/MM/dd HH:mm:ss'))"
PORTAL,CMN_BIZTYPE_MAP_CD,SYS_UPD_ID,PORTAL,CMN_BIZTYPE_MAP_CD,SYS_UPD_ID,
PORTAL,COMMON,CM_CD_LCL_CD,PORTAL,COMMON,LCLAS_CD,
PORTAL,COMMON,CM_CD_MCL_CD,PORTAL,COMMON,MCLAS_CD,
PORTAL,COMMON,CM_CD_SCL_CD,PORTAL,COMMON,SCLAS_CD,
PORTAL,COMMON,CD_KNM,PORTAL,COMMON,CLAS_NM,
PORTAL,COMMON,CD_MTN_NM_1,PORTAL,COMMON,CLAS_NM1,
PORTAL,COMMON,CD_MTN_NM_2,PORTAL,COMMON,CLAS_NM2,
PORTAL,COMMON,CD_MTN_NM_3,PORTAL,COMMON,CLAS_NM3,
PORTAL,COMMON,LNUP_ODE,PORTAL,COMMON,SORT_NO,
PORTAL,COMMON,RMK_CN,PORTAL,COMMON,REMARK,
PORTAL,COMMON,USE_YN,PORTAL,COMMON,USE_YN,
PORTAL,COMMON,SYS_CRE_DTTM,PORTAL,COMMON,,"from_unixtime(unix_timestamp(REG_DT, 'yyyy/MM/dd HH:mm:ss'))"
PORTAL,COMMON,SYS_UPD_DTTM,PORTAL,COMMON,,"from_unixtime(unix_timestamp(MOD_DT, 'yyyy/MM/dd HH:mm:ss'))"
PORTAL,COMMON,KN_ISD_LNK_CD,PORTAL,COMMON,KONA_CD,
PORTAL,COMMON,KR_NM,PORTAL,COMMON,KO,
PORTAL,COMMON,EN_NM,PORTAL,COMMON,EN,
PORTAL,COMMON,CH_NM,PORTAL,COMMON,ZH,
PORTAL,COMMON,JP_NM,PORTAL,COMMON,JA,
PORTAL,COMMON,VI_NM,PORTAL,COMMON,VI_NM,
PORTAL,COMMON,TH_NM,PORTAL,COMMON,TH_NM,
PORTAL,COMMON,RU_NM,PORTAL,COMMON,RU_NM,
PORTAL,COMMON,BN_NM,PORTAL,COMMON,BN_NM,
PORTAL,COMMON,IN_NM,PORTAL,COMMON,IN_NM,
PORTAL,CONTRACT,PO_CON_NO,PORTAL,CONTRACT,CONTRACT_NO,
PORTAL,CONTRACT,DC_CON_TYPE_CD,PORTAL,CONTRACT,CONTRACT_TYPE,
PORTAL,CONTRACT,MDWY_RSG_YN,PORTAL,CONTRACT,SC_YN,
PORTAL,CONTRACT,PO_PTN_NO,PORTAL,CONTRACT,PLAYER_NO,
PORTAL,CONTRACT,CON_NM,PORTAL,CONTRACT,CONTRACT_NAME,
PORTAL,CONTRACT,DCRT,PORTAL,CONTRACT,DISCOUNT_RATE,
PORTAL,CONTRACT,PBL_AMT,PORTAL,CONTRACT,AMOUNT_ISSUED,
PORTAL,CONTRACT,CON_PTN_DSCR_CN,PORTAL,CONTRACT,PLAYER_OTHER_INFO,
PORTAL,CONTRACT,CON_STRT_DT,PORTAL,CONTRACT,CONTRACT_DATE_START,
PORTAL,CONTRACT,CON_END_DT,PORTAL,CONTRACT,CONTRACT_DATE_END,
PORTAL,CONTRACT,SFTY_STOC_RATE,PORTAL,CONTRACT,SAFE_STOCK_RATE,
PORTAL,CONTRACT,SYS_CRE_DTTM,PORTAL,CONTRACT,,"from_unixtime(to_unix_timestamp(REG_DT, 'yyyy/MM/dd HH:mm:ss'))"
PORTAL,CONTRACT,SYS_UPD_DTTM,PORTAL,CONTRACT,,"from_unixtime(to_unix_timestamp(MOD_DT, 'yyyy/MM/dd HH:mm:ss'))"
PORTAL,CONTRACT,USE_YN,PORTAL,CONTRACT,USE_YN,
PORTAL,CONTRACT,CRI_AMT,PORTAL,CONTRACT,BASED_AMOUNT,
PORTAL,CONTRACT,PTN_ID,PORTAL,CONTRACT,KONA_ROLE_ID,
PORTAL,CONTRACT,PRD_CONN_PSBL_ASP_ID,PORTAL,CONTRACT,ASP_ID,
PORTAL,CONTRACT,KN_PTN_YN,PORTAL,CONTRACT,KONA_PARTNER_YN,
PORTAL,CONTRACT,PTN_NM,PORTAL,CONTRACT,PLAYER_NAME,
PORTAL,CONTRACT,BZNO,PORTAL,CONTRACT,BIZ_LICENSE_NUMBER,
PORTAL,CONTRACT,CON_DSTB_ENTR_DV_CD,PORTAL,CONTRACT,CONTRACT_CLASS,
PORTAL,CONTRACT,ERN_CRI_DV_CD,PORTAL,CONTRACT,YIELD_BASIS,
PORTAL,CONTRACT,PACQ_CLR_TYPE_CD,PORTAL,CONTRACT,PACQ_CLR_TYPE_CD,
PORTAL,CONTRACT_HISTORY,CON_HIST_SNO,PORTAL,CONTRACT_HISTORY,HISTORY_NO,
PORTAL,CONTRACT_HISTORY,PO_CON_NO,PORTAL,CONTRACT_HISTORY,CONTRACT_NO,
PORTAL,CONTRACT_HISTORY,CON_CN_CHG_ST_CD,PORTAL,CONTRACT_HISTORY,CONTRACT_CONTENT,
PORTAL,CONTRACT_HISTORY,CON_DTL_CN,PORTAL,CONTRACT_HISTORY,DESCRIPTION,
PORTAL,CONTRACT_HISTORY,STOC_AMT,PORTAL,CONTRACT_HISTORY,STOCK_AMOUNT,
PORTAL,CONTRACT_HISTORY,ADD_AMT,PORTAL,CONTRACT_HISTORY,ADDTIONAL_AMOUNT,
PORTAL,CONTRACT_HISTORY,VL_DT,PORTAL,CONTRACT_HISTORY,EFFECTIVE_DATE,
PORTAL,CONTRACT_HISTORY,SYS_UPD_DTTM,PORTAL,CONTRACT_HISTORY,,"from_unixtime(to_unix_timestamp(MOD_DT, 'yyyy/MM/dd HH:mm:ss'))"
PORTAL,CONTRACT_HISTORY,SYS_CRE_DTTM,PORTAL,CONTRACT_HISTORY,,"from_unixtime(to_unix_timestamp(REG_DT, 'yyyy/MM/dd HH:mm:ss'))"
PORTAL,CONTRACT_HISTORY,USE_YN,PORTAL,CONTRACT_HISTORY,USE_YN,
PORTAL,COUPON_DISCOUNT,PRD_NO,PORTAL,COUPON_DISCOUNT,PRODUCT_NO,
PORTAL,COUPON_DISCOUNT,PRD_DC_SNO,PORTAL,COUPON_DISCOUNT,DISCOUNT_NO,
PORTAL,COUPON_DISCOUNT,DC_BNF_SNO,PORTAL,COUPON_DISCOUNT,DISCOUNT_SEQ,
PORTAL,COUPON_DISCOUNT,DC_APY_PRITY,PORTAL,COUPON_DISCOUNT,PRIORITY,
PORTAL,COUPON_DISCOUNT,DC_TYPE_CD,PORTAL,COUPON_DISCOUNT,DISCOUNT_TYPE,
PORTAL,COUPON_DISCOUNT,SUB_DC_TYPE_CD,PORTAL,COUPON_DISCOUNT,DISCOUNT_SUB_TYPE,
PORTAL,COUPON_DISCOUNT,PACQ_YN,PORTAL,COUPON_DISCOUNT,RESALE,
PORTAL,COUPON_DISCOUNT,DC_FAMT_FRTE_DV_CD,PORTAL,COUPON_DISCOUNT,DISCOUNT_VALUE_TYPE,
PORTAL,COUPON_DISCOUNT,DC_VAL,PORTAL,COUPON_DISCOUNT,DISCOUNT_VALUE,
PORTAL,COUPON_DISCOUNT,DC_STRT_DT,PORTAL,COUPON_DISCOUNT,DISCOUNT_PERIOD_START,
PORTAL,COUPON_DISCOUNT,DC_END_DT,PORTAL,COUPON_DISCOUNT,DISCOUNT_PERIOD_END,
PORTAL,COUPON_DISCOUNT,DC_LMT_TYPE_CD,PORTAL,COUPON_DISCOUNT,DCNT_LIMIT_TYPE,
PORTAL,COUPON_DISCOUNT,DC_LMT_TMCNT,PORTAL,COUPON_DISCOUNT,DCNT_LIMIT,
PORTAL,COUPON_DISCOUNT,MINM_STLM_AMT_CND_AMT,PORTAL,COUPON_DISCOUNT,MIN_CONDITION_AMT,
PORTAL,COUPON_DISCOUNT,ONCE_DC_LMT_AMT,PORTAL,COUPON_DISCOUNT,ONETIME_DCNT_LIMIT,
PORTAL,COUPON_DISCOUNT,DC_MC_GRP_ID,PORTAL,COUPON_DISCOUNT,GRP_ID,
PORTAL,COUPON_DISCOUNT,XCPT_DC_MC_GRP_ID,PORTAL,COUPON_DISCOUNT,EXCEPT_GRP_ID,
PORTAL,COUPON_DISCOUNT,PO_CON_NO,PORTAL,COUPON_DISCOUNT,CONTRACT_NO,
PORTAL,COUPON_DISCOUNT,AF_CLR_DC_BRDR_PFRM_PRVR_VAL,PORTAL,COUPON_DISCOUNT,OFFER_BENEFIT_PLATFORM_VALUE,
PORTAL,COUPON_DISCOUNT,AF_CLR_DC_BRDR_MC_PTN_SNO,PORTAL,COUPON_DISCOUNT,OFFER_BENEFIT_MR_PLAYER_NO,
PORTAL,COUPON_DISCOUNT,AF_CLR_DC_BRDR_MC_PRVR_VAL,PORTAL,COUPON_DISCOUNT,OFFER_BENEFIT_MR_VALUE,
PORTAL,COUPON_DISCOUNT,AF_CLR_DC_BU_TFTH_ROLE_DV_CD,PORTAL,COUPON_DISCOUNT,OFFER_BENEFIT_ROLE_TYPE,
PORTAL,COUPON_DISCOUNT,AF_CLR_DC_BRDR_TTHR_PTN_SNO,PORTAL,COUPON_DISCOUNT,OFFER_BENEFIT_PLAYER_NO,
PORTAL,COUPON_DISCOUNT,AF_CLR_DC_BRDR_TTHR_VAL,PORTAL,COUPON_DISCOUNT,OFFER_BENEFIT_VALUE,
PORTAL,COUPON_DISCOUNT,ACQR_DV_CD,PORTAL,COUPON_DISCOUNT,CHANNEL,
PORTAL,DISCOUNT,DC_NO,PORTAL,DISCOUNT,DISCOUNT_NO,
PORTAL,DISCOUNT,PRD_DC_APY_TYPE_CD,PORTAL,DISCOUNT,DISCOUNT_TYPE,
PORTAL,DISCOUNT,DC_FAMT_FRTE_DV_CD,PORTAL,DISCOUNT,DISCOUNT_VALUE_TYPE,
PORTAL,DISCOUNT,DC_VAL,PORTAL,DISCOUNT,DISCOUNT_VALUE,
PORTAL,DISCOUNT,DC_CND_TYPE_CD,PORTAL,DISCOUNT,DISCOUNT_CONDITION_TYPE,
PORTAL,DISCOUNT,DC_LM_QTY,PORTAL,DISCOUNT,DISCOUNT_QUANTITY_LIMIT,
PORTAL,DISCOUNT,DC_STRT_DTTM,PORTAL,DISCOUNT,DISCOUNT_PERIOD_START,
PORTAL,DISCOUNT,DC_PRID_END_DTTM,PORTAL,DISCOUNT,DISCOUNT_PERIOD_END,
PORTAL,DISCOUNT,DC_APY_MNDY_YN,PORTAL,DISCOUNT,DISCOUNT_DAY_IN_WEEK_MON,
PORTAL,DISCOUNT,DC_APY_TSDY_YN,PORTAL,DISCOUNT,DISCOUNT_DAY_IN_WEEK_TUE,
PORTAL,DISCOUNT,DC_APY_WNDY_YN,PORTAL,DISCOUNT,DISCOUNT_DAY_IN_WEEK_WED,
PORTAL,DISCOUNT,DC_APY_THU_YN,PORTAL,DISCOUNT,DISCOUNT_DAY_IN_WEEK_THUR,
PORTAL,DISCOUNT,DC_APY_FRDY_YN,PORTAL,DISCOUNT,DISCOUNT_DAY_IN_WEEK_FRI,
PORTAL,DISCOUNT,DC_APY_SAT_YN,PORTAL,DISCOUNT,DISCOUNT_DAY_IN_WEEK_SAT,
PORTAL,DISCOUNT,DC_APY_SUN_YN,PORTAL,DISCOUNT,DISCOUNT_DAY_IN_WEEK_SUN,
PORTAL,DISCOUNT,USE_YN,PORTAL,DISCOUNT,USE_YN,
PORTAL,DISCOUNT,SYS_CRE_DTTM,PORTAL,DISCOUNT,,"from_unixtime(to_unix_timestamp(REG_DT, 'yyyy/MM/dd HH:mm:ss'))"
PORTAL,DISCOUNT,SYS_CRE_ID,PORTAL,DISCOUNT,REG_ID,
PORTAL,DISCOUNT,SYS_CRE_IP_ADDR,PORTAL,DISCOUNT,REG_IP,
PORTAL,DISCOUNT,SYS_UPD_DTTM,PORTAL,DISCOUNT,,"from_unixtime(to_unix_timestamp(MOD_DT, 'yyyy/MM/dd HH:mm:ss'))"
PORTAL,DISCOUNT,SYS_UPD_ID,PORTAL,DISCOUNT,MOD_ID,
PORTAL,DISCOUNT,SYS_UPD_IP_ADDR,PORTAL,DISCOUNT,MOD_IP,
PORTAL,DISCOUNT,TM_DC_BNF_TYPE_CD,PORTAL,DISCOUNT,DISCOUNT_TIME_BENEFIT_TYPE,
PORTAL,DISCOUNT,PRD_DC_SNO,PORTAL,DISCOUNT,DISCOUNT_SEQ,
PORTAL,DISCOUNT,PRD_DC_APY_PRITY,PORTAL,DISCOUNT,PRIORITY,
PORTAL,DISCOUNT,PO_CON_NO,PORTAL,DISCOUNT,CONTRACT_NO,
PORTAL,DISCOUNT,DC_PRID_STRT_DTTM,PORTAL,DISCOUNT,DISCOUNT_START,
PORTAL,DISCOUNT,SUB_DC_TYPE_CD,PORTAL,DISCOUNT,DISCOUNT_SUB_TYPE,
PORTAL,DISCOUNT,PNT_EXTN_PRID_MCNT,PORTAL,DISCOUNT,VALIDITY_PERIOD,
PORTAL,DISCOUNT,ASP_NO,PORTAL,DISCOUNT,ASP_NO,
PORTAL,DISCOUNT,VL_PRID_TYPE_CD,PORTAL,DISCOUNT,PERIOD_TYPE,
PORTAL,DISCOUNT,PNT_DSB_BUGT_AMT,PORTAL,DISCOUNT,POINT_BUDGET,
PORTAL,DISCOUNT,PNT_PLCY_ID,PORTAL,DISCOUNT,POINT_POLICY_ID,
PORTAL,DISCOUNT,PNT_VL_PRID_SPF_DT,PORTAL,DISCOUNT,EXP_DATE,
PORTAL,DISCOUNT,PNT_DV_CD,PORTAL,DISCOUNT,POINT_TYPE,
PORTAL,DISCOUNT,CASH_BOWR_GRP_ID,PORTAL,DISCOUNT,PROVIDER_GRP_ID,
PORTAL,DISCOUNT_GROUP,BNF_GRP_ID,PORTAL,DISCOUNT_GROUP,GROUP_NO,
PORTAL,DISCOUNT_GROUP,BNF_GRP_NM,PORTAL,DISCOUNT_GROUP,GROUP_NAME,
PORTAL,DISCOUNT_GROUP,ASP_NO,PORTAL,DISCOUNT_GROUP,ASP_NO,
PORTAL,DISCOUNT_GROUP,USE_YN,PORTAL,DISCOUNT_GROUP,USE_YN,
PORTAL,DISCOUNT_GROUP,SYS_CRE_DTTM,PORTAL,DISCOUNT_GROUP,,"from_unixtime(to_unix_timestamp(REG_DT, 'yyyy/MM/dd HH:mm:ss'))"
PORTAL,DISCOUNT_GROUP,SYS_CRE_ID,PORTAL,DISCOUNT_GROUP,REG_ID,
PORTAL,DISCOUNT_GROUP,SYS_CRE_IP_ADDR,PORTAL,DISCOUNT_GROUP,REG_IP,
PORTAL,DISCOUNT_GROUP,SYS_UPD_DTTM,PORTAL,DISCOUNT_GROUP,,"from_unixtime(to_unix_timestamp(MOD_DT, 'yyyy/MM/dd HH:mm:ss'))"
PORTAL,DISCOUNT_GROUP,SYS_UPD_ID,PORTAL,DISCOUNT_GROUP,MOD_ID,
PORTAL,DISCOUNT_GROUP,SYS_UPD_IP_ADDR,PORTAL,DISCOUNT_GROUP,MOD_IP,
PORTAL,DISCOUNT_GROUP,DC_BNF_GRP_TYPE_CD,PORTAL,DISCOUNT_GROUP,GROUP_TYPE,
PORTAL,DISCOUNT_GROUP_MAP,BNF_GRP_ID,PORTAL,DISCOUNT_GROUP_MAP,GROUP_NO,
PORTAL,DISCOUNT_GROUP_MAP,DC_NO,PORTAL,DISCOUNT_GROUP_MAP,DISCOUNT_NO,
PORTAL,DISCOUNT_GROUP_MAP,SYS_UPD_DTTM,PORTAL,DISCOUNT_GROUP_MAP,,"from_unixtime(to_unix_timestamp(MOD_DT, 'yyyy/MM/dd HH:mm:ss'))"
PORTAL,DISCOUNT_GROUP_MAP,SYS_UPD_IP_ADDR,PORTAL,DISCOUNT_GROUP_MAP,MOD_IP,
PORTAL,DISCOUNT_GROUP_MAP,SYS_UPD_ID,PORTAL,DISCOUNT_GROUP_MAP,MOD_ID,
PORTAL,DISCOUNT_GROUP_MAP,BNF_MB_LNUP_ODE,PORTAL,DISCOUNT_GROUP_MAP,ORDER_NO,
PORTAL,DISCOUNT_GROUP_MAP,BNF_EMPS_YN,PORTAL,DISCOUNT_GROUP_MAP,EMPHASIZE_DISCOUNT_YN,
PORTAL,DISCOUNT_MERCHANT,DC_NO,PORTAL,DISCOUNT_MERCHANT,DISCOUNT_NO,
PORTAL,DISCOUNT_MERCHANT,DC_PRV_MC_GRP_ID,PORTAL,DISCOUNT_MERCHANT,MERCHANT_VALUE,
PORTAL,DISCOUNT_MERCHANT,MC_GUD_CN,PORTAL,DISCOUNT_MERCHANT,MERCHANT_INFO,
PORTAL,DISCOUNT_MERCHANT,DC_BNF_MC_TYPE_CD,PORTAL,DISCOUNT_MERCHANT,TYPE,
PORTAL,DISCOUNT_MERCHANT,USE_YN,PORTAL,DISCOUNT_MERCHANT,USE_YN,
PORTAL,DISCOUNT_MERCHANT,PRD_DC_SNO,PORTAL,DISCOUNT_MERCHANT,DISCOUNT_SEQ,
PORTAL,DISCOUNT_MERCHANT,PRITY,PORTAL,DISCOUNT_MERCHANT,PRIORITY,
PORTAL,DISCOUNT_MERCHANT,XCPT_DC_MC_GRP_ID,PORTAL,DISCOUNT_MERCHANT,BLOCK_MERCHANT_VALUE,
PORTAL,DISCOUNT_MERCHANT,ACQ_CHNL_CD,PORTAL,DISCOUNT_MERCHANT,CHANNEL,
PORTAL,DISCOUNT_POLICY,DC_NO,PORTAL,DISCOUNT_POLICY,DISCOUNT_NO,
PORTAL,DISCOUNT_POLICY,FULL_NM,PORTAL,DISCOUNT_POLICY,NAME,
PORTAL,DISCOUNT_POLICY,RE_SLL_YN,PORTAL,DISCOUNT_POLICY,RESALE,
PORTAL,DISCOUNT_POLICY,PO_CON_NO,PORTAL,DISCOUNT_POLICY,CONTRACT_NO,
PORTAL,DISCOUNT_POLICY,AF_CLR_DC_BRDR_PFRM_PRVR_VAL,PORTAL,DISCOUNT_POLICY,OFFER_BENEFIT_PLATFORM_VALUE,
PORTAL,DISCOUNT_POLICY,AF_CLR_DC_BRDR_MC_PRVR_VAL,PORTAL,DISCOUNT_POLICY,OFFER_BENEFIT_MR_VALUE,
PORTAL,DISCOUNT_POLICY,DC_LMT_UNIT_TYPE_CD,PORTAL,DISCOUNT_POLICY,DCNT_LIMIT_TYPE,
PORTAL,DISCOUNT_POLICY,BNF_LMT_AMT,PORTAL,DISCOUNT_POLICY,DCNT_LIMIT,
PORTAL,DISCOUNT_POLICY,BNF_DC_LMT_TMCNT,PORTAL,DISCOUNT_POLICY,DCNT_LIMIT_SEL,
PORTAL,DISCOUNT_POLICY,BYBNF_DC_LMT_MINM_STLM_AMT,PORTAL,DISCOUNT_POLICY,MIN_CONDITION_AMT,
PORTAL,DISCOUNT_POLICY,BNF_BFM_USE_AMT,PORTAL,DISCOUNT_POLICY,PREV_CONDITION_AMT,
PORTAL,DISCOUNT_POLICY,BNF_DSCR_CN,PORTAL,DISCOUNT_POLICY,BENEFIT_DESCRIPTION,
PORTAL,DISCOUNT_POLICY,USE_YN,PORTAL,DISCOUNT_POLICY,USE_YN,
PORTAL,DISCOUNT_POLICY,PRD_DC_SNO,PORTAL,DISCOUNT_POLICY,DISCOUNT_SEQ,
PORTAL,DISCOUNT_POLICY,PRITY,PORTAL,DISCOUNT_POLICY,PRIORITY,
PORTAL,DISCOUNT_POLICY,AF_CLR_DC_BU_TFTH_ROLE_DV_CD,PORTAL,DISCOUNT_POLICY,OFFER_BENEFIT_ROLE_TYPE,
PORTAL,DISCOUNT_POLICY,AF_CLR_DC_BU_TFTH_PTN_NO,PORTAL,DISCOUNT_POLICY,OFFER_BENEFIT_PLAYER_NO,
PORTAL,DISCOUNT_POLICY,AF_CLR_DC_BRDR_TFTH_VAL,PORTAL,DISCOUNT_POLICY,OFFER_BENEFIT_VALUE,
PORTAL,DISCOUNT_POLICY,DC_BNF_DV_CD,PORTAL,DISCOUNT_POLICY,PERIOD_RESTRICTION_YN,
PORTAL,DISCOUNT_POLICY,DC_BNF_ATNT_MTTRS_CN,PORTAL,DISCOUNT_POLICY,NOTICE,
PORTAL,DISCOUNT_POLICY,DC_BNF_CTG_CD,PORTAL,DISCOUNT_POLICY,CATEGORY,
PORTAL,DISCOUNT_POLICY,DC_BNF_TG_CN,PORTAL,DISCOUNT_POLICY,TAG,
PORTAL,DISCOUNT_POLICY,FILE_NO,PORTAL,DISCOUNT_POLICY,FILE_NO,
PORTAL,DISCOUNT_POLICY,DC_BNF_IMG_FILE_SNO,PORTAL,DISCOUNT_POLICY,SN,
PORTAL,DISCOUNT_POLICY,MB_LNUP_ODE,PORTAL,DISCOUNT_POLICY,ORDER_NO,
PORTAL,DISCOUNT_POLICY,BFM_CHRG_ARSL_AMT,PORTAL,DISCOUNT_POLICY,PREV_CONDITION_RECHARGE_AMT,
PORTAL,DISCOUNT_POLICY,EXHB_DSCP_NM,PORTAL,DISCOUNT_POLICY,DISPLAY_MERCHANT_NAME,
PORTAL,DISCOUNT_POLICY,EXHB_BNF_NM,PORTAL,DISCOUNT_POLICY,DISPLAY_DISCOUNT_NAME,
PORTAL,DISCOUNT_POLICY,DRT_INS_TG_CN,PORTAL,DISCOUNT_POLICY,TAG2,
PORTAL,DISCOUNT_POLICY,BFM_ARSL_INCL_YN,PORTAL,DISCOUNT_POLICY,INCLUDE_PREV_CONDITION,
PORTAL,DISCOUNT_POLICY,ONCE_DC_LMT_AMT,PORTAL,DISCOUNT_POLICY,ONETIME_DCNT_LIMIT,
PORTAL,DISCOUNT_POLICY,PMTP_ONL_DV_CD,PORTAL,DISCOUNT_POLICY,PAYMENT_TYPE,
PORTAL,DISCOUNT_POLICY,BNF_INTR_CN,PORTAL,DISCOUNT_POLICY,BENEFIT_INTRODUCTION,
PORTAL,DISCOUNT_POLICY,CRD_ITDL_APY_YN,PORTAL,DISCOUNT_POLICY,APPLY_CARD_DCNT_LIMIT,
PORTAL,DIY_COUPON_MAPPING,DIY_SNO,PORTAL,DIY_COUPON_MAPPING,DIY_ID,
PORTAL,DIY_COUPON_MAPPING,ENC_TOKN_NO,PORTAL,DIY_COUPON_MAPPING,TOKEN,
PORTAL,DIY_COUPON_MAPPING,CPN_NO,PORTAL,DIY_COUPON_MAPPING,COUPON_NO,
PORTAL,DIY_COUPON_MAPPING,SYS_CRE_DTTM,PORTAL,DIY_COUPON_MAPPING,,"from_unixtime(to_unix_timestamp(REG_DT, 'yyyy/MM/dd HH:mm:ss'))"
PORTAL,DIY_ORDER,ID,PORTAL,DIY_ORDER,ID,
PORTAL,DIY_ORDER,GRP_ID,PORTAL,DIY_ORDER,GROUP_ID,
PORTAL,DIY_ORDER,PO_DIY_ORDR_NO,PORTAL,DIY_ORDER,ORDER_NO,
PORTAL,DIY_ORDER,ORDR_DT,PORTAL,DIY_ORDER,ORDER_DATE,
PORTAL,DIY_ORDER,ODR_NM,PORTAL,DIY_ORDER,BUYER_NAME,
PORTAL,DIY_ORDER,PRD_NM,PORTAL,DIY_ORDER,PRODUCT_NAME,
PORTAL,DIY_ORDER,MFCM_CD,PORTAL,DIY_ORDER,MANUFACTURER,
PORTAL,DIY_ORDER,PRD_QTY,PORTAL,DIY_ORDER,PRODUCT_COUNT,
PORTAL,DIY_ORDER,OPT_CN,PORTAL,DIY_ORDER,OPTION_INFO,
PORTAL,DIY_ORDER,DIY_CRD_OPT_DV_CD,PORTAL,DIY_ORDER,OPTION_CODE,
PORTAL,DIY_ORDER,OPT_PRPC,PORTAL,DIY_ORDER,OPTION_PURCHASE_PRICE,
PORTAL,DIY_ORDER,OPT_AMT,PORTAL,DIY_ORDER,OPTION_AMOUNT,
PORTAL,DIY_ORDER,TOT_STLM_AMT,PORTAL,DIY_ORDER,TOTAL_PAYMENT_AMOUNT,
PORTAL,DIY_ORDER,RCVR_PSNO,PORTAL,DIY_ORDER,RECEIVER_ZIP_CODE,
PORTAL,DIY_ORDER,RCVR_WO_ADDR,PORTAL,DIY_ORDER,RECEIVER_ADDRESS,
PORTAL,DIY_ORDER,ORDR_MEMO_CN,PORTAL,DIY_ORDER,MEMO,
PORTAL,DIY_ORDER,SLPC,PORTAL,DIY_ORDER,PRICE,
PORTAL,DIY_ORDER,FCVAL,PORTAL,DIY_ORDER,PAR_VALUE,
PORTAL,DIY_ORDER,PRPC,PORTAL,DIY_ORDER,PURCHASE_PRICE,
PORTAL,DIY_ORDER,BNF_CPN_CN,PORTAL,DIY_ORDER,BENEFIT_COUPON,
PORTAL,DIY_ORDER,CANV_IMG_PNG_FILE_NM,PORTAL,DIY_ORDER,IMG_PNG,
PORTAL,DIY_ORDER,CANV_IMG_JPG_FILE_NM,PORTAL,DIY_ORDER,IMG_JPG,
PORTAL,DIY_ORDER,ENC_TOKN_NO,PORTAL,DIY_ORDER,TOKEN,
PORTAL,DIY_ORDER,SYS_CRE_DTTM,PORTAL,DIY_ORDER,,"from_unixtime(to_unix_timestamp(REG_DT, 'yyyy/MM/dd HH:mm:ss'))"
PORTAL,DIY_ORDER,SYS_UPD_DTTM,PORTAL,DIY_ORDER,,"from_unixtime(to_unix_timestamp(MOD_DT, 'yyyy/MM/dd HH:mm:ss'))"
PORTAL,DIY_ORDER,IMG_WIDT_LNTH,PORTAL,DIY_ORDER,IMG_JPG_HORIZONTAL,
PORTAL,HANA_MERCHANT_CODE,BZTP_LCL_CD,PORTAL,HANA_MERCHANT_CODE,CODE_GROUP_IDX,
PORTAL,HANA_MERCHANT_CODE,BZTP_CD,PORTAL,HANA_MERCHANT_CODE,CODE,
PORTAL,HANA_MERCHANT_CODE,BZTP_LCL_NM,PORTAL,HANA_MERCHANT_CODE,CODE_NM,
PORTAL,HANA_MERCHANT_CODE,BZTP_NM,PORTAL,HANA_MERCHANT_CODE,CODE_DETAIL,
PORTAL,HANA_MERCHANT_CODE,BZTP_TYPE_VAL,PORTAL,HANA_MERCHANT_CODE,CODE_NM_TYPE,
PORTAL,KA_ADDRESS_MAPPING,ID,PORTAL,KA_ADDRESS_MAPPING,ID,
PORTAL,KA_ADDRESS_MAPPING,ASP_ID,PORTAL,KA_ADDRESS_MAPPING,ASP_ID,
PORTAL,KA_ADDRESS_MAPPING,KA_ID,PORTAL,KA_ADDRESS_MAPPING,KA_ID,
PORTAL,KA_ADDRESS_MAPPING,LGLD_CD,PORTAL,KA_ADDRESS_MAPPING,CODE,
PORTAL,KA_ADDRESS_MAPPING,SGG_NM,PORTAL,KA_ADDRESS_MAPPING,SI_GUN_GU_NM,
PORTAL,KA_ADDRESS_MAPPING,EMD_NM,PORTAL,KA_ADDRESS_MAPPING,EUP_MYUN_DONG_NM,
PORTAL,KA_ADDRESS_MAPPING,SI_DO_NM,PORTAL,KA_ADDRESS_MAPPING,SI_DO_NM,
PORTAL,KB_MERCHANT_CODE,BZTP_LCL_CD,PORTAL,KB_MERCHANT_CODE,CODE_GROUP_IDX,
PORTAL,KB_MERCHANT_CODE,BZTP_CD,PORTAL,KB_MERCHANT_CODE,CODE,
PORTAL,KB_MERCHANT_CODE,BZTP_LCL_NM,PORTAL,KB_MERCHANT_CODE,CODE_NM,
PORTAL,KB_MERCHANT_CODE,BZTP_NM,PORTAL,KB_MERCHANT_CODE,CODE_DETAIL,
PORTAL,KB_MERCHANT_CODE,BZTP_TYPE_VAL,PORTAL,KB_MERCHANT_CODE,CODE_NM_TYPE,
PORTAL,KONA_BIZ_CODE,KN_BZTP_CD,PORTAL,KONA_BIZ_CODE,BIZ_CODE,
PORTAL,KONA_BIZ_CODE,KN_MCL_BZTP_CD,PORTAL,KONA_BIZ_CODE,BIZ_MCODE,
PORTAL,KONA_BIZ_CODE,KN_BZTP_LCL_NM,PORTAL,KONA_BIZ_CODE,BIZ_LTYPE_NAME,
PORTAL,KONA_BIZ_CODE,KN_BZTP_MCL_NM,PORTAL,KONA_BIZ_CODE,BIZ_MTYPE_NAME,
PORTAL,KONA_BIZ_CODE,KN_BZTP_SCL_NM,PORTAL,KONA_BIZ_CODE,BIZ_STYPE_NAME,
PORTAL,LUCKY_EVENT_REWARD_HISTORY,ID,PORTAL,LUCKY_EVENT_REWARD_HISTORY,ID,
PORTAL,LUCKY_EVENT_REWARD_HISTORY,PO_USER_NO,PORTAL,LUCKY_EVENT_REWARD_HISTORY,USER_ID,
PORTAL,LUCKY_EVENT_REWARD_HISTORY,GAME_NO,PORTAL,LUCKY_EVENT_REWARD_HISTORY,GAME_ID,
PORTAL,LUCKY_EVENT_REWARD_HISTORY,TMRD,PORTAL,LUCKY_EVENT_REWARD_HISTORY,ROUND_NUMBER,
PORTAL,LUCKY_EVENT_REWARD_HISTORY,LUCK_HLD_CNT,PORTAL,LUCKY_EVENT_REWARD_HISTORY,PURCHASED_CNT,
PORTAL,LUCKY_EVENT_REWARD_HISTORY,EVT_KD_CD,PORTAL,LUCKY_EVENT_REWARD_HISTORY,EVENT_TYPE,
PORTAL,LUCKY_EVENT_REWARD_HISTORY,DSB_AMT,PORTAL,LUCKY_EVENT_REWARD_HISTORY,PAYMENT_AMT,
PORTAL,LUCKY_EVENT_REWARD_HISTORY,PNT_TR_ID,PORTAL,LUCKY_EVENT_REWARD_HISTORY,TRANSACTION_ID,
PORTAL,LUCKY_EVENT_REWARD_HISTORY,DSB_ST_CD,PORTAL,LUCKY_EVENT_REWARD_HISTORY,STATUS,
PORTAL,LUCKY_EVENT_REWARD_HISTORY,SYS_CRE_DTTM,PORTAL,LUCKY_EVENT_REWARD_HISTORY,,"from_unixtime(to_unix_timestamp(REG_DTM, 'yyyy/MM/dd HH:mm:ss'))"
PORTAL,LUCKY_EVENT_REWARD_HISTORY,SYS_UPD_DTTM,PORTAL,LUCKY_EVENT_REWARD_HISTORY,,"from_unixtime(to_unix_timestamp(UPT_DTM, 'yyyy/MM/dd HH:mm:ss'))"
PORTAL,LUCKY_EVENT_REWARD_HISTORY,pt_reg_m,PORTAL,LUCKY_EVENT_REWARD_HISTORY,,"translate(substr(REG_DTM,0,7),'/','')"
PORTAL,LUCKY_EVENT_REWARD_PRICE,LCO_EVT_RWD_ID,PORTAL,LUCKY_EVENT_REWARD_PRICE,ID,
PORTAL,LUCKY_EVENT_REWARD_PRICE,WIN_AMT,PORTAL,LUCKY_EVENT_REWARD_PRICE,PRICE,
PORTAL,LUCKY_EVENT_REWARD_PRICE,WGHT,PORTAL,LUCKY_EVENT_REWARD_PRICE,WEIGHT,
PORTAL,LUCKY_EVENT_REWARD_PRICE,USE_YN,PORTAL,LUCKY_EVENT_REWARD_PRICE,USE_YN,
PORTAL,LUCKY_EVENT_REWARD_PRICE,HIER_LCO_EVT_RWD_ID,PORTAL,LUCKY_EVENT_REWARD_PRICE,EVENT_REWARD_RANGE_ID,
PORTAL,LUCKY_EVENT_REWARD_RANGE,ID,PORTAL,LUCKY_EVENT_REWARD_RANGE,ID,
PORTAL,LUCKY_EVENT_REWARD_RANGE,STRT_SCPE_VAL,PORTAL,LUCKY_EVENT_REWARD_RANGE,START_RANGE,
PORTAL,LUCKY_EVENT_REWARD_RANGE,END_SCPE_VAL,PORTAL,LUCKY_EVENT_REWARD_RANGE,END_RANGE,
PORTAL,LUCKY_EVENT_REWARD_RANGE,USE_YN,PORTAL,LUCKY_EVENT_REWARD_RANGE,USE_YN,
PORTAL,LUCKY_EVENT_REWARD_RANGE,SYS_CRE_DTTM,PORTAL,LUCKY_EVENT_REWARD_RANGE,,"from_unixtime(to_unix_timestamp(REG_DTM, 'yyyy/MM/dd HH:mm:ss'))"
PORTAL,LUCKY_EVENT_REWARD_RANGE,SYS_UPD_DTTM,PORTAL,LUCKY_EVENT_REWARD_RANGE,,"from_unixtime(to_unix_timestamp(UPT_DTM, 'yyyy/MM/dd HH:mm:ss'))"
PORTAL,LUCKY_EVENT_REWARD_RANGE,HIER_RWD_EVT_ID,PORTAL,LUCKY_EVENT_REWARD_RANGE,EVENT_REWARD_ID,
PORTAL,LUCKY_EVENT_REWARD_SETTING,ID,PORTAL,LUCKY_EVENT_REWARD_SETTING,ID,
PORTAL,LUCKY_EVENT_REWARD_SETTING,EVT_NM,PORTAL,LUCKY_EVENT_REWARD_SETTING,EVENT_NAME,
PORTAL,LUCKY_EVENT_REWARD_SETTING,GAME_NO,PORTAL,LUCKY_EVENT_REWARD_SETTING,GAME_ID,
PORTAL,LUCKY_EVENT_REWARD_SETTING,STRT_TMRD,PORTAL,LUCKY_EVENT_REWARD_SETTING,START_ROUND_NUMBER,
PORTAL,LUCKY_EVENT_REWARD_SETTING,END_ATIM_DGE,PORTAL,LUCKY_EVENT_REWARD_SETTING,END_ROUND_NUMBER,
PORTAL,LUCKY_EVENT_REWARD_SETTING,EVT_DSB_TMCNT,PORTAL,LUCKY_EVENT_REWARD_SETTING,RECIEVE_TIMES,
PORTAL,LUCKY_EVENT_REWARD_SETTING,EVT_KD_CD,PORTAL,LUCKY_EVENT_REWARD_SETTING,EVENT_TYPE,
PORTAL,LUCKY_EVENT_REWARD_SETTING,USE_YN,PORTAL,LUCKY_EVENT_REWARD_SETTING,USE_YN,
PORTAL,LUCKY_EVENT_REWARD_SETTING,SYS_CRE_DTTM,PORTAL,LUCKY_EVENT_REWARD_SETTING,,"from_unixtime(to_unix_timestamp(REG_DTM, 'yyyy/MM/dd HH:mm:ss'))"
PORTAL,LUCKY_EVENT_REWARD_SETTING,SYS_UPD_DTTM,PORTAL,LUCKY_EVENT_REWARD_SETTING,,"from_unixtime(to_unix_timestamp(UPT_DTM, 'yyyy/MM/dd HH:mm:ss'))"
PORTAL,LUCKY_NEW_EVENT_REWARD_SETTING,ID,PORTAL,LUCKY_NEW_EVENT_REWARD_SETTING,ID,
PORTAL,LUCKY_NEW_EVENT_REWARD_SETTING,EVT_NM,PORTAL,LUCKY_NEW_EVENT_REWARD_SETTING,EVENT_NAME,
PORTAL,LUCKY_NEW_EVENT_REWARD_SETTING,GAME_NO,PORTAL,LUCKY_NEW_EVENT_REWARD_SETTING,GAME_ID,
PORTAL,LUCKY_NEW_EVENT_REWARD_SETTING,STRT_TMRD,PORTAL,LUCKY_NEW_EVENT_REWARD_SETTING,START_ROUND_NUMBER,
PORTAL,LUCKY_NEW_EVENT_REWARD_SETTING,END_ATIM_DGE,PORTAL,LUCKY_NEW_EVENT_REWARD_SETTING,END_ROUND_NUMBER,
PORTAL,LUCKY_NEW_EVENT_REWARD_SETTING,USE_YN,PORTAL,LUCKY_NEW_EVENT_REWARD_SETTING,USE_YN,
PORTAL,LUCKY_NEW_EVENT_REWARD_SETTING,SYS_CRE_DTTM,PORTAL,LUCKY_NEW_EVENT_REWARD_SETTING,,"from_unixtime(to_unix_timestamp(REG_DTM, 'yyyy/MM/dd HH:mm:ss'))"
PORTAL,LUCKY_NEW_EVENT_REWARD_SETTING,SYS_UPD_DTTM,PORTAL,LUCKY_NEW_EVENT_REWARD_SETTING,,"from_unixtime(to_unix_timestamp(UPT_DTM, 'yyyy/MM/dd HH:mm:ss'))"
PORTAL,MERCHANT_INTRO,MC_INTR_NO,PORTAL,MERCHANT_INTRO,PLACE_NO,
PORTAL,MERCHANT_INTRO,SYS_CRE_DTTM,PORTAL,MERCHANT_INTRO,,"from_unixtime(unix_timestamp(REG_DT, 'yyyy/MM/dd HH:mm:ss'))"
PORTAL,MERCHANT_INTRO,SYS_CRE_ID,PORTAL,MERCHANT_INTRO,REG_ID,
PORTAL,MERCHANT_INTRO,SYS_CRE_IP_ADDR,PORTAL,MERCHANT_INTRO,REG_IP,
PORTAL,MERCHANT_INTRO,SYS_UPD_DTTM,PORTAL,MERCHANT_INTRO,,"from_unixtime(unix_timestamp(MOD_DT, 'yyyy/MM/dd HH:mm:ss'))"
PORTAL,MERCHANT_INTRO,SYS_UPD_ID,PORTAL,MERCHANT_INTRO,MOD_ID,
PORTAL,MERCHANT_INTRO,SYS_UPD_IP_ADDR,PORTAL,MERCHANT_INTRO,MOD_IP,
PORTAL,MERCHANT_INTRO,MC_PSNO,PORTAL,MERCHANT_INTRO,PLACE_ZIP,
PORTAL,MERCHANT_INTRO,MC_ADDR,PORTAL,MERCHANT_INTRO,PLACE_ADRS1,
PORTAL,MERCHANT_INTRO,MC_DTL_ADDR,PORTAL,MERCHANT_INTRO,PLACE_ADRS2,
PORTAL,MERCHANT_INTRO,POFN_TLNO,PORTAL,MERCHANT_INTRO,TELNO1,
PORTAL,MERCHANT_INTRO,IDV_TLNO,PORTAL,MERCHANT_INTRO,TELNO2,
PORTAL,MERCHANT_INTRO,HMPG_URL_ADDR,PORTAL,MERCHANT_INTRO,PLACE_HOMEPAGE_URL,
PORTAL,MERCHANT_INTRO,TG_LST_CN,PORTAL,MERCHANT_INTRO,TAG_INFO,
PORTAL,MERCHANT_INTRO,MNDY_DF_YN,PORTAL,MERCHANT_INTRO,OFF_MON_YN,
PORTAL,MERCHANT_INTRO,TSDY_DF_YN,PORTAL,MERCHANT_INTRO,OFF_TUE_YN,
PORTAL,MERCHANT_INTRO,WNDY_DF_YN,PORTAL,MERCHANT_INTRO,OFF_WED_YN,
PORTAL,MERCHANT_INTRO,THU_DF_YN,PORTAL,MERCHANT_INTRO,OFF_THU_YN,
PORTAL,MERCHANT_INTRO,FRDY_DF_YN,PORTAL,MERCHANT_INTRO,OFF_FRI_YN,
PORTAL,MERCHANT_INTRO,SAT_DF_YN,PORTAL,MERCHANT_INTRO,OFF_SAT_YN,
PORTAL,MERCHANT_INTRO,SUN_DF_YN,PORTAL,MERCHANT_INTRO,OFF_SUN_YN,
PORTAL,MERCHANT_INTRO,EVRW_ITR_YN,PORTAL,MERCHANT_INTRO,EVERY_YN,
PORTAL,MERCHANT_INTRO,DF_ETC_CN,PORTAL,MERCHANT_INTRO,OFF_ETC,
PORTAL,MERCHANT_INTRO,ORT_STRT_TM_HM,PORTAL,MERCHANT_INTRO,ON_START_TIME,
PORTAL,MERCHANT_INTRO,ORT_END_TM_HM,PORTAL,MERCHANT_INTRO,ON_END_TIME,
PORTAL,MERCHANT_INTRO,ORT_RDY_STRT_TM_HM,PORTAL,MERCHANT_INTRO,OFF_START_TIME,
PORTAL,MERCHANT_INTRO,ORT_RDY_END_TM_HM,PORTAL,MERCHANT_INTRO,OFF_END_TIME,
PORTAL,MERCHANT_INTRO,RSVT_PSBL_YN,PORTAL,MERCHANT_INTRO,RESERVATION_YN,
PORTAL,MERCHANT_INTRO,ARKG_PSBL_YN,PORTAL,MERCHANT_INTRO,PARKING_YN,
PORTAL,MERCHANT_INTRO,VPRK_PSBL_YN,PORTAL,MERCHANT_INTRO,VALET_PARKING_YN,
PORTAL,MERCHANT_INTRO,DLVR_PSBL_YN,PORTAL,MERCHANT_INTRO,DELIVERY_YN,
PORTAL,MERCHANT_INTRO,USE_YN,PORTAL,MERCHANT_INTRO,USE_YN,
PORTAL,MERCHANT_INTRO,DF_DD_EXS_YN,PORTAL,MERCHANT_INTRO,OFF_ALL_YN,
PORTAL,MERCHANT_INTRO,N24_TM_ORT_YN,PORTAL,MERCHANT_INTRO,ON_TIME24_YN,
PORTAL,MERCHANT_INTRO,REP_IMG_FILE_NO,PORTAL,MERCHANT_INTRO,RPR_IMG_FILE_NO,
PORTAL,MERCHANT_INTRO,REP_IMG_BYFL_SNO,PORTAL,MERCHANT_INTRO,RPR_IMG_SN,
PORTAL,MERCHANT_INTRO,MC_TYPE_CD,PORTAL,MERCHANT_INTRO,MC_TYPE,
PORTAL,MERCHANT_INTRO,EXPS_MC_NM,PORTAL,MERCHANT_INTRO,VIEWING_PLAYER_NM,
PORTAL,MERCHANT_INTRO,EXPS_ST_CD,PORTAL,MERCHANT_INTRO,VIEWING_STATUS,
PORTAL,MERCHANT_INTRO,TEL_ORDR_CTG_CD,PORTAL,MERCHANT_INTRO,TEL_ORDER_CTRY,
PORTAL,MERCHANT_INTRO,SRCH_KWD_CN,PORTAL,MERCHANT_INTRO,SEARCH_KEY_WORD,
PORTAL,MERCHANT_INTRO,LATD,PORTAL,MERCHANT_INTRO,LATITUDE,
PORTAL,MERCHANT_INTRO,LOTD,PORTAL,MERCHANT_INTRO,LONGITUDE,
PORTAL,MERCHANT_INTRO,MC_INTR_CN,PORTAL,MERCHANT_INTRO,INTRO,
PORTAL,MERCHANT_INTRO,ODY_YN,PORTAL,MERCHANT_INTRO,OFF_DAY_YN,
PORTAL,MERCHANT_INTRO,ORT_TM_ADD_CN,PORTAL,MERCHANT_INTRO,ON_TIME_REASON,
PORTAL,MERCHANT_INTRO,ORT_RDY_TM_ADD_CN,PORTAL,MERCHANT_INTRO,OFF_TIME_REASON,
PORTAL,MERCHANT_INTRO,DF_DD_ADD_CN,PORTAL,MERCHANT_INTRO,OFF_DAY_REASON,
PORTAL,MERCHANT_INTRO,MENU_FOM_CD,PORTAL,MERCHANT_INTRO,MENU_TYPE,
PORTAL,MERCHANT_INTRO,MENU_IMG_FILE_NO,PORTAL,MERCHANT_INTRO,MENU_FILE_NO,
PORTAL,MERCHANT_INTRO,MC_IMG_FILE_NO,PORTAL,MERCHANT_INTRO,MC_FILE_NO,
PORTAL,MERCHANT_INTRO,TG_CN,PORTAL,MERCHANT_INTRO,TAG,
PORTAL,MERCHANT_INTRO,SPOT_CD,PORTAL,MERCHANT_INTRO,LOCALE,
PORTAL,MERCHANT_INTRO,HIER_MC_PLC_NO,PORTAL,MERCHANT_INTRO,UPPER_PLACE_NO,
PORTAL,MERCHANT_INTRO,MC_TG_CN,PORTAL,MERCHANT_INTRO,MERCHANT_TAG,
PORTAL,MERCHANT_INTRO,ZON_TG_CN,PORTAL,MERCHANT_INTRO,REGION_TAG,
PORTAL,MERCHANT_INTRO,MC_PO_UPDR_NM,PORTAL,MERCHANT_INTRO,MOD_NAME,
PORTAL,MERCHANT_INTRO,EXHB_CTG_CD,PORTAL,MERCHANT_INTRO,DISPLAY_CATEGORY,
PORTAL,MERCHANT_INTRO,MC_REP_ICN_FILE_NO,PORTAL,MERCHANT_INTRO,MC_MAIN_LOGO_FILE_NO,
PORTAL,MERCHANT_INTRO,CVFC_CN,PORTAL,MERCHANT_INTRO,ADDITIONAL_PLACE_GUIDE,
PORTAL,MERCHANT_INTRO,SNF_INTR_CN,PORTAL,MERCHANT_INTRO,PLACE_INTRODUCE,
PORTAL,MERCHANT_INTRO,DLVR_AP_JN_YN,PORTAL,MERCHANT_INTRO,LOP_YN,
PORTAL,MERCHANT_INTRO,KA_ID,PORTAL,MERCHANT_INTRO,KA_ID,
PORTAL,MERCHANT_INTRO,DMC_ID,PORTAL,MERCHANT_INTRO,MERCHANT_ID,
PORTAL,MERCHANT_INTRO,DLVR_AP_EXPS_YN,PORTAL,MERCHANT_INTRO,OPEN,
PORTAL,MERCHANT_INTRO,DLVR_AP_PLC_ID,PORTAL,MERCHANT_INTRO,LOP_PLACE_ID,
PORTAL,MERCHANT_INTRO,SGG_NM,PORTAL,MERCHANT_INTRO,SGG_NM,
PORTAL,MERCHANT_INTRO,EMD_NM,PORTAL,MERCHANT_INTRO,EMD_NM,
PORTAL,MERCHANT_INTRO,STMP_PLCY_ID,PORTAL,MERCHANT_INTRO,STAMP_ID,
PORTAL,MERCHANT_INTRO,STMP_SVC_YN,PORTAL,MERCHANT_INTRO,STAMP_YN,
PORTAL,MERCHANT_INTRO,DLVE_ENP_CD,PORTAL,MERCHANT_INTRO,DELIVERY_AGENCY,
PORTAL,MERCHANT_INTRO,CNOR_CN,PORTAL,MERCHANT_INTRO,MADE_IN_MEMO,
PORTAL,MERCHANT_INTRO,HYGN_EXCL_ENP_YN,PORTAL,MERCHANT_INTRO,HYGIENE,
PORTAL,MERCHANT_INTRO,RCMD_ENP_YN,PORTAL,MERCHANT_INTRO,RECOMMEND,
PORTAL,MERCHANT_INTRO,ORDR_TYPE_CD,PORTAL,MERCHANT_INTRO,ORDER_TYPE,
PORTAL,MERCHANT_INTRO,MLG_PLCY_ID,PORTAL,MERCHANT_INTRO,MILEAGE_ID,
PORTAL,MERCHANT_INTRO,MLG_SVC_YN,PORTAL,MERCHANT_INTRO,MILEAGE_YN,
PORTAL,MERCHANT_INTRO,QR_YN,PORTAL,MERCHANT_INTRO,QR_YN,
PORTAL,MERCHANT_INTRO,INTR_PRSDT_EXPS_YN,PORTAL,MERCHANT_INTRO,CEO_SHOW_YN,
PORTAL,MERCHANT_INTRO_ASP_MAPPING,ASP_NO,PORTAL,MERCHANT_INTRO_ASP_MAPPING,ASP_NO,
PORTAL,MERCHANT_INTRO_ASP_MAPPING,MC_ASP_NO,PORTAL,MERCHANT_INTRO_ASP_MAPPING,DC_ASP_NO,
PORTAL,MERCHANT_INTRO_ASP_MAPPING,PO_PTN_NO,PORTAL,MERCHANT_INTRO_ASP_MAPPING,PLAYER_NO,
PORTAL,MERCHANT_INTRO_ASP_MAPPING,MC_INTR_NO,PORTAL,MERCHANT_INTRO_ASP_MAPPING,PLACE_NO,
PORTAL,MERCHANT_INTRO_ASP_MAPPING,USE_YN,PORTAL,MERCHANT_INTRO_ASP_MAPPING,USE_YN,
PORTAL,MERCHANT_INTRO_ASP_MAPPING,SYS_CRE_DTTM,PORTAL,MERCHANT_INTRO_ASP_MAPPING,,"from_unixtime(to_unix_timestamp(REG_DT, 'yyyy/MM/dd HH:mm:ss'))"
PORTAL,MERCHANT_INTRO_ASP_MAPPING,SYS_CRE_ID,PORTAL,MERCHANT_INTRO_ASP_MAPPING,REG_ID,
PORTAL,MERCHANT_INTRO_ASP_MAPPING,SYS_CRE_IP_ADDR,PORTAL,MERCHANT_INTRO_ASP_MAPPING,REG_IP,
PORTAL,MERCHANT_INTRO_ASP_MAPPING,SYS_UPD_DTTM,PORTAL,MERCHANT_INTRO_ASP_MAPPING,,"from_unixtime(to_unix_timestamp(MOD_DT, 'yyyy/MM/dd HH:mm:ss'))"
PORTAL,MERCHANT_INTRO_ASP_MAPPING,SYS_UPD_ID,PORTAL,MERCHANT_INTRO_ASP_MAPPING,MOD_ID,
PORTAL,MERCHANT_INTRO_ASP_MAPPING,SYS_UPD_IP_ADDR,PORTAL,MERCHANT_INTRO_ASP_MAPPING,MOD_IP,
PORTAL,MERCHANT_INTRO_ASP_MAPPING,PTN_ID,PORTAL,MERCHANT_INTRO_ASP_MAPPING,PLAYER_ID,
PORTAL,MERCHANT_INTRODUCE,ASP_NO,PORTAL,MERCHANT_INTRODUCE,ASP_NO,
PORTAL,MERCHANT_INTRODUCE,MC_INTR_NO,PORTAL,MERCHANT_INTRODUCE,PLACE_NO,
PORTAL,MERCHANT_INTRODUCE,PO_PTN_NO,PORTAL,MERCHANT_INTRODUCE,PLAYER_NO,
PORTAL,MERCHANT_INTRODUCE,SNO,PORTAL,MERCHANT_INTRODUCE,SN,
PORTAL,MERCHANT_INTRODUCE,MC_INTR_TIT_NM,PORTAL,MERCHANT_INTRODUCE,SUBJECT,
PORTAL,MERCHANT_INTRODUCE,INTR_CN,PORTAL,MERCHANT_INTRODUCE,INTRODUCE,
PORTAL,MERCHANT_INTRODUCE,USE_YN,PORTAL,MERCHANT_INTRODUCE,USE_YN,
PORTAL,MERCHANT_INTRODUCE,SPOT_CD,PORTAL,MERCHANT_INTRODUCE,LOCALE,
PORTAL,NH_MERCHANT_CODE,BZTP_LCL_CD,PORTAL,NH_MERCHANT_CODE,CODE_GROUP_IDX,
PORTAL,NH_MERCHANT_CODE,BZTP_CD,PORTAL,NH_MERCHANT_CODE,CODE,
PORTAL,NH_MERCHANT_CODE,BZTP_LCL_NM,PORTAL,NH_MERCHANT_CODE,CODE_NM,
PORTAL,NH_MERCHANT_CODE,BZTP_NM,PORTAL,NH_MERCHANT_CODE,CODE_DETAIL,
PORTAL,NH_MERCHANT_CODE,BZTP_TYPE_VAL,PORTAL,NH_MERCHANT_CODE,CODE_NM_TYPE,
PORTAL,PLAYER,PO_PTN_NO,PORTAL,PLAYER,PLAYER_NO,
PORTAL,PLAYER,PO_ASP_NO,PORTAL,PLAYER,ASP_NO,
PORTAL,PLAYER,BYRL_PTN_NM,PORTAL,PLAYER,PLAYER_NAME,
PORTAL,PLAYER,ASP_APL_YN,PORTAL,PLAYER,ASP_YN,
PORTAL,PLAYER,MC_APL_YN,PORTAL,PLAYER,MERCHANT_YN,
PORTAL,PLAYER,RC_APL_YN,PORTAL,PLAYER,RECHARGER_YN,
PORTAL,PLAYER,MBR_ERA_APL_YN,PORTAL,PLAYER,MP_YN,
PORTAL,PLAYER,MC_RCUR_AGNC_APL_YN,PORTAL,PLAYER,MA_YN,
PORTAL,PLAYER,PLC_APL_YN,PORTAL,PLAYER,PLACE_YN,
PORTAL,PLAYER,PTN_ACT_ST_CD,PORTAL,PLAYER,PLAYER_STATE_CD,
PORTAL,PLAYER,USE_YN,PORTAL,PLAYER,USE_YN,
PORTAL,PLAYER,SYS_CRE_DTTM,PORTAL,PLAYER,,"from_unixtime(unix_timestamp(REG_DT, 'yyyy/MM/dd HH:mm:ss'))"
PORTAL,PLAYER,SYS_CRE_ID,PORTAL,PLAYER,REG_ID,
PORTAL,PLAYER,SYS_CRE_IP_ADDR,PORTAL,PLAYER,REG_IP,
PORTAL,PLAYER,SYS_UPD_DTTM,PORTAL,PLAYER,,case when mod_dt = '' then null else cast(MOD_DT as date format 'DD-MON-YY') end
PORTAL,PLAYER,SYS_UPD_ID,PORTAL,PLAYER,MOD_ID,
PORTAL,PLAYER,SYS_UPD_IP_ADDR,PORTAL,PLAYER,MOD_IP,
PORTAL,PLAYER,BZMN_PSNL_CORP_DV_CD,PORTAL,PLAYER,BIZ_TYPE,
PORTAL,PLAYER,BZNO,PORTAL,PLAYER,BIZ_LICENSE_NUMBER,
PORTAL,PLAYER,CONO,PORTAL,PLAYER,CORPORRATION_NUMBER,
PORTAL,PLAYER,BRTH_DT,PORTAL,PLAYER,BIRTH_DATE,
PORTAL,PLAYER,SEX_CD,PORTAL,PLAYER,GENDER,
PORTAL,PLAYER,REP_CLR_DV_CD,PORTAL,PLAYER,SETTLEMENT_TYPE,
PORTAL,PLAYER,CLR_DD_STN_CD,PORTAL,PLAYER,SETTLEMENT_INFO,
PORTAL,PLAYER,REP_CLCP_SNO,PORTAL,PLAYER,SETTLEMENT_AGENT,
PORTAL,PLAYER,PSWD_TEMP_YN,PORTAL,PLAYER,TEMPORARY_YN,
PORTAL,PLAYER,ADM_YN,PORTAL,PLAYER,ADMINISTRATOR_YN,
PORTAL,PLAYER,LGIN_FAIL_TMCNT,PORTAL,PLAYER,FAIL_CNT,
PORTAL,PLAYER,PSWD_UPD_DT,PORTAL,PLAYER,PW_MODIFY_DATE,
PORTAL,PLAYER,PTN_LGIN_ID,PORTAL,PLAYER,USER_ID,
PORTAL,PLAYER,ZON_MPHN_NO,PORTAL,PLAYER,HP_NO1,
PORTAL,PLAYER,MPHN_NO,PORTAL,PLAYER,HP_NO2,
PORTAL,PLAYER,ENC_TEMP_PSWD,PORTAL,PLAYER,TEMPORARY_NO,
PORTAL,PLAYER,KN_PTN_SNO,PORTAL,PLAYER,KONA_PLAYER_NO,
PORTAL,PLAYER,MSK_PTN_LGIN_ID,PORTAL,PLAYER,USER_ID_MASK,
PORTAL,PLAYER,MSK_MPHN_NO,PORTAL,PLAYER,HP_NO2_MASK,
PORTAL,PLAYER,BZTP_CD,PORTAL,PLAYER,BUSINESS_TYPE,
PORTAL,PLAYER,BZCT_CD_LST_CN,PORTAL,PLAYER,CASE_LIST,
PORTAL,PLAYER,PSNO,PORTAL,PLAYER,ZIP_CODE,
PORTAL,PLAYER,PST_ADDR,PORTAL,PLAYER,ADDRESS,
PORTAL,PLAYER,SHOP_OPBR_DT,PORTAL,PLAYER,OPEN_DATE,
PORTAL,PLAYER,INCDE_TRGT_YN,PORTAL,PLAYER,INCOME_DEDUCTION_YN,
PORTAL,PLAYER,FILE_NO,PORTAL,PLAYER,FILE_NO,
PORTAL,PLAYER,SNO,PORTAL,PLAYER,SN,
PORTAL,PLAYER,AINC_ADM_ID,PORTAL,PLAYER,SPOT_CHECK_NO,
PORTAL,PLAYER,BZPL_ADDR_EQ_YN,PORTAL,PLAYER,SPOT_CHECK_ADDR_YN,
PORTAL,PLAYER,AINC_PRCS_DT,PORTAL,PLAYER,SPOT_CHECK_DATE,
PORTAL,PLAYER,AINC_ST_CD,PORTAL,PLAYER,SPOT_CHECK_STAT,
PORTAL,PLAYER,MN_TT_LOA_LST_CN,PORTAL,PLAYER,SPOT_CHECK_ITEM,
PORTAL,PLAYER,KN_TML_YN,PORTAL,PLAYER,TERMINAL_KONA_YN,
PORTAL,PLAYER,ENC_CFT_CI_NO,PORTAL,PLAYER,CERTIFICATION_CI,
PORTAL,PLAYER,ENC_CFT_DI_NO,PORTAL,PLAYER,CERTIFICATION_DI,
PORTAL,PLAYER,IN_JOWRK_FOR_INQ_DT,PORTAL,PLAYER,,"from_unixtime(unix_timestamp(MY_TASK_DATE, 'yyyy/MM/dd HH:mm:ss'))"
PORTAL,PLAYER,BZ_COM_CD,PORTAL,PLAYER,BUSINESS_CODE,
PORTAL,PLAYER,BRAN_CD,PORTAL,PLAYER,BRAND_CODE,
PORTAL,PLAYER,DV_CD,PORTAL,PLAYER,SERIAL_CODE,
PORTAL,PLAYER,EMAIL_CTF_YN,PORTAL,PLAYER,AUTHENTICATED_EMAIL_YN,
PORTAL,PLAYER,UNUSAL_MTTRS_MEMO_CN,PORTAL,PLAYER,MEMO,
PORTAL,PLAYER,ENTP_GV_YN,PORTAL,PLAYER,KA_YN,
PORTAL,PLAYER,SP_YN,PORTAL,PLAYER,SP_YN,
PORTAL,PLAYER,PTN_NM,PORTAL,PLAYER,PARTNER_NAME,
PORTAL,PLAYER,DTL_ADDR,PORTAL,PLAYER,ADDRESS2,
PORTAL,PLAYER,BZMN_LCNS_TYPE_CD,PORTAL,PLAYER,BIZ_LICENSE_TYPE,
PORTAL,PLAYER,ptn_rsg_dt,PORTAL,PLAYER,ptn_rsg_dt,
PORTAL,PLAYER_ASP,PTN_NO,PORTAL,PLAYER_ASP,IN_PLAYER_NO,
PORTAL,PLAYER_ASP,PTN_ROLE_DV_CD,PORTAL,PLAYER_ASP,IN_ROLE_TYPE,
PORTAL,PLAYER_ASP,BLG_PTN_NO,PORTAL,PLAYER_ASP,PLAYER_NO,
PORTAL,PLAYER_ASP,BLG_PTN_ROLE_DV_CD,PORTAL,PLAYER_ASP,ROLE_TYPE,
PORTAL,PLAYER_ASP,SYS_CRE_DTTM,PORTAL,PLAYER_ASP,,"from_unixtime(to_unix_timestamp(REG_DT, 'yyyy/MM/dd HH:mm:ss'))"
PORTAL,PLAYER_ASP,SYS_UPD_DTTM,PORTAL,PLAYER_ASP,,"from_unixtime(to_unix_timestamp(MOD_DT, 'yyyy/MM/dd HH:mm:ss'))"
PORTAL,POR_ALT_AGG,URL,PORTAL,POR_ALT_AGG,URL,
PORTAL,POR_ALT_AGG,CRI_YMDH,PORTAL,POR_ALT_AGG,CRI_YMDH,
PORTAL,POR_ALT_AGG,CLICK_CNT,PORTAL,POR_ALT_AGG,CLICK_CNT,
PORTAL,POR_ALT_AGG,SYS_CRE_DTTM,PORTAL,POR_ALT_AGG,,"from_unixtime(unix_timestamp(SYS_CRE_DTTM, 'yyyy/MM/dd HH:mm:ss'))"
PORTAL,POR_ALT_AGG,SYS_UPD_DTTM,PORTAL,POR_ALT_AGG,,"from_unixtime(unix_timestamp(SYS_UPD_DTTM, 'yyyy/MM/dd HH:mm:ss'))"
PORTAL,POR_DTL_SPPS,DTL_SPPS_ID,PORTAL,POR_DTL_SPPS,DTL_SPPS_ID,
PORTAL,POR_DTL_SPPS,ASP_ID,PORTAL,POR_DTL_SPPS,ASP_ID,
PORTAL,POR_DTL_SPPS,ASP_NM,PORTAL,POR_DTL_SPPS,ASP_NM,
PORTAL,POR_DTL_SPPS,KA_ID,PORTAL,POR_DTL_SPPS,KA_ID,
PORTAL,POR_DTL_SPPS,KA_NM,PORTAL,POR_DTL_SPPS,KA_NM,
PORTAL,POR_DTL_SPPS,DTL_SPPS_NM,PORTAL,POR_DTL_SPPS,DTL_SPPS_NM,
PORTAL,POR_DTL_SPPS,SPPS_ID,PORTAL,POR_DTL_SPPS,SPPS_ID,
PORTAL,POR_DTL_SPPS,EAS_AFC_SVC_ID,PORTAL,POR_DTL_SPPS,EAS_AFC_SVC_ID,
PORTAL,POR_DTL_SPPS,ICN_IMG_FILE_NO,PORTAL,POR_DTL_SPPS,ICN_IMG_FILE_NO,
PORTAL,POR_DTL_SPPS,LK_OPT_CD,PORTAL,POR_DTL_SPPS,LK_OPT_CD,
PORTAL,POR_DTL_SPPS,LK_OPT_CD_URL,PORTAL,POR_DTL_SPPS,LK_OPT_CD_URL,
PORTAL,POR_DTL_SPPS,TG_OPT_CD,PORTAL,POR_DTL_SPPS,TG_OPT_CD,
PORTAL,POR_DTL_SPPS,EXHB_STRT_DT,PORTAL,POR_DTL_SPPS,EXHB_STRT_DT,
PORTAL,POR_DTL_SPPS,EXHB_END_DT,PORTAL,POR_DTL_SPPS,EXHB_END_DT,
PORTAL,POR_DTL_SPPS,EXHB_EXPS_YN,PORTAL,POR_DTL_SPPS,EXHB_EXPS_YN,
PORTAL,POR_DTL_SPPS,SYS_CRE_DTTM,PORTAL,POR_DTL_SPPS,,"from_unixtime(unix_timestamp(SYS_CRE_DTTM, 'yyyy/MM/dd HH:mm:ss'))"
PORTAL,POR_DTL_SPPS,SYS_UPD_DTTM,PORTAL,POR_DTL_SPPS,,"from_unixtime(unix_timestamp(SYS_UPD_DTTM, 'yyyy/MM/dd HH:mm:ss'))"
PORTAL,POR_DTL_SPPS,USE_YN,PORTAL,POR_DTL_SPPS,USE_YN,
PORTAL,POR_MPTY_CRD,MPTY_CRD_SNO,PORTAL,POR_MPTY_CRD,MPTY_CRD_SNO,
PORTAL,POR_MPTY_CRD,AL_ENP_NM,PORTAL,POR_MPTY_CRD,AL_ENP_NM,
PORTAL,POR_MPTY_CRD,SVC_ID,PORTAL,POR_MPTY_CRD,SVC_ID,
PORTAL,POR_MPTY_CRD,PAR_NO,PORTAL,POR_MPTY_CRD,PAR_NO,
PORTAL,POR_MPTY_CRD,SYS_CRE_DTTM,PORTAL,POR_MPTY_CRD,,"from_unixtime(unix_timestamp(SYS_CRE_DTTM, 'yyyy/MM/dd HH:mm:ss'))"
PORTAL,POR_MPTY_CRD,SYS_UPD_DTTM,PORTAL,POR_MPTY_CRD,,"from_unixtime(unix_timestamp(SYS_UPD_DTTM, 'yyyy/MM/dd HH:mm:ss'))"
PORTAL,POR_SPPS,SPPS_ID,PORTAL,POR_SPPS,SPPS_ID,
PORTAL,POR_SPPS,SPPS_NM,PORTAL,POR_SPPS,SPPS_NM,
PORTAL,POR_SPPS,AP_EXHB_LOC_CD,PORTAL,POR_SPPS,AP_EXHB_LOC_CD,
PORTAL,POR_SPPS,SYS_CRE_DTTM,PORTAL,POR_SPPS,,"from_unixtime(unix_timestamp(SYS_CRE_DTTM, 'yyyy/MM/dd HH:mm:ss'))"
PORTAL,POR_SPPS,SYS_UPD_DTTM,PORTAL,POR_SPPS,,"from_unixtime(unix_timestamp(SYS_UPD_DTTM, 'yyyy/MM/dd HH:mm:ss'))"
PORTAL,POR_SPPS_CNTS,SPPS_CNTS_ID,PORTAL,POR_SPPS_CNTS,SPPS_CNTS_ID,
PORTAL,POR_SPPS_CNTS,DTL_SPPS_ID,PORTAL,POR_SPPS_CNTS,DTL_SPPS_ID,
PORTAL,POR_SPPS_CNTS,CNTS_DV_CD,PORTAL,POR_SPPS_CNTS,CNTS_DV_CD,
PORTAL,POR_SPPS_CNTS,FILE_NM,PORTAL,POR_SPPS_CNTS,FILE_NM,
PORTAL,POR_SPPS_CNTS,EXHB_VW_EXPS_LOC_TYPE_CD,PORTAL,POR_SPPS_CNTS,EXHB_VW_EXPS_LOC_TYPE_CD,
PORTAL,POR_SPPS_CNTS,LK_OPT_CD,PORTAL,POR_SPPS_CNTS,LK_OPT_CD,
PORTAL,POR_SPPS_CNTS,LK_OPT_CD_URL,PORTAL,POR_SPPS_CNTS,LK_OPT_CD_URL,
PORTAL,POR_SPPS_CNTS,EXHB_STRT_DT,PORTAL,POR_SPPS_CNTS,EXHB_STRT_DT,
PORTAL,POR_SPPS_CNTS,EXHB_END_DT,PORTAL,POR_SPPS_CNTS,EXHB_END_DT,
PORTAL,POR_SPPS_CNTS,EXHB_EXPS_YN,PORTAL,POR_SPPS_CNTS,EXHB_EXPS_YN,
PORTAL,POR_SPPS_CNTS,SYS_CRE_DTTM,PORTAL,POR_SPPS_CNTS,,"from_unixtime(unix_timestamp(SYS_CRE_DTTM, 'yyyy/MM/dd HH:mm:ss'))"
PORTAL,POR_SPPS_CNTS,SYS_UPD_DTTM,PORTAL,POR_SPPS_CNTS,,"from_unixtime(unix_timestamp(SYS_UPD_DTTM, 'yyyy/MM/dd HH:mm:ss'))"
PORTAL,POR_SPPS_CNTS,USE_YN,PORTAL,POR_SPPS_CNTS,USE_YN,
PORTAL,PRODUCT,SVC_ID,PORTAL,PRODUCT,PRODUCT_NO,
PORTAL,PRODUCT,MB_RLTG_DV_CD,PORTAL,PRODUCT,TYPE,
PORTAL,PRODUCT,SVC_RQS_SNO,PORTAL,PRODUCT,REQ_PRODUCT_NO,
PORTAL,PRODUCT,SVC_NM,PORTAL,PRODUCT,PRODUCT_NAME,
PORTAL,PRODUCT,IMG_URL,PORTAL,PRODUCT,PRODUCT_IMAGE_URL,
PORTAL,PRODUCT,DC_BNF_CD,PORTAL,PRODUCT,PRODUCT_TYPE,
PORTAL,PRODUCT,MB_RLTG_CRD_DV_CD,PORTAL,PRODUCT,CARD_TYPE,
PORTAL,PRODUCT,CHRG_PSBL_YN_CD,PORTAL,PRODUCT,RECHARGE_TYPE,
PORTAL,PRODUCT,CUR_CD,PORTAL,PRODUCT,CURRENCY,
PORTAL,PRODUCT,FCVAL,PORTAL,PRODUCT,FACE_VALUE,
PORTAL,PRODUCT,USE_LM_TMCNT,PORTAL,PRODUCT,USE_LIMIT,
PORTAL,PRODUCT,ISUR_ID,PORTAL,PRODUCT,ISSUER,
PORTAL,PRODUCT,ISU_QTY,PORTAL,PRODUCT,ISSUE_LIMEIT,
PORTAL,PRODUCT,USE_STRT_DT,PORTAL,PRODUCT,VAILD_DATE_START,
PORTAL,PRODUCT,USE_END_DT,PORTAL,PRODUCT,VAILD_DATE_END,
PORTAL,PRODUCT,SLL_STRT_DT,PORTAL,PRODUCT,SALE_DATE_START,
PORTAL,PRODUCT,SLL_END_DT,PORTAL,PRODUCT,SALE_DATE_END,
PORTAL,PRODUCT,RFND_PLCY_TYPE_CD,PORTAL,PRODUCT,REFUND_POLICY_TYPE,
PORTAL,PRODUCT,RFND_FEE_CRI_VAL,PORTAL,PRODUCT,ACCOUNT_REFUND_BOUNDARY,
PORTAL,PRODUCT,PTN_ID,PORTAL,PRODUCT,SERVICE_PROVIDER,
PORTAL,PRODUCT,USE_YN,PORTAL,PRODUCT,USE_YN,
PORTAL,PRODUCT,SYS_CRE_DTTM,PORTAL,PRODUCT,,"from_unixtime(unix_timestamp(REG_DT, 'yyyy/MM/dd HH:mm:ss'))"
PORTAL,PRODUCT,SYS_CRE_ID,PORTAL,PRODUCT,REG_ID,
PORTAL,PRODUCT,SYS_CRE_IP_ADDR,PORTAL,PRODUCT,REG_IP,
PORTAL,PRODUCT,SYS_UPD_DTTM,PORTAL,PRODUCT,,"from_unixtime(unix_timestamp(MOD_DT, 'yyyy/MM/dd HH:mm:ss'))"
PORTAL,PRODUCT,SYS_UPD_ID,PORTAL,PRODUCT,MOD_ID,
PORTAL,PRODUCT,SYS_UPD_IP_ADDR,PORTAL,PRODUCT,MOD_IP,
PORTAL,PRODUCT,PLFP_USER_SNO,PORTAL,PRODUCT,USER_NO,
PORTAL,PRODUCT,PTN_ROLE_DV_CD,PORTAL,PRODUCT,ROLE_TYPE,
PORTAL,PRODUCT,KN_SVC_ID,PORTAL,PRODUCT,KONA_PRODUCT_NO,
PORTAL,PRODUCT,ASP_NO,PORTAL,PRODUCT,ASP_NO,
PORTAL,PRODUCT,PPSN_MAX_ISU_QTY,PORTAL,PRODUCT,ISSUE_LIMEIT_FOR_USER,
PORTAL,PRODUCT,MB_CRD_DOWN_PSBL_YN,PORTAL,PRODUCT,COPYABLE_YN,
PORTAL,PRODUCT,RLTG_CRD_CONN_YN,PORTAL,PRODUCT,SIBLING_YN,
PORTAL,PRODUCT,CRD_VL_PRID_TYPE_CD,PORTAL,PRODUCT,EFTV_PERIOD_TYPE,
PORTAL,PRODUCT,CRD_VL_PRID_CNT,PORTAL,PRODUCT,EFTV_DURATION,
PORTAL,PRODUCT,CRD_VL_PRID_STRT_DT,PORTAL,PRODUCT,EXPIRY_DATE_START,
PORTAL,PRODUCT,CRD_VL_PRID_END_DT,PORTAL,PRODUCT,EXPIRY_DATE_END,
PORTAL,PRODUCT,PLFP_SVC_ACT_ST_CD,PORTAL,PRODUCT,STATUS,
PORTAL,PRODUCT,SVC_CTG_CD,PORTAL,PRODUCT,CATEGORY_CD,
PORTAL,PRODUCT,MKTN_MSG_CN,PORTAL,PRODUCT,MARKETING_MSG,
PORTAL,PRODUCT,BNF_MSG_CN,PORTAL,PRODUCT,BENEFITS_MSG,
PORTAL,PRODUCT,ATNT_MTTRS_CN,PORTAL,PRODUCT,NOTICE,
PORTAL,PRODUCT,CON_CNCU_MTTRS_CN,PORTAL,PRODUCT,AGREEMENT,
PORTAL,PRODUCT,USE_ZON_SHOP_CN,PORTAL,PRODUCT,USE_AREA,
PORTAL,PRODUCT,BNF_NM,PORTAL,PRODUCT,BENEFIT_NAME,
PORTAL,PRODUCT,BNF_DSCR_CN,PORTAL,PRODUCT,BENEFIT_DISCRIPTION,
PORTAL,PRODUCT,SVC_EXHB_PRC,PORTAL,PRODUCT,DISPLAY_VALUE,
PORTAL,PRODUCT,SVC_EXHB_DCRT,PORTAL,PRODUCT,DISPLAY_DISCOUNT_RATE,
PORTAL,PRODUCT,SVC_IMG_FILE_NO,PORTAL,PRODUCT,CARD_IMG_FILE_NO,
PORTAL,PRODUCT,SVC_IMG_FILE_SNO,PORTAL,PRODUCT,CARD_IMG_SN,
PORTAL,PRODUCT,UNUSAL_MTTRS_MEMO_CN,PORTAL,PRODUCT,MEMO,
PORTAL,PRODUCT,THMN_IMG_FILE_NO,PORTAL,PRODUCT,THUMBNAIL_IMG_FILE_NO,
PORTAL,PRODUCT,THMN_IMG_FILE_SNO,PORTAL,PRODUCT,THUMBNAIL_IMG_SN,
PORTAL,PRODUCT,BN_PRVR_PFRM_PRVR_VAL,PORTAL,PRODUCT,OFFER_BENEFIT_PLATFORM_VALUE,
PORTAL,PRODUCT,BN_PRVR_MC_VAL,PORTAL,PRODUCT,OFFER_BENEFIT_MR_VALUE,
PORTAL,PRODUCT,BN_PRVR_TTHR_ROLE_CD,PORTAL,PRODUCT,OFFER_BENEFIT_ROLE_TYPE,
PORTAL,PRODUCT,BN_PRVR_TTHR_PTN_NO,PORTAL,PRODUCT,OFFER_BENEFIT_PLAYER_NO,
PORTAL,PRODUCT,BN_PRVR_TTHR_VAL,PORTAL,PRODUCT,OFFER_BENEFIT_VALUE,
PORTAL,PRODUCT,BKMK_PCNT,PORTAL,PRODUCT,BOOKMARK_CNT,
PORTAL,PRODUCT,SVC_CTG_ID,PORTAL,PRODUCT,CATEGORY_NO,
PORTAL,PRODUCT,RE_SLL_YN,PORTAL,PRODUCT,RESALE,
PORTAL,PRODUCT,PPH_AMT,PORTAL,PRODUCT,PRE_PURCHASE_AMT,
PORTAL,PRODUCT,ATCH_FILE_NO,PORTAL,PRODUCT,ATTACH_FILE_NO,
PORTAL,PRODUCT,ATCH_FILE_SNO,PORTAL,PRODUCT,ATTACH_FILE_SN,
PORTAL,PRODUCT,SVC_TPL_TYPE_CD,PORTAL,PRODUCT,TEMPLATE_TYPE,
PORTAL,PRODUCT,OFL_CHRG_YN,PORTAL,PRODUCT,OFFLINE_RECHARGE_YN,
PORTAL,PRODUCT,ITDL_BALA,PORTAL,PRODUCT,CARD_DCNT_CONDITION_AMT,
PORTAL,PRODUCT,SVC_DC_LMT_AMT,PORTAL,PRODUCT,CARD_DCNT_LIMIT,
PORTAL,PRODUCT,BFM_ARSL_PSTP_PRID_MCNT,PORTAL,PRODUCT,CONDITION_GRACE_PERIOD,
PORTAL,PRODUCT,DC_CND_DV_CD,PORTAL,PRODUCT,CARD_DCNT_CONDITION_TYPE,
PORTAL,PRODUCT,TRF_CRD_STN_YN,PORTAL,PRODUCT,TRAFFIC_CARD_YN,
PORTAL,PRODUCT,INOT_CRD_STN_YN,PORTAL,PRODUCT,ACCESS_CARD_YN,
PORTAL,PRODUCT,PTN_NM,PORTAL,PRODUCT,PARTNER_NAME,
PORTAL,PRODUCT,CRD_DC_LMT_UNIT_TYPE_CD,PORTAL,PRODUCT,CARD_DCNT_LIMIT_TYPE,
PORTAL,PRODUCT,SVC_SLL_TYPE_CD,PORTAL,PRODUCT,SALES_TYPE,
PORTAL,PRODUCT,BFM_CHRG_ARSL_AMT,PORTAL,PRODUCT,PREV_CONDITION_RECHARGE_AMT,
PORTAL,PRODUCT,MC_TYPE_CD,PORTAL,PRODUCT,MERCHANT_TYPE,
PORTAL,PRODUCT,USE_MC_QRY_ID,PORTAL,PRODUCT,MERCHANT_QUERY_ID,
PORTAL,PRODUCT,LM_MC_USEP_DV_CD,PORTAL,PRODUCT,MERCHANT_BLOCK_TYPE,
PORTAL,PRODUCT,USE_LM_MC_QRY_ID,PORTAL,PRODUCT,MERCHANT_BLOCK_QUERY_ID,
PORTAL,PRODUCT,OPT_CRD_BALA_MMT_PSBL_YN,PORTAL,PRODUCT,TRANSFER_TO_OPTION,
PORTAL,PRODUCT,BASC_CRD_BALA_CVSN_PSBL_YN,PORTAL,PRODUCT,TRANSFER_TO_BASIC,
PORTAL,PRODUCT,CPN_TYPE_CD,PORTAL,PRODUCT,COUPON_TYPE,
PORTAL,PRODUCT,ISP_IMG_FILE_NO,PORTAL,PRODUCT,ISP_IMG_FILE_NO,
PORTAL,PRODUCT,ISP_IMG_FILE_SNO,PORTAL,PRODUCT,ISP_IMG_SN,
PORTAL,PRODUCT,CSHP_EXPS_YN,PORTAL,PRODUCT,SHOW_IN_SHOP,
PORTAL,PRODUCT,CPN_ISU_MHD_CD,PORTAL,PRODUCT,COUPON_ISSUE_TYPE,
PORTAL,PRODUCT,CPN_ISUR_NM,PORTAL,PRODUCT,COUPON_ISSUER,
PORTAL,PRODUCT,SVC_GRP_NM,PORTAL,PRODUCT,SERVICE_GROUP_NAME,
PORTAL,PRODUCT,ONL_SUPT_CD,PORTAL,PRODUCT,ONLINE_SUPPORT,
PORTAL,PRODUCT,SVC_BUY_PCST,PORTAL,PRODUCT,COMMODITY_COST,
PORTAL,PRODUCT,SVC_SLL_DCRT,PORTAL,PRODUCT,SALE_DISCOUNT_RATE,
PORTAL,PRODUCT,VL_PRID_EXTS_PSBL_YN,PORTAL,PRODUCT,EXTENDABLE_YN,
PORTAL,PRODUCT,U_GUD_CN,PORTAL,PRODUCT,USE_GUIDE,
PORTAL,PRODUCT,SVC_NTFC_CN,PORTAL,PRODUCT,NOTIFICATION_INFO,
PORTAL,PRODUCT,CNCL_RFND_GUD_CN,PORTAL,PRODUCT,REFUND_GUIDE,
PORTAL,PRODUCT,CRD_PNT_PLCY_ID,PORTAL,PRODUCT,CARD_POINT_POLICY_ID,
PORTAL,PRODUCT,SVC_TG_CN,PORTAL,PRODUCT,TAGS,
PORTAL,PRODUCT,SVC_AL_TYPE_CD,PORTAL,PRODUCT,AFFILIATE_TYPE,
PORTAL,PRODUCT,PU_AFC_PRV_PSBL_YN,PORTAL,PRODUCT,MULTI_AFFILIATE_YN,
PORTAL,PRODUCT,AL_CONN_RC_DV_CD,PORTAL,PRODUCT,AFFILIATE_RECHARGE_YN,
PORTAL,PRODUCT,CORP_WL_CRD_ORT_TYPE_CD,PORTAL,PRODUCT,OPERATION_TYPE,
PORTAL,PRODUCT,PSNL_CHRG_PMSN_YN,PORTAL,PRODUCT,PERSONAL_RECHARGEABLE_YN,
PORTAL,PRODUCT,RMT_PSBL_YN,PORTAL,PRODUCT,REMITTABLE_YN,
PORTAL,PRODUCT,MB_PMNT_YN,PORTAL,PRODUCT,MOBILE_PAY,
PORTAL,PRODUCT,RISU_PSBL_YN,PORTAL,PRODUCT,REISSUANCE_YN,
PORTAL,PRODUCT,SVC_ISU_BIN_NO_MAPNG_DT,PORTAL,PRODUCT,TOKEN_BIN_MAPPING_DT,
PORTAL,PRODUCT,AUTO_SGZN_YN,PORTAL,PRODUCT,AUTO_REALNAME_YN,
PORTAL,PRODUCT,AUTO_CSTM_YN,PORTAL,PRODUCT,AUTO_COMPOSITE_PAYMENT_YN,
PORTAL,PRODUCT,AUTO_INCDE_YN,PORTAL,PRODUCT,AUTO_INCOMEDEDUCTION_YN,
PORTAL,PRODUCT,RLTM_RWD_ORG_TR_AMT_USE_YN,PORTAL,PRODUCT,ORG_TR_AMT_YN,
PORTAL,PRODUCT,ORT_ENP_CPN_SVC_CD,PORTAL,PRODUCT,COUPON_CODE,
PORTAL,PRODUCT,CPN_NO_ISU_MHD_CD,PORTAL,PRODUCT,COUPON_TOKEN_TYPE,
PORTAL,PRODUCT,TC_USE_YN,PORTAL,PRODUCT,TC_YN,
PORTAL,PRODUCT,ADD_CRD_XP_IMPN_YN,PORTAL,PRODUCT,CHARGE_CARD_COST,
PORTAL,PRODUCT,MINM_CHRG_AMT,PORTAL,PRODUCT,MIN_RECHARGE_AMT,
PORTAL,PRODUCT,CHRG_UNIT_AMT,PORTAL,PRODUCT,RECHARGE_UNIT_AMT,
PORTAL,PRODUCT,ADD_CRD_XP,PORTAL,PRODUCT,CHARGE_CARD_COST_AMT,
PORTAL,PRODUCT,ACQR_DV_CD,PORTAL,PRODUCT,CHANNEL,
PORTAL,PRODUCT,FCVAL_AMT_FOM_CD,PORTAL,PRODUCT,FACE_AMT_TYPE,
PORTAL,PRODUCT,RISU_SVC_GRP_ID,PORTAL,PRODUCT,REISSUE_GROUP_ID,
PORTAL,PRODUCT,REP_KA_ID,PORTAL,PRODUCT,OWNER_KA,
PORTAL,PRODUCT,BEF_USE_PSBL_MC_INQ_QRY_ID,PORTAL,PRODUCT,BEFORE_GRANT_QUERY_ID,
PORTAL,PRODUCT,CPN_USE_CNCL_RUL_CD,PORTAL,PRODUCT,COUPON_CANCEL_RULE,
PORTAL,PRODUCT,CPN_DUP_BNF_PSBL_YN,PORTAL,PRODUCT,MULTI_DCNT_COUPON,
PORTAL,PRODUCT,CPN_GIFT_PSBL_YN,PORTAL,PRODUCT,COUPON_GIFT_YN,
PORTAL,PRODUCT,CPN_RMN_PRID_DCNT,PORTAL,PRODUCT,COUPON_REMIND_PERIOD,
PORTAL,PRODUCT,CPN_RMN_NFCT_YN,PORTAL,PRODUCT,COUPON_REMIND_YN,
PORTAL,PRODUCT,SVC_STLM_MHD_CD,PORTAL,PRODUCT,TRANSACTION_TYPE,
PORTAL,PRODUCT,TAXI_STLM_PSBL_YN,PORTAL,PRODUCT,USE_MOBILITY,
PORTAL,PRODUCT,SBLG_SVC_ID,PORTAL,PRODUCT,SIBLING_PRODUCT_NO,
PORTAL,PRODUCT,TR_PSBL_YN,PORTAL,PRODUCT,KEYIN_YN,
PORTAL,PRODUCT,PYC_TR_PSBL_YN,PORTAL,PRODUCT,PAYCO_YN,
PORTAL,PRODUCT,MB_PRE_ISU_USE_YN,PORTAL,PRODUCT,MOBILE_PRE_ISSUE_YN,
PORTAL,PRODUCT,BRCD_SUPT_YN,PORTAL,PRODUCT,USE_BAR_CODE,
PORTAL,PRODUCT,CUTM_CPN_YN,PORTAL,PRODUCT,CUSTOM_COUPON_YN,
PORTAL,PRODUCT,ADD_ITM_DEF_CN,PORTAL,PRODUCT,ATTRIBUTES,
PORTAL,PRODUCT,OUTS_CK_CRD_SVC_CD,PORTAL,PRODUCT,EXT_PRODUCT_CODE,
PORTAL,PRODUCT,SPPM_LST_CN,PORTAL,PRODUCT,E_PAY,
PORTAL,PRODUCT,CRD_LS_RISU_XP,PORTAL,PRODUCT,REISSUE_COST,
PORTAL,PRODUCT,OUTS_APVP_TYPE_CD,PORTAL,PRODUCT,EXTERNAL_APPROVE_TYPE,
PORTAL,PRODUCT,RDNB_CPN_YN,PORTAL,PRODUCT,RANDOM_NO_COUPON,
PORTAL,PRODUCT,EXN_CRD_RISU_XP,PORTAL,PRODUCT,EXPIRY_REISSUE_COST,
PORTAL,PRODUCT,OVRS_STLM_PSBL_YN,PORTAL,PRODUCT,OVRS_STLM_PSBL_YN,
PORTAL,PRODUCT,OVRS_STLM_BRDC_NM,PORTAL,PRODUCT,OVRS_STLM_BRDC_NM,
PORTAL,PRODUCT,CARD_EXTEND_PERIOD,PORTAL,PRODUCT,CARD_EXTEND_PERIOD,
PORTAL,PRODUCT,BANK_ACN_RMT_PSBL_YN,PORTAL,PRODUCT,BANK_ACN_RMT_PSBL_YN,
PORTAL,PRODUCT,CNVG_CRD_EXCU_CD,PORTAL,PRODUCT,CNVG_CRD_EXCU_CD,
PORTAL,PRODUCT,MBR_HLD_LMT_INCL_YN,PORTAL,PRODUCT,MBR_HLD_LMT_INCL_YN,
PORTAL,PRODUCT,BNF_ARSL_CND_CD,PORTAL,PRODUCT,BNF_ARSL_CND_CD,
PORTAL,PRODUCT,CNVG_CRD_RISU_SVC_GRP_ID,PORTAL,PRODUCT,CNVG_CRD_RISU_SVC_GRP_ID,
PORTAL,PRODUCT,CRD_APL_LM_DV_CD,PORTAL,PRODUCT,CRD_APL_LM_DV_CD,
PORTAL,PRODUCT_BANKCODE_MAPPING,PRD_NO,PORTAL,PRODUCT_BANKCODE_MAPPING,PRODUCT_NO,
PORTAL,PRODUCT_BANKCODE_MAPPING,BANK_CD,PORTAL,PRODUCT_BANKCODE_MAPPING,BANK_CODE,
PORTAL,PRODUCT_BANKCODE_MAPPING,SYS_CRE_DTTM,PORTAL,PRODUCT_BANKCODE_MAPPING,,"from_unixtime(to_unix_timestamp(REG_DT, 'yyyy/MM/dd HH:mm:ss'))"
PORTAL,PRODUCT_BANKCODE_MAPPING,OUTS_CK_CRD_PRD_CD,PORTAL,PRODUCT_BANKCODE_MAPPING,EXT_PRODUCT_CODE,
PORTAL,PRODUCT_BENEFIT,PRD_NO,PORTAL,PRODUCT_BENEFIT,PRODUCT_NO,
PORTAL,PRODUCT_BENEFIT,ADN_BNF_SNO,PORTAL,PRODUCT_BENEFIT,BENEFIT_NO,
PORTAL,PRODUCT_BENEFIT,ADN_BNF_TYPE_CD,PORTAL,PRODUCT_BENEFIT,BENEFIT_TYPE,
PORTAL,PRODUCT_BENEFIT,ADN_BNF_RV_CRI_CD,PORTAL,PRODUCT_BENEFIT,BENEFIT_ACCUMULATE_TYPE,
PORTAL,PRODUCT_BENEFIT,ADN_BNF_RV_CRI_VAL1,PORTAL,PRODUCT_BENEFIT,BENEFIT_ACCUMULATE_VALUE,
PORTAL,PRODUCT_BENEFIT,ADN_BNF_USE_CRI_VAL,PORTAL,PRODUCT_BENEFIT,BENEFIT_REDEMPTION_VALUE,
PORTAL,PRODUCT_BENEFIT,USE_YN,PORTAL,PRODUCT_BENEFIT,USE_YN,
PORTAL,PRODUCT_BENEFIT,SYS_CRE_DTTM,PORTAL,PRODUCT_BENEFIT,,"from_unixtime(to_unix_timestamp(REG_DT, 'yyyy/MM/dd HH:mm:ss'))"
PORTAL,PRODUCT_BENEFIT,SYS_CRE_ID,PORTAL,PRODUCT_BENEFIT,REG_ID,
PORTAL,PRODUCT_BENEFIT,SYS_CRE_IP_ADDR,PORTAL,PRODUCT_BENEFIT,REG_IP,
PORTAL,PRODUCT_BENEFIT,SYS_UPD_DTTM,PORTAL,PRODUCT_BENEFIT,,"from_unixtime(to_unix_timestamp(MOD_DT, 'yyyy/MM/dd HH:mm:ss'))"
PORTAL,PRODUCT_BENEFIT,SYS_UPD_ID,PORTAL,PRODUCT_BENEFIT,MOD_ID,
PORTAL,PRODUCT_BENEFIT,SYS_UPD_IP_ADDR,PORTAL,PRODUCT_BENEFIT,MOD_IP,
PORTAL,PRODUCT_BENEFIT,BNF_NM,PORTAL,PRODUCT_BENEFIT,BENEFIT_NAME,
PORTAL,PRODUCT_BENEFIT,BNF_DSCR_CN,PORTAL,PRODUCT_BENEFIT,BENEFIT_DISCRIPTION,
PORTAL,PRODUCT_BENEFIT,USE_VL_PRID_DT,PORTAL,PRODUCT_BENEFIT,VALID_DATE,
PORTAL,PRODUCT_BENEFIT,RWD_CPN_NM,PORTAL,PRODUCT_BENEFIT,CUPON_NAME,
PORTAL,PRODUCT_BENEFIT,RWD_CPN_DSCR_CN,PORTAL,PRODUCT_BENEFIT,CUPON_DISCRIPTION,
PORTAL,PRODUCT_BENEFIT,ISU_CPN_PCNT,PORTAL,PRODUCT_BENEFIT,CUPON_CNT,
PORTAL,PRODUCT_BENEFIT,CPN_VL_PRID_DT,PORTAL,PRODUCT_BENEFIT,CUPON_VALID_DATE,
PORTAL,PRODUCT_BENEFIT,ADN_BNF_RV_CRI_VAL2,PORTAL,PRODUCT_BENEFIT,BENEFIT_ACCUMULATE_VALUE2,
PORTAL,PRODUCT_BENEFIT,BNF_ID,PORTAL,PRODUCT_BENEFIT,BENEFIT_ID,
PORTAL,PRODUCT_CATEGORY,PRD_CTG_CL_NO,PORTAL,PRODUCT_CATEGORY,CATEGORY_NO,
PORTAL,PRODUCT_CATEGORY,ASP_NO,PORTAL,PRODUCT_CATEGORY,ASP_NO,
PORTAL,PRODUCT_CATEGORY,CTG_NM,PORTAL,PRODUCT_CATEGORY,CATEGORY_NAME,
PORTAL,PRODUCT_CATEGORY,SYS_CRE_DTTM,PORTAL,PRODUCT_CATEGORY,,"from_unixtime(to_unix_timestamp(REG_DT, 'yyyy/MM/dd HH:mm:ss'))"
PORTAL,PRODUCT_CATEGORY_KEYWORD,KWD_NO,PORTAL,PRODUCT_CATEGORY_KEYWORD,KEYWORD_NO,
PORTAL,PRODUCT_CATEGORY_KEYWORD,PRD_CTG_CL_NO,PORTAL,PRODUCT_CATEGORY_KEYWORD,CATEGORY_NO,
PORTAL,PRODUCT_CATEGORY_KEYWORD,ASP_NO,PORTAL,PRODUCT_CATEGORY_KEYWORD,ASP_NO,
PORTAL,PRODUCT_CATEGORY_KEYWORD,KWD_NM,PORTAL,PRODUCT_CATEGORY_KEYWORD,KEYWORD_NAME,
PORTAL,PRODUCT_CATEGORY_KEYWORD,SYS_CRE_DTTM,PORTAL,PRODUCT_CATEGORY_KEYWORD,,"from_unixtime(to_unix_timestamp(REG_DT, 'yyyy/MM/dd HH:mm:ss'))"
PORTAL,PRODUCT_DISCOUNT,PRD_NO,PORTAL,PRODUCT_DISCOUNT,PRODUCT_NO,
PORTAL,PRODUCT_DISCOUNT,DC_NO,PORTAL,PRODUCT_DISCOUNT,DISCOUNT_NO,
PORTAL,PRODUCT_DISCOUNT,PRD_DC_APY_TYPE_CD,PORTAL,PRODUCT_DISCOUNT,DISCOUNT_TYPE,
PORTAL,PRODUCT_DISCOUNT,DC_FAMT_FRTE_DV_CD,PORTAL,PRODUCT_DISCOUNT,DISCOUNT_VALUE_TYPE,
PORTAL,PRODUCT_DISCOUNT,DC_VAL,PORTAL,PRODUCT_DISCOUNT,DISCOUNT_VALUE,
PORTAL,PRODUCT_DISCOUNT,DC_CND_TYPE_CD,PORTAL,PRODUCT_DISCOUNT,DISCOUNT_CONDITION_TYPE,
PORTAL,PRODUCT_DISCOUNT,DC_LM_QTY,PORTAL,PRODUCT_DISCOUNT,DISCOUNT_QUANTITY_LIMIT,
PORTAL,PRODUCT_DISCOUNT,DC_STRT_DTTM,PORTAL,PRODUCT_DISCOUNT,,--DISCOUNT_PERIOD_START
PORTAL,PRODUCT_DISCOUNT,DC_STRT_DTTM,PORTAL,PRODUCT_DISCOUNT,,"from_unixtime(to_unix_timestamp(DISCOUNT_PERIOD_START, 'yyyyMMddHHmmss'))"
PORTAL,PRODUCT_DISCOUNT,DC_PRID_END_DTTM,PORTAL,PRODUCT_DISCOUNT,,"from_unixtime(to_unix_timestamp(DISCOUNT_PERIOD_END, 'yyyyMMddHHmmss'))"
PORTAL,PRODUCT_DISCOUNT,DC_PRID_END_DTTM,PORTAL,PRODUCT_DISCOUNT,,--DISCOUNT_PERIOD_END
PORTAL,PRODUCT_DISCOUNT,DC_APY_MNDY_YN,PORTAL,PRODUCT_DISCOUNT,DISCOUNT_DAY_IN_WEEK_MON,
PORTAL,PRODUCT_DISCOUNT,DC_APY_TSDY_YN,PORTAL,PRODUCT_DISCOUNT,DISCOUNT_DAY_IN_WEEK_TUE,
PORTAL,PRODUCT_DISCOUNT,DC_APY_WNDY_YN,PORTAL,PRODUCT_DISCOUNT,DISCOUNT_DAY_IN_WEEK_WED,
PORTAL,PRODUCT_DISCOUNT,DC_APY_THU_YN,PORTAL,PRODUCT_DISCOUNT,DISCOUNT_DAY_IN_WEEK_THUR,
PORTAL,PRODUCT_DISCOUNT,DC_APY_FRDY_YN,PORTAL,PRODUCT_DISCOUNT,DISCOUNT_DAY_IN_WEEK_FRI,
PORTAL,PRODUCT_DISCOUNT,DC_APY_SAT_YN,PORTAL,PRODUCT_DISCOUNT,DISCOUNT_DAY_IN_WEEK_SAT,
PORTAL,PRODUCT_DISCOUNT,DC_APY_SUN_YN,PORTAL,PRODUCT_DISCOUNT,DISCOUNT_DAY_IN_WEEK_SUN,
PORTAL,PRODUCT_DISCOUNT,USE_YN,PORTAL,PRODUCT_DISCOUNT,USE_YN,
PORTAL,PRODUCT_DISCOUNT,SYS_CRE_DTTM,PORTAL,PRODUCT_DISCOUNT,,"from_unixtime(to_unix_timestamp(REG_DT, 'yyyy/MM/dd HH:mm:ss'))"
PORTAL,PRODUCT_DISCOUNT,SYS_CRE_ID,PORTAL,PRODUCT_DISCOUNT,REG_ID,
PORTAL,PRODUCT_DISCOUNT,SYS_CRE_IP_ADDR,PORTAL,PRODUCT_DISCOUNT,REG_IP,
PORTAL,PRODUCT_DISCOUNT,SYS_UPD_DTTM,PORTAL,PRODUCT_DISCOUNT,,"from_unixtime(to_unix_timestamp(MOD_DT, 'yyyy/MM/dd HH:mm:ss'))"
PORTAL,PRODUCT_DISCOUNT,SYS_UPD_ID,PORTAL,PRODUCT_DISCOUNT,MOD_ID,
PORTAL,PRODUCT_DISCOUNT,SYS_UPD_IP_ADDR,PORTAL,PRODUCT_DISCOUNT,MOD_IP,
PORTAL,PRODUCT_DISCOUNT,TM_DC_BNF_TYPE_CD,PORTAL,PRODUCT_DISCOUNT,DISCOUNT_TIME_BENEFIT_TYPE,
PORTAL,PRODUCT_DISCOUNT,PRD_DC_SNO,PORTAL,PRODUCT_DISCOUNT,DISCOUNT_SEQ,
PORTAL,PRODUCT_DISCOUNT,PRD_DC_APY_PRITY,PORTAL,PRODUCT_DISCOUNT,PRIORITY,
PORTAL,PRODUCT_DISCOUNT,DC_PRID_STRT_DTTM,PORTAL,PRODUCT_DISCOUNT,,--DISCOUNT_START
PORTAL,PRODUCT_DISCOUNT,DC_PRID_STRT_DTTM,PORTAL,PRODUCT_DISCOUNT,,"from_unixtime(to_unix_timestamp(DISCOUNT_START, 'yyyyMMddHHmmss'))"
PORTAL,PRODUCT_DISCOUNT,PO_CON_NO,PORTAL,PRODUCT_DISCOUNT,CONTRACT_NO,
PORTAL,PRODUCT_DISCOUNT,SUB_DC_TYPE_CD,PORTAL,PRODUCT_DISCOUNT,DISCOUNT_SUB_TYPE,
PORTAL,PRODUCT_DISCOUNT,PNT_EXTN_PRID_MCNT,PORTAL,PRODUCT_DISCOUNT,VALIDITY_PERIOD,
PORTAL,PRODUCT_DISCOUNT_MERCHANT,PRD_NO,PORTAL,PRODUCT_DISCOUNT_MERCHANT,PRODUCT_NO,
PORTAL,PRODUCT_DISCOUNT_MERCHANT,DC_NO,PORTAL,PRODUCT_DISCOUNT_MERCHANT,DISCOUNT_NO,
PORTAL,PRODUCT_DISCOUNT_MERCHANT,DC_PRV_MC_GRP_ID,PORTAL,PRODUCT_DISCOUNT_MERCHANT,MERCHANT_VALUE,
PORTAL,PRODUCT_DISCOUNT_MERCHANT,MC_GUD_CN,PORTAL,PRODUCT_DISCOUNT_MERCHANT,MERCHANT_INFO,
PORTAL,PRODUCT_DISCOUNT_MERCHANT,DC_PRV_MC_GRP_SNGL_DV_CD,PORTAL,PRODUCT_DISCOUNT_MERCHANT,TYPE,
PORTAL,PRODUCT_DISCOUNT_MERCHANT,USE_YN,PORTAL,PRODUCT_DISCOUNT_MERCHANT,USE_YN,
PORTAL,PRODUCT_DISCOUNT_MERCHANT,PRD_DC_SNO,PORTAL,PRODUCT_DISCOUNT_MERCHANT,DISCOUNT_SEQ,
PORTAL,PRODUCT_DISCOUNT_MERCHANT,PRD_DC_APY_PRITY,PORTAL,PRODUCT_DISCOUNT_MERCHANT,PRIORITY,
PORTAL,PRODUCT_DISCOUNT_MERCHANT,XCPT_DC_MC_GRP_ID,PORTAL,PRODUCT_DISCOUNT_MERCHANT,BLOCK_MERCHANT_VALUE,
PORTAL,PRODUCT_DISCOUNT_MERCHANT,LM_BZTP_GRP_ID,PORTAL,PRODUCT_DISCOUNT_MERCHANT,BIZTYPE_GRP_ID,
PORTAL,PRODUCT_DISCOUNT_MERCHANT,ACQ_CHNL_CD,PORTAL,PRODUCT_DISCOUNT_MERCHANT,CHANNEL,
PORTAL,PRODUCT_DISCOUNT_POLICY,PRD_NO,PORTAL,PRODUCT_DISCOUNT_POLICY,PRODUCT_NO,
PORTAL,PRODUCT_DISCOUNT_POLICY,DC_NO,PORTAL,PRODUCT_DISCOUNT_POLICY,DISCOUNT_NO,
PORTAL,PRODUCT_DISCOUNT_POLICY,BNF_NM,PORTAL,PRODUCT_DISCOUNT_POLICY,NAME,
PORTAL,PRODUCT_DISCOUNT_POLICY,CLR_TYPE_CD,PORTAL,PRODUCT_DISCOUNT_POLICY,RESALE,
PORTAL,PRODUCT_DISCOUNT_POLICY,PO_CON_NO,PORTAL,PRODUCT_DISCOUNT_POLICY,CONTRACT_NO,
PORTAL,PRODUCT_DISCOUNT_POLICY,AF_CLR_DC_BRDR_PFRM_PRVR_VAL,PORTAL,PRODUCT_DISCOUNT_POLICY,OFFER_BENEFIT_PLATFORM_VALUE,
PORTAL,PRODUCT_DISCOUNT_POLICY,AF_CLR_DC_BRDR_PFRM_MC_VAL,PORTAL,PRODUCT_DISCOUNT_POLICY,OFFER_BENEFIT_MR_VALUE,
PORTAL,PRODUCT_DISCOUNT_POLICY,DC_LMT_TYPE_CD,PORTAL,PRODUCT_DISCOUNT_POLICY,DCNT_LIMIT_TYPE,
PORTAL,PRODUCT_DISCOUNT_POLICY,BYBNF_DC_LMT_TMCNT,PORTAL,PRODUCT_DISCOUNT_POLICY,DCNT_LIMIT,
PORTAL,PRODUCT_DISCOUNT_POLICY,BNF_DC_LMT_UNIT_DV_CD,PORTAL,PRODUCT_DISCOUNT_POLICY,DCNT_LIMIT_SEL,
PORTAL,PRODUCT_DISCOUNT_POLICY,BYBNF_DC_LMT_MINM_STLM_AMT,PORTAL,PRODUCT_DISCOUNT_POLICY,MIN_CONDITION_AMT,
PORTAL,PRODUCT_DISCOUNT_POLICY,BYBNF_LMT_BFM_CND_AMT,PORTAL,PRODUCT_DISCOUNT_POLICY,PREV_CONDITION_AMT,
PORTAL,PRODUCT_DISCOUNT_POLICY,BNF_DSCR_CN,PORTAL,PRODUCT_DISCOUNT_POLICY,BENEFIT_DESCRIPTION,
PORTAL,PRODUCT_DISCOUNT_POLICY,USE_YN,PORTAL,PRODUCT_DISCOUNT_POLICY,USE_YN,
PORTAL,PRODUCT_DISCOUNT_POLICY,PRD_DC_SNO,PORTAL,PRODUCT_DISCOUNT_POLICY,DISCOUNT_SEQ,
PORTAL,PRODUCT_DISCOUNT_POLICY,PRD_DC_APY_PRITY,PORTAL,PRODUCT_DISCOUNT_POLICY,PRIORITY,
PORTAL,PRODUCT_DISCOUNT_POLICY,AF_CLR_DC_BU_TTHR_ROLE_DV_CD,PORTAL,PRODUCT_DISCOUNT_POLICY,OFFER_BENEFIT_ROLE_TYPE,
PORTAL,PRODUCT_DISCOUNT_POLICY,AF_CLR_DC_BU_TTHR_PTN_NO,PORTAL,PRODUCT_DISCOUNT_POLICY,OFFER_BENEFIT_PLAYER_NO,
PORTAL,PRODUCT_DISCOUNT_POLICY,AF_CLR_DC_BRDR_TTHR_VAL,PORTAL,PRODUCT_DISCOUNT_POLICY,OFFER_BENEFIT_VALUE,
PORTAL,PRODUCT_DISCOUNT_POLICY,DC_BNF_DV_CD,PORTAL,PRODUCT_DISCOUNT_POLICY,PERIOD_RESTRICTION_YN,
PORTAL,PRODUCT_DISCOUNT_POLICY,DC_BNF_ATNT_MTTRS_CN,PORTAL,PRODUCT_DISCOUNT_POLICY,NOTICE,
PORTAL,PRODUCT_DISCOUNT_POLICY,DC_BNF_CTG_CD,PORTAL,PRODUCT_DISCOUNT_POLICY,CATEGORY,
PORTAL,PRODUCT_DISCOUNT_POLICY,DC_BNF_TG_CN,PORTAL,PRODUCT_DISCOUNT_POLICY,TAG,
PORTAL,PRODUCT_DISCOUNT_POLICY,FILE_NO,PORTAL,PRODUCT_DISCOUNT_POLICY,FILE_NO,
PORTAL,PRODUCT_DISCOUNT_POLICY,DC_BNF_IMG_FILE_SNO,PORTAL,PRODUCT_DISCOUNT_POLICY,SN,
PORTAL,PRODUCT_DISCOUNT_POLICY,LNUP_ODE,PORTAL,PRODUCT_DISCOUNT_POLICY,ORDER_NO,
PORTAL,PRODUCT_DISCOUNT_POLICY,BFM_CHRG_ARSL_AMT,PORTAL,PRODUCT_DISCOUNT_POLICY,PREV_CONDITION_RECHARGE_AMT,
PORTAL,PRODUCT_DISCOUNT_POLICY,EXHB_DSCP_NM,PORTAL,PRODUCT_DISCOUNT_POLICY,DISPLAY_MERCHANT_NAME,
PORTAL,PRODUCT_DISCOUNT_POLICY,EXHB_BNF_NM,PORTAL,PRODUCT_DISCOUNT_POLICY,DISPLAY_DISCOUNT_NAME,
PORTAL,PRODUCT_DISCOUNT_POLICY,DRT_INS_TG_CN,PORTAL,PRODUCT_DISCOUNT_POLICY,TAG2,
PORTAL,PRODUCT_DISCOUNT_POLICY,BFM_ARSL_INCL_YN,PORTAL,PRODUCT_DISCOUNT_POLICY,INCLUDE_PREV_CONDITION,
PORTAL,PRODUCT_DISCOUNT_POLICY,ONCE_DC_LMT_AMT,PORTAL,PRODUCT_DISCOUNT_POLICY,ONETIME_DCNT_LIMIT,
PORTAL,PRODUCT_DISCOUNT_POLICY,PMTP_ONL_DV_CD,PORTAL,PRODUCT_DISCOUNT_POLICY,PAYMENT_TYPE,
PORTAL,PRODUCT_DISCOUNT_POLICY,BNF_INTR_CN,PORTAL,PRODUCT_DISCOUNT_POLICY,BENEFIT_INTRODUCTION,
PORTAL,PRODUCT_DISCOUNT_POLICY,CRD_ITDL_APY_YN,PORTAL,PRODUCT_DISCOUNT_POLICY,APPLY_CARD_DCNT_LIMIT,
PORTAL,PRODUCT_DISCOUNT_TIME,PRD_NO,PORTAL,PRODUCT_DISCOUNT_TIME,PRODUCT_NO,
PORTAL,PRODUCT_DISCOUNT_TIME,DC_NO,PORTAL,PRODUCT_DISCOUNT_TIME,DISCOUNT_NO,
PORTAL,PRODUCT_DISCOUNT_TIME,TM_SNO,PORTAL,PRODUCT_DISCOUNT_TIME,TIME_NO,
PORTAL,PRODUCT_DISCOUNT_TIME,STRT_TM_HM,PORTAL,PRODUCT_DISCOUNT_TIME,TIME_START,
PORTAL,PRODUCT_DISCOUNT_TIME,END_TM_HM,PORTAL,PRODUCT_DISCOUNT_TIME,TIME_END,
PORTAL,PRODUCT_DISCOUNT_TIME,USE_YN,PORTAL,PRODUCT_DISCOUNT_TIME,USE_YN,
PORTAL,PRODUCT_DISCOUNT_TIME,SYS_CRE_DTTM,PORTAL,PRODUCT_DISCOUNT_TIME,,"from_unixtime(to_unix_timestamp(REG_DT, 'yyyy/MM/dd HH:mm:ss'))"
PORTAL,PRODUCT_DISCOUNT_TIME,SYS_CRE_ID,PORTAL,PRODUCT_DISCOUNT_TIME,REG_ID,
PORTAL,PRODUCT_DISCOUNT_TIME,SYS_CRE_IP_ADDR,PORTAL,PRODUCT_DISCOUNT_TIME,REG_IP,
PORTAL,PRODUCT_DISCOUNT_TIME,SYS_UPD_DTTM,PORTAL,PRODUCT_DISCOUNT_TIME,,"from_unixtime(to_unix_timestamp(MOD_DT, 'yyyy/MM/dd HH:mm:ss'))"
PORTAL,PRODUCT_DISCOUNT_TIME,SYS_UPD_ID,PORTAL,PRODUCT_DISCOUNT_TIME,MOD_ID,
PORTAL,PRODUCT_DISCOUNT_TIME,SYS_UPD_IP_ADDR,PORTAL,PRODUCT_DISCOUNT_TIME,MOD_IP,
PORTAL,PRODUCT_DISCOUNT_TIME,DC_APY_MNDY_YN,PORTAL,PRODUCT_DISCOUNT_TIME,DISCOUNT_DAY_IN_WEEK_MON,
PORTAL,PRODUCT_DISCOUNT_TIME,DC_APY_TSDY_YN,PORTAL,PRODUCT_DISCOUNT_TIME,DISCOUNT_DAY_IN_WEEK_TUE,
PORTAL,PRODUCT_DISCOUNT_TIME,DC_APY_WNDY_YN,PORTAL,PRODUCT_DISCOUNT_TIME,DISCOUNT_DAY_IN_WEEK_WED,
PORTAL,PRODUCT_DISCOUNT_TIME,DC_APY_THU_YN,PORTAL,PRODUCT_DISCOUNT_TIME,DISCOUNT_DAY_IN_WEEK_THUR,
PORTAL,PRODUCT_DISCOUNT_TIME,DC_APY_FRDY_YN,PORTAL,PRODUCT_DISCOUNT_TIME,DISCOUNT_DAY_IN_WEEK_FRI,
PORTAL,PRODUCT_DISCOUNT_TIME,DC_APY_SAT_YN,PORTAL,PRODUCT_DISCOUNT_TIME,DISCOUNT_DAY_IN_WEEK_SAT,
PORTAL,PRODUCT_DISCOUNT_TIME,DC_APY_SUN_YN,PORTAL,PRODUCT_DISCOUNT_TIME,DISCOUNT_DAY_IN_WEEK_SUN,
PORTAL,PRODUCT_DISCOUNTGROUP_MAP,BNF_GRP_ID,PORTAL,PRODUCT_DISCOUNTGROUP_MAP,GROUP_NO,
PORTAL,PRODUCT_DISCOUNTGROUP_MAP,PRD_NO,PORTAL,PRODUCT_DISCOUNTGROUP_MAP,PRODUCT_NO,
PORTAL,PRODUCT_DISCOUNTGROUP_MAP,SYS_UPD_DTTM,PORTAL,PRODUCT_DISCOUNTGROUP_MAP,,"from_unixtime(to_unix_timestamp(MOD_DT, 'yyyy/MM/dd HH:mm:ss'))"
PORTAL,PRODUCT_DISCOUNTGROUP_MAP,SYS_UPD_IP_ADDR,PORTAL,PRODUCT_DISCOUNTGROUP_MAP,MOD_IP,
PORTAL,PRODUCT_DISCOUNTGROUP_MAP,SYS_UPD_ID,PORTAL,PRODUCT_DISCOUNTGROUP_MAP,MOD_ID,
PORTAL,RETAIL_ASP_MAPPING,AFC_DV_CD,PORTAL,RETAIL_ASP_MAPPING,RETAIL_TYPE,
PORTAL,RETAIL_ASP_MAPPING,ASP_ID,PORTAL,RETAIL_ASP_MAPPING,ASP_ID,
PORTAL,ROLE,PTN_ID,PORTAL,ROLE,PLAYER_NO,
PORTAL,ROLE,PTN_ROLE_DV_CD,PORTAL,ROLE,ROLE_TYPE,
PORTAL,ROLE,USE_YN,PORTAL,ROLE,USE_YN,
PORTAL,ROLE,SYS_CRE_DTTM,PORTAL,ROLE,,"from_unixtime(unix_timestamp(REG_DT, 'yyyy/MM/dd HH:mm:ss'))"
PORTAL,ROLE,SYS_CRE_ID,PORTAL,ROLE,REG_ID,
PORTAL,ROLE,SYS_CRE_IP_ADDR,PORTAL,ROLE,REG_IP,
PORTAL,ROLE,SYS_UPD_DTTM,PORTAL,ROLE,,"from_unixtime(unix_timestamp(MOD_DT, 'yyyy/MM/dd HH:mm:ss'))"
PORTAL,ROLE,SYS_UPD_ID,PORTAL,ROLE,MOD_ID,
PORTAL,ROLE,SYS_UPD_IP_ADDR,PORTAL,ROLE,MOD_IP,
PORTAL,ROLE,CGP_DEPT_NM,PORTAL,ROLE,ASP_MANAGER_DEPARTMENT,
PORTAL,ROLE,CGP_FAXNO,PORTAL,ROLE,ASP_MANAGER_FAX_NUMBER,
PORTAL,ROLE,BRAN_CNT,PORTAL,ROLE,ASP_BRAND_COUNT,
PORTAL,ROLE,BRAN_HMPG_URL,PORTAL,ROLE,ASP_BRAND_HOMEPAGE_URL,
PORTAL,ROLE,MC_ONL_DV_CD,PORTAL,ROLE,MERCHANT_ON_OFF_TYPE,
PORTAL,ROLE,TT_LOA_CD,PORTAL,ROLE,MERCHANT_ITEM,
PORTAL,ROLE,PSNO,PORTAL,ROLE,ZIP_CODE,
PORTAL,ROLE,PST_ADDR,PORTAL,ROLE,ADDRESS,
PORTAL,ROLE,MC_HMPG_URL,PORTAL,ROLE,MERCHANT_HOMEPAGE_URL,
PORTAL,ROLE,RCUR_SUBS_SNO,PORTAL,ROLE,MERCHANT_MA_NO,
PORTAL,ROLE,SHOP_XNG_IPSB_YN,PORTAL,ROLE,RECHARGE_REFUND_YN,
PORTAL,ROLE,MN_TT_LOA_LST_CN,PORTAL,ROLE,RECHARGE_ITEM,
PORTAL,ROLE,RC_HMPG_URL_ADDR,PORTAL,ROLE,RECHARGE_HOMEPAGE_URL,
PORTAL,ROLE,FAXNO,PORTAL,ROLE,RECHARGE_FAX_NUMBER,
PORTAL,ROLE,MINM_CHRG_AMT,PORTAL,ROLE,RECHARGE_AMOUNT_MIN,
PORTAL,ROLE,CHRG_LMT_AMT,PORTAL,ROLE,RECHARGE_AMOUNT_MAX,
PORTAL,ROLE,N1_DD_CHRG_LMT_AMT,PORTAL,ROLE,RECHARGE_LIMIT_DAILY,
PORTAL,ROLE,ONCE_CHRG_LMT_AMT,PORTAL,ROLE,RECHARGE_LIMIT_ONE_TIME,
PORTAL,ROLE,MN_ACTV_ZON_NM,PORTAL,ROLE,MP_MA_AREA,
PORTAL,ROLE,ROLE_NM,PORTAL,ROLE,ROLE_NAME,
PORTAL,ROLE,DMC_ID,PORTAL,ROLE,KONA_ROLE_ID,
PORTAL,ROLE,MC_RC_REP_DV_CD,PORTAL,ROLE,MERCHANT_TYPE_CD,
PORTAL,ROLE,HIER_MCNO,PORTAL,ROLE,UPPER_NO,
PORTAL,ROLE,POFN_PHN_NO,PORTAL,ROLE,TEL_NO1,
PORTAL,ROLE,PHN_NO,PORTAL,ROLE,TEL_NO2,
PORTAL,ROLE,CGP_JGD_NM,PORTAL,ROLE,ASP_MANAGER_RANK,
PORTAL,ROLE,RCMR_NM,PORTAL,ROLE,RECOMMENDER,
PORTAL,ROLE,BASC_CRD_PRD_NM,PORTAL,ROLE,ASP_BASIC_PRODUCT_NAME,
PORTAL,ROLE,BASC_CRD_PRD_IMG_PTH_NM,PORTAL,ROLE,ASP_BASIC_IMAGE_FILE,
PORTAL,ROLE,PRD_THMN_IMG_PTH_NM,PORTAL,ROLE,ASP_BASIC_THUMBNAIL_IMAGE_FILE,
PORTAL,ROLE,LATD,PORTAL,ROLE,LATITUDE,
PORTAL,ROLE,LOTD,PORTAL,ROLE,LONGITUDE,
PORTAL,ROLE,TXN_TYPE_CD,PORTAL,ROLE,TAX_TYPE_CODE,
PORTAL,ROLE,INCDE_TRGT_YN,PORTAL,ROLE,INCOME_DEDUCTION_YN,
PORTAL,ROLE,INCDE_TYPE_CD,PORTAL,ROLE,INCOME_DEDUCTION_TYPE,
PORTAL,ROLE,LIST_XPRSN_XCPT_YN,PORTAL,ROLE,HIDE_FROM_LIST,
PORTAL,ROLE,CLR_OWR_PTN_ID,PORTAL,ROLE,SETTLE_PLAYER_ID,
PORTAL,ROLE,CLR_OWR_ROLE_CD,PORTAL,ROLE,SETTLE_ROLE_CD,
PORTAL,ROLE,REP_CLR_DV_CD,PORTAL,ROLE,SETTLEMENT_TYPE,
PORTAL,ROLE,DPSTS_MGMT_REP_DV_CD,PORTAL,ROLE,USE_PARENT_DEPOSIT_YN,
PORTAL,ROLE,MC_QR_USE_YN,PORTAL,ROLE,EMV_QR_USED_YN,
PORTAL,ROLE,MC_EMV_QR_VAL,PORTAL,ROLE,EMV_QR_STRING,
PORTAL,ROLE,WL_YN,PORTAL,ROLE,PROD_WELFARE_YN,
PORTAL,ROLE,CORP_YN,PORTAL,ROLE,PROD_CORPORATION_YN,
PORTAL,ROLE,AL_YN,PORTAL,ROLE,PROD_ALLIANCE_YN,
PORTAL,ROLE,PTN_LWR_INQ_TYPE_CD,PORTAL,ROLE,AUTH_SEARCH,
PORTAL,ROLE,AP_EXPS_YN,PORTAL,ROLE,APP_DISPLAY_YN,
PORTAL,ROLE,CRD_CASH_USE_YN,PORTAL,ROLE,CARD_CASH_USE_YN,
PORTAL,ROLE,PBLC_WL_ORT_PRD_TYPE_YN,PORTAL,ROLE,PROD_PUBLIC_WELFARE_YN,
PORTAL,ROLE,FILE_PTH_NM,PORTAL,ROLE,EMV_QR_IMAGE,
PORTAL,ROLE,QR_PNL_USE_YN,PORTAL,ROLE,EMV_QR_PANEL_YN,
PORTAL,ROLE,EXHB_STRT_DT,PORTAL,ROLE,DISPLAY_START_DATE,
PORTAL,ROLE,EXHB_END_DT,PORTAL,ROLE,DISPLAY_END_DATE,
PORTAL,ROLE,RC_TML_CASH_CHRG_YN,PORTAL,ROLE,POINT_RECHARGE,
PORTAL,ROLE,DTL_ADDR,PORTAL,ROLE,ADDRESS2,
PORTAL,ROLE,BZTP_CD,PORTAL,ROLE,BIZ_CODE,
PORTAL,ROLE,OUTS_AL_MC_MAPNG_CD,PORTAL,ROLE,EXTERNAL_ID,
PORTAL,ROLE,MC_ONL_CTF_KEY_VAL,PORTAL,ROLE,LICENSE_KEY,
PORTAL,ROLE,TRUST_RATE,PORTAL,ROLE,TRUST_RATIO,
PORTAL,ROLE,SHOP_OPBR_DT,PORTAL,ROLE,OPEN_DATE,
PORTAL,ROLE,CLBR_DT,PORTAL,ROLE,CLOSE_DATE,
PORTAL,ROLE,GSRT_TYPE_CD,PORTAL,ROLE,GS_RETAIL_TYPE,
PORTAL,ROLE,AFC_DV_CD,PORTAL,ROLE,RETAIL_TYPE,
PORTAL,ROLE,SL_CD,PORTAL,ROLE,SALES_CD,
PORTAL,ROLE,MBR_ID,PORTAL,ROLE,MAP_USER_ID,
PORTAL,ROLE,RC_TT_BRC_CD,PORTAL,ROLE,SERVICE_AGENT,
PORTAL,ROLE,UCONN_CRD_CHRG_PMSN_YN,PORTAL,ROLE,UCONN_CRD_CHRG_PMSN_YN,
PORTAL,ROLE,RC_CL_CD,PORTAL,ROLE,RC_CL_CD,
PORTAL,ROLE,MM_MAX_CHRG_LMT_AMT,PORTAL,ROLE,MM_MAX_CHRG_LMT_AMT,
PORTAL,ROLE,CRD_APL_LM_CNT,PORTAL,ROLE,CRD_APL_LM_CNT,
PORTAL,ROLE,ITNC_TEL_ZON_CD,PORTAL,ROLE,ITNC_TEL_ZON_CD,
PORTAL,ROLE,MC_CON_TYPE_CD,PORTAL,ROLE,MC_CON_TYPE_CD,
PORTAL,SH_MERCHANT_CODE,BZTP_LCL_CD,PORTAL,SH_MERCHANT_CODE,CODE_GROUP_IDX,
PORTAL,SH_MERCHANT_CODE,BZTP_CD,PORTAL,SH_MERCHANT_CODE,CODE,
PORTAL,SH_MERCHANT_CODE,BZTP_LCL_NM,PORTAL,SH_MERCHANT_CODE,CODE_NM,
PORTAL,SH_MERCHANT_CODE,BZTP_NM,PORTAL,SH_MERCHANT_CODE,CODE_DETAIL,
PORTAL,SH_MERCHANT_CODE,BZTP_TYPE_VAL,PORTAL,SH_MERCHANT_CODE,CODE_NM_TYPE,
PORTAL,SHOP_CATEGORY_MAPPING,PRD_CTG_CL_NO,PORTAL,SHOP_CATEGORY_MAPPING,CATEGORY_NO,
PORTAL,SHOP_CATEGORY_MAPPING,KWD_NO,PORTAL,SHOP_CATEGORY_MAPPING,KEYWORD_NO,
PORTAL,SHOP_CATEGORY_MAPPING,ASP_NO,PORTAL,SHOP_CATEGORY_MAPPING,ASP_NO,
PORTAL,SHOP_CATEGORY_MAPPING,TEMP_SAVE_YN,PORTAL,SHOP_CATEGORY_MAPPING,TEMP_FLAG,
PORTAL,SS_BIZTYPE_CD,CD_GRP_IDX,PORTAL,SS_BIZTYPE_CD,CD_GRP_IDX,
PORTAL,SS_BIZTYPE_CD,BZTP_CD,PORTAL,SS_BIZTYPE_CD,BZTP_CD,
PORTAL,SS_BIZTYPE_CD,MCL_BZTP_NM,PORTAL,SS_BIZTYPE_CD,MCL_BZTP_NM,
PORTAL,SS_BIZTYPE_CD,BZTP_NM,PORTAL,SS_BIZTYPE_CD,BZTP_NM,
PORTAL,SS_BIZTYPE_CD,MCL_BZTP_CD,PORTAL,SS_BIZTYPE_CD,MCL_BZTP_CD,
PORTAL,SS_BIZTYPE_CD,SYS_CRE_DTTM,PORTAL,SS_BIZTYPE_CD,,"from_unixtime(unix_timestamp(SYS_CRE_DTTM, 'yyyy/MM/dd HH:mm:ss'))"
PORTAL,SS_BIZTYPE_CD,SYS_UPD_DTTM,PORTAL,SS_BIZTYPE_CD,,"from_unixtime(unix_timestamp(SYS_UPD_DTTM, 'yyyy/MM/dd HH:mm:ss'))"
PORTAL,SSUM_MERCHANT_CODE,BZTP_LCL_CD,PORTAL,SSUM_MERCHANT_CODE,CODE_GROUP_IDX,
PORTAL,SSUM_MERCHANT_CODE,BZTP_CD,PORTAL,SSUM_MERCHANT_CODE,CODE,
PORTAL,SSUM_MERCHANT_CODE,BZTP_LCL_NM,PORTAL,SSUM_MERCHANT_CODE,CODE_NM,
PORTAL,SSUM_MERCHANT_CODE,BZTP_NM,PORTAL,SSUM_MERCHANT_CODE,CODE_DETAIL,
PORTAL,SSUM_MERCHANT_CODE,BZTP_TYPE_VAL,PORTAL,SSUM_MERCHANT_CODE,CODE_NM_TYPE,
PORTAL,TBL_AREA_SERVICE_MAPPING,SYS_CRE_DTTM,PORTAL,TBL_AREA_SERVICE_MAPPING,,"from_unixtime(to_unix_timestamp(REG_DTM, 'yyyy/MM/dd HH:mm:ss'))"
PORTAL,TBL_AREA_SERVICE_MAPPING,SYS_UPD_DTTM,PORTAL,TBL_AREA_SERVICE_MAPPING,,"from_unixtime(to_unix_timestamp(UPT_DTM, 'yyyy/MM/dd HH:mm:ss'))"
PORTAL,TBL_AREA_SERVICE_MAPPING,SYS_CRE_ID,PORTAL,TBL_AREA_SERVICE_MAPPING,REG_SEQ,
PORTAL,TBL_AREA_SERVICE_MAPPING,SYS_UPD_ID,PORTAL,TBL_AREA_SERVICE_MAPPING,UPT_SEQ,
PORTAL,TBL_AREA_SERVICE_MAPPING,ZON_CD,PORTAL,TBL_AREA_SERVICE_MAPPING,AREA_CODE,
PORTAL,TBL_AREA_SERVICE_MAPPING,SVC_TYPE_CD,PORTAL,TBL_AREA_SERVICE_MAPPING,SERVICE_TYPE,
PORTAL,TBL_ASP_SERVICE_MAPPING,SYS_CRE_DTTM,PORTAL,TBL_ASP_SERVICE_MAPPING,,"from_unixtime(to_unix_timestamp(REG_DTM, 'yyyy/MM/dd HH:mm:ss'))"
PORTAL,TBL_ASP_SERVICE_MAPPING,SYS_UPD_DTTM,PORTAL,TBL_ASP_SERVICE_MAPPING,,"from_unixtime(to_unix_timestamp(UPT_DTM, 'yyyy/MM/dd HH:mm:ss'))"
PORTAL,TBL_ASP_SERVICE_MAPPING,SYS_CRE_ID,PORTAL,TBL_ASP_SERVICE_MAPPING,REG_SEQ,
PORTAL,TBL_ASP_SERVICE_MAPPING,SYS_UPD_ID,PORTAL,TBL_ASP_SERVICE_MAPPING,UPT_SEQ,
PORTAL,TBL_ASP_SERVICE_MAPPING,ASP_ID,PORTAL,TBL_ASP_SERVICE_MAPPING,ASP_ID,
PORTAL,TBL_ASP_SERVICE_MAPPING,SVC_TYPE_CD,PORTAL,TBL_ASP_SERVICE_MAPPING,SERVICE_TYPE,
PORTAL,TBL_ASP_SERVICE_MAPPING,USE_YN,PORTAL,TBL_ASP_SERVICE_MAPPING,USE_YN,
PORTAL,TBL_KA_SERVICE_MAPPING,SYS_CRE_DTTM,PORTAL,TBL_KA_SERVICE_MAPPING,,"from_unixtime(to_unix_timestamp(REG_DTM, 'yyyy/MM/dd HH:mm:ss'))"
PORTAL,TBL_KA_SERVICE_MAPPING,SYS_UPD_DTTM,PORTAL,TBL_KA_SERVICE_MAPPING,,"from_unixtime(to_unix_timestamp(UPT_DTM, 'yyyy/MM/dd HH:mm:ss'))"
PORTAL,TBL_KA_SERVICE_MAPPING,SYS_CRE_ID,PORTAL,TBL_KA_SERVICE_MAPPING,REG_SEQ,
PORTAL,TBL_KA_SERVICE_MAPPING,SYS_UPD_ID,PORTAL,TBL_KA_SERVICE_MAPPING,UPT_SEQ,
PORTAL,TBL_KA_SERVICE_MAPPING,ASP_ID,PORTAL,TBL_KA_SERVICE_MAPPING,ASP_ID,
PORTAL,TBL_KA_SERVICE_MAPPING,KA_ID,PORTAL,TBL_KA_SERVICE_MAPPING,KA_ID,
PORTAL,TBL_KA_SERVICE_MAPPING,SVC_TYPE_CD,PORTAL,TBL_KA_SERVICE_MAPPING,SERVICE_TYPE,
PORTAL,TBL_KA_SERVICE_MAPPING,USE_YN,PORTAL,TBL_KA_SERVICE_MAPPING,USE_YN,
PORTAL,TBL_MILEAGE_IMAGE_MAPPING,MLG_PLCY_ID,PORTAL,TBL_MILEAGE_IMAGE_MAPPING,MILEAGE_ID,
PORTAL,TBL_MILEAGE_IMAGE_MAPPING,FILE_NO,PORTAL,TBL_MILEAGE_IMAGE_MAPPING,FILE_NO,
PORTAL,TBL_MILEAGE_IMAGE_MAPPING,EXPS_PRITY,PORTAL,TBL_MILEAGE_IMAGE_MAPPING,PRIORITY,
PORTAL,TBL_MILEAGE_IMAGE_MAPPING,OCY_FILE_NM,PORTAL,TBL_MILEAGE_IMAGE_MAPPING,ORI_FILE_NM,
PORTAL,TBL_MILEAGE_IMAGE_MAPPING,FILE_SIZ,PORTAL,TBL_MILEAGE_IMAGE_MAPPING,FILE_SIZE,
PORTAL,TBL_MILEAGE_IMAGE_MAPPING,IMG_URL_ADDR,PORTAL,TBL_MILEAGE_IMAGE_MAPPING,URL,
PORTAL,TBL_MILEAGE_IMAGE_MAPPING,FILE_NM,PORTAL,TBL_MILEAGE_IMAGE_MAPPING,FILE_NM,
PORTAL,TBL_MILEAGE_IMAGE_MAPPING,USE_YN,PORTAL,TBL_MILEAGE_IMAGE_MAPPING,USE_YN,
PORTAL,TBL_MILEAGE_IMAGE_MAPPING,SYS_CRE_DTTM,PORTAL,TBL_MILEAGE_IMAGE_MAPPING,,"from_unixtime(to_unix_timestamp(REG_DTM, 'yyyy/MM/dd HH:mm:ss'))"
PORTAL,TBL_MILEAGE_IMAGE_MAPPING,SYS_CRE_ID,PORTAL,TBL_MILEAGE_IMAGE_MAPPING,REG_SEQ,
PORTAL,TBL_SUM_DISCOUNT_APPLICATION,ASP_NO,PORTAL,TBL_SUM_DISCOUNT_APPLICATION,ASP_NO,
PORTAL,TBL_SUM_DISCOUNT_APPLICATION,PTN_ID,PORTAL,TBL_SUM_DISCOUNT_APPLICATION,PLAYER_ID,
PORTAL,TBL_SUM_DISCOUNT_APPLICATION,SUB_DC_TYPE_CD,PORTAL,TBL_SUM_DISCOUNT_APPLICATION,DISCOUNT_SUB_TYPE,
PORTAL,TBL_SUM_DISCOUNT_APPLICATION,DC_FAMT_FRTE_DV_CD,PORTAL,TBL_SUM_DISCOUNT_APPLICATION,DISCOUNT_VALUE_TYPE,
PORTAL,TBL_SUM_DISCOUNT_APPLICATION,DC_VAL,PORTAL,TBL_SUM_DISCOUNT_APPLICATION,DISCOUNT_VALUE,
PORTAL,TBL_SUM_DISCOUNT_APPLICATION,EXHB_BNF_NM,PORTAL,TBL_SUM_DISCOUNT_APPLICATION,DISPLAY_DISCOUNT_NAME,
PORTAL,TBL_SUM_DISCOUNT_APPLICATION,CHNL_CD,PORTAL,TBL_SUM_DISCOUNT_APPLICATION,CHANNEL,
PORTAL,TBL_SUM_DISCOUNT_APPLICATION,PO_ACQR_ID,PORTAL,TBL_SUM_DISCOUNT_APPLICATION,AQ_ID,
PORTAL,TBL_SUM_DISCOUNT_APPLICATION,DTTM,PORTAL,TBL_SUM_DISCOUNT_APPLICATION,,"from_unixtime(to_unix_timestamp(DISCOUNT_DATE_TIME, 'yyyyMMddHHmm'))"
PORTAL,TBL_TAXI_FILE,TAXI_FILE_NO,PORTAL,TBL_TAXI_FILE,FILE_NO,
PORTAL,TBL_TAXI_FILE,TAXI_FILE_MGMT_SNO,PORTAL,TBL_TAXI_FILE,SN,
PORTAL,TBL_TAXI_FILE,OCY_FILE_NM,PORTAL,TBL_TAXI_FILE,ORI_FILE_NM,
PORTAL,TBL_TAXI_FILE,IMG_URL,PORTAL,TBL_TAXI_FILE,URL,
PORTAL,TBL_TAXI_FILE,SYS_CRE_DTTM,PORTAL,TBL_TAXI_FILE,,"from_unixtime(unix_timestamp(REG_DTM, 'yyyy/MM/dd HH:mm:ss'))"
PORTAL,TBL_TAXI_FILE,USE_YN,PORTAL,TBL_TAXI_FILE,USE_YN,
PORTAL,TBL_TAXI_FILE,TAXI_FILE_DV_CD,PORTAL,TBL_TAXI_FILE,GUBUN_CD,
PORTAL,TBL_TAXI_FILE,IMG_WIDT_LNTH,PORTAL,TBL_TAXI_FILE,WIDTH,
PORTAL,TBL_TAXI_FILE,IMG_VTC_LNTH,PORTAL,TBL_TAXI_FILE,HEIGHT,
PORTAL,TBL_TAXI_FILE,FILE_NM,PORTAL,TBL_TAXI_FILE,FILE_NM,
PORTAL,TBL_TAXI_FILE,DEL_YN,PORTAL,TBL_TAXI_FILE,DEL_YN,
PORTAL,TMP_HANA_M,KA_NM,PORTAL,TMP_HANA_M,KA_NM,
PORTAL,TMP_HANA_M,BATCH_DATE,PORTAL,TMP_HANA_M,BATCH_DATE,
PORTAL,TMP_HANA_M,SEQ,PORTAL,TMP_HANA_M,SEQ,
PORTAL,TMP_HANA_M,REG_DATE,PORTAL,TMP_HANA_M,,"from_unixtime(unix_timestamp(REG_DATE, 'yyyy/MM/dd HH:mm:ss'))"
PORTAL,TMP_HANA_M,SIMPLE_NM,PORTAL,TMP_HANA_M,SIMPLE_NM,
PORTAL,TMP_HANA_M,ZIP_CD,PORTAL,TMP_HANA_M,ZIP_CD,
PORTAL,TMP_HANA_M,ADDR1,PORTAL,TMP_HANA_M,ADDR1,
PORTAL,TMP_HANA_M,ADDR2,PORTAL,TMP_HANA_M,ADDR2,
PORTAL,TMP_HANA_M,TEL_NO,PORTAL,TMP_HANA_M,TEL_NO,
PORTAL,TMP_HANA_M,BIZ_TYPE,PORTAL,TMP_HANA_M,BIZ_TYPE,
PORTAL,TMP_HANA_M,SALES_CD,PORTAL,TMP_HANA_M,SALES_CD,
PORTAL,TMP_HANA_M,LATITUDE,PORTAL,TMP_HANA_M,LATITUDE,
PORTAL,TMP_HANA_M,LONGITUDE,PORTAL,TMP_HANA_M,LONGITUDE,
PORTAL,TMP_HANA_M,DISTANCE,PORTAL,TMP_HANA_M,DISTANCE,
PORTAL,TMP_HANA_M,LEGAL_DONG_NAME,PORTAL,TMP_HANA_M,LEGAL_DONG_NAME,
PORTAL,TMP_HANA_M,pt_BATCH_DATE,PORTAL,TMP_HANA_M,BATCH_DATE,
PP,BAS_EPAY_MAPPING,ACQR_CD,PP,BAS_EPAY_MAPPING,ACQUIRER_MERCHANT_TYPE,
PP,BAS_EPAY_MAPPING,ACQR_SPPM_NM,PP,BAS_EPAY_MAPPING,NAME,
PP,BAS_EPAY_MAPPING,ACQR_SPPM_ID,PP,BAS_EPAY_MAPPING,EPAY_ID,
PP,BAS_EPAY_MAPPING,ONL_F6D_ACQR_ID,PP,BAS_EPAY_MAPPING,ACQUIRER_ID_ON,
PP,BAS_EPAY_MAPPING,OFL_F6D_ACQR_ID,PP,BAS_EPAY_MAPPING,ACQUIRER_ID_OFF,
PP,BAS_EPAY_MAPPING,DATA_CRE_DTTM,PP,BAS_EPAY_MAPPING,,"from_unixtime(unix_timestamp(CREATED, 'yyyy/MM/dd HH:mm:ss'))"
PP,BAS_EPAY_MAPPING,DATA_UPD_DTTM,PP,BAS_EPAY_MAPPING,,"from_unixtime(unix_timestamp(UPDATED, 'yyyy/MM/dd HH:mm:ss'))"
PP,BAS_EPAY_MAPPING,UPD_PV_YN,PP,BAS_EPAY_MAPPING,UPDATABLE,
PP,BAS_EPAY_MAPPING,SYS_CRE_DTTM,PP,BAS_EPAY_MAPPING,,"from_unixtime(unix_timestamp(SYS_CRE_DTTM, 'yyyy/MM/dd HH:mm:ss'))"
PP,BAS_EPAY_MAPPING,SYS_UPD_DTTM,PP,BAS_EPAY_MAPPING,,"from_unixtime(unix_timestamp(SYS_UPD_DTTM, 'yyyy/MM/dd HH:mm:ss'))"
PRS,PRS_SPPS_APH_HIST,SPPS_APH_HIST_SNO,PRS,PRS_SPPS_APH_HIST,SPPS_APH_HIST_SNO,
PRS,PRS_SPPS_APH_HIST,SYS_CRE_DTTM,PRS,PRS_SPPS_APH_HIST,,"from_unixtime(unix_timestamp(SYS_CRE_DTTM, 'yyyy/MM/dd HH:mm:ss'))"
PRS,PRS_SPPS_APH_HIST,SYS_UPD_DTTM,PRS,PRS_SPPS_APH_HIST,,"from_unixtime(unix_timestamp(SYS_UPD_DTTM, 'yyyy/MM/dd HH:mm:ss'))"
PRS,PRS_SPPS_APH_HIST,APH_DT,PRS,PRS_SPPS_APH_HIST,APH_DT,
PRS,PRS_SPPS_APH_HIST,MBR_ID,PRS,PRS_SPPS_APH_HIST,MBR_ID,
PRS,PRS_SPPS_APH_HIST,SPPS_ID,PRS,PRS_SPPS_APH_HIST,SPPS_ID,
PRS,PRS_SPPS_APH_HIST,KA_ID,PRS,PRS_SPPS_APH_HIST,KA_ID,
PRS,PRS_SPPS_APH_HIST,ASP_ID,PRS,PRS_SPPS_APH_HIST,ASP_ID,
PRS,PRS_SPPS_APH_HIST,EXHB_VW_EXPS_LOC_TYPE_CD,PRS,PRS_SPPS_APH_HIST,EXHB_VW_EXPS_LOC_TYPE_CD,
PRS,PRS_SPPS_APH_HIST,SPPS_APH_DV_CD,PRS,PRS_SPPS_APH_HIST,SPPS_APH_DV_CD,
PRS,PRS_SPPS_APH_HIST,CNTS_ID,PRS,PRS_SPPS_APH_HIST,CNTS_ID,
PRS,PRS_SPPS_APH_HIST,DTL_SPPS_ID,PRS,PRS_SPPS_APH_HIST,DTL_SPPS_ID,
PRS,PRS_SPPS_APH_HIST,pt_sys_cre_dt,PRS,PRS_SPPS_APH_HIST,,"translate(substr(SYS_CRE_DTTM, 1, 7), '/', '')"
PRS,PRS_SPPS_BYGRP_NTST,SPPS_BYGRP_NTST_SNO,PRS,PRS_SPPS_BYGRP_NTST,SPPS_BYGRP_NTST_SNO,
PRS,PRS_SPPS_BYGRP_NTST,SYS_CRE_DTTM,PRS,PRS_SPPS_BYGRP_NTST,,"from_unixtime(unix_timestamp(SYS_CRE_DTTM, 'yyyy/MM/dd HH:mm:ss'))"
PRS,PRS_SPPS_BYGRP_NTST,SYS_UPD_DTTM,PRS,PRS_SPPS_BYGRP_NTST,,"from_unixtime(unix_timestamp(SYS_UPD_DTTM, 'yyyy/MM/dd HH:mm:ss'))"
PRS,PRS_SPPS_BYGRP_NTST,APH_DT,PRS,PRS_SPPS_BYGRP_NTST,APH_DT,
PRS,PRS_SPPS_BYGRP_NTST,SPPS_ID,PRS,PRS_SPPS_BYGRP_NTST,SPPS_ID,
PRS,PRS_SPPS_BYGRP_NTST,KA_ID,PRS,PRS_SPPS_BYGRP_NTST,KA_ID,
PRS,PRS_SPPS_BYGRP_NTST,ASP_ID,PRS,PRS_SPPS_BYGRP_NTST,ASP_ID,
PRS,PRS_SPPS_BYGRP_NTST,AGEG_CD,PRS,PRS_SPPS_BYGRP_NTST,AGEG_CD,
PRS,PRS_SPPS_BYGRP_NTST,SEX_DV_CD,PRS,PRS_SPPS_BYGRP_NTST,SEX_DV_CD,
PRS,PRS_SPPS_BYGRP_NTST,NTST,PRS,PRS_SPPS_BYGRP_NTST,NTST,
PRS,PRS_SPPS_EXPS_PRITY,SPPS_EXPS_PRITY_SNO,PRS,PRS_SPPS_EXPS_PRITY,SPPS_EXPS_PRITY_SNO,
PRS,PRS_SPPS_EXPS_PRITY,SYS_CRE_DTTM,PRS,PRS_SPPS_EXPS_PRITY,,"from_unixtime(unix_timestamp(SYS_CRE_DTTM, 'yyyy/MM/dd HH:mm:ss'))"
PRS,PRS_SPPS_EXPS_PRITY,SYS_UPD_DTTM,PRS,PRS_SPPS_EXPS_PRITY,,"from_unixtime(unix_timestamp(SYS_UPD_DTTM, 'yyyy/MM/dd HH:mm:ss'))"
PRS,PRS_SPPS_EXPS_PRITY,SPPS_ID,PRS,PRS_SPPS_EXPS_PRITY,SPPS_ID,
PRS,PRS_SPPS_EXPS_PRITY,STN_DT,PRS,PRS_SPPS_EXPS_PRITY,STN_DT,
PRS,PRS_SPPS_EXPS_PRITY,KA_ID,PRS,PRS_SPPS_EXPS_PRITY,KA_ID,
PRS,PRS_SPPS_EXPS_PRITY,ASP_ID,PRS,PRS_SPPS_EXPS_PRITY,ASP_ID,
PRS,PRS_SPPS_EXPS_PRITY,TOPLVL_FIX_YN,PRS,PRS_SPPS_EXPS_PRITY,TOPLVL_FIX_YN,
PRS,PRS_SPPS_EXPS_PRITY,EXPS_PRITY,PRS,PRS_SPPS_EXPS_PRITY,EXPS_PRITY,
PRS,PRS_SPPS_EXPS_PRITY,WGHT,PRS,PRS_SPPS_EXPS_PRITY,WGHT,
PRS,PRS_SPPS_EXPS_PRITY,ACT_YN,PRS,PRS_SPPS_EXPS_PRITY,ACT_YN,
PRS,PRS_SPPS_U_YN,SPPS_U_YN_SNO,PRS,PRS_SPPS_U_YN,SPPS_U_YN_SNO,
PRS,PRS_SPPS_U_YN,SYS_CRE_DTTM,PRS,PRS_SPPS_U_YN,,"from_unixtime(unix_timestamp(SYS_CRE_DTTM, 'yyyy/MM/dd HH:mm:ss'))"
PRS,PRS_SPPS_U_YN,SYS_UPD_DTTM,PRS,PRS_SPPS_U_YN,,"from_unixtime(unix_timestamp(SYS_UPD_DTTM, 'yyyy/MM/dd HH:mm:ss'))"
PRS,PRS_SPPS_U_YN,SPPS_ID,PRS,PRS_SPPS_U_YN,SPPS_ID,
PRS,PRS_SPPS_U_YN,MBR_ID,PRS,PRS_SPPS_U_YN,MBR_ID,
PRS,PRS_SPPS_U_YN,APH_DT,PRS,PRS_SPPS_U_YN,APH_DT,
PRS,PRS_SPPS_U_YN,KA_ID,PRS,PRS_SPPS_U_YN,KA_ID,
PRS,PRS_SPPS_U_YN,ASP_ID,PRS,PRS_SPPS_U_YN,ASP_ID,
PRS,PRS_SPPS_U_YN,AGEG_CD,PRS,PRS_SPPS_U_YN,AGEG_CD,
PRS,PRS_SPPS_U_YN,SEX_DV_CD,PRS,PRS_SPPS_U_YN,SEX_DV_CD,
PRS,PRS_SPPS_U_YN,APH_CNT,PRS,PRS_SPPS_U_YN,APH_CNT,
PRS,PRS_SPPS_U_YN,SPPS_U_YN,PRS,PRS_SPPS_U_YN,SPPS_U_YN,
RFS,USER_QUAL,MBR_ID,RFS,USER_QUAL,USER_ID,
RFS,USER_QUAL,SYS_CRE_DTTM,RFS,USER_QUAL,,"from_unixtime(unix_timestamp(CREATED, 'yyyy/MM/dd HH:mm:ss'))"
RFS,USER_QUAL,SYS_UPD_DTTM,RFS,USER_QUAL,,"from_unixtime(unix_timestamp(UPDATED, 'yyyy/MM/dd HH:mm:ss'))"
RFS,USER_QUAL,TID,RFS,USER_QUAL,TID,
RFS,USER_QUAL,DATA_CRE_DT,RFS,USER_QUAL,YYYYMMDD,
RFS,USER_QUAL,BRTH_DT,RFS,USER_QUAL,BIRTHDAY,
RFS,USER_QUAL,ZON_CD,RFS,USER_QUAL,AREA_CD,
RFS,USER_QUAL,ICM_DV_CD,RFS,USER_QUAL,INCOME_SCALE_TYPE,
SAS,PNT_TRAN_TYPE,pnt_tr_type_cd,SAS,PNT_TRAN_TYPE,tran_type,
SAS,PNT_TRAN_TYPE,tr_type_nm,SAS,PNT_TRAN_TYPE,type_name,
SAS,PNT_TRAN_TYPE,sas_cri_tr_type_nm,SAS,PNT_TRAN_TYPE,sas_name,
SAS,PNT_TRAN_TYPE,por_cri_tr_type_nm,SAS,PNT_TRAN_TYPE,portal_name,
SAS,PNT_TRAN_TYPE,dtl_dscr,SAS,PNT_TRAN_TYPE,description,
SAS,prcs_cd,pcs_cd,SAS,prcs_cd,prcs_cd,
SAS,prcs_cd,tr_type_nm,SAS,prcs_cd,prcs_type,
SAS,prcs_cd,tr_type_dtl_nm,SAS,prcs_cd,prcs_sub_type,
SAS,prcs_cd,pcs_cd_nm,SAS,prcs_cd,prcs_nm,
SAS,prcs_cd,tr_cncl_psbl_yn,SAS,prcs_cd,is_cancellable,
SAS,prcs_cd,tr_ccnt_icdc_cd,SAS,prcs_cd,count_ref,
SAS,prcs_cd,bala_icdc_cd,SAS,prcs_cd,org_amt_ref,
SAS,prcs_cd,dtl_dscr,SAS,prcs_cd,description,
SMS,IMC_AT_BIZ_MSG_LOG,ID,SMS,IMC_AT_BIZ_MSG_LOG,ID,
SMS,IMC_AT_BIZ_MSG_LOG,STATUS,SMS,IMC_AT_BIZ_MSG_LOG,STATUS,
SMS,IMC_AT_BIZ_MSG_LOG,PRIORITY,SMS,IMC_AT_BIZ_MSG_LOG,PRIORITY,
SMS,IMC_AT_BIZ_MSG_LOG,RESERVED_DATE,SMS,IMC_AT_BIZ_MSG_LOG,RESERVED_DATE,
SMS,IMC_AT_BIZ_MSG_LOG,TEMPLATE_CODE,SMS,IMC_AT_BIZ_MSG_LOG,TEMPLATE_CODE,
SMS,IMC_AT_BIZ_MSG_LOG,BILL_CODE,SMS,IMC_AT_BIZ_MSG_LOG,BILL_CODE,
SMS,IMC_AT_BIZ_MSG_LOG,RESEND_MT_TYPE,SMS,IMC_AT_BIZ_MSG_LOG,RESEND_MT_TYPE,
SMS,IMC_AT_BIZ_MSG_LOG,RESEND_MT_TITLE,SMS,IMC_AT_BIZ_MSG_LOG,RESEND_MT_TITLE,
SMS,IMC_AT_BIZ_MSG_LOG,RESEND_MT_MESSAGE_REUSE,SMS,IMC_AT_BIZ_MSG_LOG,RESEND_MT_MESSAGE_REUSE,
SMS,IMC_AT_BIZ_MSG_LOG,REQUEST_DATE,SMS,IMC_AT_BIZ_MSG_LOG,REQUEST_DATE,
SMS,IMC_AT_BIZ_MSG_LOG,RESPONSE_DATE,SMS,IMC_AT_BIZ_MSG_LOG,RESPONSE_DATE,
SMS,IMC_AT_BIZ_MSG_LOG,RESPONSE_CODE,SMS,IMC_AT_BIZ_MSG_LOG,RESPONSE_CODE,
SMS,IMC_AT_BIZ_MSG_LOG,REPORT_TYPE,SMS,IMC_AT_BIZ_MSG_LOG,REPORT_TYPE,
SMS,IMC_AT_BIZ_MSG_LOG,REPORT_DATE,SMS,IMC_AT_BIZ_MSG_LOG,REPORT_DATE,
SMS,IMC_AT_BIZ_MSG_LOG,REPORT_CODE,SMS,IMC_AT_BIZ_MSG_LOG,REPORT_CODE,
SMS,IMC_AT_BIZ_MSG_LOG,ARRIVAL_DATE,SMS,IMC_AT_BIZ_MSG_LOG,ARRIVAL_DATE,
SMS,IMC_AT_BIZ_MSG_LOG,RESEND_REPORT_CODE,SMS,IMC_AT_BIZ_MSG_LOG,RESEND_REPORT_CODE,
SMS,IMC_AT_BIZ_MSG_LOG,RESEND_ARRIVAL_DATE,SMS,IMC_AT_BIZ_MSG_LOG,RESEND_ARRIVAL_DATE,
SMS,IMC_AT_BIZ_MSG_LOG,MBR_ID,SMS,IMC_AT_BIZ_MSG_LOG,MBR_ID,
SMS,IMC_AT_BIZ_MSG_LOG,ASP_ID,SMS,IMC_AT_BIZ_MSG_LOG,ASP_ID,
SMS,IMC_AT_BIZ_MSG_LOG,PT_RESERVED_DATE,SMS,IMC_AT_BIZ_MSG_LOG,,"substr(RESERVED_DATE, 1, 6)"
TBL,DAP_AGG,ymd,TBL,DAP_AGG,,"from_timestamp (a.crtv_aph_dttm, 'yyyy-MM-dd')"
TBL,DAP_AGG,dow,TBL,DAP_AGG,,a.day_cd
TBL,DAP_AGG,hr,TBL,DAP_AGG,,"cast(from_timestamp(a.crtv_aph_dttm, 'HH') as bigint)"
TBL,DAP_AGG,sex_cd,TBL,DAP_AGG,,"CASE 
        WHEN m.sex_cd = '1' THEN '남성'
        WHEN m.sex_cd = '2' THEN '여성'
        ELSE 'UNKNOWN' 
    END"
TBL,DAP_AGG,ageg,TBL,DAP_AGG,,"coalesce( 
        CASE
            WHEN YEAR(now()) - CAST(m.brth_dt AS INT) < 20 THEN '19'
            WHEN YEAR(now()) - CAST(m.brth_dt AS INT) >= 70 THEN '71'
            ELSE cast(FLOOR((YEAR(now()) - CAST(m.brth_dt AS INT)) / 10) * 10 as string)
        END,
        case
            when a.fage < 20 then '19'
            when a.fage >= 70 then '71'
            else cast(a.fage as string)
        end,
        'UNKNOWN'
    )"
TBL,DAP_AGG,exp_cnt,TBL,DAP_AGG,,sum(case when a.CRTV_APH_DV_CD = 'EXPOSE' then 1 else 0 end)
TBL,DAP_AGG,click_cnt,TBL,DAP_AGG,,sum(case when a.CRTV_APH_DV_CD = 'CLICK' then 1 else 0 end)
TBL,DAP_AGG,exp_mbr_cnt,TBL,DAP_AGG,,COUNT(DISTINCT CASE WHEN a.CRTV_APH_DV_CD = 'EXPOSE' THEN a.mbr_id ELSE NULL END)
TBL,DAP_AGG,click_mbr_cnt,TBL,DAP_AGG,,COUNT(DISTINCT CASE WHEN a.CRTV_APH_DV_CD = 'CLICK' THEN a.mbr_id ELSE NULL END)
TBL,TMS_SNDNG_CMPGN_RPRT_PS,SITE_ID,TBL,TMS_SNDNG_CMPGN_RPRT_PS,SITE_ID,
TBL,TMS_SNDNG_CMPGN_RPRT_PS,ASP_ID,TBL,TMS_SNDNG_CMPGN_RPRT_PS,ASP_ID,
TBL,TMS_SNDNG_CMPGN_RPRT_PS,msgid,TBL,TMS_SNDNG_CMPGN_RPRT_PS,msgid,
TBL,TMS_SNDNG_CMPGN_RPRT_PS,campid,TBL,TMS_SNDNG_CMPGN_RPRT_PS,campid,
TBL,TMS_SNDNG_CMPGN_RPRT_PS,channeltype,TBL,TMS_SNDNG_CMPGN_RPRT_PS,channeltype,
TBL,TMS_SNDNG_CMPGN_RPRT_PS,msgname,TBL,TMS_SNDNG_CMPGN_RPRT_PS,msgname,
TBL,TMS_SNDNG_CMPGN_RPRT_PS,campname,TBL,TMS_SNDNG_CMPGN_RPRT_PS,campname,
TBL,TMS_SNDNG_CMPGN_RPRT_PS,jobstatus,TBL,TMS_SNDNG_CMPGN_RPRT_PS,jobstatus,
TBL,TMS_SNDNG_CMPGN_RPRT_PS,jobstatusname,TBL,TMS_SNDNG_CMPGN_RPRT_PS,jobstatusname,
TBL,TMS_SNDNG_CMPGN_RPRT_PS,channelmsgname,TBL,TMS_SNDNG_CMPGN_RPRT_PS,channelmsgname,
TBL,TMS_SNDNG_CMPGN_RPRT_PS,targetCnt,TBL,TMS_SNDNG_CMPGN_RPRT_PS,targetCnt,
TBL,TMS_SNDNG_CMPGN_RPRT_PS,pushedCnt,TBL,TMS_SNDNG_CMPGN_RPRT_PS,pushedCnt,
TBL,TMS_SNDNG_CMPGN_RPRT_PS,deliveredCnt,TBL,TMS_SNDNG_CMPGN_RPRT_PS,deliveredCnt,
TBL,TMS_SNDNG_CMPGN_RPRT_PS,openCnt,TBL,TMS_SNDNG_CMPGN_RPRT_PS,openCnt,
TBL,TMS_SNDNG_CMPGN_RPRT_PS,clickCnt,TBL,TMS_SNDNG_CMPGN_RPRT_PS,clickCnt,
TBL,TMS_SNDNG_CMPGN_RPRT_PS,failCnt,TBL,TMS_SNDNG_CMPGN_RPRT_PS,failCnt,
TBL,TMS_SNDNG_CMPGN_RPRT_PS,switchedCnt,TBL,TMS_SNDNG_CMPGN_RPRT_PS,switchedCnt,
TBL,TMS_SNDNG_CMPGN_RPRT_PS,deliveredRate,TBL,TMS_SNDNG_CMPGN_RPRT_PS,deliveredRate,
TBL,TMS_SNDNG_CMPGN_RPRT_PS,openRate,TBL,TMS_SNDNG_CMPGN_RPRT_PS,openRate,
TBL,TMS_SNDNG_CMPGN_RPRT_PS,clickRate,TBL,TMS_SNDNG_CMPGN_RPRT_PS,clickRate,
TBL,TMS_SNDNG_CMPGN_RPRT_PS,failRate,TBL,TMS_SNDNG_CMPGN_RPRT_PS,failRate,
TBL,TMS_SNDNG_CMPGN_RPRT_PS,switchedRate,TBL,TMS_SNDNG_CMPGN_RPRT_PS,switchedRate,
TBL,TMS_SNDNG_CMPGN_RPRT_PS,regDate,TBL,TMS_SNDNG_CMPGN_RPRT_PS,regDate,
TBL,TMS_SNDNG_CMPGN_RPRT_PS,regId,TBL,TMS_SNDNG_CMPGN_RPRT_PS,regId,
TBL,TMS_SNDNG_CMPGN_RPRT_PS,deptId,TBL,TMS_SNDNG_CMPGN_RPRT_PS,deptId,
TGS,TB_ACCESS_KEY,API_APH_CTF_KEY_SNO,TGS,TB_ACCESS_KEY,ID,
TGS,TB_ACCESS_KEY,API_APH_CTF_KEY,TGS,TB_ACCESS_KEY,ACCESS_KEY,
TGS,TB_ACCESS_KEY,PJT_ID,TGS,TB_ACCESS_KEY,PROJECT_ID,
TGS,TB_ACCESS_KEY,ASP_ID,TGS,TB_ACCESS_KEY,ASP_ID,
TGS,TB_ACCESS_KEY,ACT_ST_CD,TGS,TB_ACCESS_KEY,STATUS,
TGS,TB_ACCESS_KEY,SYS_CRE_DTTM,TGS,TB_ACCESS_KEY,,"cast(translate(SYS_CRE_DTTM, '/', '-') as timestamp)"
TGS,TB_ACCESS_KEY,SYS_UPD_DTTM,TGS,TB_ACCESS_KEY,,"cast(translate(SYS_UPD_DTTM, '/', '-') as timestamp)"
TGS,TB_ACCESS_KEY,RQS_COPT_CD,TGS,TB_ACCESS_KEY,KEY_TYPE,
TGS,TB_ACCESS_KEY,ST_CHG_RSN_CN,TGS,TB_ACCESS_KEY,CHANGE_REASON,
TGS,TB_API_AUTH,API_AUTHT_SNO,TGS,TB_API_AUTH,ID,
TGS,TB_API_AUTH,PJT_ID,TGS,TB_API_AUTH,PROJECT_ID,
TGS,TB_API_AUTH,RQS_URL_HSH_VAL,TGS,TB_API_AUTH,API_URL_ID,
TGS,TB_API_AUTH,RQS_URL,TGS,TB_API_AUTH,API_URL,
TGS,TB_API_AUTH,ASP_ID,TGS,TB_API_AUTH,ASP_ID,
TGS,TB_API_AUTH,RQS_ENC_YN,TGS,TB_API_AUTH,REQUEST_ENC_YN,
TGS,TB_API_AUTH,RSP_ENC_YN,TGS,TB_API_AUTH,RESPONSE_ENC_YN,
TGS,TB_API_AUTH,RQS_MAX_CCNT,TGS,TB_API_AUTH,MAX_CNT,
TGS,TB_API_AUTH,SYS_CRE_DTTM,TGS,TB_API_AUTH,,"to_timestamp(SYS_CRE_DTTM, 'yyyy/MM/dd HH:mm:ss.SSS')"
TGS,TB_API_AUTH,SYS_UPD_DTTM,TGS,TB_API_AUTH,,"to_timestamp(SYS_UPD_DTTM, 'yyyy/MM/dd HH:mm:ss.SSS')"
TGS,TB_API_AUTH,IO_DV_CD,TGS,TB_API_AUTH,BOUND_TYPE,
TGS,TB_API_HISTORY,API_APH_CTF_KEY,TGS,TB_API_HISTORY,ACCESS_KEY,
TGS,TB_API_HISTORY,RQS_URL_HSH_VAL,TGS,TB_API_HISTORY,API_URL_ID,
TGS,TB_API_HISTORY,HTTP_RSP_ST_DV_CD,TGS,TB_API_HISTORY,HTTP_STATUS,
TGS,TB_API_HISTORY,TID,TGS,TB_API_HISTORY,TID,
TGS,TB_API_HISTORY,SYS_CRE_DTTM,TGS,TB_API_HISTORY,,"cast(translate(SYS_CRE_DTTM, '/', '-') as timestamp)"
TGS,TB_API_HISTORY,SYS_UPD_DTTM,TGS,TB_API_HISTORY,,"cast(translate(SYS_UPD_DTTM, '/', '-') as timestamp)"
TGS,TB_API_HISTORY,RQS_DT,TGS,TB_API_HISTORY,REQUEST_DT,
TGS,TB_API_HISTORY,pt_SYS_CRE_DT,TGS,TB_API_HISTORY,,"translate(substr(SYS_CRE_DTTM, 1, 7), '/', '')"
TSS,PREV_BALANCE,TRNSF_BALA_SNO,TSS,PREV_BALANCE,ID,
TSS,PREV_BALANCE,ASP_ID,TSS,PREV_BALANCE,ASP_ID,
TSS,PREV_BALANCE,TRNSF_MBR_ID,TSS,PREV_BALANCE,PREV_USER_ID,
TSS,PREV_BALANCE,TRNSF_BALA_ID,TSS,PREV_BALANCE,PREV_BALANCE_ID,
TSS,PREV_BALANCE,TRNSF_AMT,TSS,PREV_BALANCE,AMOUNT,
TSS,PREV_BALANCE,TRNSF_TRGT_DV_CD,TSS,PREV_BALANCE,TYPE,
TSS,PREV_BALANCE,TRNSF_BALA_PLCY_NM,TSS,PREV_BALANCE,NAME,
TSS,PREV_BALANCE,TRNSF_YN,TSS,PREV_BALANCE,TRANSFER_YN,
TSS,PREV_BALANCE,SYS_CRE_DTTM,TSS,PREV_BALANCE,,"from_unixtime(unix_timestamp(CREATED, 'yyyy/MM/dd HH:mm:ss'))"
TSS,PREV_BALANCE,SYS_UPD_DTTM,TSS,PREV_BALANCE,,"from_unixtime(unix_timestamp(UPDATED, 'yyyy/MM/dd HH:mm:ss'))"
TSS,PREV_BALANCE_POLICY,TRNSF_BALA_PLCY_SNO,TSS,PREV_BALANCE_POLICY,ID,
TSS,PREV_BALANCE_POLICY,TRNSF_BALA_PLCY_ID,TSS,PREV_BALANCE_POLICY,PREV_POLICY_ID,
TSS,PREV_BALANCE_POLICY,TRNSF_BALA_PLCY_NM,TSS,PREV_BALANCE_POLICY,PREV_POLICY_NAME,
TSS,PREV_BALANCE_POLICY,TRNSF_TRGT_DV_CD,TSS,PREV_BALANCE_POLICY,PREV_POLICY_TYPE,
TSS,PREV_BALANCE_POLICY,KN_TRNSF_BALA_PLCY_ID,TSS,PREV_BALANCE_POLICY,KONA_POLICY_ID,
TSS,PREV_BALANCE_POLICY,KA_ID,TSS,PREV_BALANCE_POLICY,KA_ID,
TSS,PREV_BALANCE_POLICY,SYS_CRE_DTTM,TSS,PREV_BALANCE_POLICY,,"from_unixtime(unix_timestamp(CREATED, 'yyyy/MM/dd HH:mm:ss'))"
TSS,PREV_BALANCE_POLICY,SYS_UPD_DTTM,TSS,PREV_BALANCE_POLICY,,"from_unixtime(unix_timestamp(UPDATED, 'yyyy/MM/dd HH:mm:ss'))"
TSS,TRANSFER_EXECUTE_HISTORY,TRNSF_EXCU_HIST_SNO,TSS,TRANSFER_EXECUTE_HISTORY,ID,
TSS,TRANSFER_EXECUTE_HISTORY,ASP_ID,TSS,TRANSFER_EXECUTE_HISTORY,ASP_ID,
TSS,TRANSFER_EXECUTE_HISTORY,TRNSF_MBR_ID,TSS,TRANSFER_EXECUTE_HISTORY,PREV_USER_ID,
TSS,TRANSFER_EXECUTE_HISTORY,TRNSF_TRGT_DV_CD,TSS,TRANSFER_EXECUTE_HISTORY,TYPE,
TSS,TRANSFER_EXECUTE_HISTORY,TRNSF_RS_DV_CD,TSS,TRANSFER_EXECUTE_HISTORY,RESULT,
TSS,TRANSFER_EXECUTE_HISTORY,RS_RSN_CN,TSS,TRANSFER_EXECUTE_HISTORY,REASON,
TSS,TRANSFER_EXECUTE_HISTORY,EXCU_DTTM,TSS,TRANSFER_EXECUTE_HISTORY,,"from_unixtime(unix_timestamp(EXECUTE_DATE, 'yyyy/MM/dd HH:mm:ss'))"
TSS,TRANSFER_EXECUTE_HISTORY,SYS_CRE_DTTM,TSS,TRANSFER_EXECUTE_HISTORY,,"from_unixtime(unix_timestamp(CREATED, 'yyyy/MM/dd HH:mm:ss'))"
TSS,TRANSFER_EXECUTE_HISTORY,SYS_UPD_DTTM,TSS,TRANSFER_EXECUTE_HISTORY,,"from_unixtime(unix_timestamp(UPDATED, 'yyyy/MM/dd HH:mm:ss'))"
TSS,TRANSFER_EXECUTE_HISTORY,pt_cre_dt,TSS,TRANSFER_EXECUTE_HISTORY,,"translate(translate(substr(CREATED,1,8),'/',''),'-','')"
VCC,VCC_CHTBT_CNSL,CHTBT_CNSL_ID,VCC,VCC_CHTBT_CNSL,CHTBT_CNSL_ID,
VCC,VCC_CHTBT_CNSL,SYS_CRE_DTTM,VCC,VCC_CHTBT_CNSL,,"from_unixtime(unix_timestamp(SYS_CRE_DTTM, 'yyyy/MM/dd HH:mm:ss'))"
VCC,VCC_CHTBT_CNSL,TID,VCC,VCC_CHTBT_CNSL,TID,
VCC,VCC_CHTBT_CNSL,SYS_UPD_DTTM,VCC,VCC_CHTBT_CNSL,,"from_unixtime(unix_timestamp(SYS_UPD_DTTM, 'yyyy/MM/dd HH:mm:ss'))"
VCC,VCC_CHTBT_CNSL,CRE_DT,VCC,VCC_CHTBT_CNSL,CRE_DT,
VCC,VCC_CHTBT_CNSL,END_DTTM,VCC,VCC_CHTBT_CNSL,,"from_unixtime(unix_timestamp(END_DTTM, 'yyyy/MM/dd HH:mm:ss'))"
VCC,VCC_CHTBT_CNSL,CHTBT_CNSL_NED_TM,VCC,VCC_CHTBT_CNSL,CHTBT_CNSL_NED_TM,
VCC,VCC_CHTBT_CNSL,STRT_DTTM,VCC,VCC_CHTBT_CNSL,,"from_unixtime(unix_timestamp(STRT_DTTM, 'yyyy/MM/dd HH:mm:ss'))"
VCC,VCC_CHTBT_CNSL,CHTBT_CNSL_RQS_END_DTTM,VCC,VCC_CHTBT_CNSL,,"from_unixtime(unix_timestamp(CHTBT_CNSL_RQS_END_DTTM, 'yyyy/MM/dd HH:mm:ss'))"
VCC,VCC_CHTBT_CNSL,CHTBT_IQY_ID,VCC,VCC_CHTBT_CNSL,CHTBT_IQY_ID,
VCC,VCC_CHTBT_CNSL,CHTBT_CNSL_ST_DV_CD,VCC,VCC_CHTBT_CNSL,CHTBT_CNSL_ST_DV_CD,
VCC,VCC_CHTBT_CNSL,CHTBT_CNSL_DTL_ST_DV_CD,VCC,VCC_CHTBT_CNSL,CHTBT_CNSL_DTL_ST_DV_CD,
VCC,VCC_CHTBT_CNSL,MBR_ID,VCC,VCC_CHTBT_CNSL,MBR_ID,
VCC,VCC_CHTBT_FAQ_BYDT_AGG,AGG_DT,VCC,VCC_CHTBT_FAQ_BYDT_AGG,AGG_DT,
VCC,VCC_CHTBT_FAQ_BYDT_AGG,MBR_CNT,VCC,VCC_CHTBT_FAQ_BYDT_AGG,MBR_CNT,
VCC,VCC_CHTBT_FAQ_BYDT_AGG,IQY_CNT,VCC,VCC_CHTBT_FAQ_BYDT_AGG,IQY_CNT,
VCC,VCC_CHTBT_FAQ_BYDT_AGG,FDBK_RQS_CNT,VCC,VCC_CHTBT_FAQ_BYDT_AGG,FDBK_RQS_CNT,
VCC,VCC_CHTBT_FAQ_BYDT_AGG,FDBK_CNT,VCC,VCC_CHTBT_FAQ_BYDT_AGG,FDBK_CNT,
VCC,VCC_CHTBT_FAQ_BYDT_AGG,FDBK_PSTV_CNT,VCC,VCC_CHTBT_FAQ_BYDT_AGG,FDBK_PSTV_CNT,
VCC,VCC_CHTBT_FAQ_BYDT_AGG,FDBK_NGTV_CNT,VCC,VCC_CHTBT_FAQ_BYDT_AGG,FDBK_NGTV_CNT,
VCC,VCC_CHTBT_FAQ_BYDT_AGG,SYS_CRE_DTTM,VCC,VCC_CHTBT_FAQ_BYDT_AGG,,"from_unixtime(unix_timestamp(SYS_CRE_DTTM, 'yyyy/MM/dd HH:mm:ss'))"
VCC,VCC_CHTBT_FAQ_BYDT_AGG,SYS_UPD_DTTM,VCC,VCC_CHTBT_FAQ_BYDT_AGG,,"from_unixtime(unix_timestamp(SYS_UPD_DTTM, 'yyyy/MM/dd HH:mm:ss'))"
VCC,VCC_CHTBT_FAQ_BYDT_AGG,pt_AGG_DT,VCC,VCC_CHTBT_FAQ_BYDT_AGG,,"substr(AGG_DT, 1, 6)"
VCC,VCC_CHTBT_IQY,CHTBT_IQY_ID,VCC,VCC_CHTBT_IQY,CHTBT_IQY_ID,
VCC,VCC_CHTBT_IQY,SYS_CRE_DTTM,VCC,VCC_CHTBT_IQY,,"from_unixtime(unix_timestamp(SYS_CRE_DTTM, 'yyyy/MM/dd HH:mm:ss'))"
VCC,VCC_CHTBT_IQY,IQY_END_DTTM,VCC,VCC_CHTBT_IQY,,"from_unixtime(unix_timestamp(IQY_END_DTTM, 'yyyy/MM/dd HH:mm:ss'))"
VCC,VCC_CHTBT_IQY,CHTBT_FDBK_RS_DV_CD,VCC,VCC_CHTBT_IQY,CHTBT_FDBK_RS_DV_CD,
VCC,VCC_CHTBT_IQY,ITRPT_CHTBT_BHVR_CD,VCC,VCC_CHTBT_IQY,ITRPT_CHTBT_BHVR_CD,
VCC,VCC_CHTBT_IQY,ITRPT_CHTBT_BHVR_CDNM,VCC,VCC_CHTBT_IQY,ITRPT_CHTBT_BHVR_CDNM,
VCC,VCC_CHTBT_IQY,LAST_ANS_CHTBT_BHVR_CD,VCC,VCC_CHTBT_IQY,LAST_ANS_CHTBT_BHVR_CD,
VCC,VCC_CHTBT_IQY,RCNT_PRO_CHTBT_BHVR_CD,VCC,VCC_CHTBT_IQY,RCNT_PRO_CHTBT_BHVR_CD,
VCC,VCC_CHTBT_IQY,RCNT_PRO_CHTBT_BHVR_CDNM,VCC,VCC_CHTBT_IQY,RCNT_PRO_CHTBT_BHVR_CDNM,
VCC,VCC_CHTBT_IQY,IQY_NL_CN,VCC,VCC_CHTBT_IQY,IQY_NL_CN,
VCC,VCC_CHTBT_IQY,IQY_NL_SNTMT_DV_CD,VCC,VCC_CHTBT_IQY,IQY_NL_SNTMT_DV_CD,
VCC,VCC_CHTBT_IQY,CHTBT_IQY_RS_DV_CD,VCC,VCC_CHTBT_IQY,CHTBT_IQY_RS_DV_CD,
VCC,VCC_CHTBT_IQY,ROOT_CHTBT_BHVR_CD,VCC,VCC_CHTBT_IQY,ROOT_CHTBT_BHVR_CD,
VCC,VCC_CHTBT_IQY,ROOT_CHTBT_BHVR_CDNM,VCC,VCC_CHTBT_IQY,ROOT_CHTBT_BHVR_CDNM,
VCC,VCC_CHTBT_IQY,ROOT_CHTBT_BHVR_DV_CD,VCC,VCC_CHTBT_IQY,ROOT_CHTBT_BHVR_DV_CD,
VCC,VCC_CHTBT_IQY,ROOT_CHTBT_ITT_DV_CD,VCC,VCC_CHTBT_IQY,ROOT_CHTBT_ITT_DV_CD,
VCC,VCC_CHTBT_IQY,SESN_ID,VCC,VCC_CHTBT_IQY,SESN_ID,
VCC,VCC_CHTBT_IQY,TID,VCC,VCC_CHTBT_IQY,TID,
VCC,VCC_CHTBT_IQY,NEXT_CHTBT_BHVR_CD,VCC,VCC_CHTBT_IQY,NEXT_CHTBT_BHVR_CD,
VCC,VCC_CHTBT_IQY,CRE_DT,VCC,VCC_CHTBT_IQY,CRE_DT,
VCC,VCC_CHTBT_IQY,SYS_UPD_DTTM,VCC,VCC_CHTBT_IQY,,"from_unixtime(unix_timestamp(SYS_UPD_DTTM, 'yyyy/MM/dd HH:mm:ss'))"
VCC,VCC_CHTBT_IQY,CHTBT_IQY_NED_TM,VCC,VCC_CHTBT_IQY,CHTBT_IQY_NED_TM,
VCC,VCC_CHTBT_IQY,CHTBT_BHVR_INCTM_KWD_NM,VCC,VCC_CHTBT_IQY,CHTBT_BHVR_INCTM_KWD_NM,
VCC,VCC_CHTBT_IQY,CHTBT_IQY_CRER_DV_CD,VCC,VCC_CHTBT_IQY,CHTBT_IQY_CRER_DV_CD,
VCC,VCC_CHTBT_IQY,FDBK_RQS_YN,VCC,VCC_CHTBT_IQY,FDBK_RQS_YN,
VCC,VCC_CHTBT_IQY,chtbt_iqy_st_cd,VCC,VCC_CHTBT_IQY,chtbt_iqy_st_cd,
VCC,VCC_CHTBT_IQY_HIST,CHTBT_IQY_HIST_ID,VCC,VCC_CHTBT_IQY_HIST,CHTBT_IQY_HIST_ID,
VCC,VCC_CHTBT_IQY_HIST,SESN_ID,VCC,VCC_CHTBT_IQY_HIST,SESN_ID,
VCC,VCC_CHTBT_IQY_HIST,CHTBT_IQY_ID,VCC,VCC_CHTBT_IQY_HIST,CHTBT_IQY_ID,
VCC,VCC_CHTBT_IQY_HIST,MBR_ID,VCC,VCC_CHTBT_IQY_HIST,MBR_ID,
VCC,VCC_CHTBT_IQY_HIST,IQY_HIST_DV_CD,VCC,VCC_CHTBT_IQY_HIST,IQY_HIST_DV_CD,
VCC,VCC_CHTBT_IQY_HIST,CHTBT_BHVR_CD,VCC,VCC_CHTBT_IQY_HIST,CHTBT_BHVR_CD,
VCC,VCC_CHTBT_IQY_HIST,CHTBT_BHVR_CDNM,VCC,VCC_CHTBT_IQY_HIST,CHTBT_BHVR_CDNM,
VCC,VCC_CHTBT_IQY_HIST,CHTBT_BHVR_DV_CD,VCC,VCC_CHTBT_IQY_HIST,CHTBT_BHVR_DV_CD,
VCC,VCC_CHTBT_IQY_HIST,CRE_DT,VCC,VCC_CHTBT_IQY_HIST,CRE_DT,
VCC,VCC_CHTBT_IQY_HIST,SYS_CRE_DTTM,VCC,VCC_CHTBT_IQY_HIST,,"from_unixtime(unix_timestamp(SYS_CRE_DTTM, 'yyyy/MM/dd HH:mm:ss'))"
VCC,VCC_CHTBT_IQY_HIST,TID,VCC,VCC_CHTBT_IQY_HIST,TID,
VCC,VCC_CHTBT_IQY_HIST,pt_cre_dt,VCC,VCC_CHTBT_IQY_HIST,,"translate(translate(substr(SYS_CRE_DTTM,1,8),'/',''),'-','')"
VCC,VCC_CHTBT_RGL_BYDT_AGG,AGG_DT,VCC,VCC_CHTBT_RGL_BYDT_AGG,AGG_DT,
VCC,VCC_CHTBT_RGL_BYDT_AGG,MBR_CNT,VCC,VCC_CHTBT_RGL_BYDT_AGG,MBR_CNT,
VCC,VCC_CHTBT_RGL_BYDT_AGG,IQY_CNT,VCC,VCC_CHTBT_RGL_BYDT_AGG,IQY_CNT,
VCC,VCC_CHTBT_RGL_BYDT_AGG,IQY_CPLT_CNT,VCC,VCC_CHTBT_RGL_BYDT_AGG,IQY_CPLT_CNT,
VCC,VCC_CHTBT_RGL_BYDT_AGG,IQY_STOP_CNT,VCC,VCC_CHTBT_RGL_BYDT_AGG,IQY_STOP_CNT,
VCC,VCC_CHTBT_RGL_BYDT_AGG,IQY_CHRN_CNT,VCC,VCC_CHTBT_RGL_BYDT_AGG,IQY_CHRN_CNT,
VCC,VCC_CHTBT_RGL_BYDT_AGG,FDBK_RQS_CNT,VCC,VCC_CHTBT_RGL_BYDT_AGG,FDBK_RQS_CNT,
VCC,VCC_CHTBT_RGL_BYDT_AGG,FDBK_CNT,VCC,VCC_CHTBT_RGL_BYDT_AGG,FDBK_CNT,
VCC,VCC_CHTBT_RGL_BYDT_AGG,FDBK_PSTV_CNT,VCC,VCC_CHTBT_RGL_BYDT_AGG,FDBK_PSTV_CNT,
VCC,VCC_CHTBT_RGL_BYDT_AGG,FDBK_NGTV_CNT,VCC,VCC_CHTBT_RGL_BYDT_AGG,FDBK_NGTV_CNT,
VCC,VCC_CHTBT_RGL_BYDT_AGG,SYS_CRE_DTTM,VCC,VCC_CHTBT_RGL_BYDT_AGG,,"from_unixtime(unix_timestamp(SYS_CRE_DTTM, 'yyyy/MM/dd HH:mm:ss'))"
VCC,VCC_CHTBT_RGL_BYDT_AGG,SYS_UPD_DTTM,VCC,VCC_CHTBT_RGL_BYDT_AGG,,"from_unixtime(unix_timestamp(SYS_UPD_DTTM, 'yyyy/MM/dd HH:mm:ss'))"
VCC,VCC_CHTBT_RGL_BYDT_AGG,pt_AGG_DT,VCC,VCC_CHTBT_RGL_BYDT_AGG,,"substr(AGG_DT, 1, 6)"
VCC,VCC_CHTBT_SESN_PLCY,CHTBT_SESN_PLCY_ID,VCC,VCC_CHTBT_SESN_PLCY,CHTBT_SESN_PLCY_ID,
VCC,VCC_CHTBT_SESN_PLCY,SESN_CNTU_TM,VCC,VCC_CHTBT_SESN_PLCY,SESN_CNTU_TM,
VCC,VCC_CHTBT_TOKN,CHTBT_TOKN_ID,VCC,VCC_CHTBT_TOKN,CHTBT_TOKN_ID,
VCC,VCC_CHTBT_TOKN,MBR_ID,VCC,VCC_CHTBT_TOKN,MBR_ID,
VCC,VCC_CHTBT_TOKN,TOKN_CNTU_TM,VCC,VCC_CHTBT_TOKN,TOKN_CNTU_TM,
VCC,VCC_CHTBT_TOKN,TOKN_ET_EXN_DTTM,VCC,VCC_CHTBT_TOKN,,"from_unixtime(unix_timestamp(TOKN_ET_EXN_DTTM, 'yyyy/MM/dd HH:mm:ss'))"
VCC,VCC_CHTBT_TOKN,TOKN_EXN_YN,VCC,VCC_CHTBT_TOKN,TOKN_EXN_YN,
VCC,VCC_CHTBT_TOKN,CHTBT_TOKN_CRE_CHNL_DV_CD,VCC,VCC_CHTBT_TOKN,CHTBT_TOKN_CRE_CHNL_DV_CD,
VCC,VCC_CHTBT_TOKN,SYS_CRE_DTTM,VCC,VCC_CHTBT_TOKN,,"from_unixtime(unix_timestamp(SYS_CRE_DTTM, 'yyyy/MM/dd HH:mm:ss'))"
VCC,VCC_CHTBT_TOKN,SYS_UPD_DTTM,VCC,VCC_CHTBT_TOKN,,"from_unixtime(unix_timestamp(SYS_UPD_DTTM, 'yyyy/MM/dd HH:mm:ss'))"
VCC,VCC_CHTBT_TOKN,TID,VCC,VCC_CHTBT_TOKN,TID,
VCC,VCC_CHTBT_TOKN,CRE_DT,VCC,VCC_CHTBT_TOKN,CRE_DT,
VCC,VCC_CHTBT_TOT_BYDT_AGG,AGG_DT,VCC,VCC_CHTBT_TOT_BYDT_AGG,AGG_DT,
VCC,VCC_CHTBT_TOT_BYDT_AGG,MBR_CNT,VCC,VCC_CHTBT_TOT_BYDT_AGG,MBR_CNT,
VCC,VCC_CHTBT_TOT_BYDT_AGG,SESN_CNT,VCC,VCC_CHTBT_TOT_BYDT_AGG,SESN_CNT,
VCC,VCC_CHTBT_TOT_BYDT_AGG,IQY_CNT,VCC,VCC_CHTBT_TOT_BYDT_AGG,IQY_CNT,
VCC,VCC_CHTBT_TOT_BYDT_AGG,FAQ_IQY_CNT,VCC,VCC_CHTBT_TOT_BYDT_AGG,FAQ_IQY_CNT,
VCC,VCC_CHTBT_TOT_BYDT_AGG,RGL_IQY_CNT,VCC,VCC_CHTBT_TOT_BYDT_AGG,RGL_IQY_CNT,
VCC,VCC_CHTBT_TOT_BYDT_AGG,FLLBCK_IQY_CNT,VCC,VCC_CHTBT_TOT_BYDT_AGG,FLLBCK_IQY_CNT,
VCC,VCC_CHTBT_TOT_BYDT_AGG,SYS_CRE_DTTM,VCC,VCC_CHTBT_TOT_BYDT_AGG,,"from_unixtime(unix_timestamp(SYS_CRE_DTTM, 'yyyy/MM/dd HH:mm:ss'))"
VCC,VCC_CHTBT_TOT_BYDT_AGG,SYS_UPD_DTTM,VCC,VCC_CHTBT_TOT_BYDT_AGG,,"from_unixtime(unix_timestamp(SYS_UPD_DTTM, 'yyyy/MM/dd HH:mm:ss'))"
VCC,VCC_CHTBT_TOT_BYDT_AGG,pt_AGG_DT,VCC,VCC_CHTBT_TOT_BYDT_AGG,,"substr(AGG_DT, 1, 6)"
VCC,VCC_SESN,SESN_ID,VCC,VCC_SESN,SESN_ID,
VCC,VCC_SESN,SESN_ST_DV_CD,VCC,VCC_SESN,SESN_ST_DV_CD,
VCC,VCC_SESN,ASP_ID,VCC,VCC_SESN,ASP_ID,
VCC,VCC_SESN,MBR_ID,VCC,VCC_SESN,MBR_ID,
VCC,VCC_SESN,FAGE,VCC,VCC_SESN,FAGE,
VCC,VCC_SESN,CHTBT_INFW_CHNL_DV_CD,VCC,VCC_SESN,CHTBT_INFW_CHNL_DV_CD,
VCC,VCC_SESN,CHTBT_USER_DV_CD,VCC,VCC_SESN,CHTBT_USER_DV_CD,
VCC,VCC_SESN,OCP_AUTHT_YN,VCC,VCC_SESN,OCP_AUTHT_YN,
VCC,VCC_SESN,CRNT_ANAL_CHTBT_BHVR_CD,VCC,VCC_SESN,CRNT_ANAL_CHTBT_BHVR_CD,
VCC,VCC_SESN,SESN_CNTU_TM,VCC,VCC_SESN,SESN_CNTU_TM,
VCC,VCC_SESN,SESN_ET_EXN_DTTM,VCC,VCC_SESN,,"from_unixtime(unix_timestamp(SESN_ET_EXN_DTTM, 'yyyy/MM/dd HH:mm:ss'))"
VCC,VCC_SESN,TID,VCC,VCC_SESN,TID,
VCC,VCC_SESN,SYS_CRE_DTTM,VCC,VCC_SESN,,"from_unixtime(unix_timestamp(SYS_CRE_DTTM, 'yyyy/MM/dd HH:mm:ss'))"
VCC,VCC_SESN,SYS_UPD_DTTM,VCC,VCC_SESN,,"from_unixtime(unix_timestamp(SYS_UPD_DTTM, 'yyyy/MM/dd HH:mm:ss'))"
VCC,VCC_SESN,CRE_DT,VCC,VCC_SESN,CRE_DT,
