schema,table,column,comment,col_seq,table_comment
aml,aml_user_info,mbr_id,회원ID,1,AML회원수행정보
aml,aml_user_info,sys_cre_dttm,시스템생성일시,2,AML회원수행정보
aml,aml_user_info,asp_id,ASP_ID,3,AML회원수행정보
aml,aml_user_info,exn_dt,만료일자,4,AML회원수행정보
aml,aml_user_info,mbr_act_st_cd,회원활성상태코드,5,AML회원수행정보
aml,aml_user_info,aml_st_cd,AML상태코드,6,AML회원수행정보
aml,aml_user_info,aml_rsp_cd,AML응답코드,7,AML회원수행정보
aml,aml_user_info,jyn_yn,미성년자여부,8,AML회원수행정보
aml,aml_user_info,aml_mbr_edd_hist_sno,AML회원EDD이력일련번호,9,AML회원수행정보
aml,aml_user_info,re_excu_dt,재수행일자,10,AML회원수행정보
aml,aml_user_info,sys_upd_dttm,시스템수정일시,11,AML회원수행정보
aml,aml_user_info,excu_dttm,수행일시,12,AML회원수행정보
aml,aml_user_info,err_tid,오류TID,13,AML회원수행정보
aml,aml_user_info,err_dttm,오류일시,14,AML회원수행정보
aml,aml_user_info,tr_rjct_rsn_cn,AML거래거절사유구분코드,15,AML회원수행정보
aml,aml_user_info,hdfs_upd_dttm,하둡변경일시,16,AML회원수행정보
bid,contract,lgft_mc_apl_sno,ID,1,
bid,contract,bzno,사업자등록번호,2,
bid,contract,rep_bzpl_nm,대표사업장명,3,
bid,contract,bzpl_addr,사업장주소,4,
bid,contract,bztp_cd_and_bztp_nm,업종코드및업종명,5,
bid,contract,sign_img_cn,서명이미지내용,6,
bid,contract,dmc_apl_yn,코나가맹점신청여부,7,
bid,contract,apl_dttm,신청일시,8,
bid,contract,psno,우편번호,9,
bid,contract,sido_nm,시구분코드,10,
bid,contract,sgg_nm,시군구구분코드,11,
bid,contract,acqr_dv_cd,가맹점유형코드,12,
bid,contract,sido_cd,지역그룹관리번호,13,
bid,contract,sgg_cd,행정시도코드,14,
bid,contract,ka_id,지방자치단체KA_ID,15,
bid,contract,pofn_phn_no,신청자사업장대표국번전화번호,16,
bid,contract,bpos_phn_no,신청사업장대표뒷자리전화번호,17,
bid,contract,enc_aplp_brth_dt,신청대표자생년월일,18,
bid,contract,sex_cd,성별코드,19,
bid,contract,chg_st_cd,변경상태코드,20,
bid,contract,prcs_st_cd,가맹점신청처리상태코드,21,
bid,contract,prcs_st_dtl_cd,가맹점신청상세상태코드,22,
bid,contract,mc_id,가맹점ID,23,
bid,contract,apl_type_cd,등록온라인구분코드,24,
bid,contract,acqr_info_save_dt,확장정보저장일시,25,
bid,contract,bc_bank_cd,사이트은행기관코드,26,
bid,contract,bc_bank_nm,은행명,27,
bid,contract,stlm_psbl_mc_yn,결제가능가맹점여부,28,
bid,contract,stlm_psbl_mc_vldn_dttm,결제가능가맹점확인일시,29,
bid,contract,bc_acqr_bat_id,BC매입사배치ID,30,
bid,contract,sub_reg_type_cd,세부등록유형코드,31,
bid,contract,trnsf_trgt_cn,이관대상내용,32,
bid,contract,cppn_yn,개인정보제공동의여부,33,
bid,contract,kb_acqr_bat_id,KB매입사배치일련번호,34,
bid,contract,kb_acqr_bat_dttm,KB매입사배치일시,35,
bid,contract,kb_bank_cd,매입사은행기관코드,36,
bid,contract,kb_bank_nm,매입사은행명,37,
bid,contract,trnsf_fail_rsn_cn,이관실패사유내용,38,
bid,contract,bid,계약벌크배치ID,39,
bid,contract,qr_mc_apl_yn,QR가맹점신청여부,40,
bid,contract,bsrgc_file_nm,사업자등록증파일명,41,
bid,contract,bsrgc_file_pth_nm,사업자등록증파일경로명,42,
bid,contract,bnkb_cpy_file_nm,통장사본파일명,43,
bid,contract,bnkb_cpy_file_pth_nm,통장사본파일경로명,44,
bid,contract,bnf_mc_apl_yn,상생가맹점추가신청여부,45,
bid,contract,bnf_mc_dcrt,상생가맹점할인율,46,
bid,contract,mc_reg_rjct_rsn_cn,가맹점등록거절사유내용,47,
bid,contract,rapl_yn,RE_REQUEST,48,
bid,contract,mc_reg_cncl_rsn_cn,가맹점등록취소사유내용,49,
bid,contract,mc_reg_dt,등록일자,50,
bid,contract,elc_con_apl_no,전자계약신청번호,51,
bid,contract,sys_cre_dttm,시스템생성일시,52,
bid,contract,sys_cre_id,시스템생성자ID,53,
bid,contract,sys_upd_dttm,시스템수정일시,54,
bid,contract,sys_upd_id,시스템수정자ID,55,
bid,contract,hdfs_upd_dttm,하둡변경일시,56,
bid,contract_history,lgft_mc_apv_sno,지역사랑상품권가맹점신청일련번호,1,
bid,contract_history,mc_rgno,가맹점등록번호,2,
bid,contract_history,mc_reg_st_cd,가맹점등록상태코드,3,
bid,contract_history,cgp_sno,담당자일련번호,4,
bid,contract_history,sys_cre_dttm,시스탬생성일시,5,
bid,contract_history,sys_cre_id,시스템생성자ID,6,
bid,contract_history,sys_upd_dttm,시스탬수정일시,7,
bid,contract_history,sys_upd_id,시스템수정자ID,8,
bid,contract_history,hdfs_upd_dttm,하둡변경일시,9,
bid,contract_history,pt_cre_dt,,10,
bid,contract_merchant,lgft_reg_mc_sno,ID,1,
bid,contract_merchant,sido_cd,지역그룹관리번호,2,
bid,contract_merchant,sgg_cd,DB계정명,3,
bid,contract_merchant,lgft_mc_apl_sno,신청접수ID,4,
bid,contract_merchant,bzno,사업자등록번호,5,
bid,contract_merchant,mc_id,가맹점ID,6,
bid,contract_merchant,mc_vrfc_st_cd,가맹점검증상태코드,7,
bid,contract_merchant,mc_reg_type_cd,가맹점등록유형코드,8,
bid,contract_merchant,sys_upd_dttm,시스템수정일시,9,
bid,contract_merchant,mc_usep_apv_dt,가맹점사용가능승인일시,10,
bid,contract_merchant,mc_usep_apv_st_cd,가맹점사용가능승인상태코드,11,
bid,contract_merchant,mc_vrfc_reg_dt,검증등록일시,12,
bid,contract_merchant,mc_usep_dsbl_dt,CANCEL_DT,13,
bid,contract_merchant,acqr_dv_cd,MERCHANT_TYPE,14,
bid,contract_merchant,hdfs_upd_dttm,하둡변경일시,15,
bid,owner,sgg_cd,시군구코드,1,
bid,owner,ctc_phn_no,고객센터전화번호,2,
bid,owner,sgg_nm,시군구명,3,
bid,owner,act_st_cd,활성상태코드,4,
bid,owner,sido_cd,시도코드,5,
bid,owner,odnc_cn,조례내용,6,
bid,owner,ka_id,KA_ID,7,
bid,owner,gm_file_nm,전문파일명,8,
bid,owner,mc_apl_yn,가맹점신청여부,9,
bid,owner,mc_apl_estn_chk_yn,가맹점신청필수체크여부,10,
bid,owner,srch_kwd_nm,검색키워드명,11,
bid,owner,asp_id,ASP_ID,12,
bid,owner,acqr_dv_cd,매입사구분코드,13,
bid,owner,lm_mc_qry_id,제한가맹점쿼리ID,14,
bid,owner,pmsn_mc_qry_id,허용가맹점쿼리ID,15,
bid,owner,lm_bztp_cd_array,제한업종코드배열,16,
bid,owner,cppn_tc_exps_yn,개인정보제공동의약관노출여부,17,
bid,owner,pmsn_mc_grp_id,허용가맹점그룹ID,18,
bid,owner,lm_sl_cd_array,제한매출코드배열,19,
bid,owner,lm_bztp_grp_id_array,제한업종그룹ID배열,20,
bid,owner,sl_lm_dsbl_bztp_grp_id,매출제한해제업종그룹ID,21,
bid,owner,rcs_inq_psbl_yn,RCS조회가능여부,22,
bid,owner,lm_mc_grp_id,제한가맹점그룹ID,23,
bid,owner,djmc_reg_yn,직가맹등록여부,24,
bid,owner,add_acqr_usep_reg_yn,추가매입사사용처등록여부,25,
bid,owner,spc_usep_mc_grp_id,특수사용처가맹점그룹ID,26,
bid,owner,zon_srch_qry_nm,지역검색쿼리명,27,
bid,owner,zon_cd,지역코드,28,
bid,owner,sys_cre_dttm,시스템생성일시,29,
bid,owner,sys_cre_id,시스템생성자ID,30,
bid,owner,sys_upd_dttm,시스템수정일시,31,
bid,owner,sys_upd_id,시스템수정자ID,32,
bid,owner,qr_mc_inq_psbl_yn,QR가맹점조회가능여부,33,
bid,owner,hdfs_upd_dttm,하둡변경일시,34,
bid,owner_mapped,asp_id,ASP_ID,1,
bid,owner_mapped,sido_cd,시도코드,2,
bid,owner_mapped,sgg_cd,시군구코드,3,
bid,owner_mapped,lm_mc_qry_id,제한가맹점쿼리ID,4,
bid,owner_mapped,pmsn_mc_grp_id,허용가맹점그룹ID,5,
bid,owner_mapped,lm_bztp_grp_id,제한업종그룹ID,6,
bid,owner_mapped,lm_sl_cd_array,제한매출코드배열,7,
bid,owner_mapped,sl_lm_dsbl_bztp_grp_id,매출제한해제업종그룹ID,8,
bid,owner_mapped,acqr_dv_cd,매입사구분코드,9,
bid,owner_mapped,srch_kwd_nm,검색키워드명,10,
bid,owner_mapped,djmc_reg_yn,직가맹등록여부,11,
bid,owner_mapped,addr_srch_kwd_val,주소검색키워드값,12,
bid,owner_mapped,sno,일련번호,13,
bid,owner_mapped,pmsn_mc_qry_id,허용가맹점쿼리ID,14,
bid,owner_mapped,lm_mc_grp_id,제한가맹점그룹ID,15,
bid,owner_mapped,spc_usep_mc_grp_id,특수사용처가맹점그룹ID,16,
bid,owner_mapped,sys_cre_dttm,시스템생성일시,17,
bid,owner_mapped,sys_upd_dttm,시스템수정일시,18,
bid,owner_mapped,cnvc_usep_grp_id,편의점사용처그룹ID,19,
bid,owner_mapped,djmc_usep_grp_id,직가맹사용처그룹ID,20,
bid,owner_mapped,djmc_cnvc_usep_grp_id,직가맹편의점사용처그룹ID,21,
bid,owner_mapped,use_yn,사용여부,22,
bid,owner_mapped,hdfs_upd_dttm,하둡변경일시,23,
biz,ccp_card,par_no,PAR번호,1,
biz,ccp_card,sys_cre_dttm,시스템생성일시,2,
biz,ccp_card,entp_ptn_id,기업파트너ID,3,
biz,ccp_card,afc_crd_prd_sno,비즈상품번호,4,
biz,ccp_card,sys_upd_dttm,시스템수정일시,5,
biz,ccp_card,corp_crd_mgmt_stf_id,법인카드관리직원ID,6,
biz,ccp_card,stf_id,파트너사직원ID,7,
biz,ccp_card,bsc_stn_use_yn,기본설정사용여부,8,
biz,ccp_card,corp_crd_comn_use_yn,법인카드공용사용여부,9,
biz,ccp_card,corp_crd_bala_lmt_amt,법인카드잔액한도금액,10,
biz,ccp_card,dscr_cn,설명내용,11,
biz,ccp_card,corp_crd_orgz_no,법인카드조직번호,12,
biz,ccp_card,crd_dsb_dtl_dttm,카드지급상세일시,13,
biz,ccp_card,crd_end_rqs_dtl_dttm,카드종료요청상세일시,14,
biz,ccp_card,ort_type_cd,운영유형코드,15,
biz,ccp_card,corp_svc_al_type_cd,법인상품구분코드,16,
biz,ccp_card,mbr_id,회원ID,17,
biz,ccp_card,crd_tak_yn,카드수령여부,18,
biz,ccp_card,act_rqs_owr_dv_cd,활성요청주체구분코드,19,
biz,ccp_card,bp_svc_grp_id,비즈포털서비스그룹ID,20,
biz,ccp_card,hdfs_upd_dttm,하둡변경일시,21,
biz,ccp_member,bp_opr_id,비즈포털운영자ID,1,
biz,ccp_member,opr_nm,운영자명,2,
biz,ccp_member,sys_cre_dttm,시스템생성일시,3,
biz,ccp_member,sys_upd_dttm,시스템수정일시,4,
biz,ccp_member,ptn_id,파트너ID,5,
biz,ccp_member,last_lgin_dtl_dttm,마지막로그인상세일시,6,
biz,ccp_member,pswd_upd_dtl_dttm,비밀번호수정상세일시,7,
biz,ccp_member,lgin_fail_tmcnt,로그인실패횟수,8,
biz,ccp_member,opr_acc_act_st_cd,관리자계정활성상태코드,9,
biz,ccp_member,bp_opr_grp_id,비즈포털운영자그룹ID,10,
biz,ccp_member,pswd_init_yn,비밀번호초기화여부,11,
biz,ccp_member,psnl_info_inq_psbl_yn,개인정보조회가능여부,12,
biz,ccp_member,lgin_id,로그인ID,13,
biz,ccp_member,mtn_idfr_cd,다국어구분자코드,14,
biz,ccp_member,hier_ptn_id,상위파트너ID,15,
biz,ccp_member,bp_svc_grp_id,비즈포털서비스그룹ID,16,
biz,ccp_member,hdq_ka_id,본부KA_ID,17,
biz,ccp_member,prvc_mgmt_ka_id,지류상품권관리KA_ID,18,
biz,ccp_member,psnl_info_tt_agrm_dtl_dttm,개인정보취급동의상세일시,19,
biz,ccp_member,psnl_info_tt_agrm_yn,개인정보취급동의여부,20,
biz,ccp_member,secr_wtoh_agrm_dtl_dttm,보안서약서동의상세일시,21,
biz,ccp_member,pisp_agrm_yn,개인정보보안서약서동의여부,22,
biz,ccp_member,hdfs_upd_dttm,하둡변경일시,23,
biz,ccp_member_group,bp_opr_grp_id,비즈포털운영자그룹ID,1,
biz,ccp_member_group,opr_grp_nm,운영자그룹명,2,
biz,ccp_member_group,hier_bp_opr_grp_sno,상위비즈포털운영자그룹ID,3,
biz,ccp_member_group,opr_grp_auth_lvl_cd,운영자그룹권한레벨코드,4,
biz,ccp_member_group,dscr_cn,설명내용,5,
biz,ccp_member_group,bp_svc_grp_id,비즈포털서비스그룹ID,6,
biz,ccp_member_group,hdfs_upd_dttm,하둡변경일시,7,
biz,ccp_member_log,opr_actv_rec_no,관리자활동기록번호,1,
biz,ccp_member_log,log_rec_type_cd,로그기록유형코드,2,
biz,ccp_member_log,actv_url,활동URL주소,3,
biz,ccp_member_log,dscr_cn,설명내용,4,
biz,ccp_member_log,ip_addr,IP주소,5,
biz,ccp_member_log,sevr_nm,HOST,6,
biz,ccp_member_log,data_cre_dttm,시스템생성일시,7,
biz,ccp_member_log,bp_opr_id,운영자ID,8,
biz,ccp_member_log,hdfs_upd_dttm,하둡변경일시,9,
biz,ccp_member_log,pt_reg_dt,,10,
biz,ccp_partner,ptn_id,파트너ID,1,
biz,ccp_partner,ptn_nm,성명,2,
biz,ccp_partner,con_prcs_st_cd,계약처리상태코드,3,
biz,ccp_partner,sys_cre_dttm,시스템생성일시,4,
biz,ccp_partner,sys_upd_dttm,시스템수정일시,5,
biz,ccp_partner,bzno,사업자등록번호,6,
biz,ccp_partner,rsvt_dsb_pnt,예약지급포인트,7,
biz,ccp_partner,rsvt_dsb_trgt_wo_dsb_amt,예약지급대상전체지급금액,8,
biz,ccp_partner,asp_id,ASP_ID,9,
biz,ccp_partner,bp_svc_grp_id,비즈포털서비스그룹ID,10,
biz,ccp_partner,role_cd,역할코드,11,
biz,ccp_partner,hier_ptn_id,상위파트너ID,12,
biz,ccp_partner,sttc_data_inq_ptim_strt_dt,통계데이터조회시시작일자,13,
biz,ccp_partner,hdfs_upd_dttm,하둡변경일시,14,
biz,ccp_product,svc_id,서비스ID,1,
biz,ccp_product,afc_crd_prd_sno,기업상품일련번호,2,
biz,ccp_product,entp_ptn_id,기업파트너ID,3,
biz,ccp_product,achrg_yn,자동충전여부,4,
biz,ccp_product,biz_rc_no,비즈충전상번호,5,
biz,ccp_product,achrg_fom_cd,자동충전형태코드,6,
biz,ccp_product,achrg_fxtm_unit_dv_cd,자동충전정기단위구분코드,7,
biz,ccp_product,achrg_fxtm_chrg_mm,자동충전정기충전월,8,
biz,ccp_product,achrg_bala_cri_amt,자동충전잔액기준금액,9,
biz,ccp_product,sys_upd_dttm,시스템수정일시,10,
biz,ccp_product,sys_cre_dttm,시스템생성일시,11,
biz,ccp_product,use_end_dtl_dttm,사용종료상세일시,12,
biz,ccp_product,biz_crd_use_st_cd,상품사용상태코드,13,
biz,ccp_product,achrg_fxtm_chrg_dd,자동충전정기충전일,14,
biz,ccp_product,achrg_amt,자동충전금액,15,
biz,ccp_product,achrg_lmt_amt,자동충전한도금액,16,
biz,ccp_product,ort_type_cd,운영유형코드,17,
biz,ccp_product,corp_svc_al_type_cd,법인상품구분코드,18,
biz,ccp_product,bp_svc_grp_id,비즈포털서비스그룹ID,19,
biz,ccp_product,sndng_type_cd,발송유형코드,20,
biz,ccp_product,bsc_ptn_yn,기본파트너여부,21,
biz,ccp_product,hdfs_upd_dttm,하둡변경일시,22,
biz,ccp_product_manager,bp_opr_id,비즈포털운영자ID,1,
biz,ccp_product_manager,afc_crd_prd_sno,제휴사카드상품일련번호,2,
biz,ccp_product_manager,amt_mgmt_auth_yn,금액관리권한여부,3,
biz,ccp_product_manager,apv_auth_yn,승인권한여부,4,
biz,ccp_product_manager,sys_cre_dttm,시스템생성일시,5,
biz,ccp_product_manager,sys_upd_dttm,시스템수정일시,6,
biz,ccp_product_manager,crd_pnt_plcy_id,카드포인트정책ID,7,
biz,ccp_product_manager,crd_cash_plcy_nm,카드캐시정책명,8,
biz,ccp_product_manager,crd_cash_plcy_type_cd,카드캐시정책유형코드,9,
biz,ccp_product_manager,sub_crd_cash_plcy_type_cd,세부카드캐시정책유형코드,10,
biz,ccp_product_manager,ge_mbr_reg_auth_yn,일반회원등록권한여부,11,
biz,ccp_product_manager,hdfs_upd_dttm,하둡변경일시,12,
biz,ccp_recharger,entp_ptn_id,기업파트너ID,1,
biz,ccp_recharger,biz_rc_sno,BIZ충전상일련번호,2,
biz,ccp_recharger,rc_id,충전상ID,3,
biz,ccp_recharger,bp_svc_grp_id,비즈포털서비스그룹ID,4,
biz,ccp_recharger,sys_cre_dttm,시스템생성일시,5,
biz,ccp_recharger,sys_upd_dttm,시스템수정일시,6,
biz,ccp_recharger,hdfs_upd_dttm,하둡변경일시,7,
biz,rcs_appmember_reg_history,ptn_id,파트너ID,1,
biz,rcs_appmember_reg_history,wrt_opr_id,작성운영자ID,2,
biz,rcs_appmember_reg_history,mbr_id,회원ID,3,
biz,rcs_appmember_reg_history,data_cre_dttm,데이터생성일시,4,
biz,rcs_appmember_reg_history,bp_svc_grp_id,비즈포털서비스그룹ID,5,
biz,rcs_appmember_reg_history,ofl_sll_po_reg_mbr_hist_sno,오프라인판매포털등록회원이력일련번호,6,
biz,rcs_appmember_reg_history,sys_cre_dttm,시스템생성일시,7,
biz,rcs_appmember_reg_history,sys_upd_dttm,시스템수정일시,8,
biz,rcs_appmember_reg_history,hdfs_upd_dttm,하둡변경일시,9,
biz,rcs_appmember_reg_history,pt_cre_dt,,10,
biz,rcs_bonbu,hdq_ka_id,본부KA_ID,1,
biz,rcs_bonbu,hdq_ka_nm,본부KA명,2,
biz,rcs_bonbu,con_prcs_st_cd,계약처리상태코드,3,
biz,rcs_bonbu,sys_cre_dttm,시스템생성일시,4,
biz,rcs_bonbu,sys_upd_dttm,시스템수정일시,5,
biz,rcs_bonbu,bzno,사업자등록번호,6,
biz,rcs_bonbu,asp_id,ASP_ID,7,
biz,rcs_bonbu,bp_svc_grp_id,비즈포털서비스그룹ID,8,
biz,rcs_bonbu,asp_nm,ASP명,9,
biz,rcs_bonbu,ka_id,KA_ID,10,
biz,rcs_bonbu,ka_nm,KA명,11,
biz,rcs_bonbu,admd_cd,행정동코드,12,
biz,rcs_bonbu,lgld_cd,법정동코드,13,
biz,rcs_bonbu,hdfs_upd_dttm,하둡변경일시,14,
biz,rcs_bonbu_mapping,hdq_ka_id,본부KA_ID,1,
biz,rcs_bonbu_mapping,mapng_id,매핑ID,2,
biz,rcs_bonbu_mapping,ptn_id,파트너ID,3,
biz,rcs_bonbu_mapping,bp_svc_grp_id,비즈포털서비스그룹ID,4,
biz,rcs_bonbu_mapping,sys_cre_dttm,시스템생성일시,5,
biz,rcs_bonbu_mapping,sys_upd_dttm,시스템수정일시,6,
biz,rcs_bonbu_mapping,hdfs_upd_dttm,하둡변경일시,7,
cam,cam_cnvg_par_mapng_hist,cnvg_par_mapng_hist_sno,시퀀스ID,1,
cam,cam_cnvg_par_mapng_hist,sys_cre_dttm,시스템생성일시,2,
cam,cam_cnvg_par_mapng_hist,sys_upd_dttm,시스템수정일시,3,
cam,cam_cnvg_par_mapng_hist,crd_apl_no,카드신청번호,4,
cam,cam_cnvg_par_mapng_hist,asp_id,ASP ID,5,
cam,cam_cnvg_par_mapng_hist,mbr_id,회원ID,6,
cam,cam_cnvg_par_mapng_hist,par_no,PAR_NO,7,
cam,cam_cnvg_par_mapng_hist,svc_id,상품ID,8,
cam,cam_cnvg_par_mapng_hist,cnvg_asp_id,결합카드 ASP ID,9,
cam,cam_cnvg_par_mapng_hist,cnvg_mbr_id,결합카드 회원ID,10,
cam,cam_cnvg_par_mapng_hist,cnvg_par_no,결합카드 PAR_NO,11,
cam,cam_cnvg_par_mapng_hist,cnvg_svc_id,결합카드 상품ID,12,
cam,cam_cnvg_par_mapng_hist,rs_st_cd,결과상태코드,13,
cam,cam_cnvg_par_mapng_hist,rsp_rs_cd,응답결과코드,14,
cam,cam_cnvg_par_mapng_hist,rsp_rs_cn,응답결과내용,15,
cam,cam_cnvg_par_mapng_hist,rqs_chnl_cd,요청채널코드,16,
cam,cam_cnvg_par_mapng_hist,cnvg_type_cd,결합유형코드,17,
cam,cam_cnvg_par_mapng_hist,hdfs_upd_dttm,하둡변경일시,18,
cam,cam_cnvg_par_mapng_hist,pt_cre_dt,,19,
cam,cam_cnvg_svc_mapng,cnvg_svc_mapng_sno,결합서비스매핑일련번호,1,
cam,cam_cnvg_svc_mapng,asp_id,ASP_ID,2,
cam,cam_cnvg_svc_mapng,svc_id,서비스ID,3,
cam,cam_cnvg_svc_mapng,reg_crd_rltg_type_cd,등록카드실물유형코드,4,
cam,cam_cnvg_svc_mapng,cnvg_asp_id,결합ASP_ID,5,
cam,cam_cnvg_svc_mapng,cnvg_svc_id,결합서비스ID,6,
cam,cam_cnvg_svc_mapng,cnvg_reg_crd_rltg_type_cd,결합등록카드실물유형코드,7,
cam,cam_cnvg_svc_mapng,sys_cre_dttm,시스템생성일시,8,
cam,cam_cnvg_svc_mapng,sys_upd_dttm,시스템수정일시,9,
cam,cam_cnvg_svc_mapng,ka_id,KA_ID,10,
cam,cam_cnvg_svc_mapng,hdfs_upd_dttm,하둡변경일시,11,
cam,cam_crd_apl_add,sys_cre_dttm,시스템생성일시,1,
cam,cam_crd_apl_add,sys_upd_dttm,시스템수정일시,2,
cam,cam_crd_apl_add,crd_apl_no,카드신청번호,3,
cam,cam_crd_apl_add,sppm_cd_array,간편결제코드배열,4,
cam,cam_crd_apl_add,hdfs_upd_dttm,하둡변경일시,5,
cam,cam_crd_apl_add,pt_cre_dt,,6,
cam,card_delivery,crd_dlv_sno,카드배송일련번호,1,
cam,card_delivery,pt_cre_dt,,2,
cam,card_delivery,crd_apl_no,카드신청번호,3,
cam,card_delivery,crd_apl_mbr_id,카드신청회원ID,4,
cam,card_delivery,apl_crd_par_no,신청카드PAR번호,5,
cam,card_delivery,crd_shpn_rqs_sno,카드운송요청일련번호,6,
cam,card_delivery,crd_dlv_st_cd,카드배송상태코드,7,
cam,card_delivery,crd_dlv_st_dtl_cd,카드배송상태상세코드,8,
cam,card_delivery,crd_dlv_st_cdnm,카드배송상태코드명,9,
cam,card_delivery,crd_dlv_bsc_addr,카드배송기본주소,10,
cam,card_delivery,crd_dlv_addr_psno,카드배송주소우편번호,11,
cam,card_delivery,enc_crd_takp_brth_dt,암호화카드수령자생년월일,12,
cam,card_delivery,svc_id,서비스ID,13,
cam,card_delivery,svc_dv_cd,서비스구분코드,14,
cam,card_delivery,svc_nm,서비스명,15,
cam,card_delivery,enc_aplp_rsno,암호화신청자주민등록번호,16,
cam,card_delivery,dlv_rqs_rs_cd,배송요청결과코드,17,
cam,card_delivery,dlv_rqs_rs_msg_cn,배송요청결과메시지내용,18,
cam,card_delivery,dlv_enp_cd,배송업체코드,19,
cam,card_delivery,dlv_rqs_dttm,배송요청일시,20,
cam,card_delivery,dlv_strt_dttm,배송시작일시,21,
cam,card_delivery,dlv_prcs_dttm,배송처리일시,22,
cam,card_delivery,sys_cre_dttm,시스템생성일시,23,
cam,card_delivery,sys_upd_dttm,시스템수정일시,24,
cam,card_delivery,crd_slf_tak_yn,카드본인수령여부,25,
cam,card_delivery,asp_id,ASP_ID,26,
cam,card_delivery,mbr_rsdp_addr_yn,회원거주지주소여부,27,
cam,card_delivery,file_exs_yn,파일존재여부,28,
cam,card_delivery,crd_brcd_id,카드바코드ID,29,
cam,card_delivery,sf_phn_no_use_yn,안심전화번호사용여부,30,
cam,card_delivery,sf_phn_no_cre_dt,안심전화번호생성일자,31,
cam,card_delivery,tthr_tak_yn,제3자수령여부,32,
cam,card_delivery,crd_takp_aplp_rel_cd,카드수령자신청자관계코드,33,
cam,card_delivery,crd_takp_aplp_rel_cdnm,카드수령자신청자관계코드명,34,
cam,card_delivery,hdfs_upd_dttm,하둡변경일시,35,
cam,card_delivery,outs_alt_tpl_cd,외부알림톡템플릿코드,36,
cam,card_delivery,sf_phn_no_use_prd_yn,안심전화번호사용상품여부,37,
cam,card_delivery,crd_snbk_cdnm,카드반송코드명,38,
cam,card_delivery,pre_dlv_dttm,선배송일시,39,
cam,card_delivery,dlv_spot_cd,배송현장코드,40,
cam,card_issue,crd_apl_sno,ID,1,
cam,card_issue,sys_cre_dttm,시스템생성일시,2,
cam,card_issue,sys_upd_dttm,시스템수정일시,3,
cam,card_issue,crd_apl_dt,카드신청일자,4,
cam,card_issue,crd_apl_cplt_dt,카드신청완료일자,5,
cam,card_issue,crd_apl_no,카드신청번호,6,
cam,card_issue,crd_stlm_mhd_cd,신청카드상품결제방식코드,7,
cam,card_issue,crd_apl_type_cd,발급유형코드,8,
cam,card_issue,crd_apl_rsn_cd,카드신청유형코드,9,
cam,card_issue,crd_apl_st_cd,카드신청상태코드,10,
cam,card_issue,apl_st_cd,신청상태코드,11,
cam,card_issue,mbr_id,카드신청회원ID,12,
cam,card_issue,asp_id,ASP_ID,13,
cam,card_issue,ka_id,카드KA_ID,14,
cam,card_issue,wllt_mapng_id,월렛ID매핑ID,15,
cam,card_issue,mb_crd_par_no,모바일카드PAR번호,16,
cam,card_issue,mb_crd_svc_id,모바일카드서비스ID,17,
cam,card_issue,mb_crd_svc_nm,모바일카드상품명,18,
cam,card_issue,enc_rltg_crdno,암호화실물카드번호,19,
cam,card_issue,rltg_crd_par_no,실물카드PAR번호,20,
cam,card_issue,rltg_crd_svc_id,실물카드서비스ID,21,
cam,card_issue,rltg_crd_svc_nm,실물카드상품명,22,
cam,card_issue,crd_xp_impn_yn,카드비용부과여부,23,
cam,card_issue,rpbl_acn_tsfr_tran_id,카드비용부과거래ID,24,
cam,card_issue,enc_mb_crd_cvc_no,모바일카드CVC번호,25,
cam,card_issue,rltg_crd_isu_bat_id,실물카드발급배치ID,26,
cam,card_issue,csh_ic_apl_yn,현금IC신청여부,27,
cam,card_issue,crd_xp_type_cd,카드비용유형코드,28,
cam,card_issue,crd_xp_impn_psp_yn,카드비용부과지연여부,29,
cam,card_issue,mb_pre_isu_yn,모바일선발급진행여부,30,
cam,card_issue,crd_apl_chnl_cd,카드신청채널코드,31,
cam,card_issue,risu_apl_yn,재발급신청여부,32,
cam,card_issue,od_crd_apl_no,기존카드신청번호,33,
cam,card_issue,risu_crd_apl_no,재발급카드신청번호,34,
cam,card_issue,mb_crd_exn_dt,모바일카드만료일자,35,
cam,card_issue,mb_crd_dsc_yn,모바일카드폐기여부,36,
cam,card_issue,enc_rsno,암호화주민등록번호,37,
cam,card_issue,crd_apl_ocr_file_exs_yn,카드신청OCR파일존재여부,38,
cam,card_issue,od_par_no,재발급이전PAR번호,39,
cam,card_issue,od_rltg_crd_svc_id,재발급기존실물카드서비스ID,40,
cam,card_issue,od_mb_crd_svc_id,재발급기존모바일카드서비스ID,41,
cam,card_issue,od_rltg_crd_svc_nm,재발급이전카드실물카드상품명,42,
cam,card_issue,od_mb_crd_svc_nm,재발급이전카드모바일카드상품명,43,
cam,card_issue,crd_xp_impn_amt,카드비용부과금액,44,
cam,card_issue,call_err_cd,호출오류코드,45,
cam,card_issue,call_err_msg_cn,호출오류메시지내용,46,
cam,card_issue,rltg_crd_dlv_apl_yn,실물카드배송신청여부,47,
cam,card_issue,mb_pre_isu_svc_yn,신청카드모바일선발급상품여부,48,
cam,card_issue,apl_crd_spc_attr_val,신청카드특수속성값,49,
cam,card_issue,xp_impn_st_chk_yn,비용부과상태체크여부,50,
cam,card_issue,snbk_crd_apl_no,반송카드신청번호,51,
cam,card_issue,rltg_crd_rltm_isu_yn,실물카드실시간발급여부,52,
cam,card_issue,rltg_crd_dlv_st_cd,실물카드배송상태코드,53,
cam,card_issue,snbk_risu_apl_yn,반송재발급신청여부,54,
cam,card_issue,rltg_crd_dsn_yn,PHYSICAL_DEFINED_YN,55,
cam,card_issue,crd_dlv_type_cd,ROUTE_TYPE,56,
cam,card_issue,hdfs_upd_dttm,하둡변경일시,57,
cam,card_issue,crd_risu_rsn_cdnm,카드재발급사유코드명,58,
cam,card_issue,afc_gm_crd_apl_no,제휴사전문카드신청번호,59,
cam,card_issue,crd_dlv_dtl_val,카드배송상세값,60,
cam,card_issue,itnc_std_use_yn,국제표준사용여부,61,
cam,card_issue,wc_stlm_use_yn,원화결제사용여부,62,
cam,card_issue,itnc_applet_nm,국제애플릿명,63,
cam,card_issue,rqs_asp_id,신청 ASP_ID,64,
cam,card_issue,ovrs_stlm_use_yn,해외결제사용여부,65,
cam,card_issue,rqs_mbr_id,신청 회원 ID,66,
cam,card_issue,rqs_ka_id,요청KAID,67,
cam,ext_card_map,al_crd_mapng_sno,제휴카드매핑일련번호,1,제휴카드매핑
cam,ext_card_map,sys_cre_dttm,시스템생성일시,2,제휴카드매핑
cam,ext_card_map,sys_upd_dttm,시스템수정일시,3,제휴카드매핑
cam,ext_card_map,afc_crd_rgno,제휴사카드등록번호,4,제휴카드매핑
cam,ext_card_map,asp_id,ASP_ID,5,제휴카드매핑
cam,ext_card_map,ka_id,KA_ID,6,제휴카드매핑
cam,ext_card_map,mbr_id,회원ID,7,제휴카드매핑
cam,ext_card_map,mb_crd_par_no,모바일카드PAR번호,8,제휴카드매핑
cam,ext_card_map,mb_crd_svc_id,모바일카드서비스ID,9,제휴카드매핑
cam,ext_card_map,mb_crd_svc_nm,모바일카드서비스명,10,제휴카드매핑
cam,ext_card_map,al_crd_rpl_no,제휴카드대체번호,11,제휴카드매핑
cam,ext_card_map,al_crd_mapng_st_cd,제휴카드매핑상태코드,12,제휴카드매핑
cam,ext_card_map,al_crdco_cdnm,제휴카드사코드명,13,제휴카드매핑
cam,ext_card_map,al_crd_svc_id,제휴카드서비스ID,14,제휴카드매핑
cam,ext_card_map,hdfs_upd_dttm,하둡변경일시,15,제휴카드매핑
cam,issued_card_register,crd_conn_sno,카드연결일련번호,1,
cam,issued_card_register,sys_cre_dttm,시스템생성일시,2,
cam,issued_card_register,sys_upd_dttm,시스템수정일시,3,
cam,issued_card_register,crd_reg_dt,카드등록일자,4,
cam,issued_card_register,crd_stlm_mhd_cd,카드결제방식코드,5,
cam,issued_card_register,crd_apl_type_cd,카드신청유형코드,6,
cam,issued_card_register,reg_crd_rltg_type_cd,등록카드실물유형코드,7,
cam,issued_card_register,crd_apl_no,카드신청번호,8,
cam,issued_card_register,crd_reg_st_cd,카드등록상태코드,9,
cam,issued_card_register,bef_crd_par_no,이전카드PAR번호,10,
cam,issued_card_register,reg_par_no,등록PAR번호,11,
cam,issued_card_register,mbr_id,카드등록회원ID,12,
cam,issued_card_register,asp_id,ASP_ID,13,
cam,issued_card_register,rqs_chnl_cd,요청채널코드,14,
cam,issued_card_register,call_err_cd,호출오류코드,15,
cam,issued_card_register,call_err_msg_cn,호출오류메시지내용,16,
cam,issued_card_register,crd_reg_type_cd,카드등록유형코드,17,
cam,issued_card_register,rltg_crd_svc_id,실물카드서비스ID,18,
cam,issued_card_register,al_mb_crd_par_no,제휴모바일카드PAR번호,19,
cam,issued_card_register,al_mb_crd_svc_id,제휴모바일카드서비스ID,20,
cam,issued_card_register,prd_attr_val,상품속성값,21,
cam,issued_card_register,mb_crd_svc_id,모바일카드서비스ID,22,
cam,issued_card_register,add_crd_apl_no,추가카드신청번호,23,
cam,issued_card_register,crd_risu_rsn_cdnm,카드재발급사유코드명,24,
cam,issued_card_register,mb_crd_par_no,모바일카드PAR번호,25,
cam,issued_card_register,ka_id,KA_ID,26,
cam,issued_card_register,rqs_asp_id,요청ASP_ID,27,
cam,issued_card_register,rqs_mbr_id,요청회원ID,28,
cam,issued_card_register,hdfs_upd_dttm,하둡변경일시,29,
cam,issued_card_register,pt_cre_yy,,30,
cas,cas_crd_autht,crd_autht_sno,카드인증일련번호,1,
cas,cas_crd_autht,tr_dt,거래일자,2,
cas,cas_crd_autht,tr_ti,거래시각,3,
cas,cas_crd_autht,par_no,PAR번호,4,
cas,cas_crd_autht,mbr_id,회원ID,5,
cas,cas_crd_autht,acqr_cd,"매입사코드(1:KB매입대행,12:하나매입대행,15:삼성매입대행)",6,
cas,cas_crd_autht,crd_autht_type_cd,"카드인증유형코드(PAST_AUTH:구인증,OVRS_STLM_AUTH:해외결제인증,DJMC_AUTH:직가맹인증)",7,
cas,cas_crd_autht,svc_id,서비스ID,8,
cas,cas_crd_autht,mc_cd,가맹점코드(CGV),9,
cas,cas_crd_autht,autht_sucs_yn,"인증성공여부(Y,N)",10,
cas,cas_crd_autht,acqr_rsp_cd,매입사응답코드,11,
cas,cas_crd_autht,rsp_msg_cn,응답메시지내용,12,
cas,cas_crd_autht,sys_cre_dttm,시스템생성일시,13,
cas,cas_crd_autht,sys_upd_dttm,시스템수정일시,14,
cas,cas_crd_autht,hdfs_upd_dttm,하둡변경일시,15,
cas,cas_crd_autht,pt_cre_yy,,16,
cas,cas_sppm_crd_autht,sppm_crd_autht_sno,간편결제카드인증일련번호,1,
cas,cas_sppm_crd_autht,tr_dt,거래일자,2,
cas,cas_sppm_crd_autht,tr_ti,거래시각,3,
cas,cas_sppm_crd_autht,par_no,PAR번호,4,
cas,cas_sppm_crd_autht,crd_mb_rltg_dv_cd,"카드모바일실물구분코드(CARDSE:실물,MOBILE:모바일)",5,
cas,cas_sppm_crd_autht,mbr_id,회원ID,6,
cas,cas_sppm_crd_autht,sppm_cd,간편결제코드,7,
cas,cas_sppm_crd_autht,tr_dv_cd,"거래구분코드(1:카드인증,2:결제비밀번호규칙조회,3:카드정보조회,cvc없는인증)",8,
cas,cas_sppm_crd_autht,tr_natv_no,거래고유번호,9,
cas,cas_sppm_crd_autht,svc_id,서비스ID,10,
cas,cas_sppm_crd_autht,svc_nm,서비스명,11,
cas,cas_sppm_crd_autht,acqr_cd,"매입사코드(1:KB매입대행,12:하나매입대행,15:삼성매입대행)",12,
cas,cas_sppm_crd_autht,crd_svc_no,카드서비스번호(매입사상품코드),13,
cas,cas_sppm_crd_autht,lgvn_cd,지자체코드,14,
cas,cas_sppm_crd_autht,autht_sucs_yn,"인증성공여부(Y,N)",15,
cas,cas_sppm_crd_autht,acqr_rsp_cd,매입사응답코드,16,
cas,cas_sppm_crd_autht,rsp_msg_cn,응답메시지내용,17,
cas,cas_sppm_crd_autht,sys_cre_dttm,시스템생성일시,18,
cas,cas_sppm_crd_autht,sys_upd_dttm,시스템수정일시,19,
cas,cas_sppm_crd_autht,hdfs_upd_dttm,하둡변경일시,20,
cas,cas_sppm_crd_autht,pt_cre_dt,,21,
cas,cas_sppm_itg_cd,acqr_cd,"매입사코드(1:KB매입대행,12:하나매입대행,15:삼성매입대행)",1,
cas,cas_sppm_itg_cd,sppm_cd,간편결제코드,2,
cas,cas_sppm_itg_cd,sppm_itg_type_cd,간편결제통합유형코드,3,
cas,cas_sppm_itg_cd,acqr_nm,매입사명,4,
cas,cas_sppm_itg_cd,sppm_nm,간편결제명,5,
cas,cas_sppm_itg_cd,sys_cre_dttm,시스템생성일시,6,
cas,cas_sppm_itg_cd,sys_upd_dttm,시스템수정일시,7,
cas,cas_sppm_itg_cd,hdfs_upd_dttm,하둡변경일시,8,
cdm,shipping_info,crd_shpn_sno,ID,1,
cdm,shipping_info,sys_cre_dttm,시스템생성일시,2,
cdm,shipping_info,sys_upd_dttm,시스템수정일시,3,
cdm,shipping_info,mbr_lgin_id,로그인ID,4,
cdm,shipping_info,asp_id,ASP_ID,5,
cdm,shipping_info,mbr_id,회원ID,6,
cdm,shipping_info,bsc_addr,기본주소,7,
cdm,shipping_info,dtl_addr,상세주소,8,
cdm,shipping_info,psno,우편번호,9,
cdm,shipping_info,psno_new_old_dv_cd,우편번호신구구분코드,10,
cdm,shipping_info,svc_id,카드서비스ID,11,
cdm,shipping_info,nat_cd,국가코드,12,
cdm,shipping_info,htl_dlv_yn,호텔여부,13,
cdm,shipping_info,shpn_hop_dt,배송희망일자,14,
cdm,shipping_info,frnr_city_addr,도시주소,15,
cdm,shipping_info,frnr_stte_addr,지역주소,16,
cdm,shipping_info,bef_crd_svc_id,이전카드서비스ID,17,
cdm,shipping_info,hdfs_upd_dttm,하둡변경일시,18,
cdm,shipping_info_history,id,ID,1,
cdm,shipping_info_history,data_chg_no,데이터변경번호,2,
cdm,shipping_info_history,data_chg_type_cd,데이터변경유형코드,3,
cdm,shipping_info_history,psno,우편번호,4,
cdm,shipping_info_history,sys_upd_dttm,시스템수정일시,5,
cdm,shipping_info_history,hdfs_upd_dttm,하둡변경일시,6,
cdm,shipping_info_history,pt_upd_dt,,7,
cdm,shipping_retry,od_crd_par_no,기존카드PAR번호,1,
cdm,shipping_retry,sys_cre_dttm,시스템생성일시,2,
cdm,shipping_retry,sys_upd_dttm,시스템수정일시,3,
cdm,shipping_retry,re_sndng_rqs_tmcnt,재발송요청횟수,4,
cdm,shipping_retry,hdfs_upd_dttm,하둡변경일시,5,
cdm,shipping_status,crd_brcd_id,카드바코드번호,1,
cdm,shipping_status,sys_cre_dttm,시스템생성일시,2,
cdm,shipping_status,sys_upd_dttm,시스템수정일시,3,
cdm,shipping_status,crd_shpn_bat_sno,배치ID,4,
cdm,shipping_status,crd_shpn_st_cd,카드배송상태코드,5,
cdm,shipping_status,psrv_ivc_no,택배송장번호,6,
cdm,shipping_status,shpn_enp_cd,배송업체코드,7,
cdm,shipping_status,nspc_reg_dttm,심사등록일시,8,
cdm,shipping_status,shpn_dttm,배송일시,9,
cdm,shipping_status,snbk_rcp_dttm,반송접수일시,10,
cdm,shipping_status,snbk_rsn_cn,반송사유내용,11,
cdm,shipping_status,outs_shpn_st_cd,외부배송상태코드,12,
cdm,shipping_status,outs_snbk_rsn_cd,외부반송사유코드,13,
cdm,shipping_status,outs_takp_rel_cd,외부수령자관계코드,14,
cdm,shipping_status,outs_takp_full_nm,외부수령자성명,15,
cdm,shipping_status,outs_tak_cplt_dttm,외부수령완료일시,16,
cdm,shipping_status,re_cre_par_no,재생성PAR번호,17,
cdm,shipping_status,hdfs_upd_dttm,하둡변경일시,18,
cdm,shipping_try,crd_shpn_rqs_sno,ID,1,
cdm,shipping_try,sys_cre_dttm,시스템생성일시,2,
cdm,shipping_try,sys_upd_dttm,시스템수정일시,3,
cdm,shipping_try,rqs_copt_cd,요청컴포넌트코드,4,
cdm,shipping_try,crd_shpn_try_st_cd,카드배송상태코드,5,
cdm,shipping_try,shpn_try_st_cd,배송시도상태코드,6,
cdm,shipping_try,crd_shpn_sno,카드배송ID,7,
cdm,shipping_try,crd_brcd_id,카드바코드번호,8,
cdm,shipping_try,org_crd_par_no,원카드PAR번호,9,
cdm,shipping_try,re_shpn_xp,재배송비용,10,
cdm,shipping_try,re_shpn_xp_impn_mth_cd,재배송비용부과방법코드,11,
cdm,shipping_try,bef_crd_shpn_rqs_sno,이전카드배송ID,12,
cdm,shipping_try,enc_shpn_crdno,암호화배송카드번호,13,
cdm,shipping_try,chrg_crd_type_cd,충전카드유형코드,14,
cdm,shipping_try,crd_apl_no,카드신청번호,15,
cdm,shipping_try,od_crd_par_no,기존카드PAR번호,16,
cdm,shipping_try,crd_shpn_type_cd,ROUTE_TYPE,17,
cdm,shipping_try,hdfs_upd_dttm,하둡변경일시,18,
cms,cms_cnvg_par,par_no,PAR번호,1,
cms,cms_cnvg_par,cnvg_par_no,결합PAR번호,2,
cms,cms_cnvg_par,svc_id,서비스ID,3,
cms,cms_cnvg_par,mbr_id,회원ID,4,
cms,cms_cnvg_par,main_crd_yn,주카드여부,5,
cms,cms_cnvg_par,sys_cre_dttm,시스템생성일시,6,
cms,cms_cnvg_par,tid,TID,7,
cms,cms_cnvg_par,sys_upd_dttm,시스템수정일시,8,
cms,cms_cnvg_par,cre_dt,생성일자,9,
cms,cms_cnvg_par,asp_id,ASP_ID,10,
cms,cms_cnvg_par,hdfs_upd_dttm,하둡변경일시,11,
cms,cms_crd_vl_prid_exts,par_no,PAR,1,
cms,cms_crd_vl_prid_exts,crd_vl_prid_chg_aft_dt,카드유효기간변경이후일자,2,
cms,cms_crd_vl_prid_exts,crd_vl_prid_chg_bef_dt,카드유효기간변경이전일자,3,
cms,cms_crd_vl_prid_exts,crd_vl_prid_chgr_nm,카드유효기간변경자명,4,
cms,cms_crd_vl_prid_exts,cre_dt,생성일자,5,
cms,cms_crd_vl_prid_exts,tid,TID,6,
cms,cms_crd_vl_prid_exts,sys_cre_dttm,시스템생성일시,7,
cms,cms_crd_vl_prid_exts,sys_upd_dttm,시스템수정일시,8,
cms,cms_crd_vl_prid_exts,hdfs_upd_dttm,하둡변경일시,9,
cms,deduction_info,pt_reg_dt,파티션,1,
cms,deduction_info,incde_reg_sno,ID,2,
cms,deduction_info,par_no,PAR번호,3,
cms,deduction_info,rsno,USER_SSN,4,
cms,deduction_info,pstn_autht_type_cd,소득공제검증유형코드,5,
cms,deduction_info,incde_dttm,소득공제일시,6,
cms,deduction_info,sys_cre_dttm,시스템생성일시,7,
cms,deduction_info,chg_dttm,변경일시,8,
cms,deduction_info,mbr_id,회원ID,9,
cms,deduction_info,pstn_autht_sno,CVS컴포넌트매핑ID,10,
cms,deduction_info,hdfs_upd_dttm,하둡변경일시,11,
cms,epar,afc_par_no,제휴사PAR번호,1,제휴사PAR매핑
cms,epar,afc_cd,제휴사코드,2,제휴사PAR매핑
cms,epar,afc_par_mapng_id,제휴사PAR매핑ID,3,제휴사PAR매핑
cms,epar,afc_nm,제휴사명,4,제휴사PAR매핑
cms,epar,par_no,PAR번호,5,제휴사PAR매핑
cms,epar,afc_mapng_act_st_cd,제휴사매핑활성상태코드,6,제휴사PAR매핑
cms,epar,sys_cre_dttm,시스템생성일시,7,제휴사PAR매핑
cms,epar,sys_upd_dttm,시스템수정일시,8,제휴사PAR매핑
cms,epar,afc_par_cd,제휴사PAR코드,9,제휴사PAR매핑
cms,epar,hdfs_upd_dttm,하둡변경일시,10,제휴사PAR매핑
cms,etoken,acqr_dv_cd,매입사구분코드,1,
cms,etoken,sppm_crdno,간편결제카드번호,2,
cms,etoken,sppm_cd,간편결제코드,3,
cms,etoken,sys_cre_dttm,시스템생성일시,4,
cms,etoken,tid,TID,5,
cms,etoken,sys_upd_dttm,시스템수정일시,6,
cms,etoken,sys_upd_dt,시스템수정일자,7,
cms,etoken,sppm_crd_upd_dt,간편결제카드수정일자,8,
cms,etoken,vl_exn_dt,유효만료일자,9,
cms,etoken,par_no,PAR번호,10,
cms,etoken,sppm_crd_st_cd,간편결제카드상태코드,11,
cms,etoken,crdno,카드번호,12,
cms,etoken,sppm_nm,간편결제명,13,
cms,etoken,svc_id,서비스ID,14,
cms,etoken,mbr_id,회원ID,15,
cms,etoken,isu_dt,발급일자,16,
cms,etoken,rsg_dt,해지일자,17,
cms,etoken,stop_dt,정지일자,18,
cms,etoken,dsc_dt,폐기일자,19,
cms,etoken,hdfs_upd_dttm,하둡변경일시,20,
cms,named_info,id,ID,1,
cms,named_info,par_no,PAR번호,2,
cms,named_info,user_sub_ssn,USER_SUB_SSN,3,
cms,named_info,bank_acc_auth_id,BANK_ACC_AUTH_ID,4,
cms,named_info,corp_sgzn_yn,법인기명화여부,5,
cms,named_info,sgzn_dttm,기명화일시,6,
cms,named_info,sys_cre_dttm,시스템생성일시,7,
cms,named_info,chg_dttm,변경일시,8,
cms,named_info,sgzn_apl_mes_cd,기명화신청수단명,9,
cms,named_info,hdfs_upd_dttm,하둡변경일시,10,
cms,pan_chan_his,pan_st_hist_sno,이력일련번호,1,
cms,pan_chan_his,sys_cre_dttm,시스템생성일시,2,
cms,pan_chan_his,par_no,PAR번호,3,
cms,pan_chan_his,psn,PAN일련번호,4,
cms,pan_chan_his,pan_lf_cyc_val,PAN수명주기값,5,
cms,pan_chan_his,pan_st_cd,현재카드상태코드,6,
cms,pan_chan_his,bef_pan_st_cd,이전카드상태코드,7,
cms,pan_chan_his,hist_log,HIST_LOG,8,
cms,pan_chan_his,hist_type,HIST_TYPE,9,
cms,pan_chan_his,mbr_id,회원ID,10,
cms,pan_chan_his,crd_conn_chg_owr_cd,카드연결변경주체코드,11,
cms,pan_chan_his,rltg_crd_conn_yn,실물카드연결여부,12,
cms,pan_chan_his,is_first,IS_FIRST,13,
cms,pan_chan_his,var_nm1,구분값,14,
cms,pan_chan_his,var_cn1,구분코드,15,
cms,pan_chan_his,sevr_nm,서버명,16,
cms,pan_chan_his,tid,TID,17,
cms,pan_chan_his,rltg_crd_conn_dttm,실물카드연결일시,18,
cms,pan_chan_his,crd_st_chg_owr_cd,카드상태변경주체코드,19,
cms,pan_chan_his,stlm_psbl_st_cd,결제가능상태코드,20,
cms,pan_chan_his,stlm_try_tmcnt,결제시도횟수,21,
cms,pan_chan_his,last_stlm_try_dttm,마지막결제시도일시,22,
cms,pan_chan_his,corp_chg_dttm,법인변경일시,23,
cms,pan_chan_his,corp_yn,법인여부,24,
cms,pan_chan_his,var_nm2,수단구분코드,25,
cms,pan_chan_his,var_cn2,수단구분내요,26,
cms,pan_chan_his,mbr_conn_dt,연결일시,27,
cms,pan_chan_his,hdfs_upd_dttm,하둡변경일시,28,
cms,pan_chan_his,pt_reg_d,,29,
cms,pan_info,sys_cre_dttm,시스템생성일시,1,
cms,pan_info,pan_no,암호화PAN번호,2,
cms,pan_info,par_no,PAR번호,3,
cms,pan_info,mbr_id,회원ID,4,
cms,pan_info,svc_id,서비스ID,5,
cms,pan_info,bef_crd_st_cd,이전카드상태코드,6,
cms,pan_info,pan_st_cd,현재카드상태코드,7,
cms,pan_info,sys_upd_dttm,변경일시,8,
cms,pan_info,pan_vl_exn_dt,PAN유효기간일자,9,
cms,pan_info,urge_psh_trsf_tmcnt,독촉푸시전송횟수,10,
cms,pan_info,vl_prid_exts_crd_yn,유효기간연장카드여부,11,
cms,pan_info,vl_prid_exts_tmcnt,유효기간연장횟수,12,
cms,pan_info,pan_lf_cyc_val,PAN수명주기값,13,
cms,pan_info,psn,생성PAN일련번호,14,
cms,pan_info,rltg_crd_cre_bat_id,실물카드생성배치ID,15,
cms,pan_info,csn_no,EMV값,16,
cms,pan_info,rltg_crd_conn_yn,월렛연동여부,17,
cms,pan_info,mb_rltg_crd_dv_cd,카드모바일실물구분코드,18,
cms,pan_info,ppm_stlm_crd_prd_type_cd,선불결제카드상품유형코드,19,
cms,pan_info,asp_id,ASP_ID,20,
cms,pan_info,rltg_crd_conn_dttm,실물카드연결일시,21,
cms,pan_info,rltg_crd_conn_copt_nm,실물카드연결컴포넌트명,22,
cms,pan_info,pan_st_chg_owr_nm,카드상태변경주체명,23,
cms,pan_info,stlm_psbl_st_cd,PAYABLE,24,
cms,pan_info,stlm_try_tmcnt,PAY_TRY_COUNT,25,
cms,pan_info,rcnt_stlm_try_dttm,LAST_PAY_TRY_DATE,26,
cms,pan_info,main_crd_yn,주카드여부,27,
cms,pan_info,corp_chg_dttm,법인변경일시,28,
cms,pan_info,corp_yn,법인여부,29,
cms,pan_info,bef_mb_rltg_crd_dv_cd,송신카드모바일실물구분코드,30,
cms,pan_info,mb_pre_isu_yn,모바일선발급여부,31,
cms,pan_info,mb_pre_isu_owr_cd,모바일선발급주체코드,32,
cms,pan_info,mbr_conn_dt,연결일시,33,
cms,pan_info,hdfs_upd_dttm,하둡변경일시,34,
cms,pan_info,pan_vl_prid_dt,PAN유효기간,35,
cms,pan_info,vl_prid_exts_mcnt,PAN유효기간 연장개월수,36,
cms,pan_info,par_cnvg_trgt_crdcnt,PAR 결합대상 카드수,37,
cms,pan_info,par_cnvg_rqs_crdcnt,PAR결합요청카드수,38,
cms,par_map,par_mapng_id,PAR매핑ID,1,
cms,par_map,par_no,PAR번호,2,
cms,par_map,sys_cre_dttm,시스템생성일시,3,
cms,par_map,copy_owr_nm,복사주체명,4,
cms,par_map,hdfs_upd_dttm,하둡변경일시,5,
cms,par_map,pt_cre_yy,,6,
crm,tb_cmmn_code,cnsl_cd_grp_id,상담코드그룹ID,1,고객센터 공통코드
crm,tb_cmmn_code,cm_cd,공통코드,2,고객센터 공통코드
crm,tb_cmmn_code,cdnm,코드명,3,고객센터 공통코드
crm,tb_cmmn_code,lnup_ode,정렬순서,4,고객센터 공통코드
crm,tb_cmmn_code,del_yn,삭제여부,5,고객센터 공통코드
crm,tb_cmmn_code,prcs_dt,처리일자,6,고객센터 공통코드
crm,tb_cmmn_code,apy_stge_verno,적용단계버전번호,7,고객센터 공통코드
crm,tb_cmmn_code,sub_cd,세부코드,8,고객센터 공통코드
crm,tb_cmmn_code,copt_cd,컴포넌트코드,9,고객센터 공통코드
crm,tb_cmmn_code,sys_cre_dttm,시스템생성일시,10,고객센터 공통코드
crm,tb_cmmn_code,sys_upd_dttm,시스템수정일시,11,고객센터 공통코드
crm,tb_cmmn_code,hdfs_upd_dttm,하둡변경일시,12,고객센터 공통코드
crm,tb_consulting_code,cnsl_cd_grp_id,상담코드그룹ID,1,
crm,tb_consulting_code,cnsl_cd,상담코드,2,
crm,tb_consulting_code,cdnm,코드명,3,
crm,tb_consulting_code,lnup_ode,정렬순서,4,
crm,tb_consulting_code,del_yn,삭제여부,5,
crm,tb_consulting_code,prcs_dt,처리일자,6,
crm,tb_consulting_code,sys_upd_dttm,시스템수정일시,7,
crm,tb_consulting_code,dscr_cn,설명내용,8,
crm,tb_consulting_code,hdfs_upd_dttm,하둡변경일시,9,
crm,tb_consulting_log,cnsl_hist_sno,상담이력일련번호,1,
crm,tb_consulting_log,cslr_id,상담원ID,2,
crm,tb_consulting_log,ctc_scrn_id,고객센터화면ID,3,
crm,tb_consulting_log,asp_id,ASP_ID,4,
crm,tb_consulting_log,asp_nm,ASP명,5,
crm,tb_consulting_log,srch_trgt_id,검색대상ID,6,
crm,tb_consulting_log,voc_type_cd,VOC유형코드,7,
crm,tb_consulting_log,cnsl_ctg_lcl_cd,상담카테고리대분류코드,8,
crm,tb_consulting_log,cnsl_ctg_mcl_cd,상담카테고리중분류코드,9,
crm,tb_consulting_log,cnsl_ctg_scl_cd,상담카테고리소분류코드,10,
crm,tb_consulting_log,cnsl_prcr_cd,상담처리결과코드,11,
crm,tb_consulting_log,prcs_dt,처리일자,12,
crm,tb_consulting_log,sys_upd_dttm,시스템수정일시,13,
crm,tb_consulting_log,vldn_dt,확인일자,14,
crm,tb_consulting_log,pwfl_voc_yn,강성VOC여부,15,
crm,tb_consulting_log,mc_type_cd,가맹점유형코드,16,
crm,tb_consulting_log,inbd_outbd_dv_cd,인바운드아웃바운드구분코드,17,
crm,tb_consulting_log,wat_ordr_asgn_sno,대기주문배정일련번호,18,
crm,tb_consulting_log,outr_nfct_itt_yn,대외알림의도여부,19,
crm,tb_consulting_log,rwd_reu_yn,보상요구여부,20,
crm,tb_consulting_log,etc_reu_yn,기타요구여부,21,
crm,tb_consulting_log,hdfs_upd_dttm,하둡변경일시,22,
crs,coupon,cpn_no,쿠폰번호,1,
crs,coupon,rc_id,충전상ID,2,
crs,coupon,sys_cre_dttm,시스템생성일시,3,
crs,coupon,sys_upd_dttm,시스템수정일시,4,
crs,coupon,id,ID,5,
crs,coupon,hdfs_upd_dttm,하둡변경일시,6,
crs,lottery,id,ID,1,
crs,lottery,game_no,게임번호,2,
crs,lottery,game_tmcnt,게임횟수,3,
crs,lottery,lott_sll_mc_id,로또판매가맹점ID,4,
crs,lottery,asp_id,ASP_ID,5,
crs,lottery,sys_cre_dttm,시스템생성일시,6,
crs,lottery,sys_upd_dttm,시스템수정일시,7,
crs,lottery,ldng_url_addr,랜딩URL주소,8,
crs,lottery,amt_bytp_game_tmcnt,금액유형별게임횟수,9,
crs,lottery,org_amt_dv_cd,원금액구분코드,10,
crs,lottery,hdfs_upd_dttm,하둡변경일시,11,
crs,lucky,luck_plcy_id,럭키권정책ID,1,
crs,lucky,game_tmcnt,게임횟수,2,
crs,lucky,asp_id,ASP_ID,3,
crs,lucky,sys_cre_dttm,시스템생성일시,4,
crs,lucky,sys_upd_dttm,시스템수정일시,5,
crs,lucky,ldng_url,랜딩URL,6,
crs,lucky,game_prnd_amt,게임회당금액,7,
crs,lucky,game_prnd_amt_type_cd,게임회당금액유형코드,8,
crs,lucky,hdfs_upd_dttm,하둡변경일시,9,
crs,point,pnt,포인트,1,
crs,point,exn_dd,만료일,2,
crs,point,byidv_max_dsb_tmcnt,개인별최대지급횟수,3,
crs,point,max_dsb_tmcnt,최대지급횟수,4,
crs,point,ap_sndng_msg_cn,앱발송메시지내용,5,
crs,point,sys_cre_dttm,시스템생성일시,6,
crs,point,sys_upd_dttm,시스템수정일시,7,
crs,point,pnt_plcy_id,포인트정책ID,8,
crs,point,famt_frte_dv_cd,정액정률구분코드,9,
crs,point,bnf_kd_cd,혜택종류코드,10,
crs,point,ka_id,KA_ID,11,
crs,point,pnt_bowr_grp_id,포인트부담주체그룹ID,12,
crs,point,id,ID,13,
crs,point,pnt_plcy_trgt_dv_cd,포인트정책대상구분코드,14,
crs,point,pnt_plcy_type_cd,포인트정책유형코드,15,
crs,point,pnt_plcy_nm,포인트정책명,16,
crs,point,svc_grp_id,서비스그룹ID,17,
crs,point,acum_val_owr_nm,누적값주체명,18,
crs,point,acum_val_kd_cd,누적값종류코드,19,
crs,point,acum_val_dt_type_cd,누적값일자유형코드,20,
crs,point,acum_eon,누적유무,21,
crs,point,mm_lm_plcy_ignr_eon,월제한정책무시유무,22,
crs,point,yy_lm_plcy_ignr_eon,년제한정책무시유무,23,
crs,point,rate_pnt_plcy_id,비율포인트정책ID,24,
crs,point,pnt_dv_cd,포인트구분코드,25,
crs,point,acum_trgt_dv_cd,누적대상구분코드,26,
crs,point,cllc_kd_cd,회수종류코드,27,
crs,point,hdfs_upd_dttm,하둡변경일시,28,
crs,reward,asp_id,ASP_ID,1,
crs,reward,cnd_type_cd,조건유형코드,2,
crs,reward,rwd_prod_id,보상프로시저ID,3,
crs,reward,rwd_plcy_nm,보상정책명,4,
crs,reward,rwd_label_nm,보상라벨명,5,
crs,reward,rwd_kd_cd,보상종류코드,6,
crs,reward,ownr_nm,소유자명,7,
crs,reward,psh_tit,푸시제목명,8,
crs,reward,psh_cn,푸시내용,9,
crs,reward,strt_dt,시작일자,10,
crs,reward,end_dt,종료일자,11,
crs,reward,sys_cre_dttm,시스템생성일시,12,
crs,reward,sys_upd_dttm,시스템수정일시,13,
crs,reward,rwd_plcy_st_cd,보상정책상태코드,14,
crs,reward,rwd_plcy_rep_val,보상정책대표값,15,
crs,reward,rwd_id,보상ID,16,
crs,reward,rwd_plcy_dtl_id,보상정책상세ID,17,
crs,reward,rwd_param_id,보상파라미터ID,18,
crs,reward,rwd_param_grp_id,보상파라미터그룹ID,19,
crs,reward,hdfs_upd_dttm,하둡변경일시,20,
crs,target,acum_evt_rwd_plcy_id,ID,1,
crs,target,acum_evt_sno,누적이벤트ID,2,
crs,target,sys_cre_dttm,시스템생성일시,3,
crs,target,sys_upd_dttm,시스템수정일시,4,
crs,target,hdfs_upd_dttm,하둡변경일시,5,
crs,ticket,etk_plcy_id,ID,1,
crs,ticket,etr_plcy_sno,응모권ID,2,
crs,ticket,sys_cre_dttm,시스템생성일시,3,
crs,ticket,sys_upd_dttm,시스템수정일시,4,
crs,ticket,hdfs_upd_dttm,하둡변경일시,5,
cs,cs_kcp_chrg_autht_key,kcp_chrg_autht_key_sno,KCP충전인증키일련번호,1,KCP충전인증키
cs,cs_kcp_chrg_autht_key,sys_cre_dttm,시스템생성일시,2,KCP충전인증키
cs,cs_kcp_chrg_autht_key,sys_upd_dttm,시스템수정일시,3,KCP충전인증키
cs,cs_kcp_chrg_autht_key,tran_id,트랜잭션ID,4,KCP충전인증키
cs,cs_kcp_chrg_autht_key,rqs_dt,요청일자,5,KCP충전인증키
cs,cs_kcp_chrg_autht_key,asp_id,ASP_ID,6,KCP충전인증키
cs,cs_kcp_chrg_autht_key,rep_ka_id,대표KA_ID,7,KCP충전인증키
cs,cs_kcp_chrg_autht_key,achrg_type_cd,자동충전유형코드,8,KCP충전인증키
cs,cs_kcp_chrg_autht_key,achrg_dt,자동충전일자,9,KCP충전인증키
cs,cs_kcp_chrg_autht_key,cri_lwtlm_amt,기준하한금액,10,KCP충전인증키
cs,cs_kcp_chrg_autht_key,kcp_chrg_autht_key_rqs_dv_cd,KCP충전인증키요청구분코드,11,KCP충전인증키
cs,cs_kcp_chrg_autht_key,mbr_id,회원ID,12,KCP충전인증키
cs,cs_kcp_chrg_autht_key,kcp_mc_type_cd,KCP가맹점유형코드,13,KCP충전인증키
cs,cs_kcp_chrg_autht_key,kcp_mc_grp_id,KCP가맹점그룹ID,14,KCP충전인증키
cs,cs_kcp_chrg_autht_key,par_no,PAR번호,15,KCP충전인증키
cs,cs_kcp_chrg_autht_key,svc_id,서비스ID,16,KCP충전인증키
cs,cs_kcp_chrg_autht_key,svc_nm,서비스명,17,KCP충전인증키
cs,cs_kcp_chrg_autht_key,kcp_chrg_st_dv_cd,KCP충전상태구분코드,18,KCP충전인증키
cs,cs_kcp_chrg_autht_key,kcp_crdco_type_cd,KCP카드사유형코드,19,KCP충전인증키
cs,cs_kcp_chrg_autht_key,crdco_nm,카드사명,20,KCP충전인증키
cs,cs_kcp_chrg_autht_key,kcp_chrg_autht_key_val,KCP충전인증키값,21,KCP충전인증키
cs,cs_kcp_chrg_autht_key,kcp_tr_rs_type_cd,KCP거래결과유형코드,22,KCP충전인증키
cs,cs_kcp_chrg_autht_key,chrg_rqs_amt,충전요청금액,23,KCP충전인증키
cs,cs_kcp_chrg_autht_key,achrg_dd,자동충전일,24,KCP충전인증키
cs,cs_kcp_chrg_autht_key,hdfs_upd_dttm,하둡변경일시,25,KCP충전인증키
cs,cs_mcpm_chrg,mcpm_chrg_sno,소액결제충전일련번호,1,소액결제충전
cs,cs_mcpm_chrg,sys_cre_dttm,시스템생성일시,2,소액결제충전
cs,cs_mcpm_chrg,sys_upd_dttm,시스템수정일시,3,소액결제충전
cs,cs_mcpm_chrg,afc_tr_no,제휴사거래번호,4,소액결제충전
cs,cs_mcpm_chrg,tran_id,트랜잭션ID,5,소액결제충전
cs,cs_mcpm_chrg,nr_no,NR번호,6,소액결제충전
cs,cs_mcpm_chrg,rqs_dt,요청일자,7,소액결제충전
cs,cs_mcpm_chrg,kgm_stlm_dv_cd,KG모빌리언스결제구분코드,8,소액결제충전
cs,cs_mcpm_chrg,kgm_mc_svc_key,KG모빌리언스가맹점서비스키,9,소액결제충전
cs,cs_mcpm_chrg,pgc_dv_cd,PG사구분코드,10,소액결제충전
cs,cs_mcpm_chrg,chrg_amt,충전금액,11,소액결제충전
cs,cs_mcpm_chrg,chrg_fee,충전수수료,12,소액결제충전
cs,cs_mcpm_chrg,stlm_amt,결제금액,13,소액결제충전
cs,cs_mcpm_chrg,asp_id,ASP_ID,14,소액결제충전
cs,cs_mcpm_chrg,rep_ka_id,대표KA_ID,15,소액결제충전
cs,cs_mcpm_chrg,mbr_id,회원ID,16,소액결제충전
cs,cs_mcpm_chrg,par_no,PAR번호,17,소액결제충전
cs,cs_mcpm_chrg,svc_id,서비스ID,18,소액결제충전
cs,cs_mcpm_chrg,svc_nm,서비스명,19,소액결제충전
cs,cs_mcpm_chrg,chrg_dv_cd,충전구분코드,20,소액결제충전
cs,cs_mcpm_chrg,org_tran_id,원트랜잭션ID,21,소액결제충전
cs,cs_mcpm_chrg,vl_dttm,유효일시,22,소액결제충전
cs,cs_mcpm_chrg,pos_ins_type_cd,POS입력유형코드,23,소액결제충전
cs,cs_mcpm_chrg,cncl_st_cd,취소상태코드,24,소액결제충전
cs,cs_mcpm_chrg,mcpm_autht_yn,소액결제인증여부,25,소액결제충전
cs,cs_mcpm_chrg,rsp_rs_cd,응답결과코드,26,소액결제충전
cs,cs_mcpm_chrg,rs_msg_cn,결과메시지내용,27,소액결제충전
cs,cs_mcpm_chrg,hdfs_upd_dttm,하둡변경일시,28,소액결제충전
cs,tb_ars_auth_bank_acc_reg,ars_autht_chrg_acn_reg_sno,ARS인증충전계좌등록일련번호,1,ARS인증충전계좌등록
cs,tb_ars_auth_bank_acc_reg,sys_cre_dttm,시스템생성일시,2,ARS인증충전계좌등록
cs,tb_ars_auth_bank_acc_reg,sys_upd_dttm,시스템수정일시,3,ARS인증충전계좌등록
cs,tb_ars_auth_bank_acc_reg,chrg_acn_reg_rqs_no,충전계좌등록요청번호,4,ARS인증충전계좌등록
cs,tb_ars_auth_bank_acc_reg,asp_id,ASP_ID,5,ARS인증충전계좌등록
cs,tb_ars_auth_bank_acc_reg,mbr_id,회원ID,6,ARS인증충전계좌등록
cs,tb_ars_auth_bank_acc_reg,chrg_acn_reg_st_cd,충전계좌등록상태코드,7,ARS인증충전계좌등록
cs,tb_ars_auth_bank_acc_reg,reg_dt,등록일자,8,ARS인증충전계좌등록
cs,tb_ars_auth_bank_acc_reg,pg_nm,PG명,9,ARS인증충전계좌등록
cs,tb_ars_auth_bank_acc_reg,rs_rsn_cd,결과사유코드,10,ARS인증충전계좌등록
cs,tb_ars_auth_bank_acc_reg,rs_cd,결과코드,11,ARS인증충전계좌등록
cs,tb_ars_auth_bank_acc_reg,chrg_acn_reg_dv_cd,충전계좌등록구분코드,12,ARS인증충전계좌등록
cs,tb_ars_auth_bank_acc_reg,pg_apy_svc_nm,PG적용서비스명,13,ARS인증충전계좌등록
cs,tb_ars_auth_bank_acc_reg,eu_acn_bank_cd,전용계좌은행코드,14,ARS인증충전계좌등록
cs,tb_ars_auth_bank_acc_reg,chrg_mhd_itg_dv_cd,충전방식통합구분코드,15,ARS인증충전계좌등록
cs,tb_ars_auth_bank_acc_reg,hdfs_upd_dttm,하둡변경일시,16,ARS인증충전계좌등록
cs,tb_auto_pre_rec_plan,bala_lck_achrg_reg_sno,잔액부족자동충전등록일련번호,1,
cs,tb_auto_pre_rec_plan,sys_cre_dttm,시스템생성일시,2,
cs,tb_auto_pre_rec_plan,sys_upd_dttm,시스템수정일시,3,
cs,tb_auto_pre_rec_plan,asp_id,ASP_ID,4,
cs,tb_auto_pre_rec_plan,mbr_id,회원ID,5,
cs,tb_auto_pre_rec_plan,par_no,PAR번호,6,
cs,tb_auto_pre_rec_plan,svc_id,서비스ID,7,
cs,tb_auto_pre_rec_plan,crd_act_st_cd,카드활성상태코드,8,
cs,tb_auto_pre_rec_plan,reg_dt,등록일자,9,
cs,tb_auto_pre_rec_plan,rqs_chnl_cd,요청채널코드,10,
cs,tb_auto_pre_rec_plan,eu_acn_bank_cd,전용계좌은행코드,11,
cs,tb_auto_pre_rec_plan,hdfs_upd_dttm,하둡변경일시,12,
cs,tb_bank_account,bank_acn_sno,은행계좌일련번호,1,
cs,tb_bank_account,pt_cre_dt,생성일자파티션,2,
cs,tb_bank_account,sys_cre_dttm,시스템생성일시,3,
cs,tb_bank_account,sys_upd_dttm,시스템수정일시,4,
cs,tb_bank_account,acn_reg_ogn_dv_cd,계좌등록기관구분코드,5,
cs,tb_bank_account,bank_cd,은행코드,6,
cs,tb_bank_account,bank_nm,은행명,7,
cs,tb_bank_account,acn_st_cd,계좌상태코드,8,
cs,tb_bank_account,mbr_id,회원ID,9,
cs,tb_bank_account,asp_id,ASP_ID,10,
cs,tb_bank_account,rs_cd,결과코드,11,
cs,tb_bank_account,rs_msg_cn,결과메시지내용,12,
cs,tb_bank_account,cre_type_cd,생성유형코드,13,
cs,tb_bank_account,user_no,사용자번호,14,
cs,tb_bank_account,pg_nm,PG명,15,
cs,tb_bank_account,bank_acn_rgno,은행계좌등록번호,16,
cs,tb_bank_account,hdfs_upd_dttm,하둡변경일시,17,
cs,tb_bp_monthly,mm_unit_achrg_sno,월단위자동충전일련번호,1,
cs,tb_bp_monthly,sys_cre_dttm,시스템생성일시,2,
cs,tb_bp_monthly,sys_upd_dttm,시스템수정일시,3,
cs,tb_bp_monthly,achrg_fail_tmcnt,자동충전실패횟수,4,
cs,tb_bp_monthly,last_achrg_mvm_type_cd,최종자동충전동작유형코드,5,
cs,tb_bp_monthly,last_achrg_rs_cd,최종자동충전결과코드,6,
cs,tb_bp_monthly,achrg_pmnt_type_cd,자동충전지불유형코드,7,
cs,tb_bp_monthly,achrg_amt,자동충전금액,8,
cs,tb_bp_monthly,achrg_dt,자동충전일자,9,
cs,tb_bp_monthly,achrg_plan_act_st_cd,자동충전계획활성상태코드,10,
cs,tb_bp_monthly,achrg_famt_dv_cd,자동충전정액구분코드,11,
cs,tb_bp_monthly,mbr_id,회원ID,12,
cs,tb_bp_monthly,achrg_trgt_crd_par_no,자동충전대상카드PAR번호,13,
cs,tb_bp_monthly,eu_acn_bank_cd,전용계좌은행코드,14,
cs,tb_bp_monthly,hdfs_upd_dttm,하둡변경일시,15,
cs,tb_bp_monthly_log,achrg_mfo_chg_hist_sno,자동충전월정액변경이력일련번호,1,
cs,tb_bp_monthly_log,sys_cre_dttm,시스템생성일시,2,
cs,tb_bp_monthly_log,sys_upd_dttm,시스템수정일시,3,
cs,tb_bp_monthly_log,achrg_fail_tmcnt,자동충전실패횟수,4,
cs,tb_bp_monthly_log,last_achrg_mvm_type_cd,최종자동충전동작유형코드,5,
cs,tb_bp_monthly_log,last_achrg_rs_cd,최종자동충전결과코드,6,
cs,tb_bp_monthly_log,achrg_pmnt_type_cd,자동충전지불유형코드,7,
cs,tb_bp_monthly_log,achrg_amt,자동충전금액,8,
cs,tb_bp_monthly_log,achrg_dt,자동충전일자,9,
cs,tb_bp_monthly_log,achrg_plan_act_st_cd,자동충전계획활성상태코드,10,
cs,tb_bp_monthly_log,achrg_famt_dv_cd,자동충전정액구분코드,11,
cs,tb_bp_monthly_log,mbr_id,회원ID,12,
cs,tb_bp_monthly_log,achrg_trgt_crd_par_no,자동충전대상카드PAR번호,13,
cs,tb_bp_monthly_log,achrg_mfo_sno,자동충전월정액일련번호,14,
cs,tb_bp_monthly_log,hdfs_upd_dttm,하둡변경일시,15,
cs,tb_bp_monthly_log,pt_cre_dt,,16,
cs,tb_bp_threshold,achrg_lwtlm_stn_sno,자동충전하한설정일련번호,1,
cs,tb_bp_threshold,sys_cre_dttm,시스템생성일시,2,
cs,tb_bp_threshold,sys_upd_dttm,시스템수정일시,3,
cs,tb_bp_threshold,achrg_fail_tmcnt,자동충전실패횟수,4,
cs,tb_bp_threshold,last_achrg_mvm_type_cd,최종자동충전동작유형코드,5,
cs,tb_bp_threshold,last_achrg_rs_cd,최종자동충전결과코드,6,
cs,tb_bp_threshold,achrg_pmnt_type_cd,자동충전지불유형코드,7,
cs,tb_bp_threshold,achrg_amt,자동충전금액,8,
cs,tb_bp_threshold,achrg_plan_act_st_cd,자동충전계획활성상태코드,9,
cs,tb_bp_threshold,cri_lwtlm_amt,하한설정금액,10,
cs,tb_bp_threshold,achrg_type_cd,자동충전유형코드,11,
cs,tb_bp_threshold,mbr_id,회원ID,12,
cs,tb_bp_threshold,achrg_trgt_crd_par_no,자동충전대상카드PAR번호,13,
cs,tb_bp_threshold,eu_acn_bank_cd,전용계좌은행코드,14,
cs,tb_bp_threshold,hdfs_upd_dttm,하둡변경일시,15,
cs,tb_charge,chrg_sno,충전일련번호,1,
cs,tb_charge,chrg_tr_prcs_dv_cd,충전거래처리구분코드,2,
cs,tb_charge,mbr_id,회원ID,3,
cs,tb_charge,tran_id,트랜잭션ID,4,
cs,tb_charge,chrg_tr_st_cd,충전거래상태코드,5,
cs,tb_charge,chrg_dv_cd,충전구분코드,6,
cs,tb_charge,chrg_mhd_dv_cd,충전방식구분코드,7,
cs,tb_charge,apv_nt_type_cd,승인망유형코드,8,
cs,tb_charge,chrg_type_cd,충전유형코드,9,
cs,tb_charge,chrg_type_cn,충전유형내용,10,
cs,tb_charge,chrg_type_dtl_cn,충전유형상세내용,11,
cs,tb_charge,crd_chrg_amt,카드충전금액,12,
cs,tb_charge,ral_cust_bu_chrg_amt,실고객부담충전금액,13,
cs,tb_charge,chrg_amt_subt_crd_par_no,충전금액차감카드PAR번호,14,
cs,tb_charge,crd_svc_id,카드서비스ID,15,
cs,tb_charge,chrg_par_no,충전PAR번호,16,
cs,tb_charge,chrg_crd_svc_id,충전카드서비스ID,17,
cs,tb_charge,chrg_amt_dtl_cn,충전금액상세내용,18,
cs,tb_charge,err_rsp_cd,오류응답코드,19,
cs,tb_charge,err_msg_cn,오류메시지내용,20,
cs,tb_charge,cur_type_cd,통화유형코드,21,
cs,tb_charge,cplt_dtl_dttm,완료상세일시,22,
cs,tb_charge,sys_cre_dttm,시스템생성일시,23,
cs,tb_charge,sys_upd_dttm,시스템수정일시,24,
cs,tb_charge,bndl_crd_buy_rep_svc_id,번들카드구매대표서비스ID,25,
cs,tb_charge,org_tran_id,원트랜잭션ID,26,
cs,tb_charge,rqs_amt,요청금액,27,
cs,tb_charge,pnt,포인트,28,
cs,tb_charge,bnf_plcy_nm,혜택정책명,29,
cs,tb_charge,afc_tr_no,제휴사거래번호,30,
cs,tb_charge,cncl_st_cd,취소상태코드,31,
cs,tb_charge,nr_no,NR번호,32,
cs,tb_charge,rqs_copt_cd,요청컴포넌트코드,33,
cs,tb_charge,chrg_tr_type_cd,충전거래유형코드,34,
cs,tb_charge,chrg_rqs_dt,충전요청일자,35,
cs,tb_charge,mc_id,가맹점ID,36,
cs,tb_charge,rqs_asp_id,요청ASP_ID,37,
cs,tb_charge,rqs_mbr_id,요청회원ID,38,
cs,tb_charge,hdfs_upd_dttm,하둡변경일시,39,
cs,tb_pg_kibnet,cocn_defray_sno,쿠콘출금일련번호,1,
cs,tb_pg_kibnet,sys_cre_dttm,시스템생성일시,2,
cs,tb_pg_kibnet,sys_upd_dttm,시스템수정일시,3,
cs,tb_pg_kibnet,cocn_rsp_cd,쿠콘응답코드,4,
cs,tb_pg_kibnet,cocn_rsp_msg_cn,쿠콘응답메시지내용,5,
cs,tb_pg_kibnet,tr_sno,거래일련번호,6,
cs,tb_pg_kibnet,tran_id,트랜잭션ID,7,
cs,tb_pg_kibnet,bank_nm,은행명,8,
cs,tb_pg_kibnet,bank_cd,은행코드,9,
cs,tb_pg_kibnet,asp_id,ASP_ID,10,
cs,tb_pg_kibnet,cocn_dsn_cd,쿠콘지정코드,11,
cs,tb_pg_kibnet,cre_type_cd,생성유형코드,12,
cs,tb_pg_kibnet,defray_tsfr_use_macn_bank_cd,출금이체사용모계좌은행코드,13,
cs,tb_pg_kibnet,hdfs_upd_dttm,하둡변경일시,14,
cs,tb_pg_kibnet_auth_krw,cocn_krw1_autht_sno,쿠콘1원인증일련번호,1,쿠콘1원인증
cs,tb_pg_kibnet_auth_krw,sys_cre_dttm,시스템생성일시,2,쿠콘1원인증
cs,tb_pg_kibnet_auth_krw,sys_upd_dttm,시스템수정일시,3,쿠콘1원인증
cs,tb_pg_kibnet_auth_krw,mbr_id,회원ID,4,쿠콘1원인증
cs,tb_pg_kibnet_auth_krw,api_nm,API명,5,쿠콘1원인증
cs,tb_pg_kibnet_auth_krw,asp_id,ASP_ID,6,쿠콘1원인증
cs,tb_pg_kibnet_auth_krw,tran_id,트랜잭션ID,7,쿠콘1원인증
cs,tb_pg_kibnet_auth_krw,org_ogn_cd,원기관코드,8,쿠콘1원인증
cs,tb_pg_kibnet_auth_krw,krw1_tsfr_rqs_dttm,1원이체요청일시,9,쿠콘1원인증
cs,tb_pg_kibnet_auth_krw,cocn_tr_no,쿠콘거래번호,10,쿠콘1원인증
cs,tb_pg_kibnet_auth_krw,krw1_autht_rqs_bank_cd,1원인증요청은행코드,11,쿠콘1원인증
cs,tb_pg_kibnet_auth_krw,krw1_autht_type_cd,1원인증유형코드,12,쿠콘1원인증
cs,tb_pg_kibnet_auth_krw,autht_no_lnth,인증번호길이,13,쿠콘1원인증
cs,tb_pg_kibnet_auth_krw,autht_phr_cn,인증문구내용,14,쿠콘1원인증
cs,tb_pg_kibnet_auth_krw,krw1_tsfr_tr_dt,1원이체거래일자,15,쿠콘1원인증
cs,tb_pg_kibnet_auth_krw,krw1_tsfr_tr_ti,1원이체거래시각,16,쿠콘1원인증
cs,tb_pg_kibnet_auth_krw,cocn_rsp_krw1_tsfr_tr_no,쿠콘응답1원이체거래번호,17,쿠콘1원인증
cs,tb_pg_kibnet_auth_krw,cocn_rsp_autht_no_lnth,쿠콘응답인증번호길이,18,쿠콘1원인증
cs,tb_pg_kibnet_auth_krw,rqs_vrfc_tr_dt,요청검증거래일자,19,쿠콘1원인증
cs,tb_pg_kibnet_auth_krw,rqs_vrfc_tr_no,요청검증거래번호,20,쿠콘1원인증
cs,tb_pg_kibnet_auth_krw,rqs_vrfc_no,요청검증번호,21,쿠콘1원인증
cs,tb_pg_kibnet_auth_krw,cocn_rsp_vrfc_tr_dt,쿠콘응답검증거래일자,22,쿠콘1원인증
cs,tb_pg_kibnet_auth_krw,cocn_rsp_vrfc_tr_no,쿠콘응답검증거래번호,23,쿠콘1원인증
cs,tb_pg_kibnet_auth_krw,rsp_vrfc_no,응답검증번호,24,쿠콘1원인증
cs,tb_pg_kibnet_auth_krw,cocn_rsp_dttm,쿠콘응답일시,25,쿠콘1원인증
cs,tb_pg_kibnet_auth_krw,cocn_rsp_cd,쿠콘응답코드,26,쿠콘1원인증
cs,tb_pg_kibnet_auth_krw,err_rsp_cd,오류응답코드,27,쿠콘1원인증
cs,tb_pg_kibnet_auth_krw,hdfs_upd_dttm,하둡변경일시,28,쿠콘1원인증
cs,tb_pg_kibnet_auth_krw,pt_sys_cre_dttm,,29,쿠콘1원인증
cs,tb_pg_kibnet_va,cocn_ars_autht_sno,쿠콘ARS인증일련번호,1,쿠콘ARS인증
cs,tb_pg_kibnet_va,sys_cre_dttm,시스템생성일시,2,쿠콘ARS인증
cs,tb_pg_kibnet_va,sys_upd_dttm,시스템수정일시,3,쿠콘ARS인증
cs,tb_pg_kibnet_va,spps_rs_cd,부가서비스결과코드,4,쿠콘ARS인증
cs,tb_pg_kibnet_va,kn_dlvy_tr_gmno,코나전달거래전문번호,5,쿠콘ARS인증
cs,tb_pg_kibnet_va,cocn_dlvy_tr_no,쿠콘전달거래번호,6,쿠콘ARS인증
cs,tb_pg_kibnet_va,spps_type_cd,부가서비스유형코드,7,쿠콘ARS인증
cs,tb_pg_kibnet_va,mbr_id,회원ID,8,쿠콘ARS인증
cs,tb_pg_kibnet_va,asp_id,ASP_ID,9,쿠콘ARS인증
cs,tb_pg_kibnet_va,org_ogn_cd,원기관코드,10,쿠콘ARS인증
cs,tb_pg_kibnet_va,bank_cd,은행코드,11,쿠콘ARS인증
cs,tb_pg_kibnet_va,tran_id,트랜잭션ID,12,쿠콘ARS인증
cs,tb_pg_kibnet_va,bank_acn_rgno,은행계좌등록번호,13,쿠콘ARS인증
cs,tb_pg_kibnet_va,hdfs_upd_dttm,하둡변경일시,14,쿠콘ARS인증
cs,tb_pg_ob_withdraw,opbk_defray_sno,오픈뱅킹출금일련번호,1,
cs,tb_pg_ob_withdraw,sys_cre_dttm,시스템생성일시,2,
cs,tb_pg_ob_withdraw,sys_upd_dttm,시스템수정일시,3,
cs,tb_pg_ob_withdraw,asp_id,ASP_ID,4,
cs,tb_pg_ob_withdraw,tran_id,트랜잭션ID,5,
cs,tb_pg_ob_withdraw,rqs_bank_tr_id,요청은행거래ID,6,
cs,tb_pg_ob_withdraw,macn_type_cd,모계좌유형코드,7,
cs,tb_pg_ob_withdraw,rqs_defray_bank_cd,요청출금은행코드,8,
cs,tb_pg_ob_withdraw,ogn_cd,기관코드,9,
cs,tb_pg_ob_withdraw,rqs_amt,요청금액,10,
cs,tb_pg_ob_withdraw,rqs_tr_dttm,요청거래일시,11,
cs,tb_pg_ob_withdraw,mbr_id,회원ID,12,
cs,tb_pg_ob_withdraw,user_no,사용자번호,13,
cs,tb_pg_ob_withdraw,lwr_mc_nm,하위가맹점명,14,
cs,tb_pg_ob_withdraw,lwr_mc_asp_id,하위가맹점ASP_ID,15,
cs,tb_pg_ob_withdraw,lwr_mc_bzno,하위가맹점사업자등록번호,16,
cs,tb_pg_ob_withdraw,trmsr_bank_cd,송신자은행코드,17,
cs,tb_pg_ob_withdraw,defray_purp_cd,출금목적코드,18,
cs,tb_pg_ob_withdraw,api_tr_id,API거래ID,19,
cs,tb_pg_ob_withdraw,api_tr_dttm,API거래일시,20,
cs,tb_pg_ob_withdraw,api_rsp_cd,API응답코드,21,
cs,tb_pg_ob_withdraw,api_rsp_msg_cn,API응답메시지내용,22,
cs,tb_pg_ob_withdraw,deps_std_bank_cd,입금표준은행코드,23,
cs,tb_pg_ob_withdraw,deps_bank_brch_cd,입금은행지점코드,24,
cs,tb_pg_ob_withdraw,dpsts_bank_nm,예치금은행명,25,
cs,tb_pg_ob_withdraw,deps_cn,입금내용,26,
cs,tb_pg_ob_withdraw,defray_std_bank_cd,출금표준은행코드,27,
cs,tb_pg_ob_withdraw,defray_bank_brch_cd,출금은행지점코드,28,
cs,tb_pg_ob_withdraw,defray_bank_nm,출금은행명,29,
cs,tb_pg_ob_withdraw,defray_cn,출금내용,30,
cs,tb_pg_ob_withdraw,bank_tr_id,은행거래ID,31,
cs,tb_pg_ob_withdraw,bank_tr_dt,은행거래일자,32,
cs,tb_pg_ob_withdraw,tr_bank_cd,거래은행코드,33,
cs,tb_pg_ob_withdraw,bank_tr_rsp_cd,은행거래응답코드,34,
cs,tb_pg_ob_withdraw,bank_tr_rsp_msg_cn,은행거래응답메시지내용,35,
cs,tb_pg_ob_withdraw,tr_amt,거래금액,36,
cs,tb_pg_ob_withdraw,res_lmt_amt,잔여한도금액,37,
cs,tb_pg_ob_withdraw,err_rsp_cd,오류응답코드,38,
cs,tb_pg_ob_withdraw,rsp_msg_cn,응답메시지내용,39,
cs,tb_pg_ob_withdraw,macn_bank_cd,모계좌은행코드,40,
cs,tb_pg_ob_withdraw,hdfs_upd_dttm,하둡변경일시,41,
cs,tb_policy,id,ID,1,
cs,tb_policy,sys_cre_dttm,시스템생성일시,2,
cs,tb_policy,sys_upd_dttm,시스템수정일시,3,
cs,tb_policy,chrg_tr_mhd_cd,충전거래방식코드,4,
cs,tb_policy,ptm_vldn_dv_cd,시점확인구분코드,5,
cs,tb_policy,rlv_val,해당값,6,
cs,tb_policy,hdfs_upd_dttm,하둡변경일시,7,
cti,consult,id,ID,1,상담원 상담 내역
cti,consult,idx,IDX,2,상담원 상담 내역
cti,consult,contact_id,Contact ID,3,상담원 상담 내역
cti,consult,asp_id,ASP_ID,4,상담원 상담 내역
cti,consult,asp_nm,ASP명,5,상담원 상담 내역
cti,consult,voc_type_nm,VOC유형,6,상담원 상담 내역
cti,consult,main_category_nm,대분류,7,상담원 상담 내역
cti,consult,middle_category_nm,중분류,8,상담원 상담 내역
cti,consult,small_category_nm,소분류,9,상담원 상담 내역
cti,consult,is_dirty_voc,강성VOC여부,10,상담원 상담 내역
cti,consult,process_result_nm,처리결과,11,상담원 상담 내역
cti,consult,reg_dt,OracleDB등록일자,12,상담원 상담 내역
cti,consult,upt_dt,OracleDB수정일자,13,상담원 상담 내역
cti,consult,created_at,AWS데이터생성일자,14,상담원 상담 내역
cti,consult,updated_at,AWS데이터수정일자,15,상담원 상담 내역
cti,consult,hdfs_upd_dttm,하둡변경일시,16,상담원 상담 내역
cti,contact,id,ID,1,ARS로 인입된 콜 정보
cti,contact,contact_id,Contact ID,2,ARS로 인입된 콜 정보
cti,contact,prev_contact_id,콜백체인이전Contact ID,3,ARS로 인입된 콜 정보
cti,contact,next_contact_id,콜백체인다음Contact ID,4,ARS로 인입된 콜 정보
cti,contact,initial_contact_id,콜백체인시작ContactID,5,ARS로 인입된 콜 정보
cti,contact,asp_id,ASP_ID,6,ARS로 인입된 콜 정보
cti,contact,asp_name,ASP_명,7,ARS로 인입된 콜 정보
cti,contact,method,전화방식,8,ARS로 인입된 콜 정보
cti,contact,connected_at,전화연결시간,9,ARS로 인입된 콜 정보
cti,contact,queue_id,대기열ID,10,ARS로 인입된 콜 정보
cti,contact,queue_name,대기열이름,11,ARS로 인입된 콜 정보
cti,contact,enqueue_at,대기열진입시간,12,ARS로 인입된 콜 정보
cti,contact,callback_at,콜백남긴시간,13,ARS로 인입된 콜 정보
cti,contact,callback_canceled_at,콜백자동취소시간,14,ARS로 인입된 콜 정보
cti,contact,callback_sent_at,,15,ARS로 인입된 콜 정보
cti,contact,callback_expired_at,,16,ARS로 인입된 콜 정보
cti,contact,dequeue_at,대기열이탈시간,17,ARS로 인입된 콜 정보
cti,contact,agent_connected_at,상담원연결시간,18,ARS로 인입된 콜 정보
cti,contact,disconnected_at,연결종료시간,19,ARS로 인입된 콜 정보
cti,contact,disconnect_reason,연결종료사유,20,ARS로 인입된 콜 정보
cti,contact,after_contact_work_start_at,후처리작업시작시간,21,ARS로 인입된 콜 정보
cti,contact,after_contact_work_end_at,후처리작업종료시간,22,ARS로 인입된 콜 정보
cti,contact,depth_1,ARS경로1,23,ARS로 인입된 콜 정보
cti,contact,depth_2,ARS경로2,24,ARS로 인입된 콜 정보
cti,contact,depth_3,ARS경로3,25,ARS로 인입된 콜 정보
cti,contact,birth,생년월일,26,ARS로 인입된 콜 정보
cti,contact,user_id,회원ID,27,ARS로 인입된 콜 정보
cti,contact,created_at,AWS데이터생성일자,28,ARS로 인입된 콜 정보
cti,contact,updated_at,AWS데이터수정일자,29,ARS로 인입된 콜 정보
cti,contact,hdfs_upd_dttm,하둡변경일시,30,ARS로 인입된 콜 정보
cti,contact,agent_id,상담원ID,31,ARS로 인입된 콜 정보
cvs,cert_verification_info,rnm_autht_sno,실명인증일련번호,1,신분증인증정보테이블
cvs,cert_verification_info,sys_cre_dttm,시스템생성일자,2,신분증인증정보테이블
cvs,cert_verification_info,mbr_id,회원ID,3,신분증인증정보테이블
cvs,cert_verification_info,rqs_copt_nm,요청컴포넌트명,4,신분증인증정보테이블
cvs,cert_verification_info,rqs_chnl_cd,요청채널코드,5,신분증인증정보테이블
cvs,cert_verification_info,rnm_autht_mhd_cd,실명인증방식코드,6,신분증인증정보테이블
cvs,cert_verification_info,isu_dt,발급일자,7,신분증인증정보테이블
cvs,cert_verification_info,isu_ogn_nm,발급기관명,8,신분증인증정보테이블
cvs,cert_verification_info,sys_upd_dttm,시스템수정일자,9,신분증인증정보테이블
cvs,cert_verification_info,rcnt_info_yn,최근정보여부,10,신분증인증정보테이블
cvs,cert_verification_info,rnm_autht_st_cd,실명인증상태코드,11,신분증인증정보테이블
cvs,cert_verification_info,hdfs_upd_dttm,하둡변경일시,12,신분증인증정보테이블
dap,dap_crtv,crtv_id,소재식별키,1,
dap,dap_crtv,sys_cre_dttm,시스템생성일시,2,
dap,dap_crtv,tid,TID,3,
dap,dap_crtv,sys_upd_dttm,시스템수정일시,4,
dap,dap_crtv,cre_dt,생성일자,5,
dap,dap_crtv,advts_bztp_nm,소재를등록한광고주의업종,6,
dap,dap_crtv,advts_id,소재를등록한광고주ID,7,
dap,dap_crtv,advts_nm,소재를등록한광고주명,8,
dap,dap_crtv,asp_id,ASP_ID,9,
dap,dap_crtv,crtv_emps_yn,소재강조여부,10,
dap,dap_crtv,crtv_emps_day_array,소재가강조된요일배열,11,
dap,dap_crtv,crtv_exps_tmcnt,소재노출횟수,12,
dap,dap_crtv,crtv_exps_yn,소재노출여부,13,
dap,dap_crtv,crtv_trgt_age_array,소재노출대상연령배열,14,
dap,dap_crtv,crtv_trgt_os_dv_cd,소재노출대상기기OS,15,
dap,dap_crtv,crtv_trgt_sex_dv_cd,소재노출대상성별,16,
dap,dap_crtv,crtv_exps_strt_dttm,소재노출시작일시,17,
dap,dap_crtv,crtv_exps_strt_dt,소재노출시작일자,18,
dap,dap_crtv,crtv_exps_end_dttm,소재노출종료일시,19,
dap,dap_crtv,crtv_exps_end_dt,소재노출종료일자,20,
dap,dap_crtv,crtv_file_url,소재로등록된파일저장URL,21,
dap,dap_crtv,crtv_file_vtc_lnth,소재로등록된파일세로길이,22,
dap,dap_crtv,crtv_file_widt_lnth,소재로등록된파일가로길이,23,
dap,dap_crtv,crtv_xp_cd,소재비용부과종류,24,
dap,dap_crtv,invtr_exps_dv_cd,소재가등록된구좌의노출타입,25,
dap,dap_crtv,invtr_id,소재가등록된구좌ID,26,
dap,dap_crtv,invtr_nm,소재가등록된구좌의이름,27,
dap,dap_crtv,ka_id,KA_ID,28,
dap,dap_crtv,crtv_lk_dv_cd,소재에연결된링크종류,29,
dap,dap_crtv,crtv_lk_url,소재에연결된링크URL,30,
dap,dap_crtv,crtv_nm,소재명,31,
dap,dap_crtv,crtv_chgn_dv_cd,소재과금종류,32,
dap,dap_crtv,crtv_st_dv_cd,소재노출상태,33,
dap,dap_crtv,hdfs_upd_dttm,하둡변경일시,34,
dap,dap_crtv_aud,crtv_id,소재식별키,1,
dap,dap_crtv_aud,rev,REV,2,
dap,dap_crtv_aud,revtype,REVTYPE,3,
dap,dap_crtv_aud,sys_cre_dttm,시스템생성일시,4,
dap,dap_crtv_aud,tid,TID,5,
dap,dap_crtv_aud,sys_upd_dttm,시스템수정일시,6,
dap,dap_crtv_aud,cre_dt,생성일자,7,
dap,dap_crtv_aud,advts_bztp_nm,소재를등록한광고주의업종,8,
dap,dap_crtv_aud,advts_id,소재를등록한광고주ID,9,
dap,dap_crtv_aud,advts_nm,소재를등록한광고주명,10,
dap,dap_crtv_aud,asp_id,ASP_ID,11,
dap,dap_crtv_aud,crtv_emps_yn,소재강조여부,12,
dap,dap_crtv_aud,crtv_emps_day_array,소재가강조된요일배열,13,
dap,dap_crtv_aud,crtv_exps_tmcnt,소재노출횟수,14,
dap,dap_crtv_aud,crtv_exps_yn,소재노출여부,15,
dap,dap_crtv_aud,crtv_trgt_age_array,소재노출대상연령배열,16,
dap,dap_crtv_aud,crtv_trgt_os_dv_cd,소재노출대상기기OS,17,
dap,dap_crtv_aud,crtv_trgt_sex_dv_cd,소재노출대상성별,18,
dap,dap_crtv_aud,crtv_exps_strt_dttm,소재노출시작일시,19,
dap,dap_crtv_aud,crtv_exps_strt_dt,소재노출시작일자,20,
dap,dap_crtv_aud,crtv_exps_end_dttm,소재노출종료일시,21,
dap,dap_crtv_aud,crtv_exps_end_dt,소재노출종료일자,22,
dap,dap_crtv_aud,crtv_file_url,소재로등록된파일저장URL,23,
dap,dap_crtv_aud,crtv_file_vtc_lnth,소재로등록된파일세로길이,24,
dap,dap_crtv_aud,crtv_file_widt_lnth,소재로등록된파일가로길이,25,
dap,dap_crtv_aud,crtv_xp_cd,소재비용부과종류,26,
dap,dap_crtv_aud,invtr_exps_dv_cd,소재가등록된구좌의노출타입,27,
dap,dap_crtv_aud,invtr_id,소재가등록된구좌ID,28,
dap,dap_crtv_aud,invtr_nm,소재가등록된구좌의이름,29,
dap,dap_crtv_aud,ka_id,KA_ID,30,
dap,dap_crtv_aud,crtv_lk_dv_cd,소재에연결된링크종류,31,
dap,dap_crtv_aud,crtv_lk_url,소재에연결된링크URL,32,
dap,dap_crtv_aud,crtv_nm,소재명,33,
dap,dap_crtv_aud,crtv_chgn_dv_cd,소재과금종류,34,
dap,dap_crtv_aud,crtv_st_dv_cd,소재노출상태,35,
dap,dap_crtv_aud,hdfs_upd_dttm,하둡변경일시,36,
dap,dap_invtr,invtr_id,구좌식별키,1,
dap,dap_invtr,sys_cre_dttm,시스템생성일시,2,
dap,dap_invtr,tid,TID,3,
dap,dap_invtr,sys_upd_dttm,시스템수정일시,4,
dap,dap_invtr,cre_dt,생성일자,5,
dap,dap_invtr,asp_id,ASP_ID,6,
dap,dap_invtr,invtr_exps_dv_cd,구좌노출코드,7,
dap,dap_invtr,ka_id,KA_ID,8,
dap,dap_invtr,invtr_nm,구좌명,9,
dap,dap_invtr,invtr_reg_psbl_owr_dv_cd,구좌에소재를등록할수있는주체코드,10,
dap,dap_invtr,invtr_prvw_img_nm,구좌의위치미리보기이미지명,11,
dap,dap_invtr,invtr_prvw_img_url,구좌의위치미리보기이미지가저장된URL주소,12,
dap,dap_invtr,crtv_file_widt_lnth,구좌이미지파일가로길이제한,13,
dap,dap_invtr,crtv_file_vtc_lnth,구좌이미지파일세로길이제한,14,
dap,dap_invtr,file_siz,구좌이미지용량제한,15,
dap,dap_invtr,hdfs_upd_dttm,하둡변경일시,16,
dap,dap_mbr_aph_crtv_agg,mbr_aph_crtv_agg_id,회원접근소재집계ID,1,
dap,dap_mbr_aph_crtv_agg,day_cd,요일코드,2,
dap,dap_mbr_aph_crtv_agg,crtv_aph_dt,소재접근일자,3,
dap,dap_mbr_aph_crtv_agg,crtv_aph_ymdh,소재접근년월일시,4,
dap,dap_mbr_aph_crtv_agg,crtv_aph_dv_cd,소재접근구분코드,5,
dap,dap_mbr_aph_crtv_agg,tcnt,총건수,6,
dap,dap_mbr_aph_crtv_agg,crtv_id,소재ID,7,
dap,dap_mbr_aph_crtv_agg,incmn_ka_id,인입KA_ID,8,
dap,dap_mbr_aph_crtv_agg,crtv_rev,소재REV,9,
dap,dap_mbr_aph_crtv_agg,fage,만연령,10,
dap,dap_mbr_aph_crtv_agg,sex_dv_cd,성별구분코드,11,
dap,dap_mbr_aph_crtv_agg,sys_cre_dttm,시스템생성일시,12,
dap,dap_mbr_aph_crtv_agg,sys_upd_dttm,시스템수정일시,13,
dap,dap_mbr_aph_crtv_agg,hdfs_upd_dttm,하둡변경일시,14,
dap,dap_mbr_aph_crtv_agg,pt_crtv_aph_dt,,15,
dap,dap_mbr_aph_hist,mbr_aph_hist_id,회원접근이력ID,1,회원접근이력
dap,dap_mbr_aph_hist,advts_bztp_nm,광고주업종명,2,회원접근이력
dap,dap_mbr_aph_hist,asp_id,ASP_ID,3,회원접근이력
dap,dap_mbr_aph_hist,crtv_id,소재ID,4,회원접근이력
dap,dap_mbr_aph_hist,crtv_exps_strt_dttm,소재노출시작일시,5,회원접근이력
dap,dap_mbr_aph_hist,crtv_exps_strt_dt,소재노출시작일자,6,회원접근이력
dap,dap_mbr_aph_hist,crtv_exps_end_dttm,소재노출종료일시,7,회원접근이력
dap,dap_mbr_aph_hist,crtv_exps_end_dt,소재노출종료일자,8,회원접근이력
dap,dap_mbr_aph_hist,invtr_exps_dv_cd,구좌노출구분코드,9,회원접근이력
dap,dap_mbr_aph_hist,crtv_xp_cd,소재비용코드,10,회원접근이력
dap,dap_mbr_aph_hist,invtr_nm,구좌명,11,회원접근이력
dap,dap_mbr_aph_hist,ka_id,KA_ID,12,회원접근이력
dap,dap_mbr_aph_hist,crtv_nm,소재명,13,회원접근이력
dap,dap_mbr_aph_hist,crtv_st_dv_cd,소재상태구분코드,14,회원접근이력
dap,dap_mbr_aph_hist,crtv_aph_dttm,소재접근일시,15,회원접근이력
dap,dap_mbr_aph_hist,day_cd,요일코드,16,회원접근이력
dap,dap_mbr_aph_hist,crtv_aph_dt,소재접근일자,17,회원접근이력
dap,dap_mbr_aph_hist,crtv_aph_dv_cd,소재접근구분코드,18,회원접근이력
dap,dap_mbr_aph_hist,fage,만연령,19,회원접근이력
dap,dap_mbr_aph_hist,sex_dv_cd,성별구분코드,20,회원접근이력
dap,dap_mbr_aph_hist,mbr_id,회원ID,21,회원접근이력
dap,dap_mbr_aph_hist,incmn_ka_id,인입KA_ID,22,회원접근이력
dap,dap_mbr_aph_hist,os_dv_cd,OS구분코드,23,회원접근이력
dap,dap_mbr_aph_hist,crtv_lk_dv_cd,소재링크구분코드,24,회원접근이력
dap,dap_mbr_aph_hist,crtv_rev,소재REV,25,회원접근이력
dap,dap_mbr_aph_hist,hdfs_upd_dttm,하둡변경일시,26,회원접근이력
dap,dap_mbr_aph_hist,pt_crtv_aph_dt,,27,회원접근이력
default,audit_impala,repotype,,1,impala조회로그
default,audit_impala,repo,,2,impala조회로그
default,audit_impala,requser,,3,impala조회로그
default,audit_impala,evttime,,4,impala조회로그
default,audit_impala,access,,5,impala조회로그
default,audit_impala,resource,,6,impala조회로그
default,audit_impala,restype,,7,impala조회로그
default,audit_impala,action,,8,impala조회로그
default,audit_impala,result,,9,impala조회로그
default,audit_impala,agent,,10,impala조회로그
default,audit_impala,policy,,11,impala조회로그
default,audit_impala,enforcer,,12,impala조회로그
default,audit_impala,cliip,,13,impala조회로그
default,audit_impala,reqdata,,14,impala조회로그
default,audit_impala,agenthost,,15,impala조회로그
default,audit_impala,logtype,,16,impala조회로그
default,audit_impala,id,,17,impala조회로그
default,audit_impala,seq_num,,18,impala조회로그
default,audit_impala,event_count,,19,impala조회로그
default,audit_impala,event_dur_ms,,20,impala조회로그
default,audit_impala,tags,,21,impala조회로그
default,audit_impala,cluster_name,,22,impala조회로그
default,audit_impala,policy_version,,23,impala조회로그
default,audit_impala,hdfs_upd_dttm,하둡변경일시,24,impala조회로그
default,audit_impala,pt_evttime_yyyymm,,25,impala조회로그
dm,ias_benefit_tran,apv_dt,승인일자,1,
dm,ias_benefit_tran,nr_no,NR번호,2,
dm,ias_benefit_tran,par_no,PAR번호,3,
dm,ias_benefit_tran,bnf_prity,혜택우선순위,4,
dm,ias_benefit_tran,dc_type_cd,할인유형코드,5,
dm,ias_benefit_tran,sub_dc_type_cd,세부할인유형코드,6,
dm,ias_benefit_tran,dc_bnf_id,할인혜택ID,7,
dm,ias_benefit_tran,pnt_plcy_id,포인트정책ID,8,
dm,ias_benefit_tran,pnt_plcy_type_cd,포인트정책유형코드,9,
dm,ias_benefit_tran,cpn_id,쿠폰ID,10,
dm,ias_benefit_tran,dc_cpn_no,할인쿠폰번호,11,
dm,ias_benefit_tran,org_tr_amt,원거래금액,12,
dm,ias_benefit_tran,dc_amt,할인금액,13,
dm,ias_benefit_tran,dcrt,할인율,14,
dm,ias_benefit_tran,user_pnt_rv_amt,사용자포인트적립금액,15,
dm,ias_benefit_tran,crd_pnt_rv_amt,카드포인트적립금액,16,
dm,ias_benefit_tran,prop_dc_amt,적정할인금액,17,
dm,ias_benefit_tran,org_dcrt,원할인율,18,
dm,ias_benefit_tran,dc_con_id,할인계약ID,19,
dm,ias_benefit_tran,acum_amt_incl_yn,누적금액포함여부,20,
dm,ias_benefit_tran,pnt_dv_cd,포인트구분코드,21,
dm,ias_benefit_tran,dc_buamt,할인부담금,22,
dm,ias_benefit_tran,dc_rs_cd,할인결과코드,23,
dm,ias_benefit_tran,mm_arsl_chk_yn,월실적체크여부,24,
dm,ias_benefit_tran,hdfs_upd_dttm,하둡변경일시,25,
dm,ias_benefit_tran,sys_cre_dttm,시스템생성일시,26,
dm,ias_benefit_tran,sys_upd_dttm,시스템수정일시,27,
dm,ias_benefit_tran,mc_buamt_lmt_amt_incl_yn,가맹점할인부담금포함여부,28,
dm,ias_benefit_tran,pacq_clr_type_cd,선매입정산유형코드,29,
dm,ias_benefit_tran,pt_aprv_m,,30,
dm,ias_transaction,apv_dt,승인일자,1,
dm,ias_transaction,nr_no,NR번호,2,
dm,ias_transaction,par_no,PAR번호,3,
dm,ias_transaction,crd_exn_ym,카드만료년월,4,
dm,ias_transaction,isur_id,발급사ID,5,
dm,ias_transaction,tr_af_bala,거래후잔액,6,
dm,ias_transaction,tr_bf_bala,거래전잔액,7,
dm,ias_transaction,tr_type_cd,거래유형코드,8,
dm,ias_transaction,mc_id,가맹점ID,9,
dm,ias_transaction,acqr_id,매입사ID,10,
dm,ias_transaction,bala_use_amt,잔액사용금액,11,
dm,ias_transaction,tr_gm_utc_ti_msec_cnt,거래전문UTC시각밀리초수,12,
dm,ias_transaction,stan,STAN,13,
dm,ias_transaction,apv_ti,승인시각,14,
dm,ias_transaction,apv_no,승인번호,15,
dm,ias_transaction,acn_tsfr_yy_mmdd,계좌이체년월일,16,
dm,ias_transaction,apv_rs_rsp_cd,승인결과응답코드,17,
dm,ias_transaction,mti_cd,MTI코드,18,
dm,ias_transaction,pcs_cd,프로세싱코드,19,
dm,ias_transaction,ppm_crd_prd_type_cd,선불카드상품유형코드,20,
dm,ias_transaction,af_prcr_cd,후처리결과코드,21,
dm,ias_transaction,tran_id,트랜잭션ID,22,
dm,ias_transaction,tr_gm_utc_dtl_dttm,거래전문UTC상세일시,23,
dm,ias_transaction,apv_dtl_dttm,승인상세일시,24,
dm,ias_transaction,mc_nm,가맹점명,25,
dm,ias_transaction,org_tr_nr_no,원거래NR번호,26,
dm,ias_transaction,af_prcs_dtl_dttm,후처리상세일시,27,
dm,ias_transaction,svc_id,서비스ID,28,
dm,ias_transaction,dcrt,할인율,29,
dm,ias_transaction,gm_tr_amt,전문거래금액,30,
dm,ias_transaction,gm_dc_amt,전문할인금액,31,
dm,ias_transaction,enc_tokn_no,암호화TOKEN번호,32,
dm,ias_transaction,tml_tr_dt,단말기거래일자,33,
dm,ias_transaction,dc_amt,할인금액,34,
dm,ias_transaction,cncl_amt,취소금액,35,
dm,ias_transaction,fee,수수료,36,
dm,ias_transaction,fee_sprc,수수료공급가,37,
dm,ias_transaction,exn_crd_fee,만료카드수수료,38,
dm,ias_transaction,exn_crd_sprc,만료카드공급가,39,
dm,ias_transaction,exn_crd_vat,만료카드부가가치세,40,
dm,ias_transaction,fee_vat,수수료부가가치세,41,
dm,ias_transaction,chrg_mhd_crd_kd_cd,충전방식카드종류코드,42,
dm,ias_transaction,tr_crd_type_cd,거래카드유형코드,43,
dm,ias_transaction,rfnd_dc_amt,환불할인금액,44,
dm,ias_transaction,tr_gm_org_pcs_cd,거래전문원프로세싱코드,45,
dm,ias_transaction,trgt_opt_crd_par_no,대상옵션카드PAR번호,46,
dm,ias_transaction,trgt_opt_crd_svc_id,대상옵션카드서비스ID,47,
dm,ias_transaction,xng_ipsb_dt,환불가능일자,48,
dm,ias_transaction,asp_id,ASP_ID,49,
dm,ias_transaction,tr_vat,거래부가가치세,50,
dm,ias_transaction,tr_sprc,거래공급가,51,
dm,ias_transaction,tr_svfe,거래봉사료,52,
dm,ias_transaction,sgzn_yn,기명화여부,53,
dm,ias_transaction,apv_no_sevr_nm,승인번호서버명,54,
dm,ias_transaction,adm_gift_ptn_id,관리자선물파트너ID,55,
dm,ias_transaction,adm_gift_id,관리자선물ID,56,
dm,ias_transaction,acqr_tr_sno,매입사거래일련번호,57,
dm,ias_transaction,pos_ins_type_cd,POS입력유형코드,58,
dm,ias_transaction,isur_ptn_id,발급사파트너ID,59,
dm,ias_transaction,rep_mc_id,대표가맹점ID,60,
dm,ias_transaction,acqr_ctf_cd,매입사인증코드,61,
dm,ias_transaction,acqr_onl_dv_cd,매입사온라인구분코드,62,
dm,ias_transaction,tml_id,단말기ID,63,
dm,ias_transaction,dc_bnf_cd,할인혜택코드,64,
dm,ias_transaction,dc_bnf_sno,할인혜택일련번호,65,
dm,ias_transaction,cncl_org_amt,취소원금액,66,
dm,ias_transaction,cncl_dc_af_amt,취소할인후금액,67,
dm,ias_transaction,dc_rs_cd,할인결과코드,68,
dm,ias_transaction,dc_con_sno,할인계약일련번호,69,
dm,ias_transaction,org_dc_amt,원할인금액,70,
dm,ias_transaction,org_dcrt,원할인율,71,
dm,ias_transaction,mc_buamt_lmt_amt,가맹점부담금한도금액,72,
dm,ias_transaction,mbr_id,회원ID,73,
dm,ias_transaction,acum_amt_incl_yn,누적금액포함여부,74,
dm,ias_transaction,hist_del_yn,이력삭제여부,75,
dm,ias_transaction,cash_chrg_tr_apv_no,캐시충전거래승인번호,76,
dm,ias_transaction,tr_fail_rsn_cd,거래실패사유코드,77,
dm,ias_transaction,dpsts_rc_id,예치금충전상ID,78,
dm,ias_transaction,sub_dc_bnf_cd,세부할인혜택코드,79,
dm,ias_transaction,use_user_pnt_amt,사용사용자포인트금액,80,
dm,ias_transaction,use_crd_pnt_amt,사용카드포인트금액,81,
dm,ias_transaction,tr_user_pnt_amt,거래사용자포인트금액,82,
dm,ias_transaction,tr_crd_pnt_amt,거래카드포인트금액,83,
dm,ias_transaction,rv_user_pnt_amt,적립사용자포인트금액,84,
dm,ias_transaction,rv_crd_pnt_amt,적립카드포인트금액,85,
dm,ias_transaction,mm_arsl_chk_yn,월실적체크여부,86,
dm,ias_transaction,tr_prcs_st_cd,거래처리상태코드,87,
dm,ias_transaction,cpn_id,쿠폰ID,88,
dm,ias_transaction,cpn_no,쿠폰번호,89,
dm,ias_transaction,pton_cncl_dc_amt,부분취소할인금액,90,
dm,ias_transaction,pton_cncl_pnt_amt,부분취소포인트금액,91,
dm,ias_transaction,bzmn_st_cd,사업자상태코드,92,
dm,ias_transaction,pnt_plcy_id,포인트정책ID,93,
dm,ias_transaction,use_pnt_plcy_id,사용포인트정책ID,94,
dm,ias_transaction,rv_pnt_dv_cd,적립포인트구분코드,95,
dm,ias_transaction,use_pnt_dv_cd,사용포인트구분코드,96,
dm,ias_transaction,pnt_plcy_type_cd,포인트정책유형코드,97,
dm,ias_transaction,stlm_mc_id,결제가맹점ID,98,
dm,ias_transaction,acqr_cd,매입사코드,99,
dm,ias_transaction,tr_fail_rsp_cd,거래실패응답코드,100,
dm,ias_transaction,crd_prd_stlm_mhd_cd,카드상품결제방식코드,101,
dm,ias_transaction,pmnt_bank_nm,지불은행명,102,
dm,ias_transaction,pmnt_bank_acno,지불은행계좌번호,103,
dm,ias_transaction,crd_vrfc_par_no,카드검증PAR번호,104,
dm,ias_transaction,owr_ka_id,주체KA_ID,105,
dm,ias_transaction,vat_xcpt_amt,부가가치세제외금액,106,
dm,ias_transaction,vat_xcpt_bala,부가가치세제외잔액,107,
dm,ias_transaction,vat_xcpt_pnt_amt,부가가치세제외포인트금액,108,
dm,ias_transaction,sys_cre_dttm,시스템생성일시,109,
dm,ias_transaction,sys_upd_dttm,시스템수정일시,110,
dm,ias_transaction,tr_rqs_par,거래요청PAR,111,
dm,ias_transaction,enc_tr_rqs_tokn_no,암호화거래요청TOKEN번호,112,
dm,ias_transaction,cnvg_crd_par,결합카드PAR,113,
dm,ias_transaction,fee_shr_ka_id,\t수수료공유KA_ID,114,
dm,ias_transaction,mktn_fee,마케팅수수료,115,
dm,ias_transaction,mktn_fee_plcy_sno,마케팅수수료정책일련번호,116,
dm,ias_transaction,acn_defray_amt,어디서나_계좌출금금액,117,
dm,ias_transaction,hdfs_upd_dttm,하둡변경일시,118,
eas,eas_crd_pkp_gm,gm_sno,전문일련번호,1,카드픽업전문
eas,eas_crd_pkp_gm,sys_cre_dttm,시스템생성일시,2,카드픽업전문
eas,eas_crd_pkp_gm,sys_upd_dttm,시스템수정일시,3,카드픽업전문
eas,eas_crd_pkp_gm,use_amt,사용금액,4,카드픽업전문
eas,eas_crd_pkp_gm,rqsr_nm,요청자명,5,카드픽업전문
eas,eas_crd_pkp_gm,bala_amt,잔액금액,6,카드픽업전문
eas,eas_crd_pkp_gm,bran_cd,브랜드코드,7,카드픽업전문
eas,eas_crd_pkp_gm,cre_dt,생성일자,8,카드픽업전문
eas,eas_crd_pkp_gm,cre_ym,생성년월,9,카드픽업전문
eas,eas_crd_pkp_gm,al_emp_tr_no,제휴사원거래번호,10,카드픽업전문
eas,eas_crd_pkp_gm,ota_dv_cd,OTA구분코드,11,카드픽업전문
eas,eas_crd_pkp_gm,gpt_cd,권종코드,12,카드픽업전문
eas,eas_crd_pkp_gm,crd_pkp_type_cd,카드픽업유형코드,13,카드픽업전문
eas,eas_crd_pkp_gm,rqs_dt,요청일자,14,카드픽업전문
eas,eas_crd_pkp_gm,crd_pkp_br_nm,카드픽업점포명,15,카드픽업전문
eas,eas_crd_pkp_gm,tr_no,거래번호,16,카드픽업전문
eas,eas_crd_pkp_gm,rqs_dttm,요청일시,17,카드픽업전문
eas,eas_crd_pkp_gm,outs_prd_cn,외부상품내용,18,카드픽업전문
eas,eas_crd_pkp_gm,hdfs_upd_dttm,하둡변경일시,19,카드픽업전문
eas,eas_crd_pkp_gm,pt_sys_cre_dt,,20,카드픽업전문
eas,eas_pnt_cvsn_cmpx_tr,al_pnt_cvsn_sno,일련번호,1,포인트전환복합거래
eas,eas_pnt_cvsn_cmpx_tr,mmsp_al_type_cd,멤버십제휴유형코드,2,포인트전환복합거래
eas,eas_pnt_cvsn_cmpx_tr,apv_dt,승인일자,3,포인트전환복합거래
eas,eas_pnt_cvsn_cmpx_tr,al_nm,제휴명,4,포인트전환복합거래
eas,eas_pnt_cvsn_cmpx_tr,asp_id,ASP_ID,5,포인트전환복합거래
eas,eas_pnt_cvsn_cmpx_tr,ka_id,KA_ID,6,포인트전환복합거래
eas,eas_pnt_cvsn_cmpx_tr,mbr_id,회원ID,7,포인트전환복합거래
eas,eas_pnt_cvsn_cmpx_tr,amt,금액,8,포인트전환복합거래
eas,eas_pnt_cvsn_cmpx_tr,tran_id,트랜잭션ID,9,포인트전환복합거래
eas,eas_pnt_cvsn_cmpx_tr,par_no,PAR번호,10,포인트전환복합거래
eas,eas_pnt_cvsn_cmpx_tr,svc_id,서비스ID,11,포인트전환복합거래
eas,eas_pnt_cvsn_cmpx_tr,svc_nm,서비스명,12,포인트전환복합거래
eas,eas_pnt_cvsn_cmpx_tr,data_abt_cri_dt,데이터추출기준일자,13,포인트전환복합거래
eas,eas_pnt_cvsn_cmpx_tr,sys_cre_dttm,시스템생성일시,14,포인트전환복합거래
eas,eas_pnt_cvsn_cmpx_tr,sys_upd_dttm,시스템수정일시,15,포인트전환복합거래
eas,eas_pnt_cvsn_cmpx_tr,hdfs_upd_dttm,하둡변경일시,16,포인트전환복합거래
eas,eas_pnt_cvsn_cmpx_tr,pt_sys_cre_dt,,17,포인트전환복합거래
eas,nh_members_param,asp_id,ASP_ID,1,
eas,nh_members_param,ka_id,KA_ID,2,
eas,nh_members_param,nh_mc_no,농협가맹점번호,3,
eas,nh_members_param,sys_cre_dttm,시스템생성일시,4,
eas,nh_members_param,sys_upd_dttm,시스템수정일시,5,
eas,nh_members_param,hdfs_upd_dttm,하둡변경일시,6,
eas,nh_members_tran_history,nh_pnt_cvsn_id,농협포인트전환ID,1,
eas,nh_members_tran_history,cvsn_dv_cd,전환구분코드,2,
eas,nh_members_tran_history,cvsn_rqs_dttm,전환요청일시,3,
eas,nh_members_tran_history,rsp_dttm,응답일시,4,
eas,nh_members_tran_history,nh_rsp_cd,농협응답코드,5,
eas,nh_members_tran_history,rsp_cn,응답내용,6,
eas,nh_members_tran_history,mbr_id,회원ID,7,
eas,nh_members_tran_history,hld_pnt,보유포인트,8,
eas,nh_members_tran_history,cvsn_rqs_pnt,전환요청포인트,9,
eas,nh_members_tran_history,apv_dt,승인일자,10,
eas,nh_members_tran_history,apv_ti,승인시각,11,
eas,nh_members_tran_history,org_tr_apv_no,원거래승인번호,12,
eas,nh_members_tran_history,org_tr_dt,원거래일자,13,
eas,nh_members_tran_history,org_tr_gmno,원거래전문번호,14,
eas,nh_members_tran_history,cncl_dv_cd,취소구분코드,15,
eas,nh_members_tran_history,nh_mc_no,농협가맹점번호,16,
eas,nh_members_tran_history,sys_cre_dttm,시스템생성일시,17,
eas,nh_members_tran_history,sys_upd_dttm,시스템수정일시,18,
eas,nh_members_tran_history,hdfs_upd_dttm,하둡변경일시,19,
eas,nh_members_tran_history,pt_cre_yy,,20,
eas,nh_point_tran_history,al_pnt_cvsn_sno,제휴포인트전환일련번호,1,
eas,nh_point_tran_history,apv_dt,승인일자,2,
eas,nh_point_tran_history,tr_type_cd,전환유형코드,3,
eas,nh_point_tran_history,mmsp_al_no,멤버십제휴번호,4,
eas,nh_point_tran_history,org_tr_dt,원거래일자,5,
eas,nh_point_tran_history,nh_pnt_cvsn_id,농협포인트전환ID,6,
eas,nh_point_tran_history,tot_sl_amt,총매출금액,7,
eas,nh_point_tran_history,tot_use_pnt,총사용포인트,8,
eas,nh_point_tran_history,bef_res_pnt,이전잔여포인트,9,
eas,nh_point_tran_history,al_res_pnt,제휴잔여포인트,10,
eas,nh_point_tran_history,deps_defray_type_cd,입금출금유형코드,11,
eas,nh_point_tran_history,clr_pnt_amt,정산포인트금액,12,
eas,nh_point_tran_history,clr_nh_mc_no,정산농협가맹점번호,13,
eas,nh_point_tran_history,org_tr_apv_dt,원거래승인일자,14,
eas,nh_point_tran_history,sys_cre_dttm,시스템생성일시,15,
eas,nh_point_tran_history,sys_upd_dttm,시스템수정일시,16,
eas,nh_point_tran_history,hdfs_upd_dttm,하둡변경일시,17,
eas,nh_point_tran_history,pt_cre_yy,,18,
eas,point_tran,al_pnt_cvsn_sno,제휴포인트전환일련번호,1,
eas,point_tran,asp_id,ASP_ID,2,
eas,point_tran,mbr_id,회원ID,3,
eas,point_tran,mmsp_al_type_cd,멤버십제휴유형코드,4,
eas,point_tran,rv_use_dv_cd,적립사용구분코드,5,
eas,point_tran,tr_amt,거래금액,6,
eas,point_tran,par_no,PAR번호,7,
eas,point_tran,svc_id,서비스ID,8,
eas,point_tran,svc_nm,서비스명,9,
eas,point_tran,tran_id,트랜잭션ID,10,
eas,point_tran,sys_cre_dttm,시스템생성일시,11,
eas,point_tran,sys_upd_dttm,시스템수정일시,12,
eas,point_tran,al_nm,제휴명,13,
eas,point_tran,pnt_rv_otln_cn,포인트적립적요내용,14,
eas,point_tran,pnt_vl_dttm,포인트유효일시,15,
eas,point_tran,apv_dt,승인일자,16,
eas,point_tran,apv_cd,승인코드,17,
eas,point_tran,cncl_st_cd,취소상태코드,18,
eas,point_tran,cncl_dt,취소일자,19,
eas,point_tran,afc_tr_id,제휴사거래ID,20,
eas,point_tran,hdfs_upd_dttm,하둡변경일시,21,
eas,point_tran,pt_cre_dt,,22,
edm,partner,afc_sno,제휴사일련번호,1,
edm,partner,sys_cre_dttm,시스템생성일시,2,
edm,partner,sys_upd_dttm,시스템수정일시,3,
edm,partner,afc_exps_ka_id,제휴사노출KA_ID,4,
edm,partner,ka_id,KA_ID,5,
edm,partner,kn_crd_afc_nm,코나카드제휴사명,6,
edm,partner,asp_id,ASP_ID,7,
edm,partner,hdfs_upd_dttm,하둡변경일시,8,
edm,point_provider,al_crd_pnt_pyman_sno,제휴카드포인트지급자일련번호,1,
edm,point_provider,sys_cre_dttm,시스템생성일시,2,
edm,point_provider,sys_upd_dttm,시스템수정일시,3,
edm,point_provider,pnt_bowr_id,포인트부담주체ID,4,
edm,point_provider,asp_id,ASP_ID,5,
edm,point_provider,pnt_plcy_id,포인트정책ID,6,
edm,point_provider,pnt_plcy_nm,포인트정책명,7,
edm,point_provider,plcy_type_cd,정책유형코드,8,
edm,point_provider,ka_id,KA_ID,9,
edm,point_provider,pnt_bowr_grp_id,포인트부담주체그룹ID,10,
edm,point_provider,dsb_mes,지급수단코드,11,
edm,point_provider,psh_sndng_yn,푸시발송여부,12,
edm,point_provider,hdfs_upd_dttm,하둡변경일시,13,
edm,point_transfer,al_crd_pnt_dsb_sno,제휴카드포인트지급일련번호,1,
edm,point_transfer,sys_cre_dttm,시스템생성일시,2,
edm,point_transfer,sys_upd_dttm,시스템수정일시,3,
edm,point_transfer,tr_natv_id,거래고유ID,4,
edm,point_transfer,tran_id,트랜잭션ID,5,
edm,point_transfer,mbr_id,회원ID,6,
edm,point_transfer,chrg_prg_st_cd,충전진행상태코드,7,
edm,point_transfer,al_crd_pnt_pyman_sno,제휴카드포인트지급자일련번호,8,
edm,point_transfer,hld_pnt,보유포인트,9,
edm,point_transfer,svc_id,서비스ID,10,
edm,point_transfer,mbr_par_no,회원PAR번호,11,
edm,point_transfer,copt_rsp_cd,컴포넌트응답코드,12,
edm,point_transfer,err_rsp_cd_cn,오류응답코드내용,13,
edm,point_transfer,apv_type_cd,승인유형코드,14,
edm,point_transfer,apv_cncl_yn,승인취소여부,15,
edm,point_transfer,apv_cncl_dtl_dttm,승인취소상세일시,16,
edm,point_transfer,apv_cncl_tr_id,승인취소거래ID,17,
edm,point_transfer,dsb_mes_cd,지급수단코드,18,
edm,point_transfer,hdfs_upd_dttm,하둡변경일시,19,
ems,ems_bydt_bymbr_chl_sttc,mbr_id,회원ID,1,일별회원별챌린지통계
ems,ems_bydt_bymbr_chl_sttc,chl_id,챌린지ID,2,일별회원별챌린지통계
ems,ems_bydt_bymbr_chl_sttc,cri_yr,기준년도,3,일별회원별챌린지통계
ems,ems_bydt_bymbr_chl_sttc,cri_mm,기준월,4,일별회원별챌린지통계
ems,ems_bydt_bymbr_chl_sttc,cri_dd,기준일,5,일별회원별챌린지통계
ems,ems_bydt_bymbr_chl_sttc,tot_acum_acmp_cnt,총누적달성수,6,일별회원별챌린지통계
ems,ems_bydt_bymbr_chl_sttc,sys_cre_dttm,시스템생성일시,7,일별회원별챌린지통계
ems,ems_bydt_bymbr_chl_sttc,sys_upd_dttm,시스템수정일시,8,일별회원별챌린지통계
ems,ems_bydt_bymbr_chl_sttc,cri_dt,기준일자,9,일별회원별챌린지통계
ems,ems_bydt_bymbr_chl_sttc,td_acmp_cnt,당일달성수,10,일별회원별챌린지통계
ems,ems_bydt_bymbr_chl_sttc,hdfs_upd_dttm,하둡변경일시,11,일별회원별챌린지통계
ems,ems_bydt_bymbr_sttc,mbr_id,회원ID,1,
ems,ems_bydt_bymbr_sttc,cri_yr,기준년도,2,
ems,ems_bydt_bymbr_sttc,cri_mm,기준월,3,
ems,ems_bydt_bymbr_sttc,cri_dd,기준일,4,
ems,ems_bydt_bymbr_sttc,env_mlg_dv_cd,환경마일리지구분코드,5,
ems,ems_bydt_bymbr_sttc,tot_acum_acmp_cnt,총누적달성수,6,
ems,ems_bydt_bymbr_sttc,sys_cre_dttm,시스템생성일시,7,
ems,ems_bydt_bymbr_sttc,sys_upd_dttm,시스템수정일시,8,
ems,ems_bydt_bymbr_sttc,hdfs_upd_dttm,하둡변경일시,9,
ems,ems_chl,chl_id,챌린지ID,1,
ems,ems_chl,env_mlg_id,환경마일리지ID,2,
ems,ems_chl,env_mlg_dv_cd,환경마일리지구분코드,3,
ems,ems_chl,chl_nm,챌린지명,4,
ems,ems_chl,exhb_chl_nm,전시챌린지명,5,
ems,ems_chl,xprsn_strt_dt,표시시작일자,6,
ems,ems_chl,strt_dt,시작일자,7,
ems,ems_chl,end_dt,종료일자,8,
ems,ems_chl,act_st_cd,활성상태코드,9,
ems,ems_chl,exps_yn,노출여부,10,
ems,ems_chl,tot_acum_acmp_cnt,총누적달성수,11,
ems,ems_chl,mssn_lm_step_cnt,미션제한걸음수,12,
ems,ems_chl,mssn_tot_tmcnt,미션총횟수,13,
ems,ems_chl,mlg_cvsn_cri_cnt,마일리지전환기준수,14,
ems,ems_chl,cri_cvsn_mlg,기준전환마일리지,15,
ems,ems_chl,pnt_cvsn_cri_cnt,포인트전환기준수,16,
ems,ems_chl,cri_cvsn_pnt,기준전환포인트,17,
ems,ems_chl,mssn_acmp_dsb_lm_prid_dcnt,미션달성지급제한기간일수,18,
ems,ems_chl,chl_dsb_cri_dv_cd,챌린지지급기준구분코드,19,
ems,ems_chl,pnt_plcy_id,포인트정책ID,20,
ems,ems_chl,pnt_plcy_nm,포인트정책명,21,
ems,ems_chl,pnt_bowr_id,포인트부담주체ID,22,
ems,ems_chl,ptcp_lm_sex_dv_cd,참여제한성별구분코드,23,
ems,ems_chl,ptcp_lm_strt_yr,참여제한시작년도,24,
ems,ems_chl,ptcp_lm_end_yr,참여제한종료년도,25,
ems,ems_chl,end_prea_nfct_cyc_dcnt,종료예정알림주기일수,26,
ems,ems_chl,asp_id,ASP_ID,27,
ems,ems_chl,ka_id,KA_ID,28,
ems,ems_chl,sys_cre_dttm,시스템생성일시,29,
ems,ems_chl,sys_upd_dttm,시스템수정일시,30,
ems,ems_chl,auto_cvsn_supt_yn,자동전환지원여부,31,
ems,ems_chl,auto_dnt_supt_yn,자동기부지원여부,32,
ems,ems_chl,dnt_cmpgn_id,기부캠페인ID,33,
ems,ems_chl,dnt_cmpgn_nm,기부캠페인명,34,
ems,ems_chl,hdfs_upd_dttm,하둡변경일시,35,
ems,ems_chl_ptcp,mbr_id,회원ID,1,
ems,ems_chl_ptcp,chl_id,챌린지ID,2,
ems,ems_chl_ptcp,env_mlg_dv_cd,환경마일리지구분코드,3,
ems,ems_chl_ptcp,env_mlg_enp_dv_cd,환경마일리지업체구분코드,4,
ems,ems_chl_ptcp,ptcp_dt,참여일자,5,
ems,ems_chl_ptcp,mssn_stge_no,미션단계번호,6,
ems,ems_chl_ptcp,tot_acum_acmp_cnt,총누적달성수,7,
ems,ems_chl_ptcp,cplt_yn,완료여부,8,
ems,ems_chl_ptcp,asp_id,ASP_ID,9,
ems,ems_chl_ptcp,ka_id,KA_ID,10,
ems,ems_chl_ptcp,sys_cre_dttm,시스템생성일시,11,
ems,ems_chl_ptcp,sys_upd_dttm,시스템수정일시,12,
ems,ems_chl_ptcp,age,연령,13,
ems,ems_chl_ptcp,sex_dv_cd,성별구분코드,14,
ems,ems_chl_ptcp,hdfs_upd_dttm,하둡변경일시,15,
ems,ems_env_mlg_tc_agrm,env_mlg_tc_agrm_sno,환경마일리지약관동의일련번호,1,
ems,ems_env_mlg_tc_agrm,env_mlg_tc_def_id,환경마일리지약관정의ID,2,
ems,ems_env_mlg_tc_agrm,env_mlg_tc_cn_id,환경마일리지약관내용ID,3,
ems,ems_env_mlg_tc_agrm,mbr_id,회원ID,4,
ems,ems_env_mlg_tc_agrm,agrm_yn,동의여부,5,
ems,ems_env_mlg_tc_agrm,sys_cre_dttm,시스템생성일시,6,
ems,ems_env_mlg_tc_agrm,sys_upd_dttm,시스템수정일시,7,
ems,ems_env_mlg_tc_agrm,hdfs_upd_dttm,하둡변경일시,8,
ems,ems_env_mlg_tc_agrm,pt_cre_dt,,9,
ems,ems_env_mlg_tc_def,env_mlg_tc_def_id,환경마일리지약관정의ID,1,
ems,ems_env_mlg_tc_def,asp_id,ASP_ID,2,
ems,ems_env_mlg_tc_def,ka_id,KA_ID,3,
ems,ems_env_mlg_tc_def,env_mlg_dv_cd,환경마일리지구분코드,4,
ems,ems_env_mlg_tc_def,tc_dv_cd,약관구분코드,5,
ems,ems_env_mlg_tc_def,tc_use_yn,약관사용여부,6,
ems,ems_env_mlg_tc_def,sys_cre_dttm,시스템생성일시,7,
ems,ems_env_mlg_tc_def,sys_upd_dttm,시스템수정일시,8,
ems,ems_env_mlg_tc_def,tc_exps_ode,약관노출순서,9,
ems,ems_env_mlg_tc_def,tc_nm,약관명,10,
ems,ems_env_mlg_tc_def,tc_type_nm,약관유형명,11,
ems,ems_env_mlg_tc_def,hdfs_upd_dttm,하둡변경일시,12,
ems,ems_mlg_cvsn_hist,mlg_cvsn_hist_sno,마일리지전환이력일련번호,1,마일리지전환이력
ems,ems_mlg_cvsn_hist,mbr_id,회원ID,2,마일리지전환이력
ems,ems_mlg_cvsn_hist,chl_id,챌린지ID,3,마일리지전환이력
ems,ems_mlg_cvsn_hist,mssn_stge_no,미션단계번호,4,마일리지전환이력
ems,ems_mlg_cvsn_hist,tot_acum_acmp_cnt,총누적달성수,5,마일리지전환이력
ems,ems_mlg_cvsn_hist,mssn_acmp_mlg_cnt,미션달성마일리지수,6,마일리지전환이력
ems,ems_mlg_cvsn_hist,pnt_cvsn_amt,포인트전환금액,7,마일리지전환이력
ems,ems_mlg_cvsn_hist,svc_id,서비스ID,8,마일리지전환이력
ems,ems_mlg_cvsn_hist,crd_nm,카드명,9,마일리지전환이력
ems,ems_mlg_cvsn_hist,par_no,PAR번호,10,마일리지전환이력
ems,ems_mlg_cvsn_hist,fail_rsn_cd,실패사유코드,11,마일리지전환이력
ems,ems_mlg_cvsn_hist,fail_rsn_cn,실패사유내용,12,마일리지전환이력
ems,ems_mlg_cvsn_hist,tid,TID,13,마일리지전환이력
ems,ems_mlg_cvsn_hist,rqs_chnl_cd,요청채널코드,14,마일리지전환이력
ems,ems_mlg_cvsn_hist,sys_cre_dttm,시스템생성일시,15,마일리지전환이력
ems,ems_mlg_cvsn_hist,sys_upd_dttm,시스템수정일시,16,마일리지전환이력
ems,ems_mlg_cvsn_hist,hdfs_upd_dttm,하둡변경일시,17,마일리지전환이력
ems,ems_mlg_cvsn_hist,pt_sys_cre_dt,,18,마일리지전환이력
ems,mission_pay_transaction,mssn_cplt_dsb_id,미션완료지급ID,1,
ems,mission_pay_transaction,mssn_stge_no,미션단계번호,2,
ems,mission_pay_transaction,chl_id,챌린지ID,3,
ems,mission_pay_transaction,mbr_id,회원ID,4,
ems,mission_pay_transaction,par_no,PAR번호,5,
ems,mission_pay_transaction,dsb_amt,지급금액,6,
ems,mission_pay_transaction,mssn_mlg_cnt,미션마일리지수,7,
ems,mission_pay_transaction,dsb_rqs_id,지급요청ID,8,
ems,mission_pay_transaction,dsb_fail_rsn_cn,지급실패사유내용,9,
ems,mission_pay_transaction,mssn_dsb_err_cd,미션지급오류코드,10,
ems,mission_pay_transaction,svc_id,서비스ID,11,
ems,mission_pay_transaction,dsb_svc_nm,지급서비스명,12,
ems,mission_pay_transaction,crd_kd_cd,카드종류코드,13,
ems,mission_pay_transaction,dsb_rqs_owr_nm,지급요청주체명,14,
ems,mission_pay_transaction,dsb_st_cd,지급상태코드,15,
ems,mission_pay_transaction,tid,TID,16,
ems,mission_pay_transaction,sys_cre_dttm,시스템생성일시,17,
ems,mission_pay_transaction,sys_upd_dttm,시스템수정일시,18,
ems,mission_pay_transaction,hdfs_upd_dttm,하둡변경일시,19,
ems,mission_proc,chl_id,챌린지ID,1,미션진행정보
ems,mission_proc,mbr_id,회원ID,2,미션진행정보
ems,mission_proc,mssn_cplt_tmcnt,미션완료횟수,3,미션진행정보
ems,mission_proc,tot_mssn_tmcnt,총미션횟수,4,미션진행정보
ems,mission_proc,cvsn_tmcnt,전환횟수,5,미션진행정보
ems,mission_proc,mssn_st_cd,미션상태코드,6,미션진행정보
ems,mission_proc,tot_acum_mlg,총누적마일리지,7,미션진행정보
ems,mission_proc,tot_acum_dsb_amt,총누적지급금액,8,미션진행정보
ems,mission_proc,tot_acum_acmp_cnt,총누적달성수,9,미션진행정보
ems,mission_proc,sys_cre_dttm,시스템생성일시,10,미션진행정보
ems,mission_proc,sys_upd_dttm,시스템수정일시,11,미션진행정보
ems,mission_proc,hdfs_upd_dttm,하둡변경일시,12,미션진행정보
esi,esi_bzpl,bzmn_sno,사업자일련번호,1,
esi,esi_bzpl,pt_cre_dt,,2,
esi,esi_bzpl,bzmn_dv_cd,사업자구분코드,3,
esi,esi_bzpl,bzmn_nm,사업자명,4,
esi,esi_bzpl,corp_nm,법인명,5,
esi,esi_bzpl,bzno,사업자등록번호,6,
esi,esi_bzpl,cono,법인등록번호,7,
esi,esi_bzpl,mc_enm,가맹점영문명,8,
esi,esi_bzpl,bzpl_dom_outl_dv_cd,사업장국내국외구분코드,9,
esi,esi_bzpl,opnb_dt,개업일자,10,
esi,esi_bzpl,bzmn_autht_cplt_yn,사업자인증완료여부,11,
esi,esi_bzpl,bzpl_addr,사업장주소,12,
esi,esi_bzpl,bzpl_psno,사업장우편번호,13,
esi,esi_bzpl,bzpl_dtl_addr,사업장상세주소,14,
esi,esi_bzpl,bzpl_tlno,사업장전화번호,15,
esi,esi_bzpl,bzct_nm,업태명,16,
esi,esi_bzpl,bztp_nm,업종명,17,
esi,esi_bzpl,deps_bank_cd,입금은행코드,18,
esi,esi_bzpl,acn_autht_yn,계좌인증여부,19,
esi,esi_bzpl,sys_cre_dttm,시스템생성일시,20,
esi,esi_bzpl,sys_upd_dttm,시스템수정일시,21,
esi,esi_bzpl,con_sno,계약일련번호,22,
esi,esi_bzpl,bztp_cd,업종코드,23,
esi,esi_bzpl,acqr_yn,매입사여부,24,
esi,esi_bzpl,socbz_yn,휴폐업여부,25,
esi,esi_bzpl,acqr_dv_cd,매입사구분코드,26,
esi,esi_bzpl,mc_acqr_yn,가맹점매입사여부,27,
esi,esi_bzpl,subs_yn,대리인 여부,28,
esi,esi_bzpl,hdfs_upd_dttm,하둡변경일시,29,
esi,esi_bzpl_repp,repp_sno,대표자일련번호,1,
esi,esi_bzpl_repp,pt_cre_dt,,2,
esi,esi_bzpl_repp,bzmn_sno,사업자일련번호,3,
esi,esi_bzpl_repp,nlty_cd,국적코드,4,
esi,esi_bzpl_repp,enc_brth_dt,암호화생년월일,5,
esi,esi_bzpl_repp,sex_cd,성별코드,6,
esi,esi_bzpl_repp,rsdp_addr,거주지주소,7,
esi,esi_bzpl_repp,rsdp_psno,거주지우편번호,8,
esi,esi_bzpl_repp,bzpl_rl_own_yn,사업장실제소유여부,9,
esi,esi_bzpl_repp,sys_cre_dttm,시스템생성일시,10,
esi,esi_bzpl_repp,sys_upd_dttm,시스템수정일시,11,
esi,esi_bzpl_repp,enc_ci_no,암호화CI번호,12,
esi,esi_bzpl_repp,repp_dv_cd,대표자구분코드,13,
esi,esi_bzpl_repp,hdfs_upd_dttm,하둡변경일시,14,
esi,esi_con,con_sno,계약일련번호,1,
esi,esi_con,pt_cre_dt,,2,
esi,esi_con,bzno,사업자등록번호,3,
esi,esi_con,wrt_strt_dttm,작성시작일시,4,
esi,esi_con,last_upd_dttm,최종수정일시,5,
esi,esi_con,cndc_prg_st_cd,계약서진행상태코드,6,
esi,esi_con,apl_dttm,신청일시,7,
esi,esi_con,tfr_apv_dttm,1차승인일시,8,
esi,esi_con,scd_apv_dttm,2차승인일시,9,
esi,esi_con,fst_apv_dttm,최초승인일시,10,
esi,esi_con,con_strt_dt,계약시작일자,11,
esi,esi_con,con_end_dt,계약종료일자,12,
esi,esi_con,con_cfm_fee,계약확정수수료,13,
esi,esi_con,bzmn_info_wrt_st_cd,사업자정보작성상태코드,14,
esi,esi_con,repp_info_wrt_st_cd,대표자정보작성상태코드,15,
esi,esi_con,ownr_info_wrt_st_cd,소유자정보작성상태코드,16,
esi,esi_con,estn_dcm_reg_st_cd,필수서류등록상태코드,17,
esi,esi_con,sys_cre_dttm,시스템생성일시,18,
esi,esi_con,sys_upd_dttm,시스템수정일시,19,
esi,esi_con,apv_dttm,승인일시,20,
esi,esi_con,con_temp_sno,계약임시일련번호,21,
esi,esi_con,rnwl_yn,갱신여부,22,
esi,esi_con,cft_sno,인증서일련번호,23,
esi,esi_con,upd_yn,수정여부,24,
esi,esi_con,apv_cplt_dttm,승인완료일시,25,
esi,esi_con,rj_tmcnt,반려횟수,26,
esi,esi_con,rj_dttm,반려일시,27,
esi,esi_con,bzmn_sno,사업자일련번호,28,
esi,esi_con,hdfs_upd_dttm,하둡변경일시,29,
esi,esi_epg_mc_svc,epg_mc_svc_sno,상생가맹점서비스일련번호,1,
esi,esi_epg_mc_svc,pt_cre_dt,,2,
esi,esi_epg_mc_svc,mc_sno,가맹점일련번호,3,
esi,esi_epg_mc_svc,adn_svc_apl_sno,부가서비스신청일련번호,4,
esi,esi_epg_mc_svc,epg_mc_bu_acmr,상생가맹점부담적립률,5,
esi,esi_epg_mc_svc,prmn_prv_rt,프로모션제공율,6,
esi,esi_epg_mc_svc,mc_brdr,가맹점부담율,7,
esi,esi_epg_mc_svc,kn_brdr,코나부담율,8,
esi,esi_epg_mc_svc,sys_cre_dttm,시스템생성일시,9,
esi,esi_epg_mc_svc,sys_upd_dttm,시스템수정일시,10,
esi,esi_epg_mc_svc,qr_stlm_svc_apl_yn,QR결제서비스신청여부,11,
esi,esi_epg_mc_svc,bnf_mhd_cd,혜택방식코드,12,
esi,esi_epg_mc_svc,stn_itm_grp_cd,설정항목그룹코드,13,
esi,esi_epg_mc_svc,hdfs_upd_dttm,하둡변경일시,14,
esi,esi_mc,mc_sno,가맹점일련번호,1,
esi,esi_mc,bzmn_sno,사업자일련번호,2,
esi,esi_mc,mc_nm,가맹점명,3,
esi,esi_mc,mc_tlno,가맹점전화번호,4,
esi,esi_mc,mc_addr,가맹점주소,5,
esi,esi_mc,mc_dtl_addr,가맹점상세주소,6,
esi,esi_mc,mc_psno,가맹점우편번호,7,
esi,esi_mc,asp_id,ASP_ID,8,
esi,esi_mc,sys_cre_dttm,시스템생성일시,9,
esi,esi_mc,sys_upd_dttm,시스템수정일시,10,
esi,esi_mc,ka_id,KA_ID,11,
esi,esi_mc,mc_info_wrt_st_cd,가맹점정보작성상태코드,12,
esi,esi_mc,spps_info_wrt_st_cd,부가서비스정보작성상태코드,13,
esi,esi_mc,aml_excu_rs_cd,AML수행결과코드,14,
esi,esi_mc,mc_id,가맹점ID,15,
esi,esi_mc,od_mc_yn,기존가맹점여부,16,
esi,esi_mc,fee_cd,수수료코드,17,
esi,esi_mc,fee_clr_cd,수수료정산코드,18,
esi,esi_mc,clr_cyc_type_cd,정산주기유형코드,19,
esi,esi_mc,mc_cl_cd,가맹점분류코드,20,
esi,esi_mc,rep_mc_nm,대표가맹점명,21,
esi,esi_mc,mc_clr_owr_role_cd,가맹점정산주체역할코드,22,
esi,esi_mc,mc_type_cd,가맹점유형코드,23,
esi,esi_mc,mc_txn_type_cd,가맹점과세유형코드,24,
esi,esi_mc,incde_trgt_yn,소득공제대상여부,25,
esi,esi_mc,incde_type_cd,소득공제유형코드,26,
esi,esi_mc,djmc_dv_cd,직가맹구분코드,27,
esi,esi_mc,kn_bztp_cd,코나업종코드,28,
esi,esi_mc,fee_nm,수수료명,29,
esi,esi_mc,rl_ownr_opn_cn,실제소유자의견내용,30,
esi,esi_mc,etc_opn_cn,기타의견내용,31,
esi,esi_mc,spmt_rqs_dttm,보완요청일시,32,
esi,esi_mc,prg_st_chg_dttm,진행상태변경일시,33,
esi,esi_mc,prg_st_cd,진행상태코드,34,
esi,esi_mc,apv_dge,승인차수,35,
esi,esi_mc,rj_dttm,반려일시,36,
esi,esi_mc,rj_tmcnt,반려횟수,37,
esi,esi_mc,sido_nm,시도명,38,
esi,esi_mc,sgg_nm,시군구명,39,
esi,esi_mc,mc_apl_no,가맹점신청번호,40,
esi,esi_mc,chg_tc_agrm_yn,변경약관동의여부,41,
esi,esi_mc,chg_tc_agrm_dttm,변경약관동의일시,42,
esi,esi_mc,apv_cplt_dttm,승인완료일시,43,
esi,esi_mc,kn_ptn_yn,코나파트너여부,44,
esi,esi_mc,con_byst_hist_sno,계약상태별이력일련번호,45,
esi,esi_mc,mc_re_con_yn,가맹점재계약여부,46,
esi,esi_mc,mc_apv_yn,가맹점승인여부,47,
esi,esi_mc,idfc_vrfc_img_file_enc_yn,신분증 검증 이미지 파일암호화여부,48,
esi,esi_mc,idfc_vrfc_img_file_enc_dttm,신분증 검증 이미지 파일암호화일시,49,
esi,esi_mc,rep_feert,대표 수수료율,50,
esi,esi_mc,fst_apl_dttm,최초신청일시,51,
esi,esi_mc,apl_dttm,신청일시,52,
esi,esi_mc,con_strt_dt,계약시작일자,53,
esi,esi_mc,con_end_dt,계약종료일자,54,
esi,esi_mc,upd_yn,수정여부,55,
esi,esi_mc,hdfs_upd_dttm,하둡변경일시,56,
esi,esi_mc_and_svc,adn_svc_apl_sno,부가서비스신청일련번호,1,
esi,esi_mc_and_svc,pt_cre_dt,,2,
esi,esi_mc_and_svc,mc_sno,가맹점일련번호,3,
esi,esi_mc_and_svc,adn_svc_dv_cd,부가서비스구분코드,4,
esi,esi_mc_and_svc,sys_cre_dttm,시스템생성일시,5,
esi,esi_mc_and_svc,sys_upd_dttm,시스템수정일시,6,
esi,esi_mc_and_svc,upd_psbl_yn,수정가능여부,7,
esi,esi_mc_and_svc,upd_yn,수정여부,8,
esi,esi_mc_and_svc,mc_spps_nm,가맹점부가서비스명,9,
esi,esi_mc_and_svc,adn_svc_apl_yn,부가서비스신청여부,10,
esi,esi_mc_and_svc,hdfs_upd_dttm,하둡변경일시,11,
gs,gift_money_box,rmt_sno,송금일련번호,1,
gs,gift_money_box,sys_cre_dttm,시스템생성일시,2,
gs,gift_money_box,sys_upd_dttm,시스템수정일시,3,
gs,gift_money_box,rmt_id,송금ID,4,
gs,gift_money_box,rmtr_mbr_id,송금자회원ID,5,
gs,gift_money_box,rpnt_mbr_id,수신자회원ID,6,
gs,gift_money_box,rmtr_par_no,송금자PAR번호,7,
gs,gift_money_box,rmtr_crd_prd_type_cd,송금자카드상품유형코드,8,
gs,gift_money_box,rmtr_crd_svc_id,송금자카드서비스ID,9,
gs,gift_money_box,rmtr_crd_svc_nm,송금자카드서비스명,10,
gs,gift_money_box,rpnt_par_no,수신자PAR번호,11,
gs,gift_money_box,rpnt_crd_prd_type_cd,수신자카드상품유형코드,12,
gs,gift_money_box,rpnt_crd_svc_id,수신자카드서비스ID,13,
gs,gift_money_box,rpnt_crd_svc_nm,수신자카드서비스명,14,
gs,gift_money_box,rmt_amt,송금금액,15,
gs,gift_money_box,rmt_dtl_dttm,송금상세일시,16,
gs,gift_money_box,rmt_cplt_dtl_dttm,송금완료상세일시,17,
gs,gift_money_box,rmt_exn_dt,송금만료일자,18,
gs,gift_money_box,rmt_st_cd,송금상태코드,19,
gs,gift_money_box,nat_lang_cd,국가언어코드,20,
gs,gift_money_box,rmt_list_exhb_yn,송금목록전시여부,21,
gs,gift_money_box,rmtr_crd_svc_grp_nm,송금자카드서비스그룹명,22,
gs,gift_money_box,rpnt_crd_svc_grp_nm,수신자카드서비스그룹명,23,
gs,gift_money_box,rmtr_asp_id,송금자ASP_ID,24,
gs,gift_money_box,rpnt_asp_id,수신자ASP_ID,25,
gs,gift_money_box,rmt_trsf_type_cd,송금전송유형코드,26,
gs,gift_money_box,rmt_plcy_prv_unit_type_cd,송금정책제공단위유형코드,27,
gs,gift_money_box,ka_id,KA_ID,28,
gs,gift_money_box,rfnd_mmt_type_cd,환불이동유형코드,29,
gs,gift_money_box,rmt_amt_type_cd,송금금액유형코드,30,
gs,gift_money_box,pnt_plcy_id,포인트정책ID,31,
gs,gift_money_box,pnt_type_cd,포인트유형코드,32,
gs,gift_money_box,pnt_plcy_nm,포인트정책명,33,
gs,gift_money_box,rfnd_rqs_infw_chnl_cd,환불요청유입채널코드,34,
gs,gift_money_box,nr_no,NR번호,35,
gs,gift_money_box,rcv_bank_cd,수신은행코드,36,
gs,gift_money_box,tsfr_tran_id,이체트랜잭션ID,37,
gs,gift_money_box,hdfs_upd_dttm,하둡변경일시,38,
ias,ias_acquirer_tran,acqr_tr_sno,ID,1,
ias,ias_acquirer_tran,sys_cre_dttm,시스템생성일시,2,
ias,ias_acquirer_tran,sys_upd_dttm,시스템수정일시,3,
ias,ias_acquirer_tran,acqr_mc_id,매입사가맹점ID,4,
ias,ias_acquirer_tran,acqr_mc_nm,매입사가맹점명,5,
ias,ias_acquirer_tran,tml_id,단말기ID,6,
ias,ias_acquirer_tran,bc_rsp_cd,BC응답코드,7,
ias,ias_acquirer_tran,acqr_bztp_cd,매입사업종코드,8,
ias,ias_acquirer_tran,mti_cd,MTI승인구분코드,9,
ias,ias_acquirer_tran,nr_no,NR번호,10,
ias,ias_acquirer_tran,pcs_cd,프로세싱코드,11,
ias,ias_acquirer_tran,mc_bzno,가맹점사업자등록번호,12,
ias,ias_acquirer_tran,acqr_dv_cd,가맹점매입사유형코드,13,
ias,ias_acquirer_tran,zon_cd,지역코드,14,
ias,ias_acquirer_tran,pos_ins_type_cd,POS입력유형코드,15,
ias,ias_acquirer_tran,taxi_eu_zon_cd,택시전용지역코드,16,
ias,ias_acquirer_tran,sppm_no,간편결제번호,17,
ias,ias_acquirer_tran,hdfs_upd_dttm,하둡변경일시,18,
ias,ias_acquirer_tran,vnc_cd,VAN사코드,19,
ias,ias_benefit_tran,apv_dt,승인일자,1,
ias,ias_benefit_tran,nr_no,NR번호,2,
ias,ias_benefit_tran,par_no,PAR번호,3,
ias,ias_benefit_tran,bnf_prity,혜택우선순위,4,
ias,ias_benefit_tran,dc_bnf_cd,할인유형코드,5,
ias,ias_benefit_tran,sub_dc_bnf_cd,세부할인유형코드,6,
ias,ias_benefit_tran,dc_bnf_sno,할인혜택ID,7,
ias,ias_benefit_tran,pnt_plcy_id,포인트정책ID,8,
ias,ias_benefit_tran,pnt_plcy_type_cd,포인트정책유형코드,9,
ias,ias_benefit_tran,cpn_id,쿠폰ID,10,
ias,ias_benefit_tran,cpn_no,할인쿠폰번호,11,
ias,ias_benefit_tran,org_tr_amt,원거래금액,12,
ias,ias_benefit_tran,dc_amt,할인금액,13,
ias,ias_benefit_tran,dcrt,할인율,14,
ias,ias_benefit_tran,user_pnt_rv_amt,사용자포인트적립금액,15,
ias,ias_benefit_tran,crd_pnt_rv_amt,카드포인트적립금액,16,
ias,ias_benefit_tran,prop_dc_amt,적정할인금액,17,
ias,ias_benefit_tran,org_dcrt,원할인율,18,
ias,ias_benefit_tran,dc_con_sno,할인계약ID,19,
ias,ias_benefit_tran,acum_amt_incl_yn,누적금액포함여부,20,
ias,ias_benefit_tran,pnt_dv_cd,포인트구분코드,21,
ias,ias_benefit_tran,dc_buamt,할인부담금,22,
ias,ias_benefit_tran,dc_rs_cd,할인결과코드,23,
ias,ias_benefit_tran,mm_arsl_chk_yn,월실적체크여부,24,
ias,ias_benefit_tran,hdfs_upd_dttm,하둡변경일시,25,
ias,ias_benefit_tran,sys_cre_dttm,시스템생성일시,26,
ias,ias_benefit_tran,sys_upd_dttm,시스템수정일시,27,
ias,ias_benefit_tran,mc_buamt_lmt_amt_incl_yn,가맹점할인부담금포함여부,28,
ias,ias_benefit_tran,pacq_clr_type_cd,선매입정산유형코드,29,
ias,ias_benefit_tran,pt_aprv_m,,30,
ias,ias_busan_pay,pusan_lmny_tr_sno,부산지역화폐거래일련번호,1,
ias,ias_busan_pay,par_no,PAR번호,2,
ias,ias_busan_pay,nr_no,NR번호,3,
ias,ias_busan_pay,apv_rqs_cd,승인요청코드,4,
ias,ias_busan_pay,rqs_gmno,요청전문번호,5,
ias,ias_busan_pay,rqs_gm_trsf_dt,요청전문전송일자,6,
ias,ias_busan_pay,rqs_gm_trsf_ti,요청전문전송시각,7,
ias,ias_busan_pay,kis_trsf_rs_cd,KIS전송결과코드,8,
ias,ias_busan_pay,lmny_apv_dt,지역화폐승인일자,9,
ias,ias_busan_pay,lmny_apv_no,지역화폐승인번호,10,
ias,ias_busan_pay,enc_ci_no,암호화CI번호,11,
ias,ias_busan_pay,stlm_rqs_amt,결제요청금액,12,
ias,ias_busan_pay,lmny_itg_bala,지역화폐통합잔액,13,
ias,ias_busan_pay,mc_nm,가맹점명,14,
ias,ias_busan_pay,kb_bztp_cd,KB업종코드,15,
ias,ias_busan_pay,cncl_ptim_org_tr_trsf_dt,취소시원거래전송일자,16,
ias,ias_busan_pay,org_tr_gmno,원거래전문번호,17,
ias,ias_busan_pay,mc_id,가맹점ID,18,
ias,ias_busan_pay,mc_bzno,가맹점사업자등록번호,19,
ias,ias_busan_pay,ral_tr_amt,실거래금액,20,
ias,ias_busan_pay,dc_amt,할인금액,21,
ias,ias_busan_pay,nppl_crdco_apv_no,국민카드사승인번호,22,
ias,ias_busan_pay,mc_id_dv_cd,가맹점ID구분코드,23,
ias,ias_busan_pay,rqs_dtl_dttm,요청상세일시,24,
ias,ias_busan_pay,rsp_rcv_dtl_dttm,응답수신상세일시,25,
ias,ias_busan_pay,cmlt_dv_cd,동백택시구분코드,26,
ias,ias_busan_pay,sys_cre_dttm,시스템 생성 일시,27,
ias,ias_busan_pay,sys_upd_dttm,시스템 수정 일시,28,
ias,ias_busan_pay,outs_apvp_type_cd,외부승인처유형코드,29,
ias,ias_busan_pay,hdfs_upd_dttm,하둡변경일시,30,
ias,ias_busan_pay,pt_cre_dt,,31,
ias,ias_card_discount_amt_m,apv_ym,승인년월,1,
ias,ias_card_discount_amt_m,par_no,PAR번호,2,
ias,ias_card_discount_amt_m,tr_type_cd,거래유형코드,3,
ias,ias_card_discount_amt_m,bnf_acum_amt,혜택누적금액,4,
ias,ias_card_discount_amt_m,bnf_use_ccnt,혜택사용횟수,5,
ias,ias_card_discount_amt_m,data_cre_dttm,생성일시,6,
ias,ias_card_discount_amt_m,data_upd_dttm,수정일시,7,
ias,ias_card_discount_amt_m,sys_cre_dttm,시스템생성일시,8,
ias,ias_card_discount_amt_m,sys_upd_dttm,시스템수정일시,9,
ias,ias_card_discount_amt_m,hdfs_upd_dttm,하둡변경일시,10,
ias,ias_card_discount_amt_m,pt_apv_ym,,11,
ias,ias_card_lasttx,par_no,PAR번호,1,
ias,ias_card_lasttx,mbr_id,회원ID,2,
ias,ias_card_lasttx,crd_exn_ym,카드만료년월,3,
ias,ias_card_lasttx,sys_cre_dttm,시스템생성일시,4,
ias,ias_card_lasttx,sys_upd_dttm,시스템수정일시,5,
ias,ias_card_lasttx,svc_id,카드서비스ID,6,
ias,ias_card_lasttx,isur_id,발급사ID,7,
ias,ias_card_lasttx,crd_act_st_cd,카드활성상태코드,8,
ias,ias_card_lasttx,bef_crd_act_st_cd,이전카드상태코드,9,
ias,ias_card_lasttx,crd_st_chg_dttm,카드상태변경일시,10,
ias,ias_card_lasttx,last_crd_bala,최종카드잔액,11,
ias,ias_card_lasttx,tr_bf_bala,거래전잔액,12,
ias,ias_card_lasttx,crd_reg_vldn_dtl_dttm,카드등록확인일시,13,
ias,ias_card_lasttx,fst_chrg_dtl_dttm,최초충전상세일시,14,
ias,ias_card_lasttx,fst_chrg_amt,최초충전금액,15,
ias,ias_card_lasttx,fst_chrg_af_bala,최초충전후잔액,16,
ias,ias_card_lasttx,rfnd_amt,환불금액,17,
ias,ias_card_lasttx,rfnd_af_bala,환불후잔액,18,
ias,ias_card_lasttx,last_tr_dt,최종거래일자,19,
ias,ias_card_lasttx,last_apv_ti,최종승인시각,20,
ias,ias_card_lasttx,tr_type_cd,거래유형코드,21,
ias,ias_card_lasttx,last_tr_amt,최종거래금액,22,
ias,ias_card_lasttx,sgzn_prcs_dtl_dttm,기명화처리상세일시,23,
ias,ias_card_lasttx,crd_st_chg_dscr_cn,카드상태변경설명내용,24,
ias,ias_card_lasttx,last_chrg_dtl_dttm,최종충전상세일시,25,
ias,ias_card_lasttx,last_chrg_amt,최종충전금액,26,
ias,ias_card_lasttx,last_chrg_af_bala,최종충전후잔액,27,
ias,ias_card_lasttx,crd_prd_type_cd,카드상품유형코드,28,
ias,ias_card_lasttx,cms_st_cd,CMS상태코드,29,
ias,ias_card_lasttx,rltg_crd_isu_id,실물카드발급ID,30,
ias,ias_card_lasttx,exn_ti,만료시각,31,
ias,ias_card_lasttx,chrg_ccnt,충전건수,32,
ias,ias_card_lasttx,pmnt_ccnt,지불건수,33,
ias,ias_card_lasttx,rfnd_ccnt,환불건수,34,
ias,ias_card_lasttx,xng_ipsb_chk_dt,환불가능체크일자,35,
ias,ias_card_lasttx,acn_tsfr_st_cd,계좌이체상태코드,36,
ias,ias_card_lasttx,asp_id,ASP_ID,37,
ias,ias_card_lasttx,crd_owr_dv_cd,카드주체구분코드,38,
ias,ias_card_lasttx,parn_crd_par_no,부모카드PAR번호,39,
ias,ias_card_lasttx,tot_stlm_dc_amt,총결제할인금액,40,
ias,ias_card_lasttx,tot_stlm_dc_ccnt,총결제할인건수,41,
ias,ias_card_lasttx,tot_chrg_dc_amt,총충전할인금액,42,
ias,ias_card_lasttx,tot_chrg_dc_ccnt,총충전할인건수,43,
ias,ias_card_lasttx,last_rfnd_nr_no,최종환불NR번호,44,
ias,ias_card_lasttx,kn_tot_stlm_dc_amt,코나총결제할인금액,45,
ias,ias_card_lasttx,kn_tot_stlm_dc_ccnt,코나총결제할인건수,46,
ias,ias_card_lasttx,fst_stlm_dtl_dttm,최초결제상세일시,47,
ias,ias_card_lasttx,fst_stlm_nr_no,최초결제NR번호,48,
ias,ias_card_lasttx,tsfr_st_cd,이체상태코드,49,
ias,ias_card_lasttx,last_tsfr_nr_no,최종이체NR번호,50,
ias,ias_card_lasttx,rfnd_chk_use_bala,환불체크사용잔액,51,
ias,ias_card_lasttx,kn_pnt_acum_amt,코나포인트누적금액,52,
ias,ias_card_lasttx,kn_pnt_acum_ccnt,코나포인트누적건수,53,
ias,ias_card_lasttx,tot_pnt_acum_amt,총포인트누적금액,54,
ias,ias_card_lasttx,tot_pnt_acum_ccnt,총포인트누적건수,55,
ias,ias_card_lasttx,cpn_isu_dtl_dttm,쿠폰발급상세일시,56,
ias,ias_card_lasttx,chg_rsn_cd,변경사유코드,57,
ias,ias_card_lasttx,ownr_dc_amt,소유자할인금액,58,
ias,ias_card_lasttx,ownr_tr_amt,소유자거래금액,59,
ias,ias_card_lasttx,tr_lckn_occr_dtl_dttm,거래잠금발생상세일시,60,
ias,ias_card_lasttx,kbn_acn_chrg_prg_md_amt,KIBNET계좌충전진행중금액,61,
ias,ias_card_lasttx,hld_amt,보유금액,62,
ias,ias_card_lasttx,hdfs_upd_dttm,하둡변경일자,63,
ias,ias_card_pan,enc_pan_no,암호화PAN번호,1,
ias,ias_card_pan,del_yn,삭제여부,2,
ias,ias_card_pan,par_no,PAR번호,3,
ias,ias_card_pan,vl_ym,유효년월,4,
ias,ias_card_pan,data_cre_dttm,데이터생성일시,5,
ias,ias_card_pan,del_dtl_dttm,삭제상세일시,6,
ias,ias_card_pan,crd_vl_yr,카드유효년도,7,
ias,ias_card_pan,pan_sno,PAN일련번호,8,
ias,ias_card_pan,sys_cre_dttm,시스템생성일시,9,
ias,ias_card_pan,sys_upd_dttm,시스템수정일시,10,
ias,ias_card_pan,hdfs_upd_dttm,하둡변경일시,11,
ias,ias_complex_tran,apv_dt,승인일자,1,
ias,ias_complex_tran,nr_no,NR번호,2,
ias,ias_complex_tran,par_no,PAR번호,3,
ias,ias_complex_tran,cstm_prity,복합결제우선순위,4,
ias,ias_complex_tran,cmpx_apvl_type_cd,복합결재유형코드,5,
ias,ias_complex_tran,cstm_pnt_plcy_type_cd,복합결제포인트정책유형코드,6,
ias,ias_complex_tran,pnt_plcy_id,포인트정책ID,7,
ias,ias_complex_tran,cstm_tr_amt,복합결제거래금액,8,
ias,ias_complex_tran,tr_amt,거래금액,9,
ias,ias_complex_tran,cncl_pnt_tr_amt,취소포인트거래금액,10,
ias,ias_complex_tran,data_cre_dttm,데이터생성일시,11,
ias,ias_complex_tran,stlm_bfm_arsl_incl_yn,결제전월실적포함여부,12,
ias,ias_complex_tran,vat_xcpt_amt,부가가치세제외금액,13,
ias,ias_complex_tran,sys_cre_dttm,시스템생성일시,14,
ias,ias_complex_tran,sys_upd_dttm,시스템수정일시,15,
ias,ias_complex_tran,hdfs_upd_dttm,하둡변경일시,16,
ias,ias_contract_dct_amt,pph_con_sno,선구매계약ID,1,
ias,ias_contract_dct_amt,bnf_acum_amt,혜택누적금액,2,
ias,ias_contract_dct_amt,bnf_use_ccnt,혜택사용횟수,3,
ias,ias_contract_dct_amt,data_cre_dttm,생성일시,4,
ias,ias_contract_dct_amt,data_upd_dttm,수정일시,5,
ias,ias_contract_dct_amt,sys_cre_dttm,시스템생성일시,6,
ias,ias_contract_dct_amt,sys_upd_dttm,시스템수정일시,7,
ias,ias_contract_dct_amt,hdfs_upd_dttm,하둡변경일시,8,
ias,ias_discount_amt,par_no,PAR번호,1,
ias,ias_discount_amt,dc_bnf_cd,할인유형코드,2,
ias,ias_discount_amt,dc_bnf_sno,할인혜택일련번호,3,
ias,ias_discount_amt,sub_dc_bnf_cd,세부할인유형코드,4,
ias,ias_discount_amt,bnf_acum_amt,혜택누적금액,5,
ias,ias_discount_amt,bnf_use_ccnt,혜택사용횟수,6,
ias,ias_discount_amt,data_cre_dttm,생성일시,7,
ias,ias_discount_amt,data_upd_dttm,수정일시,8,
ias,ias_discount_amt,sys_cre_dttm,시스템생성일시,9,
ias,ias_discount_amt,sys_upd_dttm,시스템수정일시,10,
ias,ias_discount_amt,hdfs_upd_dttm,하둡변경일시,11,
ias,ias_discount_amt_d,par_no,PAR번호,1,
ias,ias_discount_amt_d,apv_dt,승인일자,2,
ias,ias_discount_amt_d,dc_bnf_cd,할인유형코드,3,
ias,ias_discount_amt_d,dc_bnf_sno,할인혜택일련번호,4,
ias,ias_discount_amt_d,bnf_acum_amt,혜택누적금액,5,
ias,ias_discount_amt_d,bnf_use_ccnt,혜택사용횟수,6,
ias,ias_discount_amt_d,data_cre_dttm,생성일시,7,
ias,ias_discount_amt_d,data_upd_dttm,수정일시,8,
ias,ias_discount_amt_d,sub_dc_bnf_cd,세부할인유형코드,9,
ias,ias_discount_amt_d,sys_cre_dttm,시스템생성일시,10,
ias,ias_discount_amt_d,sys_upd_dttm,시스템수정일시,11,
ias,ias_discount_amt_d,hdfs_upd_dttm,하둡변경일시,12,
ias,ias_discount_amt_d,pt_apv_dt,,13,
ias,ias_discount_amt_m,par_no,PAR번호,1,
ias,ias_discount_amt_m,apv_ym,승인년월,2,
ias,ias_discount_amt_m,dc_bnf_cd,할인유형코드,3,
ias,ias_discount_amt_m,dc_bnf_sno,할인혜택일련번호,4,
ias,ias_discount_amt_m,bnf_acum_amt,혜택누적금액,5,
ias,ias_discount_amt_m,bnf_use_ccnt,혜택사용횟수,6,
ias,ias_discount_amt_m,data_cre_dttm,생성일시,7,
ias,ias_discount_amt_m,data_upd_dttm,수정일시,8,
ias,ias_discount_amt_m,sub_dc_bnf_cd,세부할인유형코드,9,
ias,ias_discount_amt_m,sys_cre_dttm,시스템생성일시,10,
ias,ias_discount_amt_m,sys_upd_dttm,시스템수정일시,11,
ias,ias_discount_amt_m,hdfs_upd_dttm,하둡변경일시,12,
ias,ias_discount_amt_m,pt_apv_ym,,13,
ias,ias_info,pcs_cd,공통코드그룹ID,1,
ias,ias_info,ias_cm_cd,IAS공통코드,2,
ias,ias_info,cm_cd_bsc_val,공통코드기본값,3,
ias,ias_info,pcs_cd_cn,공통코드내용,4,
ias,ias_info,cm_cd_ot_val1,공통코드임의값1,5,
ias,ias_info,cm_cd_ot_val3,공통코드임의값2,6,
ias,ias_info,data_cre_dttm,생성일시,7,
ias,ias_info,data_upd_dttm,수정일시,8,
ias,ias_info,sys_cre_dttm,시스템생성일시,9,
ias,ias_info,sys_upd_dttm,시스템수정일시,10,
ias,ias_info,hdfs_upd_dttm,하둡변경일시,11,
ias,ias_kona_dct_amt_d,cri_dt,거래일자,1,
ias,ias_kona_dct_amt_d,par_no,PAR번호,2,
ias,ias_kona_dct_amt_d,use_amt,사용금액,3,
ias,ias_kona_dct_amt_d,use_ccnt,사용횟수,4,
ias,ias_kona_dct_amt_d,data_cre_dttm,생성일시,5,
ias,ias_kona_dct_amt_d,data_upd_dttm,수정일시,6,
ias,ias_kona_dct_amt_d,pnt_acum_amt,포인트누적금액,7,
ias,ias_kona_dct_amt_d,pnt_acum_ccnt,포인트누적횟수,8,
ias,ias_kona_dct_amt_d,sys_cre_dttm,시스템생성일시,9,
ias,ias_kona_dct_amt_d,sys_upd_dttm,시스템수정일시,10,
ias,ias_kona_dct_amt_d,hdfs_upd_dttm,하둡변경일시,11,
ias,ias_kona_dct_amt_d,pt_tr_dt,,12,
ias,ias_kona_dct_amt_m,cri_ym,할인일자,1,
ias,ias_kona_dct_amt_m,par_no,PAR번호,2,
ias,ias_kona_dct_amt_m,use_amt,사용금액,3,
ias,ias_kona_dct_amt_m,use_ccnt,사용횟수,4,
ias,ias_kona_dct_amt_m,data_cre_dttm,생성일시,5,
ias,ias_kona_dct_amt_m,data_upd_dttm,수정일시,6,
ias,ias_kona_dct_amt_m,pnt_acum_amt,포인트누적금액,7,
ias,ias_kona_dct_amt_m,pnt_acum_ccnt,포인트누적횟수,8,
ias,ias_kona_dct_amt_m,sys_cre_dttm,시스템생성일시,9,
ias,ias_kona_dct_amt_m,sys_upd_dttm,시스템수정일시,10,
ias,ias_kona_dct_amt_m,hdfs_upd_dttm,하둡변경일시,11,
ias,ias_kona_dct_amt_m,pt_dc_dt,,12,
ias,ias_merchant_amt_rule,apv_dt,승인일자,1,
ias,ias_merchant_amt_rule,asp_id,ASP_ID,2,
ias,ias_merchant_amt_rule,mc_id,가맹점ID,3,
ias,ias_merchant_amt_rule,mc_amt_vrfc_key,가맹점금액검증키PAR번호,4,
ias,ias_merchant_amt_rule,tr_ccnt,거래횟수,5,
ias,ias_merchant_amt_rule,tr_amt,거래금액,6,
ias,ias_merchant_amt_rule,data_cre_dttm,생성일시,7,
ias,ias_merchant_amt_rule,data_upd_dttm,수정일시,8,
ias,ias_merchant_amt_rule,sys_cre_dttm,시스템생성일시,9,
ias,ias_merchant_amt_rule,sys_upd_dttm,시스템수정일시,10,
ias,ias_merchant_amt_rule,hdfs_upd_dttm,하둡변경일시,11,
ias,ias_ovrs_tr_dtls,nr_no,NR번호,1,
ias,ias_ovrs_tr_dtls,apv_dt,승인일자,2,
ias,ias_ovrs_tr_dtls,par_no,PAR번호,3,
ias,ias_ovrs_tr_dtls,apv_dtl_dttm,승인상세일시,4,
ias,ias_ovrs_tr_dtls,acpl_apv_dtl_dttm,현지승인상세일시,5,
ias,ias_ovrs_tr_dtls,pcs_cd,프로세싱코드,6,
ias,ias_ovrs_tr_dtls,acqr_pcs_cd,매입사프로세싱코드,7,
ias,ias_ovrs_tr_dtls,mc_nm,가맹점명,8,
ias,ias_ovrs_tr_dtls,bztp_cd,업종코드 / MASTER CARD에서 정의한 4자리  업종코드,9,
ias,ias_ovrs_tr_dtls,nat_dv_no,국가구분번호 / 숫자 국가코드 840,10,
ias,ias_ovrs_tr_dtls,nat_cd,국가코드 / 영문 국가코드 US,11,
ias,ias_ovrs_tr_dtls,tr_cur_cd,거래통화코드 / 현지통화 코드,12,
ias,ias_ovrs_tr_dtls,stlm_cur_cd,결제통화코드,13,
ias,ias_ovrs_tr_dtls,acpl_tr_amt,현지거래금액,14,
ias,ias_ovrs_tr_dtls,usd_defray_amt,미화출금금액 / 미화거래금액 + 미화이용수수료 + 미화결제수수료,15,
ias,ias_ovrs_tr_dtls,usd_tr_amt,미화거래금액 / 현지 통화 기준 USD 변경 금액,16,
ias,ias_ovrs_tr_dtls,usd_u_fee,미화이용수수료 / 미화거래 금액의 %로 계산된 금액,17,
ias,ias_ovrs_tr_dtls,usd_stlm_fee,미화결제수수료 / ATM 인출 USD3,18,
ias,ias_ovrs_tr_dtls,wc_defray_amt,원화출금금액 / IAS_TRANSACTION.ORG_AMT와 동일 잔액에서 차감되는 금액,19,
ias,ias_ovrs_tr_dtls,wc_tr_amt,원화거래금액 / 미화거래금액 * 전신환매도환율 0원이하 금액은 절사,20,
ias,ias_ovrs_tr_dtls,wc_u_fee,원화이용수수료 / 미화이용수수료 * 전신환매도환율,21,
ias,ias_ovrs_tr_dtls,wc_stlm_fee,원화결제수수료 / 미화결제수수료 * 전신환매도환율,22,
ias,ias_ovrs_tr_dtls,tltp_sell_exrt,전신환매도환율 / 1USD 환전 원화 환율 소수점 2자리,23,
ias,ias_ovrs_tr_dtls,tltp_sell_exrt_ntfc_dt,전신환매도환율고시일자,24,
ias,ias_ovrs_tr_dtls,tltp_sell_exrt_ntfc_tmrd,전신환매도환율고시회차,25,
ias,ias_ovrs_tr_dtls,utc_gm_trsf_dttm,UTC전문전송일시,26,
ias,ias_ovrs_tr_dtls,tran_id,트랜잭션ID,27,
ias,ias_ovrs_tr_dtls,dpsts_dv_cd,예치금구분코드,28,
ias,ias_ovrs_tr_dtls,pos_ins_type_cd,POS입력유형코드,29,
ias,ias_ovrs_tr_dtls,tmn_id,터미널ID,30,
ias,ias_ovrs_tr_dtls,mc_id,가맹점ID,31,
ias,ias_ovrs_tr_dtls,acqr_id,매입사ID,32,
ias,ias_ovrs_tr_dtls,sys_cre_dttm,시스템생성일시,33,
ias,ias_ovrs_tr_dtls,sys_upd_dttm,시스템수정일시,34,
ias,ias_ovrs_tr_dtls,acpl_cur_decpnt_leng,현지통화소수점자릿수,35,
ias,ias_ovrs_tr_dtls,deal_crrt,매매기준율,36,
ias,ias_ovrs_tr_dtls,fee_dc_amt,"수수료할인금액, 매매기준율로 계산",37,
ias,ias_ovrs_tr_dtls,fee_dc_apy_yn,수수료할인금액 적용 여부 1:적용,38,
ias,ias_ovrs_tr_dtls,fee_exmp_amt,수수료면제금액,39,
ias,ias_ovrs_tr_dtls,exrt_prim_amt,환율우대금액,40,
ias,ias_ovrs_tr_dtls,hdfs_upd_dttm,하둡변경일시,41,
ias,ias_pay_amt_d,cri_dt,거래일자,1,
ias,ias_pay_amt_d,par_no,PAR번호,2,
ias,ias_pay_amt_d,pmnt_use_amt,지불사용금액,3,
ias,ias_pay_amt_d,rqs_amt,요청금액,4,
ias,ias_pay_amt_d,bala_amt,잔액금액,5,
ias,ias_pay_amt_d,pnt_amt,포인트금액,6,
ias,ias_pay_amt_d,data_cre_dttm,생성일시,7,
ias,ias_pay_amt_d,data_upd_dttm,수정일시,8,
ias,ias_pay_amt_d,sys_cre_dttm,시스템생성일시,9,
ias,ias_pay_amt_d,sys_upd_dttm,시스템수정일시,10,
ias,ias_pay_amt_d,hdfs_upd_dttm,하둡변경일시,11,
ias,ias_pay_amt_d,pt_tr_dt,,12,
ias,ias_pay_amt_m,cri_ym,거래년월,1,
ias,ias_pay_amt_m,par_no,PAR번호,2,
ias,ias_pay_amt_m,pmnt_use_amt,지불사용금액,3,
ias,ias_pay_amt_m,data_cre_dttm,생성일시,4,
ias,ias_pay_amt_m,data_upd_dttm,수정일시,5,
ias,ias_pay_amt_m,arsl_acct_amt,실적인정금액,6,
ias,ias_pay_amt_m,rqs_amt,요청금액,7,
ias,ias_pay_amt_m,tr_bala,거래잔액,8,
ias,ias_pay_amt_m,pnt_amt,포인트금액,9,
ias,ias_pay_amt_m,sys_cre_dttm,시스템생성일시,10,
ias,ias_pay_amt_m,sys_upd_dttm,시스템수정일시,11,
ias,ias_pay_amt_m,hdfs_upd_dttm,하둡변경일시,12,
ias,ias_pay_amt_m,pt_tr_ym,,13,
ias,ias_rcg_amt_m,cri_ym,거래년월,1,
ias,ias_rcg_amt_m,par_no,PAR번호,2,
ias,ias_rcg_amt_m,tot_chrg_amt,총충전금액,3,
ias,ias_rcg_amt_m,data_cre_dttm,생성일시,4,
ias,ias_rcg_amt_m,data_upd_dttm,수정일시,5,
ias,ias_rcg_amt_m,sys_upd_dttm,시스템수정일시,6,
ias,ias_rcg_amt_m,sys_cre_dttm,시스템생성일시,7,
ias,ias_rcg_amt_m,hdfs_upd_dttm,하둡변경일시,8,
ias,ias_rcg_amt_m,pt_tr_ym,,9,
ias,ias_refund,nr_no,NR번호,1,
ias,ias_refund,rfnd_reg_ym,환불등록일자년월,2,
ias,ias_refund,par_no,PAR번호,3,
ias,ias_refund,crd_vl_ym,카드유효년월,4,
ias,ias_refund,svc_id,카드서비스ID,5,
ias,ias_refund,isur_id,발급사ID,6,
ias,ias_refund,rfnd_reg_dt,환불등록일자,7,
ias,ias_refund,rfnd_reg_dtl_dttm,환불등록상세일시,8,
ias,ias_refund,rfnd_rs_cd,환불결과코드,9,
ias,ias_refund,rfnd_attm_bala,환불당시잔액,10,
ias,ias_refund,rfnd_bala,환불잔액,11,
ias,ias_refund,tr_dt,거래일자,12,
ias,ias_refund,bank_cd,은행코드,13,
ias,ias_refund,bank_err_cd,은행오류코드,14,
ias,ias_refund,clr_dt,정산일자,15,
ias,ias_refund,tsfr_dt,이체일자,16,
ias,ias_refund,updated,수정일시,17,
ias,ias_refund,mbr_id,회원ID,18,
ias,ias_refund,crd_exn_yr,카드만료년도,19,
ias,ias_refund,fee,수수료,20,
ias,ias_refund,rfnd_cncl_dv_cd,환불취소구분코드,21,
ias,ias_refund,rfnd_cnd_chk_dv_cd,환불조건체크구분코드,22,
ias,ias_refund,sys_cre_dttm,시스템생성일시,23,
ias,ias_refund,sys_upd_dttm,시스템수정일시,24,
ias,ias_refund,hdfs_upd_dttm,하둡변경일시,25,
ias,ias_rep_merchant_amt,dpsts_rc_id,예치금충전상ID,1,
ias,ias_rep_merchant_amt,use_amt,사용금액,2,
ias,ias_rep_merchant_amt,data_cre_dttm,생성일시,3,
ias,ias_rep_merchant_amt,data_upd_dttm,수정일시,4,
ias,ias_rep_merchant_amt,asp_id,ASP_ID,5,
ias,ias_rep_merchant_amt,crd_del_af_bala,카드삭제후잔액,6,
ias,ias_rep_merchant_amt,sys_cre_dttm,시스템생성일시,7,
ias,ias_rep_merchant_amt,sys_upd_dttm,시스템수정일시,8,
ias,ias_rep_merchant_amt,hdfs_upd_dttm,하둡변경일시,9,
ias,ias_rep_merchant_tmn,dpsts_rc_id,예치금충전상ID,1,
ias,ias_rep_merchant_tmn,par_no,PAR번호,2,
ias,ias_rep_merchant_tmn,asp_id,ASP_ID,3,
ias,ias_rep_merchant_tmn,del_crd_bala,삭제카드잔액,4,
ias,ias_rep_merchant_tmn,fst_chrg_nr_no,최초충전NR번호,5,
ias,ias_rep_merchant_tmn,sys_cre_dttm,시스템생성일시,6,
ias,ias_rep_merchant_tmn,sys_upd_dttm,시스템수정일시,7,
ias,ias_rep_merchant_tmn,hdfs_upd_dttm,하둡변경일시,8,
ias,ias_transaction,apv_dt,승인일자,1,
ias,ias_transaction,nr_no,NR번호,2,
ias,ias_transaction,par_no,PAR번호,3,
ias,ias_transaction,crd_exn_ym,카드만료년월,4,
ias,ias_transaction,isur_id,발급사ID,5,
ias,ias_transaction,tr_af_bala,거래후잔액,6,
ias,ias_transaction,tr_bf_bala,거래전잔액,7,
ias,ias_transaction,tr_type_cd,거래유형코드,8,
ias,ias_transaction,mc_id,가맹점ID,9,
ias,ias_transaction,acqr_id,매입사ID,10,
ias,ias_transaction,bala_use_amt,잔액사용금액,11,
ias,ias_transaction,tr_gm_utc_ti_msec_cnt,거래전문UTC시각밀리초수,12,
ias,ias_transaction,stan,STAN,13,
ias,ias_transaction,apv_ti,승인시각,14,
ias,ias_transaction,apv_no,승인번호,15,
ias,ias_transaction,acn_tsfr_yy_mmdd,계좌이체년월일,16,
ias,ias_transaction,apv_rs_rsp_cd,승인결과응답코드,17,
ias,ias_transaction,mti_cd,MTI코드,18,
ias,ias_transaction,pcs_cd,프로세싱코드,19,
ias,ias_transaction,ppm_crd_prd_type_cd,선불카드상품유형코드,20,
ias,ias_transaction,af_prcr_cd,후처리결과코드,21,
ias,ias_transaction,tran_id,트랜잭션ID,22,
ias,ias_transaction,tr_gm_utc_dtl_dttm,거래전문UTC상세일시,23,
ias,ias_transaction,apv_dtl_dttm,승인상세일시,24,
ias,ias_transaction,mc_nm,가맹점명,25,
ias,ias_transaction,org_tr_nr_no,원거래NR번호,26,
ias,ias_transaction,af_prcs_dtl_dttm,후처리상세일시,27,
ias,ias_transaction,svc_id,서비스ID,28,
ias,ias_transaction,dcrt,할인율,29,
ias,ias_transaction,gm_tr_amt,전문거래금액,30,
ias,ias_transaction,gm_dc_amt,전문할인금액,31,
ias,ias_transaction,enc_tokn_no,암호화TOKEN번호,32,
ias,ias_transaction,tml_tr_dt,단말기거래일자,33,
ias,ias_transaction,dc_amt,할인금액,34,
ias,ias_transaction,cncl_amt,취소금액,35,
ias,ias_transaction,fee,수수료,36,
ias,ias_transaction,fee_sprc,수수료공급가,37,
ias,ias_transaction,exn_crd_fee,만료카드수수료,38,
ias,ias_transaction,exn_crd_sprc,만료카드공급가,39,
ias,ias_transaction,exn_crd_vat,만료카드부가가치세,40,
ias,ias_transaction,fee_vat,수수료부가가치세,41,
ias,ias_transaction,chrg_mhd_crd_kd_cd,충전방식카드종류코드,42,
ias,ias_transaction,tr_crd_type_cd,거래카드유형코드,43,
ias,ias_transaction,rfnd_dc_amt,환불할인금액,44,
ias,ias_transaction,tr_gm_org_pcs_cd,거래전문원프로세싱코드,45,
ias,ias_transaction,trgt_opt_crd_par_no,대상옵션카드PAR번호,46,
ias,ias_transaction,trgt_opt_crd_svc_id,대상옵션카드서비스ID,47,
ias,ias_transaction,xng_ipsb_dt,환불가능일자,48,
ias,ias_transaction,asp_id,ASP_ID,49,
ias,ias_transaction,tr_vat,거래부가가치세,50,
ias,ias_transaction,tr_sprc,거래공급가,51,
ias,ias_transaction,tr_svfe,거래봉사료,52,
ias,ias_transaction,sgzn_yn,기명화여부,53,
ias,ias_transaction,apv_no_sevr_nm,승인번호서버명,54,
ias,ias_transaction,adm_gift_ptn_id,관리자선물파트너ID,55,
ias,ias_transaction,adm_gift_id,관리자선물ID,56,
ias,ias_transaction,acqr_tr_sno,매입사거래일련번호,57,
ias,ias_transaction,pos_ins_type_cd,POS입력유형코드,58,
ias,ias_transaction,isur_ptn_id,발급사파트너ID,59,
ias,ias_transaction,rep_mc_id,대표가맹점ID,60,
ias,ias_transaction,acqr_ctf_cd,매입사인증코드,61,
ias,ias_transaction,acqr_onl_dv_cd,매입사온라인구분코드,62,
ias,ias_transaction,tml_id,단말기ID,63,
ias,ias_transaction,dc_bnf_cd,할인혜택코드,64,
ias,ias_transaction,dc_bnf_sno,할인혜택일련번호,65,
ias,ias_transaction,cncl_org_amt,취소원금액,66,
ias,ias_transaction,cncl_dc_af_amt,취소할인후금액,67,
ias,ias_transaction,dc_rs_cd,할인결과코드,68,
ias,ias_transaction,dc_con_sno,할인계약일련번호,69,
ias,ias_transaction,org_dc_amt,원할인금액,70,
ias,ias_transaction,org_dcrt,원할인율,71,
ias,ias_transaction,mc_buamt_lmt_amt,가맹점부담금한도금액,72,
ias,ias_transaction,mbr_id,회원ID,73,
ias,ias_transaction,acum_amt_incl_yn,누적금액포함여부,74,
ias,ias_transaction,hist_del_yn,이력삭제여부,75,
ias,ias_transaction,cash_chrg_tr_apv_no,캐시충전거래승인번호,76,
ias,ias_transaction,tr_fail_rsn_cd,거래실패사유코드,77,
ias,ias_transaction,dpsts_rc_id,예치금충전상ID,78,
ias,ias_transaction,sub_dc_bnf_cd,세부할인혜택코드,79,
ias,ias_transaction,use_user_pnt_amt,사용사용자포인트금액,80,
ias,ias_transaction,use_crd_pnt_amt,사용카드포인트금액,81,
ias,ias_transaction,tr_user_pnt_amt,거래사용자포인트금액,82,
ias,ias_transaction,tr_crd_pnt_amt,거래카드포인트금액,83,
ias,ias_transaction,rv_user_pnt_amt,적립사용자포인트금액,84,
ias,ias_transaction,rv_crd_pnt_amt,적립카드포인트금액,85,
ias,ias_transaction,mm_arsl_chk_yn,월실적체크여부,86,
ias,ias_transaction,tr_prcs_st_cd,거래처리상태코드,87,
ias,ias_transaction,cpn_id,쿠폰ID,88,
ias,ias_transaction,cpn_no,쿠폰번호,89,
ias,ias_transaction,pton_cncl_dc_amt,부분취소할인금액,90,
ias,ias_transaction,pton_cncl_pnt_amt,부분취소포인트금액,91,
ias,ias_transaction,bzmn_st_cd,사업자상태코드,92,
ias,ias_transaction,pnt_plcy_id,포인트정책ID,93,
ias,ias_transaction,use_pnt_plcy_id,사용포인트정책ID,94,
ias,ias_transaction,rv_pnt_dv_cd,적립포인트구분코드,95,
ias,ias_transaction,use_pnt_dv_cd,사용포인트구분코드,96,
ias,ias_transaction,pnt_plcy_type_cd,포인트정책유형코드,97,
ias,ias_transaction,stlm_mc_id,결제가맹점ID,98,
ias,ias_transaction,acqr_cd,매입사코드,99,
ias,ias_transaction,tr_fail_rsp_cd,거래실패응답코드,100,
ias,ias_transaction,crd_prd_stlm_mhd_cd,카드상품결제방식코드,101,
ias,ias_transaction,pmnt_bank_nm,지불은행명,102,
ias,ias_transaction,pmnt_bank_acno,지불은행계좌번호,103,
ias,ias_transaction,crd_vrfc_par_no,카드검증PAR번호,104,
ias,ias_transaction,owr_ka_id,주체KA_ID,105,
ias,ias_transaction,vat_xcpt_amt,부가가치세제외금액,106,
ias,ias_transaction,vat_xcpt_bala,부가가치세제외잔액,107,
ias,ias_transaction,vat_xcpt_pnt_amt,부가가치세제외포인트금액,108,
ias,ias_transaction,sys_cre_dttm,시스템생성일시,109,
ias,ias_transaction,sys_upd_dttm,시스템수정일시,110,
ias,ias_transaction,tr_rqs_par,거래요청PAR,111,
ias,ias_transaction,enc_tr_rqs_tokn_no,암호화거래요청TOKEN번호,112,
ias,ias_transaction,cnvg_crd_par,결합카드PAR,113,
ias,ias_transaction,fee_shr_ka_id,\t수수료공유KA_ID,114,
ias,ias_transaction,mktn_fee,마케팅수수료,115,
ias,ias_transaction,mktn_fee_plcy_sno,마케팅수수료정책일련번호,116,
ias,ias_transaction,acn_defray_amt,어디서나_계좌출금금액,117,
ias,ias_transaction,hdfs_upd_dttm,하둡변경일시,118,
ibf,ibf_byka_crd,byka_crd_sno,KA별 카드 일련번호,1,
ibf,ibf_byka_crd,ibf_ordr_sno,주문 일련번호,2,
ibf,ibf_byka_crd,ka_id,KA ID,3,
ibf,ibf_byka_crd,par_no,PAR번호,4,
ibf,ibf_byka_crd,svc_id,서비스 ID,5,
ibf,ibf_byka_crd,crd_tak_yn,카드 수령 여부,6,
ibf,ibf_byka_crd,mgmt_itm_dv_nm,관리 항목 구분 명,7,
ibf,ibf_byka_crd,rcnt_chrg_dttm,최근충전일시,8,
ibf,ibf_byka_crd,sys_cre_dttm,시스템생성일시,9,
ibf,ibf_byka_crd,sys_upd_dttm,시스템수정일시,10,
ibf,ibf_byka_crd,rcnt_rtrv_dttm,최근회수일시,11,
ibf,ibf_byka_crd,hdfs_upd_dttm,하둡변경일시,12,
ibf,ibf_exrt,ibf_exrt_sno,IBF환율일련번호,1,
ibf,ibf_exrt,cur_cd,통화코드,2,
ibf,ibf_exrt,apy_exrt,환율,3,
ibf,ibf_exrt,sys_cre_dttm,시스템생성일시,4,
ibf,ibf_exrt,hdfs_upd_dttm,하둡변경일시,5,
kbc,kbc_wptl_crd_cash,wptl_prd_no,복지포털상품번호,1,
kbc,kbc_wptl_crd_cash,crd_cash_id,카드캐시ID,2,
kbc,kbc_wptl_crd_cash,crd_cash_nm,카드캐시명,3,
kbc,kbc_wptl_crd_cash,crd_cash_dv_cd,"캐시구분코드(00:유저포인트, 01:정책수당, 02:인센티브, 03:복지(급여성), 04:복지(경비성), 05:제휴, 06:법인, 07:기부금)",4,
kbc,kbc_wptl_crd_cash,sys_cre_dttm,시스템생성일자,5,
kbc,kbc_wptl_crd_cash,sys_upd_dttm,시스템수정일자,6,
kbc,kbc_wptl_crd_cash,bztp_grant_grp_id,업종사용처그룹ID,7,
kbc,kbc_wptl_crd_cash,bztp_block_grp_id,업종제한처그룹ID,8,
kbc,kbc_wptl_crd_cash,crd_cash_pv_id,카드캐시제공자ID,9,
kbc,kbc_wptl_crd_cash,hdfs_upd_dttm,하둡변경일시,10,
kbc,kbc_wptl_crd_ordr,wlpo_crd_ordr_no,복지포털카드주문번호,1,복지포털카드주문
kbc,kbc_wptl_crd_ordr,wlpo_entp_no,복지포털기업번호,2,복지포털카드주문
kbc,kbc_wptl_crd_ordr,wlpo_prd_no,복지포털상품번호,3,복지포털카드주문
kbc,kbc_wptl_crd_ordr,wlpo_crd_ordr_st_cd,복지포털카드주문상태코드,4,복지포털카드주문
kbc,kbc_wptl_crd_ordr,apl_qty,신청수량,5,복지포털카드주문
kbc,kbc_wptl_crd_ordr,takl_bsc_addr,수령지기본주소,6,복지포털카드주문
kbc,kbc_wptl_crd_ordr,prd_sll_uprc,상품판매단가,7,복지포털카드주문
kbc,kbc_wptl_crd_ordr,ordr_amt,주문금액,8,복지포털카드주문
kbc,kbc_wptl_crd_ordr,bsc_dlvm,기본배송비,9,복지포털카드주문
kbc,kbc_wptl_crd_ordr,stlm_tot_amt,결제총금액,10,복지포털카드주문
kbc,kbc_wptl_crd_ordr,empc_stlm_type_cd,사원증결제유형코드,11,복지포털카드주문
kbc,kbc_wptl_crd_ordr,csh_deps_vldn_dttm,현금입금확인일시,12,복지포털카드주문
kbc,kbc_wptl_crd_ordr,tx_soa_pbl_yn,세금계산서발행여부,13,복지포털카드주문
kbc,kbc_wptl_crd_ordr,psrc_nm,택배사명,14,복지포털카드주문
kbc,kbc_wptl_crd_ordr,dlv_rcp_dt,배송접수일자,15,복지포털카드주문
kbc,kbc_wptl_crd_ordr,sys_cre_dttm,시스템생성일시,16,복지포털카드주문
kbc,kbc_wptl_crd_ordr,sys_upd_dttm,시스템수정일시,17,복지포털카드주문
kbc,kbc_wptl_crd_ordr,tx_soa_isu_yn,세금계산서발급여부,18,복지포털카드주문
kbc,kbc_wptl_crd_ordr,tx_soa_isu_cplt_dt,세금계산서발급완료일자,19,복지포털카드주문
kbc,kbc_wptl_crd_ordr,wlpo_crd_exps_ordr_no,복지포털카드노출주문번호,20,복지포털카드주문
kbc,kbc_wptl_crd_ordr,nobk_deps_vldn_dttm,무통장입금확인일시,21,복지포털카드주문
kbc,kbc_wptl_crd_ordr,empc_dsg_type_cd,사원증디자인유형코드,22,복지포털카드주문
kbc,kbc_wptl_crd_ordr,pmon_stlm_lmt_amt,월별결제한도금액,23,복지포털카드주문
kbc,kbc_wptl_crd_ordr,bydt_stlm_lmt_amt,일별결제한도금액,24,복지포털카드주문
kbc,kbc_wptl_crd_ordr,once_stlm_lmt_amt,1회결제한도금액,25,복지포털카드주문
kbc,kbc_wptl_crd_ordr,crd_dlv_prea_dttm,카드배송예정일시,26,복지포털카드주문
kbc,kbc_wptl_crd_ordr,ordr_cncl_dttm,주문취소일시,27,복지포털카드주문
kbc,kbc_wptl_crd_ordr,hdfs_upd_dttm,하둡변경일시,28,복지포털카드주문
kbc,kbc_wptl_entp,wptl_entp_no,복지포털기업번호,1,
kbc,kbc_wptl_entp,asp_id,ASPID,2,
kbc,kbc_wptl_entp,ka_id,KAID,3,
kbc,kbc_wptl_entp,wptl_entp_st_cd,"복지포털기업상태코드(00:완료, 99:임시저장, 98:신청, 97:재신청, 96:반려, 95: 심사중, 94: 계약종료)",4,
kbc,kbc_wptl_entp,entp_nm,기업명,5,
kbc,kbc_wptl_entp,psnl_corp_bznm_dv_cd,"개인법인사업자구분코드(10:법인, 20:개인)",6,
kbc,kbc_wptl_entp,bzct_nm,업태명,7,
kbc,kbc_wptl_entp,item_nm,종목명,8,
kbc,kbc_wptl_entp,addr,주소,9,
kbc,kbc_wptl_entp,corp_regno,법인등록번호,10,
kbc,kbc_wptl_entp,repp_birth_dt,대표자생년월일,11,
kbc,kbc_wptl_entp,repp_nlty_cd,"대표자국적코드(10:내국인, 20:외국인)",12,
kbc,kbc_wptl_entp,bank_cd,운행코드,13,
kbc,kbc_wptl_entp,bank_nm,은행명,14,
kbc,kbc_wptl_entp,bzno,사업자등록번호,15,
kbc,kbc_wptl_entp,aprv_dt,승인일자,16,
kbc,kbc_wptl_entp,aprv_wptl_user_no,승인복지포털사용자ID,17,
kbc,kbc_wptl_entp,rj_rsn_cd,"반려사유코드(10:사업자등록증미첨부, 20: 통장사본미첨부, 30:대표자신분증미첨부, 40:부가서류미첨부, 50:직접입력)",18,
kbc,kbc_wptl_entp,rj_rsn_cn,반려사유내용,19,
kbc,kbc_wptl_entp,con_sno,계약일련번호,20,
kbc,kbc_wptl_entp,aply_dt,신청일자,21,
kbc,kbc_wptl_entp,sys_cre_dttm,시스템생성일자,22,
kbc,kbc_wptl_entp,sys_upd_dttm,시스템수정일자,23,
kbc,kbc_wptl_entp,repp_zip_cd,대표자우편번호코드,24,
kbc,kbc_wptl_entp,repp_sex_cd,대표자성별코드(10:남성. 20:여성),25,
kbc,kbc_wptl_entp,zip_cd,우편번호코드,26,
kbc,kbc_wptl_entp,repp_addr,대표자주소,27,
kbc,kbc_wptl_entp,hdfs_upd_dttm,하둡변경일시,28,
kbc,kbc_wptl_prd,wptl_prd_no,복지포털상품번호,1,
kbc,kbc_wptl_prd,prd_id,상품ID,2,
kbc,kbc_wptl_prd,prd_sno,상품신청일련번호,3,
kbc,kbc_wptl_prd,wptl_prd_st_cd,"복지포털상품상태코드(00:사용중, 99:디자인확정, 98:디자인완료, 97:디자인중, 90:삭제)",4,
kbc,kbc_wptl_prd,prd_nm,복지포털상품이름,5,
kbc,kbc_wptl_prd,wptl_prd_type_cd,"복지포털상품유형코드(10:복지카드, 20:법인카드, 30: 법인마스터카드, 40: 법인직불마스터카드)",6,
kbc,kbc_wptl_prd,prd_sll_uprc,상품판매단가,7,
kbc,kbc_wptl_prd,wptl_prd_crd_type_cd,"복지포털상품카드유형코드(10:일반카드, 20:사원증)",8,
kbc,kbc_wptl_prd,wptl_crd_dsg_type_cd,"복지포털카드디자인유형코드(10:기본디자인, 20:직접디자인)",9,
kbc,kbc_wptl_prd,wptl_bsc_dsg_tpl_no,복지포털기본디자인템플릿번호,10,
kbc,kbc_wptl_prd,wptl_cstz_crd_dsg_no,복지포털맞춤카드디자인번호,11,
kbc,kbc_wptl_prd,wptl_crd_adn_fnc_ac_yn,복지포털카드부가기능출입카드여부,12,
kbc,kbc_wptl_prd,wptl_crd_adn_fnc_tc_yn,복지포털카드부가기능교통카드여부,13,
kbc,kbc_wptl_prd,sys_cre_dttm,시스템생성일자,14,
kbc,kbc_wptl_prd,sys_upd_dttm,시스템수정일자,15,
kbc,kbc_wptl_prd,dsg_file_cfm_dttm,디자인파일확인일자,16,
kbc,kbc_wptl_prd,wptl_user_no,복지카드사용자번호,17,
kbc,kbc_wptl_prd,wptl_entp_no,복지포털기업번호,18,
kbc,kbc_wptl_prd,wlpo_crd_nm_wrte_type_cd,"복지포털카드명표기유형코드 (10:법인명+임직원명, 20:법인명)",19,
kbc,kbc_wptl_prd,wlpo_corp_enm,복지포털법인영문명 (카드 이름 표기용),20,
kbc,kbc_wptl_prd,lmt_ovr_nfct_yn,상품 결제한도 알림 여부,21,
kbc,kbc_wptl_prd,mb_rltg_crd_dv_cd,"복지포털카드종류코드 (C:실물카드, M:모바일카드)",22,
kbc,kbc_wptl_prd,mm_use_lmt_amt,상품 월 결제 한도 금액 (상품 신청 시 입렵 값),23,
kbc,kbc_wptl_prd,rc_id,충전상ID,24,
kbc,kbc_wptl_prd,hdfs_upd_dttm,하둡변경일시,25,
kbc,kbc_wptl_rcg,wptl_rcg_no,복지포털충전상번호,1,
kbc,kbc_wptl_rcg,rcg_id,충전상ID,2,
kbc,kbc_wptl_rcg,wptl_entp_no,복지포털기업번호,3,
kbc,kbc_wptl_rcg,sys_cre_dttm,시스템생성일자,4,
kbc,kbc_wptl_rcg,sys_upd_dttm,시스템수정일자,5,
kbc,kbc_wptl_rcg,wptl_rcg_st_cd,"복지포털충전상상태코드(00:사용, 99:삭제)",6,
kbc,kbc_wptl_rcg,hdfs_upd_dttm,하둡변경일시,7,
kcp,coupon_acquirer_mapping,asp_id,ASP_ID,1,
kcp,coupon_acquirer_mapping,cpn_id,쿠폰ID,2,
kcp,coupon_acquirer_mapping,f6d_acqr_id,앞6자리매입사ID,3,
kcp,coupon_acquirer_mapping,sys_cre_dttm,시스템생성일시,4,
kcp,coupon_acquirer_mapping,hdfs_upd_dttm,하둡변경일시,5,
kcp,coupon_group_info,asp_id,ASP_ID,1,
kcp,coupon_group_info,cpn_grp_id,쿠폰그룹ID,2,
kcp,coupon_group_info,bymbr_dup_isu_init_cyc_cd,쿠폰제한수초기화주기유형코드,3,
kcp,coupon_group_info,data_cre_dttm,시스템생성일시,4,
kcp,coupon_group_info,cpn_grp_nm,쿠폰그룹명,5,
kcp,coupon_group_info,cpn_grp_dscr_cn,쿠폰그룹설명내용,6,
kcp,coupon_group_info,data_upd_dttm,시스템수정일시,7,
kcp,coupon_group_info,hdfs_upd_dttm,하둡변경일시,8,
kcp,coupon_grouping,asp_id,ASP_ID,1,
kcp,coupon_grouping,cpn_id,쿠폰ID,2,
kcp,coupon_grouping,cpn_grp_id,쿠폰그룹ID,3,
kcp,coupon_grouping,bymbr_dup_isu_psbl_pcnt,쿠폰중복발급구분코드,4,
kcp,coupon_grouping,data_cre_dttm,시스템생성일시,5,
kcp,coupon_grouping,hdfs_upd_dttm,하둡변경일시,6,
kcp,custom_policy,cpn_id,쿠폰ID,1,
kcp,custom_policy,asp_id,ASP_ID,2,
kcp,custom_policy,cpn_fcval_max_stn_amt,쿠폰액면가최대설정금액,3,
kcp,custom_policy,cpn_fcval_minm_stn_amt,쿠폰액면가최소설정금액,4,
kcp,custom_policy,data_cre_dttm,시스템생성일시,5,
kcp,custom_policy,data_upd_dttm,시스템수정일시,6,
kcp,custom_policy,hdfs_upd_dttm,하둡변경일시,7,
kcp,kcon_isu,kcon_id,코나콘ID,1,발급된 코나콘정보
kcp,kcon_isu,kcon_no,코나콘번호,2,발급된 코나콘정보
kcp,kcon_isu,mbr_id,회원ID,3,발급된 코나콘정보
kcp,kcon_isu,kcon_tr_id,코나콘거래ID,4,발급된 코나콘정보
kcp,kcon_isu,fcval,액면가,5,발급된 코나콘정보
kcp,kcon_isu,bala,잔액,6,발급된 코나콘정보
kcp,kcon_isu,vl_prid_exn_dt,유효기간만료일자,7,발급된 코나콘정보
kcp,kcon_isu,vl_prid_exts_yn,유효기간연장여부,8,발급된 코나콘정보
kcp,kcon_isu,isu_dttm,발급일시,9,발급된 코나콘정보
kcp,kcon_isu,kcon_st_cd,코나콘상태코드,10,발급된 코나콘정보
kcp,kcon_isu,kcon_dtl_st_cd,코나콘상세상태코드,11,발급된 코나콘정보
kcp,kcon_isu,outs_tr_no,외부거래번호,12,발급된 코나콘정보
kcp,kcon_isu,sync_dtl_dttm,동기화상세일시,13,발급된 코나콘정보
kcp,kcon_isu,sys_cre_dttm,시스템생성일시,14,발급된 코나콘정보
kcp,kcon_isu,sys_upd_dttm,시스템수정일시,15,발급된 코나콘정보
kcp,kcon_isu,hdfs_upd_dttm,하둡변경일시,16,발급된 코나콘정보
kcp,kcon_pbls_prd_plcy,pbls_prd_id,발행사상품ID,1,코나콘 발행사상품정보
kcp,kcon_pbls_prd_plcy,outs_pbls_dv_cd,외부발행사구분코드,2,코나콘 발행사상품정보
kcp,kcon_pbls_prd_plcy,pbls_bran_id,발행사브랜드ID,3,코나콘 발행사상품정보
kcp,kcon_pbls_prd_plcy,bran_nm,브랜드명,4,코나콘 발행사상품정보
kcp,kcon_pbls_prd_plcy,prd_nm,상품명,5,코나콘 발행사상품정보
kcp,kcon_pbls_prd_plcy,fcval,액면가,6,코나콘 발행사상품정보
kcp,kcon_pbls_prd_plcy,slpc,판매가,7,코나콘 발행사상품정보
kcp,kcon_pbls_prd_plcy,sprc,공급가,8,코나콘 발행사상품정보
kcp,kcon_pbls_prd_plcy,vl_prid_dcnt,유효기간일수,9,코나콘 발행사상품정보
kcp,kcon_pbls_prd_plcy,txn_yn,과세여부,10,코나콘 발행사상품정보
kcp,kcon_pbls_prd_plcy,vat_incl_yn,부가가치세포함여부,11,코나콘 발행사상품정보
kcp,kcon_pbls_prd_plcy,sll_psbl_yn,판매가능여부,12,코나콘 발행사상품정보
kcp,kcon_pbls_prd_plcy,data_infw_pth_nm,데이터유입경로명,13,코나콘 발행사상품정보
kcp,kcon_pbls_prd_plcy,last_upd_dttm,최종수정일시,14,코나콘 발행사상품정보
kcp,kcon_pbls_prd_plcy,sync_dtl_dttm,동기화상세일시,15,코나콘 발행사상품정보
kcp,kcon_pbls_prd_plcy,sys_cre_dttm,시스템생성일시,16,코나콘 발행사상품정보
kcp,kcon_pbls_prd_plcy,sys_upd_dttm,시스템수정일시,17,코나콘 발행사상품정보
kcp,kcon_pbls_prd_plcy,hdfs_upd_dttm,하둡변경일시,18,코나콘 발행사상품정보
kcp,kcon_plcy,kcon_id,코나콘ID,1,코나콘 판매정책
kcp,kcon_plcy,asp_id,ASP_ID,2,코나콘 판매정책
kcp,kcon_plcy,outs_pbls_dv_cd,외부발행사구분코드,3,코나콘 판매정책
kcp,kcon_plcy,pbls_bran_id,발행사브랜드ID,4,코나콘 판매정책
kcp,kcon_plcy,pbls_prd_id,발행사상품ID,5,코나콘 판매정책
kcp,kcon_plcy,mb_gfct_bran_plcy_id,모바일상품권브랜드정책ID,6,코나콘 판매정책
kcp,kcon_plcy,sll_psbl_yn,판매가능여부,7,코나콘 판매정책
kcp,kcon_plcy,sll_strt_dttm,판매시작일시,8,코나콘 판매정책
kcp,kcon_plcy,sll_end_dttm,판매종료일시,9,코나콘 판매정책
kcp,kcon_plcy,prd_sll_dcrt,상품판매할인율,10,코나콘 판매정책
kcp,kcon_plcy,ral_slpc,실판매가,11,코나콘 판매정책
kcp,kcon_plcy,stc_psbl_dcnt,결제취소가능일수,12,코나콘 판매정책
kcp,kcon_plcy,cncl_psbl_yn,취소가능여부,13,코나콘 판매정책
kcp,kcon_plcy,vl_prid_exts_psbl_yn,유효기간연장가능여부,14,코나콘 판매정책
kcp,kcon_plcy,once_buy_lmt_qty,1회구매한도수량,15,코나콘 판매정책
kcp,kcon_plcy,dd_buy_lmt_qty,일구매한도수량,16,코나콘 판매정책
kcp,kcon_plcy,mm_buy_lmt_qty,월구매한도수량,17,코나콘 판매정책
kcp,kcon_plcy,tot_buy_lmt_qty,총구매한도수량,18,코나콘 판매정책
kcp,kcon_plcy,tg_nm,태그명,19,코나콘 판매정책
kcp,kcon_plcy,kwd_nm,키워드명,20,코나콘 판매정책
kcp,kcon_plcy,adm_chce_lnup_ode,관리자선택정렬순서,21,코나콘 판매정책
kcp,kcon_plcy,sys_cre_dttm,시스템생성일시,22,코나콘 판매정책
kcp,kcon_plcy,sys_upd_dttm,시스템수정일시,23,코나콘 판매정책
kcp,kcon_plcy,kcon_prd_dv_cd,코나콘상품구분코드,24,코나콘 판매정책
kcp,kcon_plcy,tg_clor_type_cd,태그색상유형코드,25,코나콘 판매정책
kcp,kcon_plcy,hdfs_upd_dttm,하둡변경일시,26,코나콘 판매정책
kcp,kcps_admin_history,adm_cpn_sno,관리자쿠폰일련번호,1,
kcp,kcps_admin_history,asp_id,ASP_ID,2,
kcp,kcps_admin_history,cpn_adm_dsb_rqs_bat_sno,쿠폰관리자지급요청배치일련번호,3,
kcp,kcps_admin_history,enc_cpn_no,암호화쿠폰번호,4,
kcp,kcps_admin_history,cpn_isu_prcs_type_cd,쿠폰발급처리유형코드,5,
kcp,kcps_admin_history,prcr_cd,처리결과코드,6,
kcp,kcps_admin_history,data_cre_dttm,데이터생성일시,7,
kcp,kcps_admin_history,data_upd_dttm,데이터수정일시,8,
kcp,kcps_admin_history,mbr_id,회원ID,9,
kcp,kcps_admin_history,nfct_msg_trsf_type_cd,알림메시지전송유형코드,10,
kcp,kcps_admin_history,sys_cre_dttm,시스템생성일시,11,
kcp,kcps_admin_history,sys_upd_dttm,시스템수정일시,12,
kcp,kcps_admin_history,hdfs_upd_dttm,하둡변경일시,13,
kcp,kcps_admin_history_disabled,drm_mbr_adm_cpn_sno,일련번호,1,
kcp,kcps_admin_history_disabled,mbr_id,회원ID,2,
kcp,kcps_admin_history_disabled,data_cre_dttm,시스템생성일시,3,
kcp,kcps_admin_history_disabled,asp_id,ASP_ID,4,
kcp,kcps_admin_history_disabled,hdfs_upd_dttm,하둡변경일시,5,
kcp,kcps_coupon_issue,cpn_id,쿠폰ID,1,
kcp,kcps_coupon_issue,enc_cpn_no,쿠폰번호,2,
kcp,kcps_coupon_issue,mbr_id,회원ID,3,
kcp,kcps_coupon_issue,isu_dt,발급일자,4,
kcp,kcps_coupon_issue,cpn_use_vl_prid_dt,쿠폰사용유효기간일자,5,
kcp,kcps_coupon_issue,nr_no,NR번호,6,
kcp,kcps_coupon_issue,gift_id,선물ID,7,
kcp,kcps_coupon_issue,pcs_cd,프로세싱코드,8,
kcp,kcps_coupon_issue,isu_src_par_no,발급사용카드PAR번호,9,
kcp,kcps_coupon_issue,isu_trgt_par_no,결제PAR번호,10,
kcp,kcps_coupon_issue,cpn_isu_rqs_type_cd,쿠폰발급요청유형코드,11,
kcp,kcps_coupon_issue,vl_prid_exts_tmcnt,내부유상쿠폰유효기간연장횟수,12,
kcp,kcps_coupon_issue,use_rsvt_strt_dtl_dttm,예약시작상세일시,13,
kcp,kcps_coupon_issue,use_rsvt_vl_tm,예약유효시간초수,14,
kcp,kcps_coupon_issue,cpn_isu_st_cd,발급취소상태코드,15,
kcp,kcps_coupon_issue,use_st_cd,사용상태코드,16,
kcp,kcps_coupon_issue,cshp_buy_no,쿠폰숍구매번호,17,
kcp,kcps_coupon_issue,data_cre_dttm,시스템생성일시,18,
kcp,kcps_coupon_issue,data_upd_dttm,시스템수정일시,19,
kcp,kcps_coupon_issue,cpn_type_cd,쿠폰유형코드,20,
kcp,kcps_coupon_issue,svc_sll_type_cd,상품판매유형코드,21,
kcp,kcps_coupon_issue,sub_dc_bnf_cd,쿠폰혜택방식코드,22,
kcp,kcps_coupon_issue,asp_id,ASP_ID,23,
kcp,kcps_coupon_issue,promotion_id,PROMOTION_ID,24,
kcp,kcps_coupon_issue,cpn_st_cd,발급쿠폰활성상태코드,25,
kcp,kcps_coupon_issue,cpn_dtl_st_cd,쿠폰상세상태코드,26,
kcp,kcps_coupon_issue,cpn_extn_prscr_dt,유상쿠폰소멸시효일자,27,
kcp,kcps_coupon_issue,bef_cpn_own_mbr_id,이전쿠폰소유회원ID,28,
kcp,kcps_coupon_issue,cpn_idv_sll_uprc,유상쿠폰개별판매단가,29,
kcp,kcps_coupon_issue,cpn_scrn_del_yn,쿠폰화면삭제여부,30,
kcp,kcps_coupon_issue,crnt_cpn_own_mbr_id,현재쿠폰소유회원ID,31,
kcp,kcps_coupon_issue,rwd_no,보상번호,32,
kcp,kcps_coupon_issue,rwd_evt_id,이벤트보상ID,33,
kcp,kcps_coupon_issue,cpn_isu_rnfc_prid_dcnt,미사용쿠폰발급재알림기간일수,34,
kcp,kcps_coupon_issue,cutm_cpn_stn_yn,커스텀쿠폰설정여부,35,
kcp,kcps_coupon_issue,cutm_cpn_fcval,커스텀쿠폰액면가,36,
kcp,kcps_coupon_issue,hdfs_upd_dttm,하둡변경일시,37,
kcp,kcps_coupon_issue,cpn_isu_type_val,쿠폰발급유형값,38,
kcp,kcps_coupon_issue,clr_trgt_cd,정산대상코드,39,
kcp,kcps_coupon_issue,sys_cre_dttm,시스템생성일시,40,
kcp,kcps_coupon_issue,sys_upd_dttm,시스템수정일시,41,
kcp,kcps_coupon_usage_history,cpn_use_hist_sno,일련번호,1,
kcp,kcps_coupon_usage_history,mbr_id,회원ID,2,
kcp,kcps_coupon_usage_history,cpn_id,쿠폰ID,3,
kcp,kcps_coupon_usage_history,cpn_no,쿠폰번호,4,
kcp,kcps_coupon_usage_history,cpn_type_cd,쿠폰유형코드,5,
kcp,kcps_coupon_usage_history,sub_dc_bnf_cd,쿠폰혜택방식코드,6,
kcp,kcps_coupon_usage_history,mti_cd,MTI승인구분코드,7,
kcp,kcps_coupon_usage_history,apv_dtl_dttm,승인상세일시,8,
kcp,kcps_coupon_usage_history,nr_no,NR번호,9,
kcp,kcps_coupon_usage_history,cpn_use_cncl_par_no,쿠폰사용취소PAR번호,10,
kcp,kcps_coupon_usage_history,org_tr_nr_no,원거래NR번호,11,
kcp,kcps_coupon_usage_history,cncl_st_cd,취소상태코드,12,
kcp,kcps_coupon_usage_history,cncl_apv_dtl_dttm,취소승인상세일시,13,
kcp,kcps_coupon_usage_history,stlm_mc_id,가맹점ID,14,
kcp,kcps_coupon_usage_history,acqr_dv_cd,가맹점유형코드,15,
kcp,kcps_coupon_usage_history,dc_bnf_sno,할인혜택일련번호,16,
kcp,kcps_coupon_usage_history,dc_bnf_cd,할인유형코드,17,
kcp,kcps_coupon_usage_history,cpn_dc_dv_cd,쿠폰할인정액정률구분코드,18,
kcp,kcps_coupon_usage_history,cpn_plcy_dc_val,쿠폰정책할인값,19,
kcp,kcps_coupon_usage_history,dc_amt,할인금액,20,
kcp,kcps_coupon_usage_history,cust_stlm_rqs_amt,고객결제요청금액,21,
kcp,kcps_coupon_usage_history,data_cre_dttm,시스템생성일시,22,
kcp,kcps_coupon_usage_history,data_upd_dttm,시스템수정일시,23,
kcp,kcps_coupon_usage_history,svc_sll_type_cd,상품판매유형코드,24,
kcp,kcps_coupon_usage_history,before_usage_status,BEFORE_USAGE_STATUS,25,
kcp,kcps_coupon_usage_history,after_usage_status,AFTER_USAGE_STATUS,26,
kcp,kcps_coupon_usage_history,asp_id,ASP_ID,27,
kcp,kcps_coupon_usage_history,dc_con_sno,할인계약ID,28,
kcp,kcps_coupon_usage_history,calc_dcrt,계산할인율,29,
kcp,kcps_coupon_usage_history,hdfs_upd_dttm,하둡변경일시,30,
kcp,kcps_coupon_usage_history,sys_cre_dttm,시스템생성일시,31,
kcp,kcps_coupon_usage_history,sys_upd_dttm,시스템수정일시,32,
kcp,policy_condition_mapping,cpn_isu_cnd_plcy_sno,일련번호,1,
kcp,policy_condition_mapping,asp_id,ASP_ID,2,
kcp,policy_condition_mapping,cpn_id,쿠폰ID,3,
kcp,policy_condition_mapping,cpn_isu_cnd_plcy_id,쿠폰다운조건정책ID,4,
kcp,policy_condition_mapping,cpn_isu_cnd_type_cd,쿠폰다운로드조건유형코드,5,
kcp,policy_condition_mapping,cnd_plcy_use_strt_dttm,조건정책사용시작일시,6,
kcp,policy_condition_mapping,cnd_plcy_use_end_dttm,조건정책사용종료일시,7,
kcp,policy_condition_mapping,data_cre_dttm,시스템생성일시,8,
kcp,policy_condition_mapping,data_upd_dttm,시스템수정일시,9,
kcp,policy_condition_mapping,hdfs_upd_dttm,하둡변경일시,10,
kcp,policy_issue_condition,cpn_isu_cnd_sno,일련번호,1,
kcp,policy_issue_condition,cpn_isu_cnd_plcy_id,쿠폰다운조건정책ID,2,
kcp,policy_issue_condition,condition_index,CONDITION_INDEX,3,
kcp,policy_issue_condition,cnd_cn,쿠폰다운조건내용,4,
kcp,policy_issue_condition,data_cre_dttm,시스템생성일시,5,
kcp,policy_issue_condition,data_upd_dttm,시스템수정일시,6,
kcp,policy_issue_condition,cnd_fld_nm,조건필드명,7,
kcp,policy_issue_condition,hdfs_upd_dttm,하둡변경일시,8,
kcp,promotion_info,cpn_prmn_plcy_sno,일련번호,1,
kcp,promotion_info,asp_id,ASP_ID,2,
kcp,promotion_info,cpn_id,쿠폰ID,3,
kcp,promotion_info,prmn_cd,프로모션코드,4,
kcp,promotion_info,strt_dttm,시작일시,5,
kcp,promotion_info,end_dttm,종료일시,6,
kcp,promotion_info,data_cre_dttm,시스템생성일시,7,
kcp,promotion_info,hdfs_upd_dttm,하둡변경일시,8,
kns,kakao_sms_template,kko_sms_tpl_sno,카카오SMS템플릿일련번호,1,
kns,kakao_sms_template,tpl_cd,템플릿코드,2,
kns,kakao_sms_template,kko_tpl_type_cd,카카오템플릿유형코드,3,
kns,kakao_sms_template,sms_sndng_msg_nm,SMS발송메시지명,4,
kns,kakao_sms_template,nfct_tpl_dv_val,SMS알림유형코드세부내용,5,
kns,kakao_sms_template,sys_cre_dttm,시스템생성일시,6,
kns,kakao_sms_template,sys_upd_dttm,시스템수정일시,7,
kns,kakao_sms_template,verno,버전번호,8,
kns,kakao_sms_template,hdfs_upd_dttm,하둡변경일시,9,
kns,sms_notification_details,sms_nfct_sno,SMS알림일련번호,1,
kns,sms_notification_details,asp_id,ASP_ID,2,
kns,sms_notification_details,mbr_id,회원ID,3,
kns,sms_notification_details,par_no,PAR번호,4,
kns,sms_notification_details,sms_nfct_type_cd_cn,SMS알림유형코드내용,5,
kns,sms_notification_details,msg_tpl_sno,메시지템플릿일련번호,6,
kns,sms_notification_details,nat_lang_cd,국가언어코드,7,
kns,sms_notification_details,sms_sndng_msg_nm,SMS발송메시지명,8,
kns,sms_notification_details,sms_dph_owr_val,SMS발신주체값,9,
kns,sms_notification_details,sms_rqs_owr_dv_cd,SMS요청주체구분코드,10,
kns,sms_notification_details,sys_cre_dttm,시스템생성일시,11,
kns,sms_notification_details,sys_upd_dttm,시스템수정일시,12,
kns,sms_notification_details,verno,버전번호,13,
kns,sms_notification_details,kko_sms_tpl_sno,카카오SMS템플릿일련번호,14,
kns,sms_notification_details,itnc_tel_zon_cd,국제전화지역코드,15,
kns,sms_notification_details,hdfs_upd_dttm,하둡변경일시,16,
kns,sms_notification_details,pt_cre_dt,,17,
kod,affiliate,ptn_id,파트너ID,1,
kod,affiliate,role_cd,역할코드,2,
kod,affiliate,rep_rc_id,대표충전상ID,3,
kod,affiliate,act_st_cd,활성상태코드,4,
kod,affiliate,sys_cre_dttm,시스템생성일시,5,
kod,affiliate,sys_upd_dttm,시스템수정일시,6,
kod,affiliate,fyr_crd_pnt_dsb_lmt_amt,년간카드포인트지급한도금액,7,
kod,affiliate,hdfs_upd_dttm,하둡변경일시,8,
kod,affiliate_asp,ka_id,KA_ID,1,
kod,affiliate_asp,ka_role_cd,KA역할코드,2,
kod,affiliate_asp,asp_id,ASP_ID,3,
kod,affiliate_asp,role_cd,역할코드,4,
kod,affiliate_asp,sys_cre_dttm,시스템생성일시,5,
kod,affiliate_asp,sys_upd_dttm,시스템수정일시,6,
kod,affiliate_asp,hdfs_upd_dttm,하둡변경일시,7,
kod,affiliate_recharger,ka_id,KA_ID,1,
kod,affiliate_recharger,ka_role_cd,KA역할코드,2,
kod,affiliate_recharger,rc_id,충전상ID,3,
kod,affiliate_recharger,rc_role_cd,충전상역할코드,4,
kod,affiliate_recharger,afc_rc_sno,제휴사충전상일련번호,5,
kod,affiliate_recharger,sys_cre_dttm,시스템생성일시,6,
kod,affiliate_recharger,sys_upd_dttm,시스템수정일시,7,
kod,affiliate_recharger,hdfs_upd_dttm,하둡변경일시,8,
kod,affiliate_svc_mapping,ka_id,KA_ID,1,
kod,affiliate_svc_mapping,svc_id,서비스ID,2,
kod,affiliate_svc_mapping,sys_cre_dttm,시스템생성일시,3,
kod,affiliate_svc_mapping,sys_upd_dttm,시스템수정일시,4,
kod,affiliate_svc_mapping,hdfs_upd_dttm,하둡변경일시,5,
kod,auto_recharge_policy,asp_id,ASP_ID,1,
kod,auto_recharge_policy,cri_lwtlm_amt_list_cn,기준하한금액목록내용,2,
kod,auto_recharge_policy,mfo_chrg_dttm_lst_cn,월정액충전일시리스트내용,3,
kod,auto_recharge_policy,chrg_amt,충전금액,4,
kod,auto_recharge_policy,minm_chrg_amt,최소충전금액,5,
kod,auto_recharge_policy,hdfs_upd_dttm,하둡변경일시,6,
kod,bc_merchant,sno,일련번호,1,
kod,bc_merchant,mc_id,가맹점ID,2,
kod,bc_merchant,sys_cre_dttm,시스템생성일시,3,
kod,bc_merchant,sys_upd_dttm,시스템수정일시,4,
kod,bc_merchant,data_type,데이터타입,5,
kod,bc_merchant,reg_type,등록타입,6,
kod,bc_merchant,mc_reg_dt,가맹점등록일자,7,
kod,bc_merchant,bzno,사업자등록번호,8,
kod,bc_merchant,mc_nm,가맹점명,9,
kod,bc_merchant,mc_enm,가맹점영문명,10,
kod,bc_merchant,security_no,보안번호,11,
kod,bc_merchant,bztp_cd,업종코드,12,
kod,bc_merchant,sub_bztp_cd,세부업종코드,13,
kod,bc_merchant,psno,우편번호,14,
kod,bc_merchant,mc_addr,가맹점주소,15,
kod,bc_merchant,mc_rsg_dt,가맹점해지일자,16,
kod,bc_merchant,sl_cd,매출코드,17,
kod,bc_merchant,key_in_app_lmt_type,키인한도적용구분코드,18,
kod,bc_merchant,edc_yn,EDC가맹점여부,19,
kod,bc_merchant,pay_period,지불기간,20,
kod,bc_merchant,feert,수수료율,21,
kod,bc_merchant,ck_crd_feert,체크카드수수료율,22,
kod,bc_merchant,giro_no,지로번호,23,
kod,bc_merchant,mbrc_no,회원사번호,24,
kod,bc_merchant,sls_temp_stop_yn,영업임시정지여부,25,
kod,bc_merchant,sls_temp_stop_dt,영업임시정지일자,26,
kod,bc_merchant,sls_temp_stop_rls_dt,영업임시정지해제일자,27,
kod,bc_merchant,instmt_mcnt,할부개월,28,
kod,bc_merchant,addr_new_old_type,도로명주소여부,29,
kod,bc_merchant,bsc_addr,기본주소,30,
kod,bc_merchant,dtl_addr,상세주소,31,
kod,bc_merchant,road_nm,가맹점도로명코드,32,
kod,bc_merchant,mc_feert,가맹점수수료율,33,
kod,bc_merchant,incde_trgt_yn,소득공제대상여부,34,
kod,bc_merchant,incde_type_cd,소득공제유형코드,35,
kod,bc_merchant,suct_yn,교복비여부,36,
kod,bc_merchant,sales_type,매출타입,37,
kod,bc_merchant,latd,경도,38,
kod,bc_merchant,lotd,위도,39,
kod,bc_merchant,tr_onl_yn,거래온라인여부,40,
kod,bc_merchant,sido_nm,행정시도명,41,
kod,bc_merchant,sgg_nm,시군구명,42,
kod,bc_merchant,emd_nm,읍면동명,43,
kod,bc_merchant,admd_nm,행정동명,44,
kod,bc_merchant,admd_cd,행정동코드,45,
kod,bc_merchant,lgld_nm,법정동명,46,
kod,bc_merchant,lgld_cd,법정동코드,47,
kod,bc_merchant,road_nm_cd,도로명코드,48,
kod,bc_merchant,onl_dv_cd,온라인구분코드,49,
kod,bc_merchant,hdfs_upd_dttm,하둡변경일시,50,
kod,bc_merchant,mc_phn_no,,51,
kod,bc_merchant,biz_name,,52,
kod,bc_merchant,repp_nm,대표자명,53,
kod,bc_merchant_history,type,TYPE,1,
kod,bc_merchant_history,revision_seq,REVISION_SEQ,2,
kod,bc_merchant_history,trigger_reg_date,TRIGGER_REG_DATE,3,
kod,bc_merchant_history,seq,SEQ,4,
kod,bc_merchant_history,reg_date,REG_DATE,5,
kod,bc_merchant_history,update_date,UPDATE_DATE,6,
kod,bc_merchant_history,data_type,DATA_TYPE,7,
kod,bc_merchant_history,reg_type,REG_TYPE,8,
kod,bc_merchant_history,mct_reg_date,MCT_REG_DATE,9,
kod,bc_merchant_history,mct_mng_no,MCT_MNG_NO,10,
kod,bc_merchant_history,biz_license_no,BIZ_LICENSE_NO,11,
kod,bc_merchant_history,simple_nm,SIMPLE_NM,12,
kod,bc_merchant_history,simple_eng_nm,SIMPLE_ENG_NM,13,
kod,bc_merchant_history,security_no,SECURITY_NO,14,
kod,bc_merchant_history,repr_nm,REPR_NM,15,
kod,bc_merchant_history,biz_type,BIZ_TYPE,16,
kod,bc_merchant_history,sub_cd,SUB_CD,17,
kod,bc_merchant_history,ddd_no,DDD_NO,18,
kod,bc_merchant_history,tel,TEL,19,
kod,bc_merchant_history,tel_seq,TEL_SEQ,20,
kod,bc_merchant_history,zip_cd,ZIP_CD,21,
kod,bc_merchant_history,addr,ADDR,22,
kod,bc_merchant_history,temnt_date,TEMNT_DATE,23,
kod,bc_merchant_history,sales_type,SALES_TYPE,24,
kod,bc_merchant_history,key_in_app_lmt_type,KEY_IN_APP_LMT_TYPE,25,
kod,bc_merchant_history,edc_yn,EDC_YN,26,
kod,bc_merchant_history,pay_period,PAY_PERIOD,27,
kod,bc_merchant_history,fee_rate,FEE_RATE,28,
kod,bc_merchant_history,chk_fee_rate,CHK_FEE_RATE,29,
kod,bc_merchant_history,giro_no,GIRO_NO,30,
kod,bc_merchant_history,pay_acc_meber_cd,PAY_ACC_MEBER_CD,31,
kod,bc_merchant_history,suspended_yn,SUSPENDED_YN,32,
kod,bc_merchant_history,suspended_date,SUSPENDED_DATE,33,
kod,bc_merchant_history,release_suspend,RELEASE_SUSPEND,34,
kod,bc_merchant_history,inst_months,INST_MONTHS,35,
kod,bc_merchant_history,addr_new_old_type,ADDR_NEW_OLD_TYPE,36,
kod,bc_merchant_history,addr1,ADDR1,37,
kod,bc_merchant_history,addr2,ADDR2,38,
kod,bc_merchant_history,road_nm_mng_cd,ROAD_NM_MNG_CD,39,
kod,bc_merchant_history,merchant_fee_rate,MERCHANT_FEE_RATE,40,
kod,bc_merchant_history,income_deduction_yn,INCOME_DEDUCTION_YN,41,
kod,bc_merchant_history,income_deduction_type,INCOME_DEDUCTION_TYPE,42,
kod,bc_merchant_history,uniform_yn,UNIFORM_YN,43,
kod,bc_merchant_history,sales_cd,SALES_CD,44,
kod,bc_merchant_history,latitude,LATITUDE,45,
kod,bc_merchant_history,longitude,LONGITUDE,46,
kod,bc_merchant_history,online_yn,ONLINE_YN,47,
kod,bc_merchant_history,si_do_nm,SI_DO_NM,48,
kod,bc_merchant_history,si_gun_gu_nm,SI_GUN_GU_NM,49,
kod,bc_merchant_history,eup_myun_dong_nm,EUP_MYUN_DONG_NM,50,
kod,bc_merchant_history,admin_dong_name,ADMIN_DONG_NAME,51,
kod,bc_merchant_history,admin_dong_code,ADMIN_DONG_CODE,52,
kod,bc_merchant_history,legal_dong_name,LEGAL_DONG_NAME,53,
kod,bc_merchant_history,legal_dong_code,LEGAL_DONG_CODE,54,
kod,bc_merchant_history,road_nm_code,ROAD_NM_CODE,55,
kod,bc_merchant_history,onl_type_cd,ONL_TYPE_CD,56,
kod,bc_merchant_history,hdfs_upd_dttm,하둡변경일시,57,
kod,bc_merchant_history,biz_name,,58,
kod,bc_merchant_history,tel_no,,59,
kod,bc_merchant_history,pt_reg_m,,60,
kod,bc_online_merchant,sno,일련번호,1,
kod,bc_online_merchant,sys_cre_dttm,시스템생성일시,2,
kod,bc_online_merchant,sys_upd_dttm,UPDATE_DATE,3,
kod,bc_online_merchant,data_type,DATA_TYPE,4,
kod,bc_online_merchant,bzno,BIZ_LICENSE_NO,5,
kod,bc_online_merchant,mc_reg_dt,MCT_REG_DATE,6,
kod,bc_online_merchant,mc_nm,MCT_NAME,7,
kod,bc_online_merchant,bztp_cd,BIZ_TYPE,8,
kod,bc_online_merchant,onl_bz_nm,ONLINE_BIZ_NAME,9,
kod,bc_online_merchant,ddd_no,DDD_NO,10,
kod,bc_online_merchant,tel_no1,TEL_NO1,11,
kod,bc_online_merchant,tel_no2,TEL_NO2,12,
kod,bc_online_merchant,zip_cd,ZIP_CD,13,
kod,bc_online_merchant,addr,ADDR,14,
kod,bc_online_merchant,rep_tlno,REPR_NO,15,
kod,bc_online_merchant,mc_rsg_dt,TEMNT_DATE,16,
kod,bc_online_merchant,hdfs_upd_dttm,하둡변경일시,17,
kod,biz_type_group,bztp_grp_id,업종그룹ID,1,
kod,biz_type_group,bztp_grp_nm,업종그룹명,2,
kod,biz_type_group,last_upd_dttm,마지막수정일시,3,
kod,biz_type_group,sys_cre_dttm,REG_DATE,4,
kod,biz_type_group,sys_upd_dttm,UPDATE_DATE,5,
kod,biz_type_group,acqr_dv_cd,매입채널코드,6,
kod,biz_type_group,mc_grp_mapng_type_cd,가맹점그룹매핑유형코드,7,
kod,biz_type_group,sibling_grp_id,SIBLING_GRP_ID,8,
kod,biz_type_group,rgpr_po_lgin_id,생성포털로그인ID,9,
kod,biz_type_group,last_updr_nm,최종수정자명,10,
kod,biz_type_group,hdfs_upd_dttm,하둡변경일시,11,
kod,biz_type_group_mapping,bztp_cd_bztp_grp_mapng_sno,업종코드업종그룹매핑ID,1,
kod,biz_type_group_mapping,bztp_grp_id,업종그룹ID,2,
kod,biz_type_group_mapping,bztp_cd,업종코드,3,
kod,biz_type_group_mapping,sub_code,SUB_CODE,4,
kod,biz_type_group_mapping,sys_cre_dttm,REG_DATE,5,
kod,biz_type_group_mapping,sys_upd_dttm,UPDATE_DATE,6,
kod,biz_type_group_mapping,acqr_dv_cd,매입채널코드,7,
kod,biz_type_group_mapping,hdfs_upd_dttm,하둡변경일시,8,
kod,card_deregistration_policy,asp_id,ASP_ID,1,
kod,card_deregistration_policy,stlm_crd_conn_dsbl_pmsn_yn,결제카드연결해제허용여부,2,
kod,card_deregistration_policy,sgnt_crd_conn_dsbl_pmsn_yn,기명카드연결해제허용여부,3,
kod,card_deregistration_policy,incde_crd_conn_dsbl_pmsn_yn,소득공제카드연결해제허용여부,4,
kod,card_deregistration_policy,fbn_crd_conn_dsbl_pmsn_yn,단골혜택카드연결해제허용여부,5,
kod,card_deregistration_policy,corp_crd_conn_dsbl_pmsn_yn,법인카드연결해제허용여부,6,
kod,card_deregistration_policy,ovrs_tr_crd_conn_dsbl_pmsn_yn,해외거래카드연결해제허용여부,7,
kod,card_deregistration_policy,rmt_conn_dsbl_pmsn_yn,송금연결해제허용여부,8,
kod,card_deregistration_policy,sys_cre_dttm,REG_DATE,9,
kod,card_deregistration_policy,sys_upd_dttm,UPDATE_DATE,10,
kod,card_deregistration_policy,hdfs_upd_dttm,하둡변경일시,11,
kod,card_point_policy,crd_pnt_plcy_id,ID,1,
kod,card_point_policy,asp_id,ASP_ID,2,
kod,card_point_policy,crd_pnt_plcy_nm,카드포인트정책명,3,
kod,card_point_policy,ppnt_wth_rate,포인트당가치비율,4,
kod,card_point_policy,max_hld_lmt_amt,최대보유한도금액,5,
kod,card_point_policy,use_psbl_minm_hld_pnt,사용가능최소보유포인트,6,
kod,card_point_policy,pnt_use_psbl_minm_stlm_amt,포인트사용가능최소결제금액,7,
kod,card_point_policy,once_max_use_pnt,1회최대사용포인트,8,
kod,card_point_policy,once_max_use_rate,1회최대사용비율,9,
kod,card_point_policy,dd_max_use_psbl_amt,일최대사용가능금액,10,
kod,card_point_policy,mm_use_psbl_amt,월사용가능금액,11,
kod,card_point_policy,pnt_use_pmsn_mc_grp_id,포인트사용처가맹점그룹ID,12,
kod,card_point_policy,pnt_use_lm_mc_grp_id,포인트사용제한가맹점그룹ID,13,
kod,card_point_policy,lm_bztp_grp_id,제한업종그룹ID,14,
kod,card_point_policy,vl_prid_type_cd,유효기간유형코드,15,
kod,card_point_policy,tr_cncl_pnt_vl_prid_cnt,거래취소포인트유효기간수,16,
kod,card_point_policy,vl_prid_stn_spf_dttm,유효기간설정특정일시,17,
kod,card_point_policy,sys_cre_dttm,REG_DATE,18,
kod,card_point_policy,sys_upd_dttm,UPDATE_DATE,19,
kod,card_point_policy,pmbr_annl_dsb_lmt_pnt,회원당년포인트지급한도금액,20,
kod,card_point_policy,pmbr_bymn_dsb_lmt_pnt,회원당월지급한도포인트수,21,
kod,card_point_policy,pnt_auto_use_stn_yn,포인트자동사용설정여부,22,
kod,card_point_policy,rfnd_pnt_extn_famt_frte_dv_cd,환불포인트소멸정액정률구분코드,23,
kod,card_point_policy,rfnd_ptim_extn_pnt,환불시소멸포인트,24,
kod,card_point_policy,incde_trgt_yn,소득공제대상여부,25,
kod,card_point_policy,pnt_plcy_type_cd,포인트정책유형코드,26,
kod,card_point_policy,sub_pnt_plcy_type_cd,세부포인트정책유형코드,27,
kod,card_point_policy,annl_pnt_dsb_bugt_amt,연간포인트지급예산금액,28,
kod,card_point_policy,ap_xprsn_nm,앱표시명,29,
kod,card_point_policy,pmsn_bztp_grp_id,허용업종그룹ID,30,
kod,card_point_policy,clr_type_cd,정산유형코드,31,
kod,card_point_policy,clr_plcy_cd,정산정책코드,32,
kod,card_point_policy,grda_dsb_use_yn,차등지급사용여부,33,
kod,card_point_policy,bfm_arsl_incl_yn,전월실적포함여부,34,
kod,card_point_policy,memo_cn,메모내용,35,
kod,card_point_policy,rgpr_po_lgin_id,등록포털로그인ID,36,
kod,card_point_policy,bala_trnsf_psbl_yn,잔액이관가능여부,37,
kod,card_point_policy,cstm_mhd_famt_frte_dv_cd,복합결제방식정액정률구분코드,38,
kod,card_point_policy,tml_pnt_chrg_psbl_yn,단말기포인트충전가능여부,39,
kod,card_point_policy,dsb_vl_prid_type_cd,지급유효기간유형코드,40,
kod,card_point_policy,pnt_extn_prid_dcnt,포인트소멸기간일수,41,
kod,card_point_policy,dflt_pnt_vl_prid_spf_dttm,디폴트포인트유효기간특정일시,42,
kod,card_point_policy,tg_nm,태그명,43,
kod,card_point_policy,pnt_use_mth_stn_psbl_yn,포인트사용방법설정가능여부,44,
kod,card_point_policy,pnt_rmt_psbl_yn,포인트송금가능여부,45,
kod,card_point_policy,mm_bugt_amt,월예산금액,46,
kod,card_point_policy,ar_amt_clr_ka_id,선수금정산KA_ID,47,
kod,card_point_policy,hdfs_upd_dttm,하둡변경일시,48,
kod,card_point_svc_mapping,svc_id,서비스ID,1,
kod,card_point_svc_mapping,crd_pnt_plcy_id,포인트정책ID,2,
kod,card_point_svc_mapping,sys_cre_dttm,시스템생성일시,3,
kod,card_point_svc_mapping,sys_upd_dttm,시스템수정일시,4,
kod,card_point_svc_mapping,hdfs_upd_dttm,하둡변경일시,5,
kod,clearing_transaction,clr_tr_id,정산거래ID,1,
kod,clearing_transaction,pt_cre_dt,파티션생성일자,2,
kod,clearing_transaction,fee_clr_cd,수수료유형ID,3,
kod,clearing_transaction,sys_cre_dttm,시스템생성일시,4,
kod,clearing_transaction,sys_upd_dttm,시스템수정일시,5,
kod,clearing_transaction,pcs_cd,프로세싱코드,6,
kod,clearing_transaction,svc_id,서비스ID,7,
kod,clearing_transaction,role_cd,역할코드,8,
kod,clearing_transaction,ptn_id,파트너ID,9,
kod,clearing_transaction,clr_plcy_cd,정산정책코드,10,
kod,clearing_transaction,fee_vl_strt_dttm,수수료유효시작일시,11,
kod,clearing_transaction,fee_vl_exn_dttm,수수료유효만료일시,12,
kod,clearing_transaction,fee_btk_yn,수수료선취여부,13,
kod,clearing_transaction,txn_type_cd,과세유형코드,14,
kod,clearing_transaction,clr_tr_rf_cd,정산거래참고코드,15,
kod,clearing_transaction,asp_id,ASP_ID,16,
kod,clearing_transaction,spps_acqr_id,부가서비스매입사ID,17,
kod,clearing_transaction,kb_sl_cd,KB매출코드,18,
kod,clearing_transaction,ka_id,KA_ID,19,
kod,clearing_transaction,bzmn_lcns_type_cd,사업자면허유형코드,20,
kod,clearing_transaction,hdfs_upd_dttm,하둡변경일시,21,
kod,composite_payment_priority,svc_id,서비스ID,1,복합결제우선순위
kod,composite_payment_priority,pnt_plcy_id,포인트정책ID,2,복합결제우선순위
kod,composite_payment_priority,prity,우선순위,3,복합결제우선순위
kod,composite_payment_priority,sys_cre_dttm,시스템생성일시,4,복합결제우선순위
kod,composite_payment_priority,sys_upd_dttm,시스템수정일시,5,복합결제우선순위
kod,composite_payment_priority,hdfs_upd_dttm,하둡변경일시,6,복합결제우선순위
kod,contract,role_cd,역할코드,1,
kod,contract,ptn_id,파트너ID,2,
kod,contract,add_info_yn,추가정보여부,3,
kod,contract,svc_strt_dttm,시작일시,4,
kod,contract,sys_cre_dttm,시스템생성일시,5,
kod,contract,sys_upd_dttm,시스템수정일시,6,
kod,contract,exn_dttm,만료일시,7,
kod,contract,ptn_act_st_cd,파트너활성상태코드,8,
kod,contract,rep_clr_dv_cd,대표정산구분코드,9,
kod,contract,clr_owr_ptn_id,정산주체파트너ID,10,
kod,contract,ptn_nm,파트너명,11,
kod,contract,po_lgin_id,포털로그인ID,12,
kod,contract,bzno,사업자등록번호,13,
kod,contract,cono,법인등록번호,14,
kod,contract,clr_owr_role_cd,정산주체역할코드,15,
kod,contract,mc_lst_exps_yn,가맹점리스트노출여부,16,
kod,contract,exps_mc_nm,노출가맹점명,17,
kod,contract,bzmn_lcns_type_cd,사업자면허유형코드,18,
kod,contract,hdfs_upd_dttm,하둡변경일시,19,
kod,coupon_policy,asp_id,ASP_ID,1,
kod,coupon_policy,cpn_use_yn,쿠폰사용여부,2,
kod,coupon_policy,cpn_gift_accp_wat_tm,쿠폰선물수락대기시간수,3,
kod,coupon_policy,cpn_vl_prid_exts_unit_mcnt,쿠폰유효기간연장단위개월수,4,
kod,coupon_policy,cpn_buy_cncl_psbl_dcnt,쿠폰구매취소가능일수,5,
kod,coupon_policy,cpn_vl_prid_gud_ance_dd,쿠폰유효기간안내공지일,6,
kod,coupon_policy,vl_prid_wtn_rfnd_amt,유효기간이내환불금액,7,
kod,coupon_policy,vl_prid_exts_aft_rfnd_amt,유효기간연장이후환불금액,8,
kod,coupon_policy,vl_prid_exn_aft_rfnd_amt,유효기간만료이후환불금액,9,
kod,coupon_policy,extn_prscr_aft_rfnd_amt,소멸시효이후환불금액,10,
kod,coupon_policy,sys_cre_dttm,REG_DATE,11,
kod,coupon_policy,sys_upd_dttm,UPDATE_DATE,12,
kod,coupon_policy,hdfs_upd_dttm,하둡변경일시,13,
kod,custom_discount,dc_bnf_cd,할인유형코드,1,
kod,custom_discount,svc_id,서비스ID,2,
kod,custom_discount,dc_bnf_sno,혜택일련번호,3,
kod,custom_discount,bybtp_dc_info_use_yn,업종별할인정보사용여부,4,
kod,custom_discount,max_reg_psbl_mc_cnt,최대등록가능가맹점수,5,
kod,custom_discount,fvrt_dc_chg_imp_prid_dcnt,단골할인변경불가기간일수,6,
kod,custom_discount,hdfs_upd_dttm,하둡변경일시,7,
kod,dcnt_bundle_mapping,dc_bnf_grp_id,혜택그룹ID,1,
kod,dcnt_bundle_mapping,dc_bnf_cd,할인유형코드,2,
kod,dcnt_bundle_mapping,svc_id,서비스ID,3,
kod,dcnt_bundle_mapping,dc_bnf_sno,혜택일련번호,4,
kod,dcnt_bundle_mapping,asp_id,ASP_ID,5,
kod,dcnt_bundle_mapping,sys_cre_dttm,REG_DATE,6,
kod,dcnt_bundle_mapping,sys_upd_dttm,UPDATE_DATE,7,
kod,dcnt_bundle_mapping,bndl_type_cd,번들유형코드,8,
kod,dcnt_bundle_mapping,hdfs_upd_dttm,하둡변경일시,9,
kod,dcnt_bundle_product_mapping,dc_bnf_grp_id,혜택그룹ID,1,
kod,dcnt_bundle_product_mapping,svc_id,서비스ID,2,
kod,dcnt_bundle_product_mapping,bndl_type_cd,번들유형코드,3,
kod,dcnt_bundle_product_mapping,hdfs_upd_dttm,하둡변경일시,4,
kod,dcnt_group_mapping,dc_bnf_cd,할인유형코드,1,
kod,dcnt_group_mapping,svc_id,서비스ID,2,
kod,dcnt_group_mapping,dc_bnf_sno,혜택일련번호,3,
kod,dcnt_group_mapping,mapng_type_cd,매핑유형코드,4,
kod,dcnt_group_mapping,acqr_dv_cd,매입채널코드,5,
kod,dcnt_group_mapping,bztp_grp_id,업종그룹ID,6,
kod,dcnt_group_mapping,sys_cre_dttm,REG_DATE,7,
kod,dcnt_group_mapping,sys_upd_dttm,UPDATE_DATE,8,
kod,dcnt_group_mapping,hdfs_upd_dttm,하둡변경일시,9,
kod,discount_bundle,dc_bnf_grp_id,DCNT_BUNDLE_ID,1,
kod,discount_bundle,dc_bnf_bndl_nm,혜택번들명,2,
kod,discount_bundle,asp_id,ASP_ID,3,
kod,discount_bundle,bndl_type_cd,번들유형코드,4,
kod,discount_bundle,hdfs_upd_dttm,하둡변경일시,5,
kod,discount_provider,dc_bowr_id,할인부담주체ID,1,
kod,discount_provider,pnt_bowr_role_cd,포인트부담주체역할코드,2,
kod,discount_provider,dc_famt_frte_dv_cd,할인정액정률구분코드,3,
kod,discount_provider,dc_bu_val,할인부담값,4,
kod,discount_provider,sys_cre_dttm,시스템생성일시,5,
kod,discount_provider,sys_upd_dttm,시스템수정일시,6,
kod,discount_provider,dc_bnf_cd,할인유형코드,7,
kod,discount_provider,svc_id,서비스ID,8,
kod,discount_provider,dc_bnf_sno,혜택일련번호,9,
kod,discount_provider,hdfs_upd_dttm,하둡변경일시,10,
kod,epay_svc_code,svc_id,서비스ID,1,
kod,epay_svc_code,acqr_dv_cd,매입사구분코드,2,
kod,epay_svc_code,acqr_svc_id,매입사서비스ID,3,
kod,epay_svc_code,sys_cre_dttm,시스템생성일시,4,
kod,epay_svc_code,sys_upd_dttm,시스템수정일시,5,
kod,epay_svc_code,hdfs_upd_dttm,하둡변경일시,6,
kod,external_service,seq,SEQ,1,
kod,external_service,svc_type_cd,서비스유형코드,2,
kod,external_service,svc_prv_role_cd,서비스제공역할코드,3,
kod,external_service,svc_prv_ptn_id,서비스제공파트너ID,4,
kod,external_service,asp_id,ASP_ID,5,
kod,external_service,svc_nm,서비스명,6,
kod,external_service,sys_cre_dttm,REG_DATE,7,
kod,external_service,sys_upd_dttm,UPDATE_DATE,8,
kod,external_service,hdfs_upd_dttm,하둡변경일시,9,
kod,fee_rate,feert_sno,일련번호,1,
kod,fee_rate,fee_clr_cd,수수료정산코드,2,
kod,fee_rate,sct_minm_val,구간최소값,3,
kod,fee_rate,sct_max_val,구간최대값,4,
kod,fee_rate,fee_famt_frte_dv_cd,수수료정액정률구분코드,5,
kod,fee_rate,chrrt_val,요율값,6,
kod,fee_rate,sys_cre_dttm,시스템생성일시,7,
kod,fee_rate,sys_upd_dttm,시스템수정일시,8,
kod,fee_rate,hdfs_upd_dttm,하둡변경일시,9,
kod,fraud_detection_policy,asp_id,ASP_ID,1,
kod,fraud_detection_policy,chrg_iltr_pv_plcy_id,충전부정거래방지정책ID,2,
kod,fraud_detection_policy,mbr_dcrm_type_cn,사용자식별유형코드,3,
kod,fraud_detection_policy,sys_cre_dttm,REG_DATE,4,
kod,fraud_detection_policy,sys_upd_dttm,UPDATE_DATE,5,
kod,fraud_detection_policy,stlm_tr_pv_plcy_id,결제거래방지정책ID,6,
kod,fraud_detection_policy,ambr_dcrm_type_cn,준회원ID유형코드,7,
kod,fraud_detection_policy,aambr_dcrm_type_cn,준준회원ID유형코드,8,
kod,fraud_detection_policy,hdfs_upd_dttm,하둡변경일시,9,
kod,fundamental_player,bztp_cd,사업자유형코드,1,
kod,fundamental_player,con_act_st_cd,계약활성상태코드,2,
kod,fundamental_player,sys_cre_dttm,REG_DATE,3,
kod,fundamental_player,sys_upd_dttm,UPDATE_DATE,4,
kod,fundamental_player,ar_amt_yn,선수금여부,5,
kod,fundamental_player,role_cd,역할코드,6,
kod,fundamental_player,ptn_id,파트너ID,7,
kod,fundamental_player,acqr_onl_dv_cd,매입사온라인구분코드,8,
kod,fundamental_player,acqr_fom_cl_cd,매입사형태분류코드,9,
kod,fundamental_player,hdfs_upd_dttm,하둡변경일시,10,
kod,gift_policy,asp_id,ASP_ID,1,
kod,gift_policy,gift_accp_vl_prid_tm,선물수락유효기간시간수,2,
kod,gift_policy,hdfs_upd_dttm,하둡변경일시,3,
kod,group_mapping,mc_grp_mapng_sno,ID,1,
kod,group_mapping,ptn_id,파트너ID,2,
kod,group_mapping,mc_grp_id,가맹점그룹ID,3,
kod,group_mapping,sys_cre_dttm,시스템생성일시,4,
kod,group_mapping,sys_upd_dttm,시스템수정일시,5,
kod,group_mapping,bztp_grp_cd,가맹점매핑역할코드,6,
kod,group_mapping,acqr_dv_cd,매입채널코드,7,
kod,group_mapping,hdfs_upd_dttm,하둡변경일시,8,
kod,group_mapping_history,mc_grp_mapng_hist_sno,ID,1,
kod,group_mapping_history,ptn_id,파트너ID,2,
kod,group_mapping_history,mc_grp_id,가맹점그룹ID,3,
kod,group_mapping_history,mc_grp_type_cd,가맹점그룹유형코드,4,
kod,group_mapping_history,bztp_grp_cd,가맹점매핑역할코드,5,
kod,group_mapping_history,sys_cre_dttm,시스템생성일시,6,
kod,group_mapping_history,sys_upd_dttm,시스템수정일시,7,
kod,group_mapping_history,acqr_dv_cd,매입채널코드,8,
kod,group_mapping_history,mc_grp_mapng_st_cd,가맹점그룹매핑상태코드,9,
kod,group_mapping_history,rgpr_po_lgin_id,등록포털로그인ID,10,
kod,group_mapping_history,hdfs_upd_dttm,하둡변경일시,11,
kod,hana_merchant,seq,seq,1,
kod,hana_merchant,revision_seq,revision_seq,2,
kod,hana_merchant,data_type,data_type,3,
kod,hana_merchant,mc_id,mct_mng_no,4,
kod,hana_merchant,mc_nm,simple_nm,5,
kod,hana_merchant,bzno,biz_license_no,6,
kod,hana_merchant,mc_phn_no,tel_no,7,
kod,hana_merchant,psno,zip_cd,8,
kod,hana_merchant,bsc_addr,addr1,9,
kod,hana_merchant,dtl_addr,addr2,10,
kod,hana_merchant,mc_reg_dt,mct_reg_date,11,
kod,hana_merchant,mc_rsg_dt,temnt_date,12,
kod,hana_merchant,sls_temp_stop_yn,suspended_yn,13,
kod,hana_merchant,bztp_cd,biz_type,14,
kod,hana_merchant,bztp_nm,biz_name,15,
kod,hana_merchant,addr_new_old_type,addr_new_old_type,16,
kod,hana_merchant,sl_cd,sales_cd,17,
kod,hana_merchant,sido_nm,si_do_nm,18,
kod,hana_merchant,sgg_nm,si_gun_gu_nm,19,
kod,hana_merchant,admd_nm,admin_dong_name,20,
kod,hana_merchant,admd_cd,admin_dong_code,21,
kod,hana_merchant,lgld_nm,legal_dong_name,22,
kod,hana_merchant,lgld_cd,legal_dong_code,23,
kod,hana_merchant,road_nm,road_nm,24,
kod,hana_merchant,bld_no,building_no,25,
kod,hana_merchant,sub_bld_no,sub_building_no,26,
kod,hana_merchant,sys_cre_dttm,reg_date,27,
kod,hana_merchant,sys_upd_dttm,update_date,28,
kod,hana_merchant,latd,latitude,29,
kod,hana_merchant,lotd,longitude,30,
kod,hana_merchant,mc_feert,merchant_fee_rate,31,
kod,hana_merchant,hdfs_upd_dttm,하둡변경일시,32,
kod,hana_merchant,repp_nm,대표자명,33,
kod,hana_merchant,debit_merchant_fee_rate,DEBIT_MERCHANT_FEE_RATE,34,
kod,hana_merchant,credit_merchant_fee_rate,CREDIT_MERCHANT_FEE_RATE,35,
kod,hana_merchant,biz_txtn_dvcd,BIZ_TXTN_DVCD,36,
kod,hana_merchant,biz_txtn_type,BIZ_TXTN_TYPE,37,
kod,hana_merchant,corp_register_no,CORP_REGISTER_NO,38,
kod,hana_merchant,tmnl_yn,TMNL_YN,39,
kod,hana_merchant,key_in_blk_yn,KEY_IN_BLK_YN,40,
kod,hana_merchant,income_deduction_yn,INCOME_DEDUCTION_YN,41,
kod,hana_merchant,suspended_code,SUSPENDED_CODE,42,
kod,hana_merchant_history,seq,SEQ,1,
kod,hana_merchant_history,type,TYPE,2,
kod,hana_merchant_history,revision_seq,REVISION_SEQ,3,
kod,hana_merchant_history,trigger_reg_date,TRIGGER_REG_DATE,4,
kod,hana_merchant_history,data_type,DATA_TYPE,5,
kod,hana_merchant_history,mct_mng_no,MCT_MNG_NO,6,
kod,hana_merchant_history,simple_nm,SIMPLE_NM,7,
kod,hana_merchant_history,biz_license_no,BIZ_LICENSE_NO,8,
kod,hana_merchant_history,repr_nm,REPR_NM,9,
kod,hana_merchant_history,tel_no,TEL_NO,10,
kod,hana_merchant_history,zip_cd,ZIP_CD,11,
kod,hana_merchant_history,addr1,ADDR1,12,
kod,hana_merchant_history,addr2,ADDR2,13,
kod,hana_merchant_history,mct_reg_date,MCT_REG_DATE,14,
kod,hana_merchant_history,temnt_date,TEMNT_DATE,15,
kod,hana_merchant_history,suspended_yn,SUSPENDED_YN,16,
kod,hana_merchant_history,biz_type,BIZ_TYPE,17,
kod,hana_merchant_history,biz_name,BIZ_NAME,18,
kod,hana_merchant_history,addr_new_old_type,ADDR_NEW_OLD_TYPE,19,
kod,hana_merchant_history,sales_cd,SALES_CD,20,
kod,hana_merchant_history,si_do_nm,SI_DO_NM,21,
kod,hana_merchant_history,si_gun_gu_nm,SI_GUN_GU_NM,22,
kod,hana_merchant_history,admin_dong_name,ADMIN_DONG_NAME,23,
kod,hana_merchant_history,admin_dong_code,ADMIN_DONG_CODE,24,
kod,hana_merchant_history,legal_dong_name,LEGAL_DONG_NAME,25,
kod,hana_merchant_history,legal_dong_code,LEGAL_DONG_CODE,26,
kod,hana_merchant_history,road_nm,ROAD_NM,27,
kod,hana_merchant_history,building_no,BUILDING_NO,28,
kod,hana_merchant_history,sub_building_no,SUB_BUILDING_NO,29,
kod,hana_merchant_history,reg_date,REG_DATE,30,
kod,hana_merchant_history,update_date,UPDATE_DATE,31,
kod,hana_merchant_history,latitude,LATITUDE,32,
kod,hana_merchant_history,longitude,LONGITUDE,33,
kod,hana_merchant_history,merchant_fee_rate,MERCHANT_FEE_RATE,34,
kod,hana_merchant_history,hdfs_upd_dttm,하둡변경일시,35,
kod,hana_merchant_history,pt_reg_m,,36,
kod,kb_merchant,sno,일련번호,1,
kod,kb_merchant,pt_cre_dt,파티션생성일자,2,
kod,kb_merchant,data_type,사용안함,3,
kod,kb_merchant,revision_seq,가맹점번호기준최초입력이후업데이트횟수,4,
kod,kb_merchant,bzno,사업자등록번호,5,
kod,kb_merchant,mc_id,가맹점ID,6,
kod,kb_merchant,mc_nm,가맹점명,7,
kod,kb_merchant,mc_phn_no,가맹점전화번호,8,
kod,kb_merchant,psno,우편번호,9,
kod,kb_merchant,bsc_addr,기본주소,10,
kod,kb_merchant,dtl_addr,상세주소,11,
kod,kb_merchant,mc_reg_dt,가맹점등록일자,12,
kod,kb_merchant,mc_rsg_dt,가맹점해지일자,13,
kod,kb_merchant,sls_temp_stop_yn,영업임시정지여부,14,
kod,kb_merchant,bztp_cd,업종코드,15,
kod,kb_merchant,sub_bztp_cd,세부업종코드,16,
kod,kb_merchant,bztp_nm,업종명,17,
kod,kb_merchant,ck_crd_feert,신용카드수수료율,18,
kod,kb_merchant,cr_crd_feert,신용카드수수료율,19,
kod,kb_merchant,addr_new_old_type,도로명주소여부,20,
kod,kb_merchant,txn_type_cd,과세유형코드,21,
kod,kb_merchant,txn_type_cd_nm,과세유형코드명,22,
kod,kb_merchant,mc_re_reg_dt,가맹점재등록일자,23,
kod,kb_merchant,instmt_psbl_yn,할부가능여부,24,
kod,kb_merchant,instmt_mcnt,할부개월수,25,
kod,kb_merchant,ovrs_feert,해외수수료율,26,
kod,kb_merchant,bymn_apv_lmt_amt,월간승인한도금액,27,
kod,kb_merchant,daily_apv_limit,키인블러킹여부,28,
kod,kb_merchant,key_in_blk_yn,키인블러킹여부,29,
kod,kb_merchant,key_in_blk_limit,키인블러킹한도,30,
kod,kb_merchant,smac_bank_cd,결제계좌은행코드,31,
kod,kb_merchant,smac_bank_cd_nm,결제계좌은행코드명,32,
kod,kb_merchant,reg_tmnl_insl_yn,등록단말기설치여부,33,
kod,kb_merchant,tmnl_id_no,단말기식별번호,34,
kod,kb_merchant,merc_fee_dvcd,가맹점수수료구분,35,
kod,kb_merchant,van_fee_dvcd,van수수료구분,36,
kod,kb_merchant,incde_yn,소득공제여부,37,
kod,kb_merchant,incde_type_cd,소득공제유형코드,38,
kod,kb_merchant,suct_yn,교복비여부,39,
kod,kb_merchant,mc_feert,가맹점수수료율,40,
kod,kb_merchant,latd,위도,41,
kod,kb_merchant,lotd,경도,42,
kod,kb_merchant,sl_cd,매출코드,43,
kod,kb_merchant,sys_cre_dttm,시스템생성일시,44,
kod,kb_merchant,sys_upd_dttm,시스템수정일시,45,
kod,kb_merchant,sido_nm,시도명,46,
kod,kb_merchant,sgg_nm,시군구명,47,
kod,kb_merchant,emd_nm,읍면동명,48,
kod,kb_merchant,admd_nm,행정동명,49,
kod,kb_merchant,admd_cd,행정동코드,50,
kod,kb_merchant,lgld_nm,법정동명,51,
kod,kb_merchant,lgld_cd,법정동코드,52,
kod,kb_merchant,road_nm_code,도로명코드,53,
kod,kb_merchant,hdfs_upd_dttm,하둡변경일시,54,
kod,kb_merchant,repp_nm,대표자명,55,
kod,kb_merchant_history,seq,SEQ,1,
kod,kb_merchant_history,type,TYPE,2,
kod,kb_merchant_history,revision_seq,REVISION_SEQ,3,
kod,kb_merchant_history,trigger_reg_date,TRIGGER_REG_DATE,4,
kod,kb_merchant_history,data_type,DATA_TYPE,5,
kod,kb_merchant_history,biz_license_no,BIZ_LICENSE_NO,6,
kod,kb_merchant_history,mct_mng_no,MCT_MNG_NO,7,
kod,kb_merchant_history,simple_nm,SIMPLE_NM,8,
kod,kb_merchant_history,repr_nm,REPR_NM,9,
kod,kb_merchant_history,tel_no,TEL_NO,10,
kod,kb_merchant_history,zip_cd,ZIP_CD,11,
kod,kb_merchant_history,addr1,ADDR1,12,
kod,kb_merchant_history,addr2,ADDR2,13,
kod,kb_merchant_history,mct_reg_date,MCT_REG_DATE,14,
kod,kb_merchant_history,temnt_date,TEMNT_DATE,15,
kod,kb_merchant_history,suspended_yn,SUSPENDED_YN,16,
kod,kb_merchant_history,biz_type,BIZ_TYPE,17,
kod,kb_merchant_history,sub_cd,SUB_CD,18,
kod,kb_merchant_history,biz_name,BIZ_NAME,19,
kod,kb_merchant_history,chk_fee_rate,CHK_FEE_RATE,20,
kod,kb_merchant_history,crd_fee_rate,CRD_FEE_RATE,21,
kod,kb_merchant_history,addr_new_old_type,ADDR_NEW_OLD_TYPE,22,
kod,kb_merchant_history,biz_txtn_type,BIZ_TXTN_TYPE,23,
kod,kb_merchant_history,biz_txtn_dvcd,BIZ_TXTN_DVCD,24,
kod,kb_merchant_history,mct_rentry_dt,MCT_RENTRY_DT,25,
kod,kb_merchant_history,inst_yn,INST_YN,26,
kod,kb_merchant_history,inst_months,INST_MONTHS,27,
kod,kb_merchant_history,mct_abr_fert,MCT_ABR_FERT,28,
kod,kb_merchant_history,monthly_apv_limit,MONTHLY_APV_LIMIT,29,
kod,kb_merchant_history,daily_apv_limit,DAILY_APV_LIMIT,30,
kod,kb_merchant_history,key_in_blk_yn,KEY_IN_BLK_YN,31,
kod,kb_merchant_history,key_in_blk_limit,KEY_IN_BLK_LIMIT,32,
kod,kb_merchant_history,smac_bank_cd,SMAC_BANK_CD,33,
kod,kb_merchant_history,smac_bank_cd_nm,SMAC_BANK_CD_NM,34,
kod,kb_merchant_history,reg_tmnl_insl_yn,REG_TMNL_INSL_YN,35,
kod,kb_merchant_history,tmnl_id_no,TMNL_ID_NO,36,
kod,kb_merchant_history,merc_fee_dvcd,MERC_FEE_DVCD,37,
kod,kb_merchant_history,van_fee_dvcd,VAN_FEE_DVCD,38,
kod,kb_merchant_history,income_deduction_yn,INCOME_DEDUCTION_YN,39,
kod,kb_merchant_history,income_deduction_type,INCOME_DEDUCTION_TYPE,40,
kod,kb_merchant_history,uniform_yn,UNIFORM_YN,41,
kod,kb_merchant_history,merchant_fee_rate,MERCHANT_FEE_RATE,42,
kod,kb_merchant_history,latitude,LATITUDE,43,
kod,kb_merchant_history,longitude,LONGITUDE,44,
kod,kb_merchant_history,sales_cd,SALES_CD,45,
kod,kb_merchant_history,reg_date,REG_DATE,46,
kod,kb_merchant_history,update_date,UPDATE_DATE,47,
kod,kb_merchant_history,si_do_nm,SI_DO_NM,48,
kod,kb_merchant_history,si_gun_gu_nm,SI_GUN_GU_NM,49,
kod,kb_merchant_history,eup_myun_dong_nm,EUP_MYUN_DONG_NM,50,
kod,kb_merchant_history,admin_dong_name,ADMIN_DONG_NAME,51,
kod,kb_merchant_history,admin_dong_code,ADMIN_DONG_CODE,52,
kod,kb_merchant_history,legal_dong_name,LEGAL_DONG_NAME,53,
kod,kb_merchant_history,legal_dong_code,LEGAL_DONG_CODE,54,
kod,kb_merchant_history,road_nm_code,ROAD_NM_CODE,55,
kod,kb_merchant_history,hdfs_upd_dttm,하둡변경일시,56,
kod,kb_merchant_history,pt_reg_m,,57,
kod,kod_afc_brcd_bran,afc_brcd_bran_sno,제휴사바코드브랜드일련번호,1,
kod,kod_afc_brcd_bran,afc_brcd_bran_nm,제휴사바코드브랜드명,2,
kod,kod_afc_brcd_bran,afc_brcd_bran_id,제휴사바코드브랜드ID,3,
kod,kod_afc_brcd_bran,afc_brcd_sll_prd_id,제휴사바코드판매상품ID,4,
kod,kod_afc_brcd_bran,mc_id,가맹점ID,5,
kod,kod_afc_brcd_bran,mc_nm,가맹점명,6,
kod,kod_afc_brcd_bran,afc_brcd_bran_ctg_nm,제휴사바코드브랜드카테고리명,7,
kod,kod_afc_brcd_bran,sys_cre_dttm,시스템생성일시,8,
kod,kod_afc_brcd_bran,sys_upd_dttm,시스템수정일시,9,
kod,kod_afc_brcd_bran,ksk_gud_phr_exps_yn,키오스크안내노출여부,10,
kod,kod_afc_brcd_bran,hdfs_upd_dttm,하둡변경일시,11,
kod,kod_mb_gfct_bran_plcy,mb_gfct_bran_plcy_id,모바일상품권브랜드정책ID,1,모바일 상품권 브랜드 정책
kod,kod_mb_gfct_bran_plcy,asp_id,ASP_ID,2,모바일 상품권 브랜드 정책
kod,kod_mb_gfct_bran_plcy,bran_nm,브랜드명,3,모바일 상품권 브랜드 정책
kod,kod_mb_gfct_bran_plcy,mb_gfct_bran_ctg_id,모바일상품권브랜드카테고리ID,4,모바일 상품권 브랜드 정책
kod,kod_mb_gfct_bran_plcy,clr_dv_cd,정산구분코드,5,모바일 상품권 브랜드 정책
kod,kod_mb_gfct_bran_plcy,pph_prd_con_id,선구매상품계약ID,6,모바일 상품권 브랜드 정책
kod,kod_mb_gfct_bran_plcy,mc_bu_fee_type_cd,가맹점부담수수료유형코드,7,모바일 상품권 브랜드 정책
kod,kod_mb_gfct_bran_plcy,fee_famt_frte_dv_cd,수수료정액정률구분코드,8,모바일 상품권 브랜드 정책
kod,kod_mb_gfct_bran_plcy,feert,수수료율,9,모바일 상품권 브랜드 정책
kod,kod_mb_gfct_bran_plcy,max_hld_lmt_amt,최대보유한도금액,10,모바일 상품권 브랜드 정책
kod,kod_mb_gfct_bran_plcy,bymn_buy_lmt_amt,월간구매한도금액,11,모바일 상품권 브랜드 정책
kod,kod_mb_gfct_bran_plcy,bydt_buy_lmt_amt,일별구매한도금액,12,모바일 상품권 브랜드 정책
kod,kod_mb_gfct_bran_plcy,exps_wght,노출가중치,13,모바일 상품권 브랜드 정책
kod,kod_mb_gfct_bran_plcy,sys_cre_dttm,시스템생성일시,14,모바일 상품권 브랜드 정책
kod,kod_mb_gfct_bran_plcy,sys_upd_dttm,시스템수정일시,15,모바일 상품권 브랜드 정책
kod,kod_mb_gfct_bran_plcy,bran_ort_dv_cd,브랜드운영구분코드,16,모바일 상품권 브랜드 정책
kod,kod_mb_gfct_bran_plcy,outs_pbls_dv_cd,외부발행사구분코드,17,모바일 상품권 브랜드 정책
kod,kod_mb_gfct_bran_plcy,pbls_bran_id,발행사브랜드ID,18,모바일 상품권 브랜드 정책
kod,kod_mb_gfct_bran_plcy,stlm_mc_id,결제가맹점ID,19,모바일 상품권 브랜드 정책
kod,kod_mb_gfct_bran_plcy,stlm_mc_nm,결제가맹점명,20,모바일 상품권 브랜드 정책
kod,kod_mb_gfct_bran_plcy,exps_yn,노출여부,21,모바일 상품권 브랜드 정책
kod,kod_mb_gfct_bran_plcy,hdfs_upd_dttm,하둡변경일시,22,모바일 상품권 브랜드 정책
kod,kod_mb_gfct_plcy,mb_gfct_plcy_id,모바일상품권정책ID,1,모바일상품권정책
kod,kod_mb_gfct_plcy,mb_gfct_bran_plcy_id,모바일상품권브랜드정책ID,2,모바일상품권정책
kod,kod_mb_gfct_plcy,asp_id,ASP_ID,3,모바일상품권정책
kod,kod_mb_gfct_plcy,ka_id,KA_ID,4,모바일상품권정책
kod,kod_mb_gfct_plcy,pnt_plcy_id,포인트정책ID,5,모바일상품권정책
kod,kod_mb_gfct_plcy,stlm_mc_id,결제가맹점ID,6,모바일상품권정책
kod,kod_mb_gfct_plcy,plcy_nm,정책명,7,모바일상품권정책
kod,kod_mb_gfct_plcy,tg_nm,태그명,8,모바일상품권정책
kod,kod_mb_gfct_plcy,bnf_mhd_cd,혜택방식코드,9,모바일상품권정책
kod,kod_mb_gfct_plcy,bnfr,혜택률,10,모바일상품권정책
kod,kod_mb_gfct_plcy,fcval,액면가,11,모바일상품권정책
kod,kod_mb_gfct_plcy,slpc,판매가,12,모바일상품권정책
kod,kod_mb_gfct_plcy,once_buy_lmt_qty,1회구매한도수량,13,모바일상품권정책
kod,kod_mb_gfct_plcy,pmbr_max_buy_qty,회원당최대구매수량,14,모바일상품권정책
kod,kod_mb_gfct_plcy,vl_prid_dcnt,유효기간일수,15,모바일상품권정책
kod,kod_mb_gfct_plcy,vl_prid_exts_psbl_yn,유효기간연장가능여부,16,모바일상품권정책
kod,kod_mb_gfct_plcy,vl_prid_exts_psbl_dcnt,유효기간연장가능일수,17,모바일상품권정책
kod,kod_mb_gfct_plcy,vl_prid_max_dcnt,유효기간최대일수,18,모바일상품권정책
kod,kod_mb_gfct_plcy,stc_psbl_dcnt,결제취소가능일수,19,모바일상품권정책
kod,kod_mb_gfct_plcy,xng_ipsb_yn,환불가능여부,20,모바일상품권정책
kod,kod_mb_gfct_plcy,rfnd_fee_cd,환불수수료코드,21,모바일상품권정책
kod,kod_mb_gfct_plcy,vl_prid_exn_af_fee_cd,유효기간만료후수수료코드,22,모바일상품권정책
kod,kod_mb_gfct_plcy,pbl_qty,발행수량,23,모바일상품권정책
kod,kod_mb_gfct_plcy,exps_yn,노출여부,24,모바일상품권정책
kod,kod_mb_gfct_plcy,sll_strt_dttm,판매시작일시,25,모바일상품권정책
kod,kod_mb_gfct_plcy,sll_end_dttm,판매종료일시,26,모바일상품권정책
kod,kod_mb_gfct_plcy,mb_gfct_st_cd,모바일상품권상태코드,27,모바일상품권정책
kod,kod_mb_gfct_plcy,sys_cre_dttm,시스템생성일시,28,모바일상품권정책
kod,kod_mb_gfct_plcy,sys_upd_dttm,시스템수정일시,29,모바일상품권정책
kod,kod_mb_gfct_plcy,hdfs_upd_dttm,하둡변경일시,30,모바일상품권정책
kod,komsco_merchant,cri_dt,기준일자,1,
kod,komsco_merchant,acqr_dv_cd,매입사구분코드,2,
kod,komsco_merchant,mc_id,가맹점ID,3,
kod,komsco_merchant,pt_cre_dt,,4,
kod,komsco_merchant,bzno,사업자등록번호,5,
kod,komsco_merchant,mc_reg_st_cd,가맹점등록상태코드,6,
kod,komsco_merchant,mc_nm,가맹점명,7,
kod,komsco_merchant,zon_type_cd,지역유형코드,8,
kod,komsco_merchant,road_nm_addr_yn,도로명주소여부,9,
kod,komsco_merchant,mc_psno,가맹점우편번호,10,
kod,komsco_merchant,mc_bsc_addr,가맹점기본주소,11,
kod,komsco_merchant,mc_dtl_addr,가맹점상세주소,12,
kod,komsco_merchant,std_inds_dtl_cl_cd,표준산업상세분류코드,13,
kod,komsco_merchant,std_inds_dtl_cl_cdnm,표준산업상세분류코드명,14,
kod,komsco_merchant,mc_pmnt_type_cd,가맹점지불유형코드,15,
kod,komsco_merchant,mc_rsg_yn,가맹점해지여부,16,
kod,komsco_merchant,sys_cre_id,시스템생성자ID,17,
kod,komsco_merchant,sys_cre_dttm,시스템생성일시,18,
kod,komsco_merchant,sys_upd_id,시스템수정자ID,19,
kod,komsco_merchant,sys_upd_dttm,시스템수정일시,20,
kod,komsco_merchant,hdfs_upd_dttm,하둡변경일시,21,
kod,komsco_merchant,mc_phn_no,가맹점전화번호,22,
kod,member_policy,asp_id,ASP_ID,1,
kod,member_policy,re_jn_pv_prid_dcnt,재가입방지기간일수,2,
kod,member_policy,hdfs_upd_dttm,하둡변경일시,3,
kod,merchant,mc_id,가맹점ID,1,
kod,merchant,role_cd,역할코드,2,
kod,merchant,mc_rep_dv_cd,가맹점대표구분코드,3,
kod,merchant,mc_act_st_cd,가맹점활성상태코드,4,
kod,merchant,mc_als_nm,ALIAS_ID,5,
kod,merchant,als_use_yn,별명사용여부,6,
kod,merchant,sys_cre_dttm,시스템생성일시,7,
kod,merchant,sys_upd_dttm,시스템수정일시,8,
kod,merchant,pmnt_setl_policy,PMNT_SETL_POLICY,9,
kod,merchant,rep_mc_id,대표가맹점ID,10,
kod,merchant,era_po_lgin_id,모집인포털로그인ID,11,
kod,merchant,max_pmnt_psbl_amt,최대지불가능금액,12,
kod,merchant,max_xng_ipsb_amt,최대환불가능금액,13,
kod,merchant,outs_afc_mc_id,외부제휴사가맹점ID,14,
kod,merchant,mc_sl_cd,가맹점매출코드,15,
kod,merchant,hdfs_upd_dttm,하둡변경일시,16,
kod,merchant_asp,mc_id,가맹점ID,1,
kod,merchant_asp,asp_role_cd,ASP역할코드,2,
kod,merchant_asp,mc_role_cd,가맹점역할코드,3,
kod,merchant_asp,asp_id,ASP_ID,4,
kod,merchant_asp,sys_cre_dttm,시스템생성일시,5,
kod,merchant_asp,sys_upd_dttm,시스템수정일시,6,
kod,merchant_asp,hdfs_upd_dttm,하둡변경일시,7,
kod,merchant_change_notice,cri_dt,기준일자,1,
kod,merchant_change_notice,mc_id,가맹점ID,2,
kod,merchant_change_notice,pt_cre_dt,,3,
kod,merchant_change_notice,acqr_dv_cd,매입사구분코드,4,
kod,merchant_change_notice,mc_nm,가맹점명,5,
kod,merchant_change_notice,chg_bf_bztp_cd,변경전업종코드,6,
kod,merchant_change_notice,chg_af_bztp_cd,변경후업종코드,7,
kod,merchant_change_notice,mc_old_bsc_addr,가맹점구기본주소,8,
kod,merchant_change_notice,mc_n_bsc_addr,가맹점신기본주소,9,
kod,merchant_change_notice,past_stdn_yn,과거폐업여부,10,
kod,merchant_change_notice,crnt_stdn_yn,현재폐업여부,11,
kod,merchant_change_notice,sys_cre_id,시스템생성자ID,12,
kod,merchant_change_notice,sys_cre_dttm,시스템생성일시,13,
kod,merchant_change_notice,sys_upd_id,시스템수정자ID,14,
kod,merchant_change_notice,sys_upd_dttm,시스템수정일시,15,
kod,merchant_change_notice,hdfs_upd_dttm,하둡변경일시,16,
kod,nh_merchant,nh_mc_sno,농협가맹점일련번호,1,
kod,nh_merchant,pt_cre_dt,,2,
kod,nh_merchant,data_type,사용안함,3,
kod,nh_merchant,mc_info_upd_tmcnt,가맹점정보수정횟수,4,
kod,nh_merchant,bzno,사업자등록번호,5,
kod,nh_merchant,mc_id,가맹점ID,6,
kod,nh_merchant,mc_nm,가맹점명,7,
kod,nh_merchant,psno,가맹점우편번호,8,
kod,nh_merchant,bsc_addr,가맹점기본주소,9,
kod,nh_merchant,dtl_addr,가맹점상세주소,10,
kod,nh_merchant,mc_reg_dt,가맹점등록일자,11,
kod,nh_merchant,mc_rsg_dt,가맹점등록해제일자,12,
kod,nh_merchant,sls_temp_stop_yn,영업중지여부,13,
kod,nh_merchant,bztp_cd,업종코드,14,
kod,nh_merchant,bztp_nm,업종명,15,
kod,nh_merchant,road_nm_addr_yn,도로명주소여부,16,
kod,nh_merchant,sl_cd,매출코드,17,
kod,nh_merchant,sys_cre_dttm,시스템생성일시,18,
kod,nh_merchant,sys_upd_dttm,시스템수정일시,19,
kod,nh_merchant,sido_nm,시도명,20,
kod,nh_merchant,sgg_nm,시군구명,21,
kod,nh_merchant,admd_nm,행정동명,22,
kod,nh_merchant,admd_cd,행정동코드,23,
kod,nh_merchant,lgld_nm,법정동명,24,
kod,nh_merchant,lgld_cd,법정동코드,25,
kod,nh_merchant,road_nm_addr,도로명주소,26,
kod,nh_merchant,bld_no,건물번호,27,
kod,nh_merchant,sub_bld_no,세부건물번호,28,
kod,nh_merchant,latd,위도,29,
kod,nh_merchant,lotd,경도,30,
kod,nh_merchant,mc_feert,가맹점수수료,31,
kod,nh_merchant,hdfs_upd_dttm,하둡변경일시,32,
kod,nh_merchant,repp_nm,대표자명,33,
kod,nh_merchant,mc_phn_no,가맹점전화번호,34,
kod,nh_merchant_history,nh_mc_hist_sno,농협가맹점이력일련번호,1,
kod,nh_merchant_history,data_chg_cd,데이터변경코드,2,
kod,nh_merchant_history,mc_info_upd_tmcnt,가맹점정보수정횟수,3,
kod,nh_merchant_history,bat_excu_dt,배치수행일자,4,
kod,nh_merchant_history,data_type,사용안함,5,
kod,nh_merchant_history,bzno,사업자등록번호,6,
kod,nh_merchant_history,mc_id,가맹점ID,7,
kod,nh_merchant_history,mc_nm,가맹점명,8,
kod,nh_merchant_history,mc_psno,가맹점우편번호,9,
kod,nh_merchant_history,mc_bsc_addr,가맹점기본주소,10,
kod,nh_merchant_history,mc_dtl_addr,가맹점상세주소,11,
kod,nh_merchant_history,mc_reg_dt,가맹점등록일자,12,
kod,nh_merchant_history,mc_reg_dsbl_dt,가맹점등록해제일자,13,
kod,nh_merchant_history,sls_stp_yn,영업중지여부,14,
kod,nh_merchant_history,bztp_cd,업종코드,15,
kod,nh_merchant_history,bztp_nm,업종명,16,
kod,nh_merchant_history,road_nm_addr_yn,도로명주소여부,17,
kod,nh_merchant_history,sl_cd,매출코드,18,
kod,nh_merchant_history,sys_cre_dttm,시스템생성일시,19,
kod,nh_merchant_history,sys_upd_dttm,시스템수정일시,20,
kod,nh_merchant_history,sido_nm,시도명,21,
kod,nh_merchant_history,sgg_nm,시군구명,22,
kod,nh_merchant_history,admd_nm,행정동명,23,
kod,nh_merchant_history,admd_cd,행정동코드,24,
kod,nh_merchant_history,lgld_nm,법정동명,25,
kod,nh_merchant_history,lgld_cd,법정동코드,26,
kod,nh_merchant_history,road_nm_addr,도로명주소,27,
kod,nh_merchant_history,bld_no,건물번호,28,
kod,nh_merchant_history,sub_bld_no,세부건물번호,29,
kod,nh_merchant_history,latd,위도,30,
kod,nh_merchant_history,lotd,경도,31,
kod,nh_merchant_history,mc_fee,가맹점수수료,32,
kod,nh_merchant_history,hdfs_upd_dttm,하둡변경일시,33,
kod,nh_merchant_history,pt_cre_dt,,34,
kod,payco_merchant,sno,일련번호,1,
kod,payco_merchant,mc_id,가맹점ID,2,
kod,payco_merchant,data_type,DATA_TYPE,3,
kod,payco_merchant,revision_seq,REVISION_SEQ,4,
kod,payco_merchant,mc_nm,가맹점명,5,
kod,payco_merchant,bzno,사업자등록번호,6,
kod,payco_merchant,mc_phn_no,TEL_NO,7,
kod,payco_merchant,psno,우편번호,8,
kod,payco_merchant,bsc_addr,기본주소,9,
kod,payco_merchant,dtl_addr,상세주소,10,
kod,payco_merchant,mc_reg_dt,가맹점등록일자,11,
kod,payco_merchant,mc_rsg_dt,가맹점해지일자,12,
kod,payco_merchant,mc_feert,가맹점수수료율,13,
kod,payco_merchant,bztp_cd,업종코드,14,
kod,payco_merchant,bztp_nm,업종명,15,
kod,payco_merchant,sl_cd,매출코드,16,
kod,payco_merchant,sido_nm,행정시도명,17,
kod,payco_merchant,sgg_nm,시군구명,18,
kod,payco_merchant,emd_nm,읍면동명,19,
kod,payco_merchant,road_nm_cd,도로명코드,20,
kod,payco_merchant,admd_nm,행정동명,21,
kod,payco_merchant,admd_cd,행정동코드,22,
kod,payco_merchant,lgld_nm,법정동명,23,
kod,payco_merchant,lgld_cd,법정동코드,24,
kod,payco_merchant,latd,위도,25,
kod,payco_merchant,lotd,경도,26,
kod,payco_merchant,sys_cre_dttm,시스템생성일시,27,
kod,payco_merchant,sys_upd_dttm,시스템수정일시,28,
kod,payco_merchant,hdfs_upd_dttm,하둡변경일시,29,
kod,payco_merchant,repp_nm,대표자명,30,
kod,payco_merchant_history,seq,SEQ,1,
kod,payco_merchant_history,type,TYPE,2,
kod,payco_merchant_history,data_type,DATA_TYPE,3,
kod,payco_merchant_history,revision_seq,REVISION_SEQ,4,
kod,payco_merchant_history,trigger_reg_date,TRIGGER_REG_DATE,5,
kod,payco_merchant_history,mct_mng_no,MCT_MNG_NO,6,
kod,payco_merchant_history,simple_nm,SIMPLE_NM,7,
kod,payco_merchant_history,biz_license_no,BIZ_LICENSE_NO,8,
kod,payco_merchant_history,repr_nm,REPR_NM,9,
kod,payco_merchant_history,tel_no,TEL_NO,10,
kod,payco_merchant_history,zip_cd,ZIP_CD,11,
kod,payco_merchant_history,addr1,ADDR1,12,
kod,payco_merchant_history,addr2,ADDR2,13,
kod,payco_merchant_history,mct_reg_date,MCT_REG_DATE,14,
kod,payco_merchant_history,temnt_date,TEMNT_DATE,15,
kod,payco_merchant_history,merchant_fee_rate,MERCHANT_FEE_RATE,16,
kod,payco_merchant_history,biz_type,BIZ_TYPE,17,
kod,payco_merchant_history,biz_name,BIZ_NAME,18,
kod,payco_merchant_history,sales_cd,SALES_CD,19,
kod,payco_merchant_history,si_do_nm,SI_DO_NM,20,
kod,payco_merchant_history,si_gun_gu_nm,SI_GUN_GU_NM,21,
kod,payco_merchant_history,eup_myun_dong_nm,EUP_MYUN_DONG_NM,22,
kod,payco_merchant_history,road_nm_code,ROAD_NM_CODE,23,
kod,payco_merchant_history,admin_dong_name,ADMIN_DONG_NAME,24,
kod,payco_merchant_history,admin_dong_code,ADMIN_DONG_CODE,25,
kod,payco_merchant_history,legal_dong_name,LEGAL_DONG_NAME,26,
kod,payco_merchant_history,legal_dong_code,LEGAL_DONG_CODE,27,
kod,payco_merchant_history,latitude,LATITUDE,28,
kod,payco_merchant_history,longitude,LONGITUDE,29,
kod,payco_merchant_history,reg_date,REG_DATE,30,
kod,payco_merchant_history,update_date,UPDATE_DATE,31,
kod,payco_merchant_history,hdfs_upd_dttm,하둡변경일시,32,
kod,payco_merchant_history,pt_reg_dt,,33,
kod,payment_policy,asp_id,ASP_ID,1,
kod,payment_policy,stc_psbl_dcnt,결제취소가능일수,2,
kod,payment_policy,mc_max_stlm_amt_chk_yn,가맹점최대결제금액체크여부,3,
kod,payment_policy,max_stlm_psbl_amt,최대결제가능금액,4,
kod,payment_policy,anms_crd_max_stlm_psbl_amt,무기명카드최대결제가능금액,5,
kod,payment_policy,cpn_buy_cncl_psbl_dcnt,쿠폰구매취소가능일수,6,
kod,payment_policy,pton_cncl_ode_cd,부분취소순서코드,7,
kod,payment_policy,pnt_cmnt_use_yn,포인트벌충사용여부,8,
kod,payment_policy,achrg_mamt,자동충전최소금액,9,
kod,payment_policy,sys_cre_dttm,시스템생성일시,10,
kod,payment_policy,sys_upd_dttm,시스템수정일시,11,
kod,payment_policy,incde_xcpt_prcs_cd,EXCEPT_TAX_DEDUCTION,12,
kod,payment_policy,hdfs_upd_dttm,하둡변경일시,13,
kod,platform_policy,plcy_key_nm,정책키명,1,
kod,platform_policy,plcy_key_val,정책키값,2,
kod,platform_policy,sys_cre_dttm,시스템생성일시,3,
kod,platform_policy,sys_upd_dttm,시스템수정일시,4,
kod,platform_policy,hdfs_upd_dttm,하둡변경일시,5,
kod,player_detail_info,ptn_id,파트너ID,1,
kod,player_detail_info,role_cd,역할코드,2,
kod,player_detail_info,sys_cre_dttm,시스템생성일시,3,
kod,player_detail_info,sys_upd_dttm,시스템수정일시,4,
kod,player_detail_info,txn_type_cd,과세유형코드,5,
kod,player_detail_info,incde_type_cd,소득공제유형코드,6,
kod,player_detail_info,bztp_cd,업종코드,7,
kod,player_detail_info,tax_biz_type2,사용안함,8,
kod,player_detail_info,repp_nm,대표자명,9,
kod,player_detail_info,rep_phn_no,대표전화번호,10,
kod,player_detail_info,bsc_addr,기본주소,11,
kod,player_detail_info,dtl_addr,상세주소,12,
kod,player_detail_info,cgp_nm,담당자명,13,
kod,player_detail_info,cgp_dept_nm,담당자부서명,14,
kod,player_detail_info,psno,우편번호,15,
kod,player_detail_info,latd,위도,16,
kod,player_detail_info,lotd,경도,17,
kod,player_detail_info,hdfs_upd_dttm,하둡변경일시,18,
kod,player_group,grp_id,GRP_ID,1,
kod,player_group,grp_nm,그룹명,2,
kod,player_group,role_cd,가맹점그룹유형코드,3,
kod,player_group,grp_owner_id,GRP_OWNER_ID,4,
kod,player_group,parent_grp_id,PARENT_GRP_ID,5,
kod,player_group,sys_upd_dttm,시스템수정일시,6,
kod,player_group,sys_cre_dttm,시스템생성일시,7,
kod,player_group,last_mc_add_dttm,최종가맹점추가일시,8,
kod,player_group,asp_id,ASP_ID,9,
kod,player_group,acqr_dv_cd,매입채널코드,10,
kod,player_group,mc_grp_mapng_type_cd,가맹점그룹매핑유형코드,11,
kod,player_group,sibling_grp_id,SIBLING_GRP_ID,12,
kod,player_group,po_lgin_id,포털로그인ID,13,
kod,player_group,last_upd_user_id,마지막수정사용자ID,14,
kod,player_group,hdfs_upd_dttm,하둡변경일시,15,
kod,pnt_dpsts_agg,cri_dt,기준일자,1,
kod,pnt_dpsts_agg,asp_id,ASP_ID,2,
kod,pnt_dpsts_agg,pnt_plcy_id,포인트정책ID,3,
kod,pnt_dpsts_agg,pnt_bowr_grp_id,포인트부담주체그룹ID,4,
kod,pnt_dpsts_agg,pnt_bowr_id,포인트부담주체ID,5,
kod,pnt_dpsts_agg,role_cd,역할코드,6,
kod,pnt_dpsts_agg,sys_cre_dttm,시스템생성일시,7,
kod,pnt_dpsts_agg,sys_upd_dttm,시스템수정일시,8,
kod,pnt_dpsts_agg,pnt_dpsts_bala,포인트예치금잔액,9,
kod,pnt_dpsts_agg,pnt_dpsts_deps_amt,포인트예치금입금금액,10,
kod,pnt_dpsts_agg,pnt_dpsts_rfnd_amt,포인트예치금환불금액,11,
kod,pnt_dpsts_agg,pnt_dpsts_adjs_deps_amt,포인트예치금조정입금금액,12,
kod,pnt_dpsts_agg,pnt_dpsts_adjs_rfnd_amt,포인트예치금조정환불금액,13,
kod,pnt_dpsts_agg,pnt_dsb_amt,포인트지급금액,14,
kod,pnt_dpsts_agg,pnt_dsb_cncl_amt,포인트지급취소금액,15,
kod,pnt_dpsts_agg,pnt_rtrv_amt,포인트회수금액,16,
kod,pnt_dpsts_agg,pnt_extn_amt,포인트소멸금액,17,
kod,pnt_dpsts_agg,hdfs_upd_dttm,하둡변경일시,18,
kod,point_display_info_d,pnt_exhb_sno,포인트전시일련번호,1,
kod,point_display_info_d,pnt_exhb_dtl_sno,포인트전시상세일련번호,2,
kod,point_display_info_d,sct_minm_val,구간최소값,3,
kod,point_display_info_d,sct_max_val,구간최대값,4,
kod,point_display_info_d,clor_cd,색상코드,5,
kod,point_display_info_d,res_bugt_rate_exps_yn,잔여예산비율노출여부,6,
kod,point_display_info_d,res_bugt_rate_gud_cn,잔여예산비율안내내용,7,
kod,point_display_info_d,dsb_st_gud_cn,지급상태안내내용,8,
kod,point_display_info_d,sys_cre_id,시스템생성자ID,9,
kod,point_display_info_d,sys_upd_id,시스템수정자ID,10,
kod,point_display_info_d,sys_cre_dttm,시스템생성일시,11,
kod,point_display_info_d,sys_upd_dttm,시스템수정일시,12,
kod,point_display_info_d,hdfs_upd_dttm,하둡변경일시,13,
kod,point_policy,asp_id,ASP_ID,1,
kod,point_policy,pnt_prv_yn,포인트제공여부,2,
kod,point_policy,ppnt_wth_val,포인트당가치값,3,
kod,point_policy,max_hld_lmt_amt,최대보유한도금액,4,
kod,point_policy,minm_use_pnt,최소사용포인트,5,
kod,point_policy,once_max_use_lmt_amt,1회최대사용한도금액,6,
kod,point_policy,once_max_use_rate,1회최대사용비율,7,
kod,point_policy,dd_max_use_lmt_pnt,일최대사용한도포인트,8,
kod,point_policy,mm_max_use_lmt_pnt,월최대사용한도포인트,9,
kod,point_policy,pnt_use_lm_mc_grp_id,포인트사용제한가맹점그룹ID,10,
kod,point_policy,pnt_use_agrm_keep_tm_min_cnt,포인트사용동의유지시간분수,11,
kod,point_policy,extn_ntfc_dd,소멸고시일,12,
kod,point_policy,use_cncl_pnt_vl_prid_dcnt,사용취소포인트유효기간일수,13,
kod,point_policy,sys_cre_dttm,시스템생성일시,14,
kod,point_policy,sys_upd_dttm,시스템수정일시,15,
kod,point_policy,vl_prid_type_cd,유효기간유형코드,16,
kod,point_policy,pnt_vl_prid_spf_dttm,포인트유효기간특정일시,17,
kod,point_policy,yy_dsb_lmt_pnt,년지급한도포인트,18,
kod,point_policy,mm_dsb_lmt_pnt,월지급한도포인트,19,
kod,point_policy,pnt_auto_use_stn_dv_cd,포인트자동사용설정구분코드,20,
kod,point_policy,rfnd_pnt_extn_famt_frte_dv_cd,환불포인트소멸정액정률구분코드,21,
kod,point_policy,rfnd_ptim_extn_pnt,환불시소멸포인트,22,
kod,point_policy,lm_bztp_grp_id,제한업종그룹ID,23,
kod,point_policy,incde_trgt_yn,소득공제대상여부,24,
kod,point_policy,pnt_plcy_type_cd,포인트정책유형코드,25,
kod,point_policy,annl_pnt_dsb_bugt_amt,연간포인트지급예산금액,26,
kod,point_policy,pnt_use_psbl_minm_stlm_amt,포인트사용가능최소결제금액,27,
kod,point_policy,ap_xprsn_nm,앱표시명,28,
kod,point_policy,pmsn_mc_grp_id,허용가맹점그룹ID,29,
kod,point_policy,pmsn_bztp_grp_id,허용업종그룹ID,30,
kod,point_policy,clr_type_cd,정산유형코드,31,
kod,point_policy,clr_plcy_cd,정산정책코드,32,
kod,point_policy,pnt_grda_dsb_use_yn,포인트차등지급사용여부,33,
kod,point_policy,use_arsl_incl_yn,사용실적포함여부,34,
kod,point_policy,opr_memo_cn,운영자메모내용,35,
kod,point_policy,po_lgin_id,포털로그인ID,36,
kod,point_policy,bala_trnsf_psbl_yn,잔액이관가능여부,37,
kod,point_policy,cstm_mhd_famt_frte_dv_cd,복합결제방식정액정률구분코드,38,
kod,point_policy,tml_pnt_chrg_psbl_yn,단말기포인트충전가능여부,39,
kod,point_policy,dsb_vl_prid_type_cd,지급유효기간유형코드,40,
kod,point_policy,dsb_dflt_pnt_extn_prid_dcnt,지급디폴트포인트소멸기간일수,41,
kod,point_policy,dflt_pnt_vl_prid_spf_dttm,디폴트포인트유효기간특정일시,42,
kod,point_policy,tg_nm,태그명,43,
kod,point_policy,pnt_auto_use_stn_yn,포인트자동사용설정여부,44,
kod,point_policy,pnt_rmt_psbl_yn,포인트송금가능여부,45,
kod,point_policy,mm_bugt_amt,월예산금액,46,
kod,point_policy,ar_amt_clr_ka_id,선수금정산KA_ID,47,
kod,point_policy,hdfs_upd_dttm,하둡변경일시,48,
kod,point_policy_allowance,sub_type,SUB_TYPE,1,
kod,point_policy_allowance,paw_nm,정책수당명,2,
kod,point_policy_allowance,sys_cre_dttm,시스템생성일시,3,
kod,point_policy_allowance,sys_upd_dttm,시스템수정일시,4,
kod,point_policy_allowance,hdfs_upd_dttm,하둡변경일시,5,
kod,point_policy_group_mapping,pnt_plcy_id,포인트정책ID,1,
kod,point_policy_group_mapping,auth_mapng_type_cd,권한매핑유형코드,2,
kod,point_policy_group_mapping,acqr_dv_cd,매입채널코드,3,
kod,point_policy_group_mapping,bztp_grp_id,업종그룹ID,4,
kod,point_policy_group_mapping,sys_cre_dttm,시스템생성일시,5,
kod,point_policy_group_mapping,sys_upd_dttm,시스템수정일시,6,
kod,point_policy_group_mapping,hdfs_upd_dttm,하둡변경일시,7,
kod,point_provider,provider_id,사용안함,1,
kod,point_provider,pnt_bowr_role_cd,포인트부담주체역할코드,2,
kod,point_provider,pnt_plcy_id,포인트정책ID,3,
kod,point_provider,dc_famt_frte_dv_cd,할인정액정률구분코드,4,
kod,point_provider,pnt_bu_val,포인트부담값,5,
kod,point_provider,clr_plcy_cd,정산정책코드,6,
kod,point_provider,sys_cre_dttm,시스템생성일시,7,
kod,point_provider,sys_upd_dttm,시스템수정일시,8,
kod,point_provider,acn_type_cd,계좌유형코드,9,
kod,point_provider,clr_type_cd,정산유형코드,10,
kod,point_provider,pnt_bowr_grp_id,포인트부담주체그룹ID,11,
kod,point_provider,clr_memo_cn,정산메모내용,12,
kod,point_provider,pnt_bowr_grd_id,포인트부담주체등급ID,13,
kod,point_provider,hdfs_upd_dttm,하둡변경일시,14,
kod,policy_log,pnt_plcy_hist_sno,포인트정책이력일련번호,1,
kod,policy_log,pnt_plcy_id,포인트정책ID,2,
kod,policy_log,plcy_type_cd,정책유형코드,3,
kod,policy_log,data_cn,데이터내용,4,
kod,policy_log,sys_cre_dttm,시스템생성일시,5,
kod,policy_log,sys_upd_dttm,시스템수정일시,6,
kod,policy_log,hdfs_upd_dttm,하둡변경일시,7,
kod,prepurchase_info,pph_con_sno,선구매계약일련번호,1,선구매계약
kod,prepurchase_info,pacq_amt,선매입금액,2,선구매계약
kod,prepurchase_info,conr_nm,계약자명,3,선구매계약
kod,prepurchase_info,pacq_con_nm,선매입계약명,4,선구매계약
kod,prepurchase_info,pacq_dcrt,선매입할인율,5,선구매계약
kod,prepurchase_info,con_dstb_entr_dv_cd,계약유통위탁구분코드,6,선구매계약
kod,prepurchase_info,ern_cri_dv_cd,수익기준구분코드,7,선구매계약
kod,prepurchase_info,mc_grp_id,가맹점그룹ID,8,선구매계약
kod,prepurchase_info,sys_cre_dttm,시스템생성일시,9,선구매계약
kod,prepurchase_info,sys_upd_dttm,시스템수정일시,10,선구매계약
kod,prepurchase_info,role_cd,역할코드,11,선구매계약
kod,prepurchase_info,ptn_id,파트너ID,12,선구매계약
kod,prepurchase_info,pacq_clr_type_cd,선매입정산유형코드,13,선구매계약
kod,prepurchase_info,hdfs_upd_dttm,하둡변경일시,14,선구매계약
kod,rc_dpsts_agg,cri_dt,기준일자,1,
kod,rc_dpsts_agg,asp_id,ASP_ID,2,
kod,rc_dpsts_agg,plyr_id,플레이어ID,3,
kod,rc_dpsts_agg,sys_cre_dttm,시스템생성일시,4,
kod,rc_dpsts_agg,sys_upd_dttm,시스템수정일시,5,
kod,rc_dpsts_agg,dpsts_bala_amt,예치금잔액금액,6,
kod,rc_dpsts_agg,dpsts_deps_amt,예치금입금금액,7,
kod,rc_dpsts_agg,dpsts_rfnd_amt,예치금환불금액,8,
kod,rc_dpsts_agg,dpsts_adjs_deps_amt,예치금조정입금금액,9,
kod,rc_dpsts_agg,dpsts_adjs_rfnd_amt,예치금조정환불금액,10,
kod,rc_dpsts_agg,chrg_amt,충전금액,11,
kod,rc_dpsts_agg,chrgc_amt,충전취소금액,12,
kod,rc_dpsts_agg,rtrv_amt,회수금액,13,
kod,rc_dpsts_agg,hdfs_upd_dttm,하둡변경일시,14,
kod,recharge_policy,fee_cd,수수료코드,1,
kod,recharge_policy,sys_upd_dttm,시스템수정일시,2,
kod,recharge_policy,sys_cre_dttm,시스템생성일시,3,
kod,recharge_policy,role_cd,역할코드,4,
kod,recharge_policy,ptn_id,파트너ID,5,
kod,recharge_policy,asp_id,ASP_ID,6,
kod,recharge_policy,amt_lmt_unit_dv_cd,금액한도단위구분코드,7,
kod,recharge_policy,once_max_chrg_lmt_amt,1회최대충전한도금액,8,
kod,recharge_policy,dd_max_chrg_lmt_amt,일최대충전한도금액,9,
kod,recharge_policy,mm_max_chrg_lmt_amt,월최대충전한도금액,10,
kod,recharge_policy,hdfs_upd_dttm,하둡변경일시,11,
kod,recharger_point_policy,asp_id,ASP_ID,1,
kod,recharger_point_policy,rc_id,충전상ID,2,
kod,recharger_point_policy,pnt_plcy_id,포인트정책ID,3,
kod,recharger_point_policy,prity,우선순위,4,
kod,recharger_point_policy,sys_cre_dttm,시스템생성일시,5,
kod,recharger_point_policy,sys_upd_dttm,시스템수정일시,6,
kod,recharger_point_policy,hdfs_upd_dttm,하둡변경일시,7,
kod,refund_policy,rfnd_plcy_sno,일련번호,1,
kod,refund_policy,chrgc_psbl_dcnt,충전취소가능일수,2,
kod,refund_policy,sgnt_crd_rfnd_lmt_amt,기명카드환불한도금액,3,
kod,refund_policy,anms_crd_rfnd_lmt_amt,무기명카드환불한도금액,4,
kod,refund_policy,mm_max_xng_ipsb_tmcnt,월최대환불가능횟수,5,
kod,refund_policy,cr_crd_xng_ipsb_dcnt,신용카드환불가능일수,6,
kod,refund_policy,strt_dttm,시작일시,7,
kod,refund_policy,exn_dttm,만료일시,8,
kod,refund_policy,sys_cre_dttm,시스템생성일시,9,
kod,refund_policy,sys_upd_dttm,시스템수정일시,10,
kod,refund_policy,rfnd_fee_impn_exmp_amt,환불수수료부과면제금액,11,
kod,refund_policy,cri_amt_un_fee,기준금액미만수수료,12,
kod,refund_policy,cri_amt_ab_fee,기준금액이상수수료,13,
kod,refund_policy,knmn_rfnd_fee,코나머니환불수수료,14,
kod,refund_policy,vl_prid_exn_crd_rfnd_fee,유효기간만료카드환불수수료,15,
kod,refund_policy,role_cd,역할코드,16,
kod,refund_policy,ptn_id,파트너ID,17,
kod,refund_policy,rfnd_lmt_unit_cd,환불한도단위코드,18,
kod,refund_policy,rfnd_tmcnt_cnd_apy_unit_cd,환불횟수조건적용단위코드,19,
kod,refund_policy,rfnd_cnd_ustf_prcs_cd,환불조건미충족처리코드,20,
kod,refund_policy,rfnd_cnd_cridd_type_cd,환불조건기준일유형코드,21,
kod,refund_policy,chk_bala_use_yn,체크잔액사용여부,22,
kod,refund_policy,ctc_rfnd_plcy_cri_amt,고객센터환불정책기준금액,23,
kod,refund_policy,ctc_rfc_amt_un_fee,고객센터환불기준금액미만수수료,24,
kod,refund_policy,ctc_rfc_amt_ab_fee,고객센터환불기준금액이상수수료,25,
kod,refund_policy,ctc_pmon_max_rfnd_amt,고객센터월별최대환불금액,26,
kod,refund_policy,hdfs_upd_dttm,하둡변경일시,27,
kod,reissuance_policy,asp_id,ASP_ID,1,
kod,reissuance_policy,foc_risu_cri_val,무상재발급기준값,2,
kod,reissuance_policy,mbr_crd_dv_cd,회원카드구분코드,3,
kod,reissuance_policy,isu_xp,발급비용,4,
kod,reissuance_policy,dsb_type_cd,지급유형코드,5,
kod,reissuance_policy,sys_cre_dttm,시스템생성일시,6,
kod,reissuance_policy,sys_upd_dttm,시스템수정일시,7,
kod,reissuance_policy,crd_xp_impn_unit_cri_cd,카드비용부과단위기준코드,8,
kod,reissuance_policy,crd_xp_impn_ptm_cri_cd,카드비용부과시점기준코드,9,
kod,reissuance_policy,add_crd_xp_impn_cri_atim_dge,추가카드비용부과기준회차수,10,
kod,reissuance_policy,add_crd_xp_impn_try_tmcnt,추가카드비용부과시도횟수,11,
kod,reissuance_policy,risu_plcy_apy_cri_dv_cd,재발급정책적용기준구분코드,12,
kod,reissuance_policy,hdfs_upd_dttm,하둡변경일시,13,
kod,remittance_policy,asp_id,ASP_ID,1,
kod,remittance_policy,once_max_rmt_amt,1회최대송금금액,2,
kod,remittance_policy,dd_max_rmt_tmcnt,일최대송금횟수,3,
kod,remittance_policy,dd_max_rmt_amt,일최대송금금액,4,
kod,remittance_policy,mm_max_rmt_tmcnt,월최대송금횟수,5,
kod,remittance_policy,mm_max_rmt_amt,월최대송금금액,6,
kod,remittance_policy,rmt_exn_dd_wat_tm,송금만료일대기시간수,7,
kod,remittance_policy,sys_cre_dttm,시스템생성일시,8,
kod,remittance_policy,sys_upd_dttm,시스템수정일시,9,
kod,remittance_policy,plcy_prv_unit_type_cd,정책제공단위유형코드,10,
kod,remittance_policy,hdfs_upd_dttm,하둡변경일시,11,
kod,samsung_merchant,sno,일련번호,1,
kod,samsung_merchant,pt_cre_dt,,2,
kod,samsung_merchant,revision_sno,가맹점번호기준최초입력이후업데이트횟수,3,
kod,samsung_merchant,data_type,데이터구분코드,4,
kod,samsung_merchant,mc_id,가맹점ID,5,
kod,samsung_merchant,mc_nm,가맹점명,6,
kod,samsung_merchant,bzno,사업자등록번호,7,
kod,samsung_merchant,psno,우편번호,8,
kod,samsung_merchant,bsc_addr,기본주소,9,
kod,samsung_merchant,dtl_addr,상세주소,10,
kod,samsung_merchant,mc_reg_dt,가맹점등록일자,11,
kod,samsung_merchant,mc_rsg_dt,가맹점해지일자,12,
kod,samsung_merchant,sls_temp_stop_yn,영업임시정지여부,13,
kod,samsung_merchant,bztp_cd,업종코드,14,
kod,samsung_merchant,bztp_nm,업종명,15,
kod,samsung_merchant,mc_feert,가맹점수수료율,16,
kod,samsung_merchant,addr_new_old_type,도로명주소여부,17,
kod,samsung_merchant,mc_rjn_dt,가맹점재가입일자,18,
kod,samsung_merchant,cono,법인등록번호,19,
kod,samsung_merchant,sl_cd,매출코드,20,
kod,samsung_merchant,sido_nm,시도명,21,
kod,samsung_merchant,sgg_nm,시군구명,22,
kod,samsung_merchant,admd_nm,행정동명,23,
kod,samsung_merchant,admd_cd,행정동코드,24,
kod,samsung_merchant,lgld_nm,법정동명,25,
kod,samsung_merchant,lgld_cd,법정동코드,26,
kod,samsung_merchant,road_nm_code,도로명코드,27,
kod,samsung_merchant,bld_no,건물번호,28,
kod,samsung_merchant,sub_bld_no,세부건물번호,29,
kod,samsung_merchant,latd,위도,30,
kod,samsung_merchant,lotd,경도,31,
kod,samsung_merchant,sys_cre_dttm,시스템생성일시,32,
kod,samsung_merchant,sys_upd_dttm,시스템수정일시,33,
kod,samsung_merchant,hdfs_upd_dttm,하둡변경일시,34,
kod,samsung_merchant,repp_nm,대표자명,35,
kod,samsung_merchant,mc_phn_no,가맹점전화번호,36,
kod,samsung_merchant_history,sno,일련번호,1,
kod,samsung_merchant_history,type,데이터타입,2,
kod,samsung_merchant_history,revision_sno,가맹점번호기준최초입력이후업데이트횟수,3,
kod,samsung_merchant_history,trigger_reg_date,실행일,4,
kod,samsung_merchant_history,data_type,데이터구분코드,5,
kod,samsung_merchant_history,mc_id,가맹점ID,6,
kod,samsung_merchant_history,mc_nm,가맹점명,7,
kod,samsung_merchant_history,bzno,사업자등록번호,8,
kod,samsung_merchant_history,psno,우편번호,9,
kod,samsung_merchant_history,bsc_addr,기본주소,10,
kod,samsung_merchant_history,dtl_addr,상세주소,11,
kod,samsung_merchant_history,mc_reg_dt,가맹점등록일자,12,
kod,samsung_merchant_history,mc_rsg_dt,가맹점해지일자,13,
kod,samsung_merchant_history,sls_temp_stop_yn,영업임시정지여부,14,
kod,samsung_merchant_history,bztp_cd,업종코드,15,
kod,samsung_merchant_history,bztp_nm,업종명,16,
kod,samsung_merchant_history,mc_feert,가맹점수수료율,17,
kod,samsung_merchant_history,addr_new_old_type,도로명주소여부,18,
kod,samsung_merchant_history,mc_rjn_dt,가맹점재가입일자,19,
kod,samsung_merchant_history,cono,법인등록번호,20,
kod,samsung_merchant_history,sl_cd,매출코드,21,
kod,samsung_merchant_history,sido_nm,시도명,22,
kod,samsung_merchant_history,sgg_nm,시군구명,23,
kod,samsung_merchant_history,admd_nm,행정동명,24,
kod,samsung_merchant_history,admd_cd,행정동코드,25,
kod,samsung_merchant_history,lgld_nm,법정동명,26,
kod,samsung_merchant_history,lgld_cd,법정동코드,27,
kod,samsung_merchant_history,road_nm_code,도로명코드,28,
kod,samsung_merchant_history,bld_no,건물번호,29,
kod,samsung_merchant_history,sub_bld_no,세부건물번호,30,
kod,samsung_merchant_history,latd,위도,31,
kod,samsung_merchant_history,lotd,경도,32,
kod,samsung_merchant_history,sys_cre_dttm,시스템생성일시,33,
kod,samsung_merchant_history,sys_upd_dttm,시스템수정일시,34,
kod,samsung_merchant_history,hdfs_upd_dttm,하둡변경일시,35,
kod,samsung_merchant_history,pt_cre_dt,,36,
kod,service,svc_id,서비스ID,1,
kod,service,isur_id,발급사ID,2,
kod,service,asp_id,ASP_ID,3,
kod,service,svc_nm,서비스명,4,
kod,service,svc_dv_cd,서비스구분코드,5,
kod,service,vl_strt_dttm,유효시작일시,6,
kod,service,vl_prid_exn_dttm,유효기간만료일시,7,
kod,service,sll_strt_dttm,판매시작일시,8,
kod,service,sll_end_dttm,판매종료일시,9,
kod,service,chrg_psbl_yn,충전가능여부,10,
kod,service,bran_type_cd,브랜드유형코드,11,
kod,service,stlm_nt_nm,결제망명,12,
kod,service,use_lm_tmcnt,사용제한횟수,13,
kod,service,fcval,액면가,14,
kod,service,bysvc_isu_lm_tmcnt,서비스별발급제한횟수,15,
kod,service,re_sll_yn,재판매여부,16,
kod,service,pph_amt,선구매금액,17,
kod,service,sys_cre_dttm,시스템생성일시,18,
kod,service,sys_upd_dttm,시스템수정일시,19,
kod,service,img_url,이미지URL,20,
kod,service,cur_cd,통화코드,21,
kod,service,mb_rltg_crd_dv_cd,모바일실물카드구분코드,22,
kod,service,xng_ipsb_yn,환불가능여부,23,
kod,service,mb_crd_down_psbl_yn,모바일카드다운가능여부,24,
kod,service,vl_prid_exts_psbl_yn,유효기간연장가능여부,25,
kod,service,crd_vl_prid_type_cd,카드유효기간유형코드,26,
kod,service,crd_vl_prid_cnt,카드유효기간수,27,
kod,service,svc_act_st_cd,서비스활성상태코드,28,
kod,service,dc_bnf_cd,할인혜택코드,29,
kod,service,thmn_img_url,썸네일이미지URL,30,
kod,service,svc_tg_cn,서비스태그내용,31,
kod,service,sblg_svc_id,시블링서비스ID,32,
kod,service,svc_dscr,서비스설명,33,
kod,service,bycst_isu_lm_tmcnt,고객별발급제한횟수,34,
kod,service,mc_usep_dv_cd,가맹점사용처구분코드,35,
kod,service,chrgst_usep_dv_cd,충전소사용처구분코드,36,
kod,service,ptn_nm,파트너명,37,
kod,service,outs_bin_no,외부BIN번호,38,
kod,service,al_type_cd,제휴유형코드,39,
kod,service,svc_sll_type_cd,서비스판매유형코드,40,
kod,service,svc_dc_lmt_amt,서비스할인한도금액,41,
kod,service,crd_dc_lmt_unit_type_cd,카드할인한도단위유형코드,42,
kod,service,bfm_arsl_pstp_prid_mcnt,전월실적유예기간개월수,43,
kod,service,bfm_stlm_arsl_stsf_amt,전월결제실적충족금액,44,
kod,service,thm_chrg_arsl_stsf_amt,당월충전실적충족금액,45,
kod,service,isp_img_url,ISP이미지URL,46,
kod,service,opt_crd_bala_mmt_psbl_yn,옵션카드잔액이동가능여부,47,
kod,service,basc_crd_bala_cvsn_psbl_yn,베이직카드잔액전환가능여부,48,
kod,service,cpn_type_cd,쿠폰유형코드,49,
kod,service,cshp_exps_yn,쿠폰숍노출여부,50,
kod,service,onl_supt_cd,온라인지원코드,51,
kod,service,svc_grp_nm,서비스그룹명,52,
kod,service,rmt_psbl_yn,송금가능여부,53,
kod,service,svc_sll_dcrt,서비스판매할인율,54,
kod,service,svc_buy_pcst,서비스구매원가,55,
kod,service,svc_al_type_cd,서비스제휴유형코드,56,
kod,service,pu_afc_prv_psbl_yn,복수제휴사제공가능여부,57,
kod,service,crd_pnt_plcy_id,카드포인트정책ID,58,
kod,service,crd_pnt_use_yn,카드포인트사용여부,59,
kod,service,crd_pnt_rltm_rv_psbl_yn,카드포인트실시간적립가능여부,60,
kod,service,corp_wl_crd_ort_type_cd,법인복지카드운영유형코드,61,
kod,service,psnl_chrg_pmsn_yn,개인충전허용여부,62,
kod,service,risu_psbl_yn,재발급가능여부,63,
kod,service,tokn_bin_no,TOKEN_BIN번호,64,
kod,service,auto_sgzn_yn,자동기명화여부,65,
kod,service,auto_cstm_yn,자동복합결제여부,66,
kod,service,auto_incde_yn,자동소득공제여부,67,
kod,service,rltm_rwd_org_tr_amt_use_yn,실시간보상원거래금액사용여부,68,
kod,service,svc_tc_use_yn,서비스약관사용여부,69,
kod,service,cpn_no_isu_mhd_cd,쿠폰번호발급방식코드,70,
kod,service,ort_enp_cpn_prd_cd,운영업체쿠폰상품코드,71,
kod,service,add_crd_xp_impn_yn,추가카드비용부과여부,72,
kod,service,minm_chrg_amt,최소충전금액,73,
kod,service,chrg_unit_amt,충전단위금액,74,
kod,service,add_crd_xp,추가카드비용,75,
kod,service,fcval_amt_fom_cd,액면가금액형태코드,76,
kod,service,risu_svc_grp_id,재발급서비스그룹ID,77,
kod,service,rep_ka_id,대표KA_ID,78,
kod,service,cpn_dup_bnf_psbl_yn,쿠폰중복혜택가능여부,79,
kod,service,cpn_use_cncl_rul_cd,쿠폰사용취소규칙코드,80,
kod,service,cpn_gift_psbl_yn,쿠폰선물가능여부,81,
kod,service,cpn_rmn_prid_dcnt,쿠폰리마인드기간일수,82,
kod,service,svc_stlm_mhd_cd,서비스결제방식코드,83,
kod,service,taxi_stlm_psbl_yn,택시결제가능여부,84,
kod,service,cutm_cpn_yn,커스텀쿠폰여부,85,
kod,service,tr_psbl_yn,거래가능여부,86,
kod,service,pyc_tr_psbl_yn,페이코거래가능여부,87,
kod,service,mb_pre_isu_use_yn,모바일선발급사용여부,88,
kod,service,brcd_supt_yn,바코드지원여부,89,
kod,service,svc_attr_cn,서비스속성내용,90,
kod,service,sppm_lst_cn,간편결제리스트내용,91,
kod,service,crd_ls_risu_xp,카드분실재발급비용,92,
kod,service,outs_apvp_type_cd,외부승인처유형코드,93,
kod,service,rdnb_cpn_yn,난수쿠폰여부,94,
kod,service,exn_crd_risu_xp,만료카드재발급비용,95,
kod,service,ovrs_stlm_psbl_yn,해외결제가능여부,96,
kod,service,ovrs_stlm_brdc_nm,해외결제브랜드사명,97,
kod,service,crd_vl_prid_exts_mcnt,카드유효기간연장개월수,98,
kod,service,bank_acn_rmt_psbl_yn,은행계좌송금가능여부,99,
kod,service,cnvg_crd_excu_cd,결합카드수행코드,100,
kod,service,mbr_hld_lmt_incl_yn,회원보유한도포함여부,101,
kod,service,bnf_arsl_cnd_cd,혜택실적조건코드,102,
kod,service,hdfs_upd_dttm,하둡변경일시,103,
kod,service_category,svc_ctg_id,서비스카테고리종류코드,1,
kod,service_category,asp_id,ASP_ID,2,
kod,service_category,ctg_nm,카테고리명,3,
kod,service_category,sys_cre_dttm,시스템생성일시,4,
kod,service_category,sys_upd_dttm,시스템수정일시,5,
kod,service_category,svc_ctg_dv_cd,서비스카테고리구분코드,6,
kod,service_category,hdfs_upd_dttm,하둡변경일시,7,
kod,service_detail,svc_id,서비스ID,1,
kod,service_detail,svc_dtl_sno,일련번호,2,
kod,service_detail,svc_dtl_info_tit,제목명,3,
kod,service_detail,svc_dtl_info_cn,상품상세정보내용,4,
kod,service_detail,svc_form_cd,상품내용위치형식코드,5,
kod,service_detail,sys_cre_dttm,시스템생성일시,6,
kod,service_detail,sys_upd_dttm,시스템수정일시,7,
kod,service_detail,hdfs_upd_dttm,하둡변경일시,8,
kod,service_detail,pt_reg_dt,,9,
kod,service_discount,dc_bnf_cd,할인유형코드,1,
kod,service_discount,dcnt_under_unit_prcs,DCNT_UNDER_UNIT_PRCS,2,
kod,service_discount,dcnt_min_unit,DCNT_MIN_UNIT,3,
kod,service_discount,dc_famt_frte_dv_cd,할인정액정률구분코드,4,
kod,service_discount,dc_val,할인값,5,
kod,service_discount,sys_cre_dttm,시스템생성일시,6,
kod,service_discount,sys_upd_dttm,시스템수정일시,7,
kod,service_discount,bnf_prid_sno,혜택기간ID,8,
kod,service_discount,svc_id,혜택ASP서비스ID,9,
kod,service_discount,dc_bnf_sno,혜택일련번호,10,
kod,service_discount,grp_id,GRP_ID,11,
kod,service_discount,bnf_prity,혜택우선순위,12,
kod,service_discount,tot_dc_lmt_amt,총할인한도금액,13,
kod,service_discount,dc_lmt_unit_type_cd,할인한도단위유형코드,14,
kod,service_discount,dbfa_psbl_minm_stlm_amt,할인혜택적용가능최소결제금액,15,
kod,service_discount,bfm_use_arsl_cri_amt,전월사용실적기준금액,16,
kod,service_discount,pph_amt,선구매금액,17,
kod,service_discount,pph_con_sno,선구매계약ID,18,
kod,service_discount,dc_bnf_pstp_prid_mcnt,할인혜택유예기간개월수,19,
kod,service_discount,dc_bnf_sno2,할인혜택ID,20,
kod,service_discount,bnf_nm,혜택명,21,
kod,service_discount,except_grp_id,EXCEPT_GRP_ID,22,
kod,service_discount,pnt_extn_prid_cnt,포인트소멸기간수,23,
kod,service_discount,thm_chrg_arsl_cri_amt,당월충전실적기준금액,24,
kod,service_discount,sub_dc_bnf_cd,세부할인혜택분류코드,25,
kod,service_discount,bfm_arsl_incl_yn,전월실적포함여부,26,
kod,service_discount,once_dc_pnt_lmt_amt,1회할인포인트한도금액,27,
kod,service_discount,dc_plc_onl_dv_cd,할인장소온라인구분코드,28,
kod,service_discount,biztype_grp_id,BIZTYPE_GRP_ID,29,
kod,service_discount,crd_pnt_itg_lmt_apy_yn,카드포인트통합한도적용여부,30,
kod,service_discount,vl_prid_type_cd,유효기간유형코드,31,
kod,service_discount,pnt_vl_prid_spf_dttm,포인트유효기간특정일시,32,
kod,service_discount,pnt_plcy_id,포인트정책ID,33,
kod,service_discount,pnt_dsb_bugt_amt,포인트지급예산금액,34,
kod,service_discount,pnt_dv_cd,포인트구분코드,35,
kod,service_discount,pnt_bowr_grp_id,포인트부담주체그룹ID,36,
kod,service_discount,spps_acqr_id,부가서비스매입사ID,37,
kod,service_discount,clr_ptm_type_cd,정산시점유형코드,38,
kod,service_discount,hdfs_upd_dttm,하둡변경일시,39,
kod,service_group,svc_grp_id,서비스그룹ID,1,
kod,service_group,asp_id,ASP_ID,2,
kod,service_group,grp_nm,그룹명,3,
kod,service_group,svc_grp_type_cd,상품그룹유형코드,4,
kod,service_group,sys_cre_dttm,시스템생성일시,5,
kod,service_group,sys_upd_dttm,시스템수정일시,6,
kod,service_group,hdfs_upd_dttm,하둡변경일시,7,
kod,service_provider,prvr_role_cd,제공자역할코드,1,
kod,service_provider,prv_ptn_id,제공파트너ID,2,
kod,service_provider,sys_cre_dttm,시스템생성일시,3,
kod,service_provider,sys_upd_dttm,시스템수정일시,4,
kod,service_provider,svc_id,서비스ID,5,
kod,service_provider,svc_prvr_mapng_sno,상품제공자매핑일련번호,6,
kod,service_provider,hdfs_upd_dttm,하둡변경일시,7,
kod,shinhan_merchant,sno,일련번호,1,
kod,shinhan_merchant,mc_id,가맹점ID,2,
kod,shinhan_merchant,revision_seq,REVISION_SEQ,3,
kod,shinhan_merchant,data_type,DATA_TYPE,4,
kod,shinhan_merchant,mc_nm,가맹점명,5,
kod,shinhan_merchant,bzno,사업자등록번호,6,
kod,shinhan_merchant,mc_phn_no,TEL_NO,7,
kod,shinhan_merchant,psno,우편번호,8,
kod,shinhan_merchant,bsc_addr,기본주소,9,
kod,shinhan_merchant,dtl_addr,상세주소,10,
kod,shinhan_merchant,mc_reg_dt,가맹점등록일자,11,
kod,shinhan_merchant,mc_rsg_dt,가맹점해지일자,12,
kod,shinhan_merchant,sls_temp_stop_yn,영업임시정지여부,13,
kod,shinhan_merchant,bztp_cd,업종코드,14,
kod,shinhan_merchant,bztp_nm,업종명,15,
kod,shinhan_merchant,addr_new_old_type,ADDR_NEW_OLD_TYPE,16,
kod,shinhan_merchant,sl_cd,매출코드,17,
kod,shinhan_merchant,mc_feert,MERCHANT_FEE_RATE,18,
kod,shinhan_merchant,sido_nm,행정시도명,19,
kod,shinhan_merchant,sgg_nm,시군구명,20,
kod,shinhan_merchant,admd_nm,행정동명,21,
kod,shinhan_merchant,admd_cd,행정동코드,22,
kod,shinhan_merchant,lgld_nm,법정동명,23,
kod,shinhan_merchant,lgld_cd,법정동코드,24,
kod,shinhan_merchant,road_nm,도로명,25,
kod,shinhan_merchant,road_nm_cd,도로명코드,26,
kod,shinhan_merchant,bld_no,BUILDING_NO,27,
kod,shinhan_merchant,sub_bld_no,SUB_BUILDING_NO,28,
kod,shinhan_merchant,latd,위도,29,
kod,shinhan_merchant,lotd,경도,30,
kod,shinhan_merchant,sys_cre_dttm,시스템생성일시,31,
kod,shinhan_merchant,sys_upd_dttm,시스템수정일시,32,
kod,shinhan_merchant,hdfs_upd_dttm,하둡변경일시,33,
kod,shinhan_merchant,repp_nm,대표자명,34,
kod,shinhan_merchant_history,seq,SEQ,1,
kod,shinhan_merchant_history,type,TYPE,2,
kod,shinhan_merchant_history,revision_seq,REVISION_SEQ,3,
kod,shinhan_merchant_history,trigger_reg_date,TRIGGER_REG_DATE,4,
kod,shinhan_merchant_history,data_type,DATA_TYPE,5,
kod,shinhan_merchant_history,mct_mng_no,MCT_MNG_NO,6,
kod,shinhan_merchant_history,simple_nm,SIMPLE_NM,7,
kod,shinhan_merchant_history,biz_license_no,BIZ_LICENSE_NO,8,
kod,shinhan_merchant_history,repr_nm,REPR_NM,9,
kod,shinhan_merchant_history,tel_no,TEL_NO,10,
kod,shinhan_merchant_history,zip_cd,ZIP_CD,11,
kod,shinhan_merchant_history,addr1,ADDR1,12,
kod,shinhan_merchant_history,addr2,ADDR2,13,
kod,shinhan_merchant_history,mct_reg_date,MCT_REG_DATE,14,
kod,shinhan_merchant_history,temnt_date,TEMNT_DATE,15,
kod,shinhan_merchant_history,suspended_yn,SUSPENDED_YN,16,
kod,shinhan_merchant_history,biz_type,BIZ_TYPE,17,
kod,shinhan_merchant_history,biz_name,BIZ_NAME,18,
kod,shinhan_merchant_history,addr_new_old_type,ADDR_NEW_OLD_TYPE,19,
kod,shinhan_merchant_history,sales_cd,SALES_CD,20,
kod,shinhan_merchant_history,merchant_fee_rate,MERCHANT_FEE_RATE,21,
kod,shinhan_merchant_history,si_do_nm,SI_DO_NM,22,
kod,shinhan_merchant_history,si_gun_gu_nm,SI_GUN_GU_NM,23,
kod,shinhan_merchant_history,admin_dong_name,ADMIN_DONG_NAME,24,
kod,shinhan_merchant_history,admin_dong_code,ADMIN_DONG_CODE,25,
kod,shinhan_merchant_history,legal_dong_name,LEGAL_DONG_NAME,26,
kod,shinhan_merchant_history,legal_dong_code,LEGAL_DONG_CODE,27,
kod,shinhan_merchant_history,road_nm,ROAD_NM,28,
kod,shinhan_merchant_history,road_nm_cd,ROAD_NM_CD,29,
kod,shinhan_merchant_history,building_no,BUILDING_NO,30,
kod,shinhan_merchant_history,sub_building_no,SUB_BUILDING_NO,31,
kod,shinhan_merchant_history,latitude,LATITUDE,32,
kod,shinhan_merchant_history,longitude,LONGITUDE,33,
kod,shinhan_merchant_history,reg_date,REG_DATE,34,
kod,shinhan_merchant_history,update_date,UPDATE_DATE,35,
kod,shinhan_merchant_history,hdfs_upd_dttm,하둡변경일시,36,
kod,shinhan_merchant_history,pt_reg_date,,37,
kod,ssumpass_merchant,sno,일련번호,1,
kod,ssumpass_merchant,mc_id,가맹점ID,2,
kod,ssumpass_merchant,revision_seq,REVISION_SEQ,3,
kod,ssumpass_merchant,data_type,DATA_TYPE,4,
kod,ssumpass_merchant,mc_nm,가맹점명,5,
kod,ssumpass_merchant,bzno,사업자등록번호,6,
kod,ssumpass_merchant,mc_phn_no,TEL_NO,7,
kod,ssumpass_merchant,psno,우편번호,8,
kod,ssumpass_merchant,bsc_addr,기본주소,9,
kod,ssumpass_merchant,dtl_addr,상세주소,10,
kod,ssumpass_merchant,mc_reg_dt,가맹점등록일자,11,
kod,ssumpass_merchant,mc_rsg_dt,가맹점해지일자,12,
kod,ssumpass_merchant,sls_temp_stop_yn,영업임시정지여부,13,
kod,ssumpass_merchant,bztp_cd,업종코드,14,
kod,ssumpass_merchant,bztp_nm,업종명,15,
kod,ssumpass_merchant,addr_new_old_type,ADDR_NEW_OLD_TYPE,16,
kod,ssumpass_merchant,sl_cd,매출코드,17,
kod,ssumpass_merchant,mc_feert,MERCHANT_FEE_RATE,18,
kod,ssumpass_merchant,sido_nm,행정시도명,19,
kod,ssumpass_merchant,sgg_nm,시군구명,20,
kod,ssumpass_merchant,admd_nm,행정동명,21,
kod,ssumpass_merchant,admd_cd,행정동코드,22,
kod,ssumpass_merchant,lgld_nm,법정동명,23,
kod,ssumpass_merchant,lgld_cd,법정동코드,24,
kod,ssumpass_merchant,road_nm,도로명,25,
kod,ssumpass_merchant,road_nm_cd,도로명코드,26,
kod,ssumpass_merchant,bld_no,BUILDING_NO,27,
kod,ssumpass_merchant,sub_bld_no,SUB_BUILDING_NO,28,
kod,ssumpass_merchant,lotd,경도,29,
kod,ssumpass_merchant,latd,위도,30,
kod,ssumpass_merchant,industry_cd,INDUSTRY_CD,31,
kod,ssumpass_merchant,sys_cre_dttm,시스템생성일시,32,
kod,ssumpass_merchant,sys_upd_dttm,시스템수정일시,33,
kod,ssumpass_merchant,ssumpass_biz_type,SSUMPASS_BIZ_TYPE,34,
kod,ssumpass_merchant,hdfs_upd_dttm,하둡변경일시,35,
kod,ssumpass_merchant,repp_nm,대표자명,36,
kod,ssumpass_merchant_history,seq,SEQ,1,
kod,ssumpass_merchant_history,type,TYPE,2,
kod,ssumpass_merchant_history,revision_seq,REVISION_SEQ,3,
kod,ssumpass_merchant_history,trigger_reg_date,TRIGGER_REG_DATE,4,
kod,ssumpass_merchant_history,data_type,DATA_TYPE,5,
kod,ssumpass_merchant_history,mct_mng_no,MCT_MNG_NO,6,
kod,ssumpass_merchant_history,simple_nm,SIMPLE_NM,7,
kod,ssumpass_merchant_history,biz_license_no,BIZ_LICENSE_NO,8,
kod,ssumpass_merchant_history,repr_nm,REPR_NM,9,
kod,ssumpass_merchant_history,tel_no,TEL_NO,10,
kod,ssumpass_merchant_history,zip_cd,ZIP_CD,11,
kod,ssumpass_merchant_history,addr1,ADDR1,12,
kod,ssumpass_merchant_history,addr2,ADDR2,13,
kod,ssumpass_merchant_history,mct_reg_date,MCT_REG_DATE,14,
kod,ssumpass_merchant_history,temnt_date,TEMNT_DATE,15,
kod,ssumpass_merchant_history,suspended_yn,SUSPENDED_YN,16,
kod,ssumpass_merchant_history,biz_type,BIZ_TYPE,17,
kod,ssumpass_merchant_history,biz_name,BIZ_NAME,18,
kod,ssumpass_merchant_history,addr_new_old_type,ADDR_NEW_OLD_TYPE,19,
kod,ssumpass_merchant_history,sales_cd,SALES_CD,20,
kod,ssumpass_merchant_history,merchant_fee_rate,MERCHANT_FEE_RATE,21,
kod,ssumpass_merchant_history,si_do_nm,SI_DO_NM,22,
kod,ssumpass_merchant_history,si_gun_gu_nm,SI_GUN_GU_NM,23,
kod,ssumpass_merchant_history,admin_dong_name,ADMIN_DONG_NAME,24,
kod,ssumpass_merchant_history,admin_dong_code,ADMIN_DONG_CODE,25,
kod,ssumpass_merchant_history,legal_dong_name,LEGAL_DONG_NAME,26,
kod,ssumpass_merchant_history,legal_dong_code,LEGAL_DONG_CODE,27,
kod,ssumpass_merchant_history,road_nm,ROAD_NM,28,
kod,ssumpass_merchant_history,road_nm_cd,ROAD_NM_CD,29,
kod,ssumpass_merchant_history,building_no,BUILDING_NO,30,
kod,ssumpass_merchant_history,sub_building_no,SUB_BUILDING_NO,31,
kod,ssumpass_merchant_history,latitude,LATITUDE,32,
kod,ssumpass_merchant_history,longitude,LONGITUDE,33,
kod,ssumpass_merchant_history,industry_cd,INDUSTRY_CD,34,
kod,ssumpass_merchant_history,reg_date,REG_DATE,35,
kod,ssumpass_merchant_history,update_date,UPDATE_DATE,36,
kod,ssumpass_merchant_history,ssumpass_biz_type,SSUMPASS_BIZ_TYPE,37,
kod,ssumpass_merchant_history,hdfs_upd_dttm,하둡변경일시,38,
kod,ssumpass_merchant_history,pt_reg_m,,39,
kod,timeslot,bnf_prid_stn_sno,혜택기간설정일련번호,1,
kod,timeslot,strt_dttm,시작일시,2,
kod,timeslot,end_dttm,종료일시,3,
kod,timeslot,sys_upd_dttm,시스템수정일시,4,
kod,timeslot,sys_cre_dttm,시스템생성일시,5,
kod,timeslot,hdfs_upd_dttm,하둡변경일시,6,
kod,timeslot_definition,bnf_prid_cri_sno,혜택기간기준일련번호,1,
kod,timeslot_definition,dc_sct_strt_mm,할인구간시작월,2,
kod,timeslot_definition,dc_sct_end_mm,할인구간종료월,3,
kod,timeslot_definition,dd_sct_dc_strt_dd,일구간할인시작일,4,
kod,timeslot_definition,dd_sct_dc_end_dd,일구간할인종료일,5,
kod,timeslot_definition,day_sct_dc_chk_dv_cd,요일구간할인체크구분코드,6,
kod,timeslot_definition,dc_strt_hm,할인시작시분,7,
kod,timeslot_definition,dc_end_hm,할인종료시분,8,
kod,timeslot_definition,sys_upd_dttm,시스템수정일시,9,
kod,timeslot_definition,sys_cre_dttm,시스템생성일시,10,
kod,timeslot_definition,bnf_prid_sno,혜택기간일련번호,11,
kod,timeslot_definition,bnf_hldy_apy_yn,혜택휴일적용여부,12,
kod,timeslot_definition,hdfs_upd_dttm,하둡변경일시,13,
kps,admin_tran,adm_pnt_dsb_sno,관리자포인트지급일련번호,1,
kps,admin_tran,prcs_sno,처리일련번호,2,
kps,admin_tran,pnt_tr_type_cd,포인트거래유형코드,3,
kps,admin_tran,pnt_dv_cd,포인트구분코드,4,
kps,admin_tran,dsb_xng_cnt_trgt_par_no,지급환수대상PAR번호,5,
kps,admin_tran,rqs_amt,요청금액,6,
kps,admin_tran,rwd_dsb_rqs_st_cd,보상지급요청상태코드,7,
kps,admin_tran,rl_dsb_xng_cnt_amt,실제지급환수금액,8,
kps,admin_tran,rlv_st_rsn_cn,해당상태사유내용,9,
kps,admin_tran,sys_cre_dttm,시스템생성일시,10,
kps,admin_tran,sys_upd_dttm,시스템수정일시,11,
kps,admin_tran,apv_tr_yn,승인거래여부,12,
kps,admin_tran,rwd_id,보상ID,13,
kps,admin_tran,nr_no,NR번호,14,
kps,admin_tran,cncl_st_cd,취소상태코드,15,
kps,admin_tran,mbr_id,회원ID,16,
kps,admin_tran,svc_id,서비스ID,17,
kps,admin_tran,ka_id,KA_ID,18,
kps,admin_tran,rwd_no,보상번호,19,
kps,admin_tran,pnt_plcy_id,포인트정책ID,20,
kps,admin_tran,pnt_plcy_nm,포인트정책명,21,
kps,admin_tran,pnt_plcy_type_cd,포인트정책유형코드,22,
kps,admin_tran,org_tr_nr_no,원거래NR번호,23,
kps,admin_tran,dsb_bowr_grp_id,지급부담주체그룹ID,24,
kps,admin_tran,org_crd_par_no,원카드PAR번호,25,
kps,admin_tran,pnt_bowr_grd_id,포인트부담주체등급ID,26,
kps,admin_tran,tr_oca_crd_svc_id,거래원인카드서비스ID,27,
kps,admin_tran,shre_rate_prcs_ptim_cri_amt,분담비율처리시기준금액,28,
kps,admin_tran,shre_rate_prcs_rate,분담비율처리비율,29,
kps,admin_tran,lmt_xcpt_type_cd,한도제외유형코드,30,
kps,admin_tran,outs_lnk_tr_cd_val,외부연동거래코드값,31,
kps,admin_tran,oca_amt,원인금액,32,
kps,admin_tran,agg_rflc_type_cd,집계반영유형코드,33,
kps,admin_tran,hdfs_upd_dttm,하둡변경일시,34,
kps,admin_tran,pt_cre_dt,,35,
kps,kps_pnt_itg_clt_tr,pnt_itg_clt_tr_sno,포인트통합집금거래일련번호,1,
kps,kps_pnt_itg_clt_tr,itg_clt_id,통합집금ID,2,
kps,kps_pnt_itg_clt_tr,tran_id,트랜잭션ID,3,
kps,kps_pnt_itg_clt_tr,pnt_itg_clt_type_cd,포인트통합집금유형코드,4,
kps,kps_pnt_itg_clt_tr,pnt_tr_type_cd,포인트거래유형코드,5,
kps,kps_pnt_itg_clt_tr,pnt_itg_clt_amt,포인트통합집금금액,6,
kps,kps_pnt_itg_clt_tr,mbr_id,회원ID,7,
kps,kps_pnt_itg_clt_tr,pnt_tr_trgt_val,포인트거래대상값,8,
kps,kps_pnt_itg_clt_tr,dph_pnt_tr_trgt_val,발신포인트거래대상값,9,
kps,kps_pnt_itg_clt_tr,rcv_pnt_tr_trgt_val,수신포인트거래대상값,10,
kps,kps_pnt_itg_clt_tr,pnt_plcy_id,포인트정책ID,11,
kps,kps_pnt_itg_clt_tr,pnt_plcy_type_cd,포인트정책유형코드,12,
kps,kps_pnt_itg_clt_tr,pnt_plcy_nm,포인트정책명,13,
kps,kps_pnt_itg_clt_tr,apv_tr_yn,승인거래여부,14,
kps,kps_pnt_itg_clt_tr,apv_dt,승인일자,15,
kps,kps_pnt_itg_clt_tr,apv_dttm,승인일시,16,
kps,kps_pnt_itg_clt_tr,pnt_itg_clt_rs_cd,포인트통합집금결과코드,17,
kps,kps_pnt_itg_clt_tr,pnt_tr_id,포인트거래ID,18,
kps,kps_pnt_itg_clt_tr,sys_cre_dttm,시스템생성일시,19,
kps,kps_pnt_itg_clt_tr,sys_upd_dttm,시스템수정일시,20,
kps,kps_pnt_itg_clt_tr,hdfs_upd_dttm,하둡변경일시,21,
kps,mb_gfct,mb_gfct_id,모바일상품권ID,1,모바일상품권원장
kps,mb_gfct,mb_gfct_bran_plcy_id,모바일상품권브랜드정책ID,2,모바일상품권원장
kps,mb_gfct,mb_gfct_gpt_plcy_id,모바일상품권권종정책ID,3,모바일상품권원장
kps,mb_gfct,mb_gfct_gpt_plcy_nm,모바일상품권권종정책명,4,모바일상품권원장
kps,mb_gfct,asp_id,ASP_ID,5,모바일상품권원장
kps,mb_gfct,ka_id,KA_ID,6,모바일상품권원장
kps,mb_gfct,crd_pnt_plcy_id,카드포인트정책ID,7,모바일상품권원장
kps,mb_gfct,nr_no,NR번호,8,모바일상품권원장
kps,mb_gfct,mb_gfct_amt,모바일상품권금액,9,모바일상품권원장
kps,mb_gfct,mb_gfct_buy_amt,모바일상품권구매금액,10,모바일상품권원장
kps,mb_gfct,mb_gfct_res_amt,모바일상품권잔여금액,11,모바일상품권원장
kps,mb_gfct,sll_dttm,판매일시,12,모바일상품권원장
kps,mb_gfct,last_gift_dttm,최종선물일시,13,모바일상품권원장
kps,mb_gfct,exn_dt,만료일자,14,모바일상품권원장
kps,mb_gfct,mb_gfct_byr_id,모바일상품권구매자ID,15,모바일상품권원장
kps,mb_gfct,mbr_id,회원ID,16,모바일상품권원장
kps,mb_gfct,par_no,PAR번호,17,모바일상품권원장
kps,mb_gfct,mb_gfct_st_cd,모바일상품권상태코드,18,모바일상품권원장
kps,mb_gfct,clr_ptm_type_cd,정산시점유형코드,19,모바일상품권원장
kps,mb_gfct,mb_gfct_sll_st_cd,모바일상품권판매상태코드,20,모바일상품권원장
kps,mb_gfct,tr_tmcnt,거래횟수,21,모바일상품권원장
kps,mb_gfct,sys_cre_dttm,시스템생성일시,22,모바일상품권원장
kps,mb_gfct,sys_upd_dttm,시스템수정일시,23,모바일상품권원장
kps,mb_gfct,mb_gfct_rtn_amt,모바일상품권반환금액,24,모바일상품권원장
kps,mb_gfct,af_prcs_dtl_dttm,후처리상세일시,25,모바일상품권원장
kps,mb_gfct,dc_bnf_sno,할인혜택일련번호,26,모바일상품권원장
kps,mb_gfct,dc_bnf_cd,할인혜택코드,27,모바일상품권원장
kps,mb_gfct,dc_famt_frte_dv_cd,할인정액정률구분코드,28,모바일상품권원장
kps,mb_gfct,dc_val,할인값,29,모바일상품권원장
kps,mb_gfct,hdfs_upd_dttm,하둡변경일시,30,모바일상품권원장
kps,mb_gfct_tr,mb_gfct_tr_sno,모바일상품권거래일련번호,1,모바일상품권거래
kps,mb_gfct_tr,tr_dt,거래일자,2,모바일상품권거래
kps,mb_gfct_tr,tr_dttm,거래일시,3,모바일상품권거래
kps,mb_gfct_tr,asp_id,ASP_ID,4,모바일상품권거래
kps,mb_gfct_tr,ka_id,KA_ID,5,모바일상품권거래
kps,mb_gfct_tr,mb_gfct_id,모바일상품권ID,6,모바일상품권거래
kps,mb_gfct_tr,mb_gfct_grp_id,모바일상품권그룹ID,7,모바일상품권거래
kps,mb_gfct_tr,mb_gfct_bran_plcy_id,모바일상품권브랜드정책ID,8,모바일상품권거래
kps,mb_gfct_tr,mb_gfct_gpt_plcy_id,모바일상품권권종정책ID,9,모바일상품권거래
kps,mb_gfct_tr,mb_gfct_gpt_plcy_nm,모바일상품권권종정책명,10,모바일상품권거래
kps,mb_gfct_tr,crd_pnt_plcy_id,카드포인트정책ID,11,모바일상품권거래
kps,mb_gfct_tr,nr_no,NR번호,12,모바일상품권거래
kps,mb_gfct_tr,tran_id,트랜잭션ID,13,모바일상품권거래
kps,mb_gfct_tr,pnt_tr_type_cd,포인트거래유형코드,14,모바일상품권거래
kps,mb_gfct_tr,tr_dscr,거래설명,15,모바일상품권거래
kps,mb_gfct_tr,apv_tr_yn,승인거래여부,16,모바일상품권거래
kps,mb_gfct_tr,mb_gfct_dc_amt,모바일상품권할인금액,17,모바일상품권거래
kps,mb_gfct_tr,tr_amt,거래금액,18,모바일상품권거래
kps,mb_gfct_tr,tr_af_bala,거래후잔액,19,모바일상품권거래
kps,mb_gfct_tr,mbr_id,회원ID,20,모바일상품권거래
kps,mb_gfct_tr,par_no,PAR번호,21,모바일상품권거래
kps,mb_gfct_tr,pnt_occr_crd_par_no,포인트발생카드PAR번호,22,모바일상품권거래
kps,mb_gfct_tr,svc_id,서비스ID,23,모바일상품권거래
kps,mb_gfct_tr,svc_nm,서비스명,24,모바일상품권거래
kps,mb_gfct_tr,mc_id,가맹점ID,25,모바일상품권거래
kps,mb_gfct_tr,mc_nm,가맹점명,26,모바일상품권거래
kps,mb_gfct_tr,mc_bu_amt,가맹점부담금액,27,모바일상품권거래
kps,mb_gfct_tr,af_prcr_cd,후처리결과코드,28,모바일상품권거래
kps,mb_gfct_tr,af_prcs_dtl_dttm,후처리상세일시,29,모바일상품권거래
kps,mb_gfct_tr,org_tr_nr_no,원거래NR번호,30,모바일상품권거래
kps,mb_gfct_tr,sys_cre_dttm,시스템생성일시,31,모바일상품권거래
kps,mb_gfct_tr,sys_upd_dttm,시스템수정일시,32,모바일상품권거래
kps,mb_gfct_tr,hdfs_upd_dttm,하둡변경일시,33,모바일상품권거래
kps,pnt_corp_tran,corp_pnt_py_wd_sno,법인포인트입출금일련번호,1,
kps,pnt_corp_tran,apv_dt,승인일자,2,
kps,pnt_corp_tran,ka_id,KA_ID,3,
kps,pnt_corp_tran,pnt_dv_cd,포인트구분코드,4,
kps,pnt_corp_tran,pnt_plcy_id,포인트정책ID,5,
kps,pnt_corp_tran,pnt_plcy_type_cd,포인트정책유형코드,6,
kps,pnt_corp_tran,pnt_plcy_nm,포인트정책명,7,
kps,pnt_corp_tran,pnt_tr_type_cd,포인트거래유형코드,8,
kps,pnt_corp_tran,tr_amt,거래금액,9,
kps,pnt_corp_tran,tr_af_bala,거래후잔액,10,
kps,pnt_corp_tran,apv_tr_yn,승인거래여부,11,
kps,pnt_corp_tran,acum_tr_yn,누적거래여부,12,
kps,pnt_corp_tran,apv_dttm,승인일시,13,
kps,pnt_corp_tran,nr_no,NR번호,14,
kps,pnt_corp_tran,org_tr_nr_no,원거래NR번호,15,
kps,pnt_corp_tran,dsb_bowr_grp_id,지급부담주체그룹ID,16,
kps,pnt_corp_tran,pnt_bowr_grd_id,포인트부담주체등급ID,17,
kps,pnt_corp_tran,cncl_st_cd,취소상태코드,18,
kps,pnt_corp_tran,pnt_occr_crd_par_no,포인트발생카드PAR번호,19,
kps,pnt_corp_tran,tr_oca_svc_id,거래원인서비스ID,20,
kps,pnt_corp_tran,corp_pnt_dsb_trgt_par_no,법인포인트지급대상PAR번호,21,
kps,pnt_corp_tran,corp_pnt_dsb_trgt_svc_id,법인포인트지급대상서비스ID,22,
kps,pnt_corp_tran,dc_bnf_cd,할인혜택코드,23,
kps,pnt_corp_tran,dc_bnf_sno,할인혜택일련번호,24,
kps,pnt_corp_tran,stlm_mc_id,결제가맹점ID,25,
kps,pnt_corp_tran,mc_type_cd,가맹점유형코드,26,
kps,pnt_corp_tran,ab_tr_lm_type_cd,이상거래제한유형코드,27,
kps,pnt_corp_tran,asp_id,ASP_ID,28,
kps,pnt_corp_tran,tr_dscr,거래설명,29,
kps,pnt_corp_tran,adm_pnt_dsb_sno,관리자포인트지급일련번호,30,
kps,pnt_corp_tran,pnt_tr_id,포인트거래ID,31,
kps,pnt_corp_tran,sys_cre_dttm,시스템생성일시,32,
kps,pnt_corp_tran,sys_upd_dttm,시스템수정일시,33,
kps,pnt_corp_tran,dnt_pnt_type_cd,기부포인트유형코드,34,
kps,pnt_corp_tran,mbr_id,회원ID,35,
kps,pnt_corp_tran,tran_id,트랜잭션ID,36,
kps,pnt_corp_tran,acqr_id,매입사ID,37,
kps,pnt_corp_tran,ar_amt_clr_ka_id,선수금정산KA_ID,38,
kps,pnt_corp_tran,vat_xcpt_amt,부가가치세제외금액,39,
kps,pnt_corp_tran,hdfs_upd_dttm,하둡변경일시,40,
kps,pnt_disc_grade,par_no,PAR번호,1,
kps,pnt_disc_grade,nr_no,NR번호,2,
kps,pnt_disc_grade,org_tr_nr_no,원거래NR번호,3,
kps,pnt_disc_grade,apv_dt,승인일자,4,
kps,pnt_disc_grade,apv_dttm,승인일시,5,
kps,pnt_disc_grade,apv_tr_yn,승인거래여부,6,
kps,pnt_disc_grade,tr_pnt_amt,거래포인트금액,7,
kps,pnt_disc_grade,bnf_type_cd,혜택유형코드,8,
kps,pnt_disc_grade,mm_acum_pnt_amt,월누적포인트금액,9,
kps,pnt_disc_grade,sys_cre_dttm,시스템생성일시,10,
kps,pnt_disc_grade,sys_upd_dttm,시스템수정일시,11,
kps,pnt_disc_grade,dc_bnf_sno,할인혜택일련번호,12,
kps,pnt_disc_grade,dc_bnf_cd,할인혜택코드,13,
kps,pnt_disc_grade,pnt_plcy_id,포인트정책ID,14,
kps,pnt_disc_grade,dsb_bowr_grp_id,지급부담주체그룹ID,15,
kps,pnt_disc_grade,bnf_nm,혜택명,16,
kps,pnt_disc_grade,last_cncl_yn,최종취소여부,17,
kps,pnt_disc_grade,hdfs_upd_dttm,하둡변경일시,18,
kps,pnt_disc_grade,pt_apv_dt,,19,
kps,pnt_disc_grade_history,par_no,PAR번호,1,
kps,pnt_disc_grade_history,nr_no,NR번호,2,
kps,pnt_disc_grade_history,prcs_sno,처리일련번호,3,
kps,pnt_disc_grade_history,apv_dt,승인일자,4,
kps,pnt_disc_grade_history,apv_dttm,승인일시,5,
kps,pnt_disc_grade_history,apv_tr_yn,승인거래여부,6,
kps,pnt_disc_grade_history,tr_pnt_amt,거래포인트금액,7,
kps,pnt_disc_grade_history,apv_amt,승인금액,8,
kps,pnt_disc_grade_history,mm_acum_pnt_amt,월누적포인트금액,9,
kps,pnt_disc_grade_history,grd_cri_amt,등급기준금액,10,
kps,pnt_disc_grade_history,pnt_acmr,포인트적립률,11,
kps,pnt_disc_grade_history,pnt_plcy_id,포인트정책ID,12,
kps,pnt_disc_grade_history,pnt_dv_cd,포인트구분코드,13,
kps,pnt_disc_grade_history,dsb_bowr_grp_id,지급부담주체그룹ID,14,
kps,pnt_disc_grade_history,pnt_bowr_grd_id,포인트부담주체등급ID,15,
kps,pnt_disc_grade_history,dc_bnf_sno,할인혜택일련번호,16,
kps,pnt_disc_grade_history,dc_bnf_cd,할인혜택코드,17,
kps,pnt_disc_grade_history,bnf_nm,혜택명,18,
kps,pnt_disc_grade_history,sys_cre_dttm,시스템생성일시,19,
kps,pnt_disc_grade_history,sys_upd_dttm,시스템수정일시,20,
kps,pnt_disc_grade_history,hdfs_upd_dttm,하둡변경일시,21,
kps,pnt_disc_grade_history,pt_apv_dt,,22,
kps,pnt_tran,pnt_tr_id,포인트거래ID,1,
kps,pnt_tran,apv_dttm,승인일시,2,
kps,pnt_tran,apv_dt,승인일자,3,
kps,pnt_tran,mbr_id,회원ID,4,
kps,pnt_tran,pnt_tr_trgt_val,포인트대상PAR번호및회원ID,5,
kps,pnt_tran,tr_amt,거래금액,6,
kps,pnt_tran,tr_af_bala,거래후잔액,7,
kps,pnt_tran,pnt_dv_cd,포인트구분코드,8,
kps,pnt_tran,pnt_tr_type_cd,포인트적립유형코드,9,
kps,pnt_tran,apv_tr_yn,승인거래여부,10,
kps,pnt_tran,acum_tr_yn,누적거래여부,11,
kps,pnt_tran,nr_no,NR번호,12,
kps,pnt_tran,pnt_occr_crd_par_no,포인트발생카드PAR번호,13,
kps,pnt_tran,dc_bnf_cd,혜택유형코드,14,
kps,pnt_tran,dc_bnf_sno,할인일련번호,15,
kps,pnt_tran,asp_id,ASP_ID,16,
kps,pnt_tran,svc_id,서비스ID,17,
kps,pnt_tran,exn_dt,지급거래시포인트만료일자,18,
kps,pnt_tran,tr_dscr,거래설명내용,19,
kps,pnt_tran,adm_pnt_dsb_sno,관리자지급요청배치ID,20,
kps,pnt_tran,sys_cre_dttm,CREATED,21,
kps,pnt_tran,sys_upd_dttm,UPDATED,22,
kps,pnt_tran,ka_id,KA_ID,23,
kps,pnt_tran,cncl_extn_pnt_amt,취소소멸포인트금액,24,
kps,pnt_tran,pnt_plcy_id,포인트정책ID,25,
kps,pnt_tran,rep_ka_id,지급주체KA_ID,26,
kps,pnt_tran,pnt_plcy_type_cd,포인트정책유형코드,27,
kps,pnt_tran,pnt_plcy_nm,포인트정책명,28,
kps,pnt_tran,cstm_pnt_use_prity,복합결제캐시사용우선순위,29,
kps,pnt_tran,ppnt_wth_rate,포인트당가치비율,30,
kps,pnt_tran,org_tr_nr_no,포인트정책명,31,
kps,pnt_tran,cncl_st_cd,원거래NR번호,32,
kps,pnt_tran,dsb_bowr_grp_id,지급부담주체그룹ID,33,
kps,pnt_tran,pnt_bowr_grd_id,포인트부담주체등급ID,34,
kps,pnt_tran,tr_oca_svc_id,거래원인카드서비스ID,35,
kps,pnt_tran,grd_cri_amt,등급결정근거구간금액,36,
kps,pnt_tran,pnt_dsb_amt_aplr,포인트지급금액적용률,37,
kps,pnt_tran,tsfr_trgt_yn,이체대상여부,38,
kps,pnt_tran,acqr_dv_cd,가맹점매입사유형코드,39,
kps,pnt_tran,stlm_mc_id,실제결제가맹점ID,40,
kps,pnt_tran,ab_tr_lm_type_cd,이상거래제한유형코드,41,
kps,pnt_tran,corp_pnt_tr_id,포인트법인거래ID,42,
kps,pnt_tran,tran_id,트랜잭션ID,43,
kps,pnt_tran,acqr_id,매입사ID,44,
kps,pnt_tran,ar_amt_clr_ka_id,선수금정산KA_ID,45,
kps,pnt_tran,hdfs_upd_dttm,하둡변경일시,46,
kps,pnt_tran,vat_xcpt_amt,부가가치세제외금액,47,
kps,pnt_tran,pnt_tr_sub_type_cd,포인트거래세부유형코드,48,
kps,pnt_tran,apv_dtl_dttm,승인상세일시,49,
kst,expiry_remind,vl_prid_nfct_sno,일련번호,1,
kst,expiry_remind,rv_plcy_id,스탬프마일리지정책ID,2,
kst,expiry_remind,plcy_type_cd,정책유형코드,3,
kst,expiry_remind,mbr_id,회원ID,4,
kst,expiry_remind,prea_nfct_dt,예정알림일자,5,
kst,expiry_remind,data_cre_dttm,시스템생성일시,6,
kst,expiry_remind,hdfs_upd_dttm,하둡변경일시,7,
kst,expiry_remind,pt_cre_dt,,8,
kst,mc_mapping,stmp_usep_mapng_sno,일련번호,1,
kst,mc_mapping,stamp_id,STAMP_ID,2,
kst,mc_mapping,mc_id,가맹점ID,3,
kst,mc_mapping,asp_id,ASP_ID,4,
kst,mc_mapping,acqr_dv_cd,가맹점유형코드,5,
kst,mc_mapping,mc_nm,가맹점명,6,
kst,mc_mapping,data_cre_dttm,시스템생성일시,7,
kst,mc_mapping,rv_plcy_id,스탬프마일리지정책ID,8,
kst,mc_mapping,plcy_type_cd,정책유형코드,9,
kst,mc_mapping,hdfs_upd_dttm,하둡변경일시,10,
kst,mileage_card,mlg_crd_id,마일리지카드ID,1,
kst,mileage_card,jbef_mlg_crd_id,직전마일리지카드ID,2,
kst,mileage_card,asp_id,ASP_ID,3,
kst,mileage_card,mlg_plcy_id,마일리지정책ID,4,
kst,mileage_card,mbr_id,회원ID,5,
kst,mileage_card,crnt_crd_acum_amt,현재카드누적금액,6,
kst,mileage_card,exn_dt,만료일자,7,
kst,mileage_card,mlg_act_st_cd,마일리지활성상태코드,8,
kst,mileage_card,mlg_dtl_st_cd,마일리지상세상태코드,9,
kst,mileage_card,data_cre_dttm,시스템생성일시,10,
kst,mileage_card,data_upd_dttm,시스템수정일시,11,
kst,mileage_card,rwd_kd_cd,보상종류코드,12,
kst,mileage_card,rwd_id,보상ID,13,
kst,mileage_card,rwd_no,보상번호,14,
kst,mileage_card,rwd_prcr_cd,보상처리결과코드,15,
kst,mileage_card,hdfs_upd_dttm,하둡변경일시,16,
kst,mileage_card,pt_upd_m,,17,
kst,mileage_history,mlg_crd_hist_sno,일련번호,1,
kst,mileage_history,asp_id,ASP_ID,2,
kst,mileage_history,mlg_plcy_id,마일리지정책ID,3,
kst,mileage_history,mbr_id,회원ID,4,
kst,mileage_history,rlt_mlg_crd_id,마일리지카드ID,5,
kst,mileage_history,rv_tr_type_cd,적립거래유형코드,6,
kst,mileage_history,rv_prcs_amt,실제처리금액,7,
kst,mileage_history,crd_cri_acum_bef_amt,카드기준누적이전금액,8,
kst,mileage_history,crd_cri_acum_aft_amt,카드기준누적이후금액,9,
kst,mileage_history,stlm_mc_id,가맹점ID,10,
kst,mileage_history,acqr_dv_cd,가맹점유형코드,11,
kst,mileage_history,nr_no,NR번호,12,
kst,mileage_history,tr_occr_dtl_dttm,거래발생상세일시,13,
kst,mileage_history,org_tr_nr_no,원거래NR번호,14,
kst,mileage_history,tr_cncl_st_cd,거래취소상태코드,15,
kst,mileage_history,rwd_kd_cd,보상종류코드,16,
kst,mileage_history,rwd_id,보상ID,17,
kst,mileage_history,rwd_no,보상번호,18,
kst,mileage_history,rwd_st_cd,보상상태코드,19,
kst,mileage_history,data_cre_dttm,시스템생성일시,20,
kst,mileage_history,data_upd_dttm,시스템수정일시,21,
kst,mileage_history,rqs_amt,요청금액,22,
kst,mileage_history,tr_af_crd_st_cd,거래후카드상태코드,23,
kst,mileage_history,rv_trgt_amt,실처리금액,24,
kst,mileage_history,stmp_rqs_type_cd,스탬프요청유형코드,25,
kst,mileage_history,rwd_prcr_cd,보상처리결과코드,26,
kst,mileage_history,hdfs_upd_dttm,하둡변경일시,27,
kst,mileage_policy,mlg_plcy_id,마일리지정책ID,1,
kst,mileage_policy,mlg_plcy_nm,마일리지정책명,2,
kst,mileage_policy,mlg_plcy_strt_dttm,마일리지정책시작일시,3,
kst,mileage_policy,mlg_plcy_use_yn,마일리지정책사용여부,4,
kst,mileage_policy,rv_type_cd,적립유형코드,5,
kst,mileage_policy,rv_cri_val,적립기준값,6,
kst,mileage_policy,rwd_kd_cd,보상종류코드,7,
kst,mileage_policy,rwd_id,보상ID,8,
kst,mileage_policy,cutm_rwd_yn,커스텀보상여부,9,
kst,mileage_policy,cmpl_goal_amt,완성목표금액,10,
kst,mileage_policy,exn_type_cd,만료유형코드,11,
kst,mileage_policy,exn_cri_dt,만료기준일자,12,
kst,mileage_policy,exn_prea_nfct_prid_dcnt,만료예정알림주기값,13,
kst,mileage_policy,asp_id,ASP_ID,14,
kst,mileage_policy,data_cre_dttm,시스템생성일시,15,
kst,mileage_policy,data_upd_dttm,시스템수정일시,16,
kst,mileage_policy,bymc_rv_psbl_max_val,가맹점별적립가능최대값,17,
kst,mileage_policy,mlg_plcy_end_dttm,마일리지정책종료일시,18,
kst,mileage_policy,mlg_plcy_lwr_type_cd,마일리지정책하위유형코드,19,
kst,mileage_policy,mc_rv_lm_init_type_cd,가맹점적립제한초기화유형코드,20,
kst,mileage_policy,hdfs_upd_dttm,하둡변경일시,21,
kst,req_history,stmp_rv_hist_sno,일련번호,1,
kst,req_history,mbr_id,회원ID,2,
kst,req_history,asp_id,ASP_ID,3,
kst,req_history,mti_cd,MTI승인구분코드,4,
kst,req_history,data_cre_dttm,시스템생성일시,5,
kst,req_history,pcs_cd,프로세싱코드,6,
kst,req_history,stlm_mc_id,가맹점ID,7,
kst,req_history,acqr_dv_cd,가맹점유형코드,8,
kst,req_history,nr_no,NR번호,9,
kst,req_history,apv_tr_par_no,승인거래PAR번호,10,
kst,req_history,apv_dtl_dttm,승인상세일시,11,
kst,req_history,org_tr_nr_no,원거래NR번호,12,
kst,req_history,prcr_cd,처리결과오류코드,13,
kst,req_history,tid,TID,14,
kst,req_history,rv_rqs_amt,총포인트사용후금액,15,
kst,req_history,hdfs_upd_dttm,하둡변경일시,16,
kst,reward_history,stmp_rwd_hist_sno,일련번호,1,
kst,reward_history,rwd_cncl_dv_cd,보상취소구분코드,2,
kst,reward_history,stmp_plcy_id,스탬프정책ID,3,
kst,reward_history,mbr_id,회원ID,4,
kst,reward_history,asp_id,ASP_ID,5,
kst,reward_history,rwd_kd_cd,보상종류코드,6,
kst,reward_history,rwd_id,보상ID,7,
kst,reward_history,nr_no,NR번호,8,
kst,reward_history,rwd_no,보상번호,9,
kst,reward_history,rwd_st_cd,보상상태코드,10,
kst,reward_history,apv_dtl_dttm,승인상세일시,11,
kst,reward_history,org_tr_nr_no,원거래NR번호,12,
kst,reward_history,rwd_rtrv_st_cd,보상회수상태코드,13,
kst,reward_history,cncl_apv_dtl_dttm,취소승인상세일시,14,
kst,reward_history,data_cre_dttm,시스템생성일시,15,
kst,reward_history,data_upd_dttm,시스템수정일시,16,
kst,reward_history,hdfs_upd_dttm,하둡변경일시,17,
kst,stamp_card,stmp_crd_sno,스탬프카드ID,1,
kst,stamp_card,data_cre_dttm,시스템생성일시,2,
kst,stamp_card,data_upd_dttm,시스템수정일시,3,
kst,stamp_card,stmp_plcy_id,스탬프정책ID,4,
kst,stamp_card,mbr_id,회원ID,5,
kst,stamp_card,crnt_rv_pcnt,현재적립개수,6,
kst,stamp_card,rv_crd_cmpl_pcnt,적립카드완성개수,7,
kst,stamp_card,stmp_rv_type_cd,스탬프적립유형코드,8,
kst,stamp_card,exn_dt,만료일자,9,
kst,stamp_card,rv_crd_act_st_cd,적립카드활성상태코드,10,
kst,stamp_card,stmp_dtl_st_cd,스탬프상세상태코드,11,
kst,stamp_card,rwd_kd_cd,보상종류코드,12,
kst,stamp_card,rwd_id,보상ID,13,
kst,stamp_card,vl_prid_chg_psbl_yn,유효기간변경가능여부,14,
kst,stamp_card,rwd_no,보상번호,15,
kst,stamp_card,tot_tr_ccnt,총거래건수,16,
kst,stamp_card,crnt_acum_amt,실시간누적금액,17,
kst,stamp_card,rwd_prcr_cd,보상처리결과코드,18,
kst,stamp_card,hdfs_upd_dttm,하둡변경일시,19,
kst,stamp_history,seq,SEQ,1,
kst,stamp_history,stmp_rv_type_cd,스탬프적립유형코드,2,
kst,stamp_history,stmp_plcy_id,스탬프정책ID,3,
kst,stamp_history,mbr_id,회원ID,4,
kst,stamp_history,asp_id,ASP_ID,5,
kst,stamp_history,stlm_mc_id,가맹점ID,6,
kst,stamp_history,data_cre_dttm,시스템생성일시,7,
kst,stamp_history,data_upd_dttm,시스템수정일시,8,
kst,stamp_history,acqr_dv_cd,가맹점유형코드,9,
kst,stamp_history,rv_pcnt,적립개수,10,
kst,stamp_history,rv_bf_pcnt,적립전개수,11,
kst,stamp_history,rv_af_pcnt,적립후개수,12,
kst,stamp_history,apv_dtl_dttm,승인상세일시,13,
kst,stamp_history,nr_no,NR번호,14,
kst,stamp_history,tr_crd_par_no,스탬프적립원인카드PAR번호,15,
kst,stamp_history,rv_stlm_amt,적립결제금액,16,
kst,stamp_history,cncl_st_cd,취소상태코드,17,
kst,stamp_history,cncl_apv_dtl_dttm,취소승인상세일시,18,
kst,stamp_history,org_tr_nr_no,원거래NR번호,19,
kst,stamp_history,rwd_st_cd,보상상태코드,20,
kst,stamp_history,rwd_no,보상번호,21,
kst,stamp_history,rv_bf_tr_ccnt,적립전거래건수,22,
kst,stamp_history,rv_af_tr_ccnt,적립거래건수,23,
kst,stamp_history,rv_prcs_af_acum_rv_amt,적립처리후누적적립금액,24,
kst,stamp_history,stmp_rqs_type_cd,스탬프요청유형코드,25,
kst,stamp_history,rwd_prcr_cd,보상처리결과코드,26,
kst,stamp_history,hdfs_upd_dttm,하둡변경일시,27,
kst,stamp_policy,stmp_plcy_id,스탬프정책ID,1,
kst,stamp_policy,asp_id,ASP_ID,2,
kst,stamp_policy,rv_cri_type_cd,적립기준유형코드,3,
kst,stamp_policy,rv_cri_val,적립기준값,4,
kst,stamp_policy,exn_type_cd,만료유형코드,5,
kst,stamp_policy,exn_cri_val,만료기준값,6,
kst,stamp_policy,stmp_cmpl_pcnt,스탬프완성개수,7,
kst,stamp_policy,rwd_kd_cd,보상종류코드,8,
kst,stamp_policy,rwd_id,보상ID,9,
kst,stamp_policy,plcy_use_yn,정책사용여부,10,
kst,stamp_policy,data_cre_dttm,시스템생성일시,11,
kst,stamp_policy,data_upd_dttm,시스템수정일시,12,
kst,stamp_policy,exn_prea_nfct_prid_dcnt,만료예정알림주기,13,
kst,stamp_policy,cutm_rwd_yn,커스텀보상여부,14,
kst,stamp_policy,stmp_plcy_strt_dttm,스탬프정책시작일시,15,
kst,stamp_policy,bymc_rv_psbl_max_val,가맹점별적립가능최대값,16,
kst,stamp_policy,stmp_plcy_end_dttm,스탬프정책종료일시,17,
kst,stamp_policy,stmp_plcy_nm,스탬프정책명,18,
kst,stamp_policy,stmp_plcy_lwr_type_cd,스탬프정책하위유형코드,19,
kst,stamp_policy,mc_rv_lm_init_type_cd,가맹점적립제한초기화유형코드,20,
kst,stamp_policy,hdfs_upd_dttm,하둡변경일시,21,
kst,stamp_various,row_lckn_key1,행잠금키명,1,
kst,stamp_various,row_lckn_key2,KEY2,2,
kst,stamp_various,row_lckn_key3,KEY3,3,
kst,stamp_various,row_lckn_key4,KEY4,4,
kst,stamp_various,row_lckn_key5,KEY5,5,
kst,stamp_various,row_lckn_key_val1,VALUE1,6,
kst,stamp_various,row_lckn_key_val2,VALUE2,7,
kst,stamp_various,row_lckn_key_val3,VALUE3,8,
kst,stamp_various,row_lckn_key_val4,VALUE4,9,
kst,stamp_various,row_lckn_key_val5,VALUE5,10,
kst,stamp_various,sys_cre_dttm,시스템생성일시,11,
kst,stamp_various,sys_upd_dttm,시스템수정일시,12,
kst,stamp_various,hdfs_upd_dttm,하둡변경일시,13,
lgm,game_round,game_tmrd,게임회차,1,
lgm,game_round,game_plcy_no,게임정책번호,2,
lgm,game_round,game_strt_dttm,게임시작일시,3,
lgm,game_round,game_end_dttm,게임종료일시,4,
lgm,game_round,lot_dttm,추첨일시,5,
lgm,game_round,wnmny_tak_strt_dttm,당첨금수령시작일시,6,
lgm,game_round,wnmny_tak_end_dttm,당첨금수령종료일시,7,
lgm,game_round,game_tmrd_st_cd,게임회차상태코드,8,
lgm,game_round,game_tmrd_st_cd_nm,게임회차상태코드명,9,
lgm,game_round,bnus_use_yn,보너스사용여부,10,
lgm,game_round,tket_prc,티켓가격,11,
lgm,game_round,max_lot_no,최대추첨번호,12,
lgm,game_round,minm_lot_no,최소추첨번호,13,
lgm,game_round,sys_cre_dttm,시스템생성일시,14,
lgm,game_round,sys_upd_dttm,시스템수정일시,15,
lgm,game_round,verno,버전번호,16,
lgm,game_round,hdfs_upd_dttm,하둡변경일시,17,
lop,brand_history,bran_cd,BRAN_CD,1,
lop,brand_history,bran_nm,BRAN_NM,2,
lop,brand_history,bran_st_cd,CRNT_BRAN_ST_CD,3,
lop,brand_history,sys_cre_dttm,SYS_CRE_DTTM,4,
lop,brand_history,sys_upd_dttm,SYS_UPD_DTTM,5,
lop,brand_history,sys_cre_id,SYS_CRE_ID,6,
lop,brand_history,sys_upd_id,SYS_UPD_ID,7,
lop,brand_history,hdfs_upd_dttm,하둡변경일시,8,
lop,category,dlvr_shop_ctg_id,ID,1,
lop,category,dlvr_shop_ctg_nm,배달카테고리명,2,
lop,category,sys_cre_dttm,시스템생성일시,3,
lop,category,sys_upd_dttm,시스템수정일시,4,
lop,category,hdfs_upd_dttm,하둡변경일시,5,
lop,ext_recycle_info,ecf_dlvr_id,친환경ID,1,
lop,ext_recycle_info,sys_cre_dttm,시스템생성일시,2,
lop,ext_recycle_info,tid,TID,3,
lop,ext_recycle_info,sys_upd_dttm,시스템수정일시,4,
lop,ext_recycle_info,cre_dt,일자,5,
lop,ext_recycle_info,hdfs_upd_dttm,하둡변경일시,6,
lop,ext_recycle_order_info,dlvr_ordr_id,주문번호,1,
lop,ext_recycle_order_info,ordr_st_cd,주문상태코드,2,
lop,ext_recycle_order_info,sys_cre_dttm,시스템생성일시,3,
lop,ext_recycle_order_info,tid,TID,4,
lop,ext_recycle_order_info,sys_upd_dttm,시스템수정일시,5,
lop,ext_recycle_order_info,dt,일자,6,
lop,ext_recycle_order_info,odr_data_cn,주문자위치정보내용,7,
lop,ext_recycle_order_info,ifr_dlvr_ordr_id,친환경약식주문번호,8,
lop,ext_recycle_order_info,use_yn,사용여부,9,
lop,ext_recycle_order_info,ecf_dlvr_id,친환경ID,10,
lop,ext_recycle_order_info,hdfs_upd_dttm,하둡변경일시,11,
lop,made_in_memo,cnor_key_cd,원산지메모유형코드,1,
lop,made_in_memo,cnor_key,메모유형키값,2,
lop,made_in_memo,cnor_cn,원산지내용,3,
lop,made_in_memo,sys_cre_dttm,시스템생성일시,4,
lop,made_in_memo,sys_upd_dttm,시스템수정일시,5,
lop,made_in_memo,hdfs_upd_dttm,하둡변경일시,6,
lop,memo_policy,rqs_plcy_id,ID,1,
lop,memo_policy,asp_id,ASP_ID,2,
lop,memo_policy,img_url,이미지URL주소,3,
lop,memo_policy,rqs_trgt_cd,메모전달대상내용,4,
lop,memo_policy,rqs_type_cd,메모유형코드,5,
lop,memo_policy,rqs_cn,요청사항메시지내용,6,
lop,memo_policy,rqs_dtl_cn,요청사항상세문구내용,7,
lop,memo_policy,wrkr_nm,작업자명,8,
lop,memo_policy,prity,우선순위,9,
lop,memo_policy,rqs_nchc_prt_cn,요청사항미선택출력문구내용,10,
lop,memo_policy,rqs_chce_prt_cn,요청사항선택출력문구내용,11,
lop,memo_policy,exps_yn,노출여부,12,
lop,memo_policy,sys_cre_dttm,시스템생성일시,13,
lop,memo_policy,sys_upd_dttm,시스템수정일시,14,
lop,memo_policy,hdfs_upd_dttm,하둡변경일시,15,
lop,memo_stat,ympk,생성년월,1,
lop,memo_stat,rqs_plcy_id,메모ID,2,
lop,memo_stat,dlvr_ordr_id,주문번호,3,
lop,memo_stat,mbr_id,회원ID,4,
lop,memo_stat,sys_cre_dttm,시스템생성일시,5,
lop,memo_stat,sys_upd_dttm,시스템수정일시,6,
lop,memo_stat,chce_yn,선택유무,7,
lop,memo_stat,cncl_yn,취소유무,8,
lop,memo_stat,ym,년월,9,
lop,memo_stat,dt,일자,10,
lop,memo_stat,memo_strt_dttm,메모시작일시,11,
lop,memo_stat,hdfs_upd_dttm,하둡변경일시,12,
lop,menu_history,pt_ym,생성년월PK용,1,
lop,menu_history,dlvr_menu_hist_id,배달메뉴이력ID,2,
lop,menu_history,menu_qty,메뉴수량,3,
lop,menu_history,menu_grp_nm,메뉴그룹명,4,
lop,menu_history,dlvr_menu_id,메뉴ID,5,
lop,menu_history,menu_nm,메뉴명,6,
lop,menu_history,menu_verno,메뉴버전번호,7,
lop,menu_history,dlvr_ordr_id,주문번호,8,
lop,menu_history,sys_cre_dttm,시스템생성일시,9,
lop,menu_history,sys_upd_dttm,시스템수정일시,10,
lop,menu_history,wo_amt,전체금액,11,
lop,menu_history,menu_amt,메뉴금액,12,
lop,menu_history,ecf_ctn_use_yn,친환경용기사용여부,13,
lop,menu_history,hdfs_upd_dttm,하둡변경일시,14,
lop,menu_history_option,pt_ordr_ym,주문년월(파티션),1,
lop,menu_history_option,dlvr_add_loa_hist_id,배달메뉴이력옵션ID,2,
lop,menu_history_option,dlvr_add_loa_id,배달메뉴옵션ID,3,
lop,menu_history_option,add_loa_nm,옵션명,4,
lop,menu_history_option,dlvr_menu_hist_id,배달메뉴이력ID,5,
lop,menu_history_option,add_loa_type_cd,옵션유형,6,
lop,menu_history_option,exps_prity,우선순위,7,
lop,menu_history_option,ordr_dttm,주문일시,8,
lop,menu_history_option,hdfs_upd_dttm,하둡변경일시,9,
lop,menu_history_option_item,dlvr_add_loa_hist_id,배달메뉴이력옵션ID,1,
lop,menu_history_option_item,add_loa_pcnt,옵션수량,2,
lop,menu_history_option_item,dlvr_add_menu_id,배달메뉴옵션항목ID,3,
lop,menu_history_option_item,add_loa_nm,옵션명,4,
lop,menu_history_option_item,sngl_prc,단일가격,5,
lop,menu_history_option_item,add_loa_type_cd,옵션유형,6,
lop,menu_history_option_item,exps_prity,우선순위,7,
lop,menu_history_option_item,ordr_dttm,주문일시,8,
lop,menu_history_option_item,hdfs_upd_dttm,하둡변경일시,9,
lop,menu_history_option_item,pt_ordr_dt,,10,
lop,menu_history_sub_item,dlvr_menu_hist_id,배달메뉴이력ID,1,
lop,menu_history_sub_item,qty,수량,2,
lop,menu_history_sub_item,dlvr_menu_opt_id,하위메뉴ID,3,
lop,menu_history_sub_item,menu_opt_nm,하위메뉴명,4,
lop,menu_history_sub_item,menu_prc,가격,5,
lop,menu_history_sub_item,exps_prity,우선순위,6,
lop,menu_history_sub_item,ordr_dttm,주문일시,7,
lop,menu_history_sub_item,hdfs_upd_dttm,하둡변경일시,8,
lop,menu_history_sub_item,pt_ordr_dt,,9,
lop,order_history,dlvr_ordr_hist_sno,배달주문이력일련번호,1,
lop,order_history,pt_upd_dt,,2,
lop,order_history,dlvr_ordr_id,배달주문ID,3,
lop,order_history,dlvr_agny_nm,배달대행사명,4,
lop,order_history,bsc_dvtp,기본배달팁,5,
lop,order_history,dlvr_dstnc_mtr_cnt,배달거리미터수,6,
lop,order_history,extc_dvtp,할증배달팁,7,
lop,order_history,pkp_et_tm,픽업예상시간,8,
lop,order_history,pkp_rqs_tm,픽업요청시간,9,
lop,order_history,dlvr_st_cd,배달상태코드,10,
lop,order_history,tot_dvtp,총배달팁,11,
lop,order_history,dlvr_st_chg_dttm,배달상태변경일시,12,
lop,order_history,dlvr_st_upd_dt,배달상태수정일자,13,
lop,order_history,dlvr_et_tm,배달예상시간,14,
lop,order_history,ordr_st_cd,주문상태코드,15,
lop,order_history,dtl_ordr_st_cd,상세주문상태코드,16,
lop,order_history,sys_upd_dttm,시스템수정일시,17,
lop,order_history,dlvr_type_cd,배달유형코드,18,
lop,order_history,tid,TID,19,
lop,order_history,sevr_nm,서버명,20,
lop,order_history,ifr_ordr_no,약식주문번호,21,
lop,order_history,hdfs_upd_dttm,하둡변경일시,22,
lop,order_info,dlvr_ordr_id,주문번호,1,
lop,order_info,ordr_ym,주문년월,2,
lop,order_info,ordr_dt,주문일자,3,
lop,order_info,cncl_rsn_cn,CANCEL_MEMO,4,
lop,order_info,ordr_ned_et_tm,EST_TIME,5,
lop,order_info,ordr_memo_cn,주문메모내용,6,
lop,order_info,dmc_id,배달직가맹점ID,7,
lop,order_info,ordr_dttm,주문일시,8,
lop,order_info,dlvr_shop_id,배달매장ID,9,
lop,order_info,shop_nm,PLACE_NAME,10,
lop,order_info,menu_nm,PRINT_NAME,11,
lop,order_info,ordr_st_cd,주문상태코드,12,
lop,order_info,ordr_st_sub_cd,주문상태세부코드,13,
lop,order_info,sys_upd_dttm,시스템수정일시,14,
lop,order_info,odr_sno,주문자ID,15,
lop,order_info,last_nr_no,최종NR번호,16,
lop,order_info,ordr_amt,TOTAL_AMOUNT,17,
lop,order_info,dlvr_st_cd,배달상태코드,18,
lop,order_info,mbr_id,회원ID,19,
lop,order_info,pkp_rqs_tm,DELIVERY_PICKUP_REQUESTED_AT,20,
lop,order_info,pkp_et_tm,DELIVERY_PICKUP_EXPECTED_AT,21,
lop,order_info,dlvr_dstnc,DELIVERY_DISTANCE,22,
lop,order_info,tot_dvtp,DELIVERY_TOTAL_FEE,23,
lop,order_info,bsc_dvtp,DELIVERY_BASE_FEE,24,
lop,order_info,extc_dvtp,DELIVERY_EXTRA_FEE,25,
lop,order_info,dlvr_chg_dttm,DELIVERY_UPDATED,26,
lop,order_info,ordr_cncl_dv_cd,주문취소구분코드,27,
lop,order_info,ordr_cncl_rsn_cd,주문취소사유코드,28,
lop,order_info,dlve_enp_cd,배달대행업체코드,29,
lop,order_info,delivery_cancel_try_count,DELIVERY_CANCEL_TRY_COUNT,30,
lop,order_info,dlvr_cncl_dv_cd,배달취소구분코드,31,
lop,order_info,dlvr_cncl_rsn_cd,배달취소사유코드,32,
lop,order_info,dlvr_chg_dt,배달변경일자,33,
lop,order_info,org_tr_nr_no,원거래NR번호,34,
lop,order_info,fst_apv_dttm,최초승인일시,35,
lop,order_info,fst_apv_dt,최초승인일자,36,
lop,order_info,dlvr_cncl_memo_cn,DELIVERY_CANCEL_MEMO,37,
lop,order_info,mgs_userd,MGS_USERD,38,
lop,order_info,ka_id,KA_ID,39,
lop,order_info,dlvr_type_cd,배달유형코드,40,
lop,order_info,dlvr_rqs_dttm,DELIVERY_REGISTERED_AT,41,
lop,order_info,rd_asg_dttm,DELIVERY_ALLOCATED_AT,42,
lop,order_info,rd_asg_chg_dttm,DELIVERY_ALLOCATION_CHANGED_AT,43,
lop,order_info,pkp_dttm,DELIVERY_PICKUP_FINISHED_AT,44,
lop,order_info,dlvr_cplt_dttm,DELIVERY_DROP_FINISHED_AT,45,
lop,order_info,cncl_dlvr_dttm,DELIVERY_CANCELED_AT,46,
lop,order_info,auto_cncl_et_dttm,EXPECTED_AUTO_CANCEL_AT,47,
lop,order_info,dlvr_cplt_yn,DELIVERY_DONE,48,
lop,order_info,dlvr_cplt_et_dttm,EXPECTED_ESTIMATED_AT,49,
lop,order_info,al_dlvr_agny_ordr_no,외부배달대행사주문번호,50,
lop,order_info,ordr_type_cd,주문유형코드,51,
lop,order_info,ordr_wat_no,주문대기번호,52,
lop,order_info,ordr_incmn_ctg_id,주문유입카테고리ID,53,
lop,order_info,asp_id,ASP_ID,54,
lop,order_info,revw_st_cd,리뷰상태코드,55,
lop,order_info,ifr_ordr_no,약식주문번호,56,
lop,order_info,rd_rqs_cn,라이더요청내용,57,
lop,order_info,ecf_ctn_use_yn,친환경용기사용유무,58,
lop,order_info,als_ordr_id,ALIAS_ID,59,
lop,order_info,dlvr_agny_dlvy_st_val,AGENCY_ORDER_LAST_STATUS,60,
lop,order_info,hdfs_upd_dttm,하둡변경일시,61,
lop,orderer,odr_sno,,1,
lop,orderer,bsc_addr,,2,
lop,orderer,dtl_addr,,3,
lop,orderer,last_use_crd_par_no,,4,
lop,orderer,mbr_id,,5,
lop,orderer,odr_psno,,6,
lop,orderer,latd,,7,
lop,orderer,lotd,,8,
lop,orderer,lgld_nm,,9,
lop,orderer,admd_nm,,10,
lop,orderer,zon_lgld_cd,,11,
lop,orderer,zon_admd_cd,,12,
lop,orderer,old_addr,,13,
lop,orderer,old_addr_detail,,14,
lop,orderer,incmn_ka_id,,15,
lop,orderer,old,,16,
lop,orderer,sys_upd_dttm,,17,
lop,orderer,hdfs_upd_dttm,하둡변경일시,18,
lop,payment,nr_no,NR번호,1,
lop,payment,stlm_dtl_dttm,결제상세일시,2,
lop,payment,asp_id,ASP_ID,3,
lop,payment,tr_cre_gm_cn,거래생성전문내용,4,
lop,payment,mc_id,가맹점ID,5,
lop,payment,dlvr_ordr_id,배달주문ID,6,
lop,payment,org_tr_amt,원거래금액,7,
lop,payment,pcs_cd,프로세싱코드,8,
lop,payment,dlvr_ordr_stlm_rsn_cd,배달주문결제사유코드,9,
lop,payment,tot_dvtp,총배달팁,10,
lop,payment,enc_tokn_no,암호화TOKEN번호,11,
lop,payment,tr_amt,거래금액,12,
lop,payment,mbr_id,회원ID,13,
lop,payment,tid,TID,14,
lop,payment,tot_dc_amt,총할인금액,15,
lop,payment,amt_sct_dvtp,금액구간배달팁,16,
lop,payment,pdon_extc_dvtp,동할증배달팁,17,
lop,payment,ordr_apvl_tr_type_cd,주문결재거래유형코드,18,
lop,payment,apv_no,승인번호,19,
lop,payment,pur_menu_amt,순수메뉴금액,20,
lop,payment,dlvr_shop_id,배달매장ID,21,
lop,payment,dlvr_mc_nm,배달가맹점명,22,
lop,payment,cri_dt,기준일자,23,
lop,payment,pkp_dc_amt,픽업할인금액,24,
lop,payment,user_pnt_use_amt,사용자포인트사용금액,25,
lop,payment,tm_extc_dvtp,시간할증배달팁,26,
lop,payment,env_gur_amt,환경보증금액,27,
lop,payment,hdfs_upd_dttm,하둡변경일시,28,
lop,payment,pt_stlm_dtl_yr,,29,
lop,place,dlvr_shop_id,ID,1,
lop,place,sys_cre_dttm,시스템생성일시,2,
lop,place,sys_upd_dttm,시스템수정일시,3,
lop,place,bsc_addr,기본주소,4,
lop,place,asp_id,ASP_ID,5,
lop,place,bzno,사업자등록번호,6,
lop,place,bztp_nm,업종명,7,
lop,place,dlvr_exhb_ctg_cd,배달전시카테고리코드,8,
lop,place,dlvr_zon_gud_cn,배달지역안내내용,9,
lop,place,df_dd_memo_cn,휴무일메모내용,10,
lop,place,ka_id,KA_ID,11,
lop,place,dmc_id,직가맹점ID,12,
lop,place,dlvr_ordr_mamt,MIN_AMOUNT,13,
lop,place,mc_nm,성명,14,
lop,place,sls_yn,영업유무,15,
lop,place,ordr_psbl_tm_gud_phr_cn,주문가능시간안내문구내용,16,
lop,place,mc_snf_intr_cn,가맹점한줄소개내용,17,
lop,place,tip_amount,TIP_AMOUNT,18,
lop,place,psno,우편번호,19,
lop,place,dlvr_agny_nm,배달대행사명,20,
lop,place,sls_temp_stop_yn,영업일시정지유무,21,
lop,place,cnor_cn,원산지내용,22,
lop,place,shop_opbr_dttm,매장개점일시,23,
lop,place,mbr_id,회원ID,24,
lop,place,monthly_fee_skip_count,MONTHLY_FEE_SKIP_COUNT,25,
lop,place,rmn_alrm_cyc,리마인드알람주기,26,
lop,place,ordr_psbl_dmt_amt,주문가능직경금액,27,
lop,place,rmn_alrm_sond_file_lnth,리마인드알람소리파일길이,28,
lop,place,shop_ort_sc,SINCERITY,29,
lop,place,bwk_ordr_pcnt,이전주주문개수,30,
lop,place,shop_sls_st_cd,매장영업상태코드,31,
lop,place,temp_df_strt_dttm,임시휴무시작일시,32,
lop,place,temp_df_end_dttm,임시휴무종료일시,33,
lop,place,auto_ordr_dlvy_yn,AUTO_DELIVERY_MODE,34,
lop,place,temp_stp_strt_dttm,일시중지시작일시,35,
lop,place,temp_stp_dsbl_dttm,일시중지해제일시,36,
lop,place,pdon_dv_cd,TIP_EXTRA_DONG_TYPE,37,
lop,place,category,CATEGORY,38,
lop,place,dlvr_shop_type_cd,배달매장유형코드,39,
lop,place,pkp_dc_val,픽업할인값,40,
lop,place,pkp_dc_famt_frte_dv_cd,픽업할인정액정률구분코드,41,
lop,place,shop_pkp_st_cd,매장픽업상태코드,42,
lop,place,dlvr_st_cd,배달상태코드,43,
lop,place,pkp_dc_amt,픽업할인금액,44,
lop,place,pkp_minm_ordr_amt,PICKUP_MIN_AMOUNT,45,
lop,place,pkp_dc_minm_ordr_amt,픽업최소주문금액,46,
lop,place,min_tip_grade_amount,MIN_TIP_GRADE_AMOUNT,47,
lop,place,revw_cnt,리뷰수,48,
lop,place,revw_sc,리뷰점수,49,
lop,place,grd_lvl,등급레벨,50,
lop,place,exps_yn,노출여부,51,
lop,place,dtl_shop_sls_st_cd,상ㅅ매장영업상태코드,52,
lop,place,dlvr_shop_bran_cd,배달매장브랜드코드,53,
lop,place,is_dummy,IS_DUMMY,54,
lop,place,hdfs_upd_dttm,하둡변경일시,55,
lop,place_category_list,dlvr_shop_id,배달매장ID,1,
lop,place_category_list,dlvr_shop_ctg_id,배달매장카테고리ID,2,
lop,place_category_list,ctg_type_cd,카테고리유형코드,3,
lop,place_category_list,sys_cre_dttm,시스템생성일시,4,
lop,place_category_list,sys_upd_dttm,시스템수정일시,5,
lop,place_category_list,ctg_nm,카테고리명,6,
lop,place_category_list,hdfs_upd_dttm,하둡변경일시,7,
lop,place_convenience_list,dlvr_shop_id,배달매장ID,1,
lop,place_convenience_list,cvfc_list_nm,편의시설목록내용,2,
lop,place_convenience_list,hdfs_upd_dttm,하둡변경일시,3,
lop,place_history,cri_dt,기준년월,1,
lop,place_history,dlvr_shop_id,배달매장ID,2,
lop,place_history,type,TYPE,3,
lop,place_history,value,VALUE,4,
lop,place_history,memo,MEMO,5,
lop,place_history,sys_upd_dttm,시스템수정일시,6,
lop,place_history,tid,TID,7,
lop,place_history,sys_upd_nm,시스템수정자명,8,
lop,place_history,hdfs_upd_dttm,하둡변경일시,9,
lop,place_history,pt_upd_dt,,10,
lop,place_holiday_list,dlvr_shop_id,배달매장ID,1,
lop,place_holiday_list,df_day_list_nm,휴무요일목록내용,2,
lop,place_holiday_list,hldy_eic_type_cd,휴일주간유형코드,3,
lop,place_holiday_list,df_dd_type_cd,휴무일유형코드,4,
lop,place_holiday_list,hdfs_upd_dttm,하둡변경일시,5,
lop,place_intro_list,dlvr_shop_id,배달매장ID,1,
lop,place_intro_list,intr_cn,소개내용,2,
lop,place_intro_list,intr_tit,소개제목명,3,
lop,place_intro_list,hdfs_upd_dttm,하둡변경일시,4,
lop,place_rank_policy,asp_id,ASP_ID,1,
lop,place_rank_policy,grd_est_revw_tmcnt,등급산정리뷰횟수,2,
lop,place_rank_policy,sys_cre_dttm,시스템생성일시,3,
lop,place_rank_policy,sys_upd_dttm,시스템수정일시,4,
lop,place_rank_policy,hdfs_upd_dttm,하둡변경일시,5,
lop,place_rank_policy_class,dlvr_shop_grd_plcy_dtl_id,ID,1,
lop,place_rank_policy_class,asp_id,ASP_ID,2,
lop,place_rank_policy_class,grd_lvl,등급레벨,3,
lop,place_rank_policy_class,img_url,이미지URL주소,4,
lop,place_rank_policy_class,grd_nm,성명,5,
lop,place_rank_policy_class,dtl_img_url,상세이미지URL주소,6,
lop,place_rank_policy_class,grd_cptr,등급산정률,7,
lop,place_rank_policy_class,sys_cre_dttm,시스템생성일시,8,
lop,place_rank_policy_class,sys_upd_dttm,시스템수정일시,9,
lop,place_rank_policy_class,hdfs_upd_dttm,하둡변경일시,10,
lop,place_refresh_hhmm,dlvr_shop_id,배달매장ID,1,
lop,place_refresh_hhmm,dlvr_shop_sls_type_cd,배달매장영업유형코드,2,
lop,place_refresh_hhmm,dlvr_shop_ort_tm_hm,배달매장운영시간시분,3,
lop,place_refresh_hhmm,hdfs_upd_dttm,하둡변경일시,4,
lop,place_review_policy,asp_id,ASP_ID,1,
lop,place_review_policy,shop_revw_type_cd,매장리뷰유형코드,2,
lop,place_review_policy,full_nm,성명,3,
lop,place_review_policy,pstv_kwd_cn,긍정키워드내용,4,
lop,place_review_policy,wrng_kwd_cn,부정키워드내용,5,
lop,place_review_policy,img_url,이미지URL주소,6,
lop,place_review_policy,prity,우선순위,7,
lop,place_review_policy,use_yn,사용여부,8,
lop,place_review_policy,sys_cre_dttm,시스템생성일시,9,
lop,place_review_policy,sys_upd_dttm,시스템수정일시,10,
lop,place_review_policy,hdfs_upd_dttm,하둡변경일시,11,
lop,place_setting_status,dlvr_shop_id,배달매장ID,1,
lop,place_setting_status,dlvr_psbl_yn,배달가능여부,2,
lop,place_setting_status,pkp_psbl_yn,픽업가능여부,3,
lop,place_setting_status,hdfs_upd_dttm,하둡변경일시,4,
lop,place_tag_list,dlvr_shop_id,배달매장ID,1,
lop,place_tag_list,hsh_tg_lst_cn,해시태그리스트내용,2,
lop,place_tag_list,hdfs_upd_dttm,하둡변경일시,3,
lop,place_time_data_list,dlvr_shop_id,배달매장ID,1,
lop,place_time_data_list,memo_cn,메모내용,2,
lop,place_time_data_list,shop_ort_st_cd,매장운영상태코드,3,
lop,place_time_data_list,strt_dttm,시작일시,4,
lop,place_time_data_list,end_dttm,종료일시,5,
lop,place_time_data_list,dt_type_cd,일자유형코드,6,
lop,place_time_data_list,hdfs_upd_dttm,하둡변경일시,7,
lop,place_tip_extra_dong,id,ID,1,
lop,place_tip_extra_dong,sys_cre_dttm,시스템생성일시,2,
lop,place_tip_extra_dong,sys_upd_dttm,시스템수정일시,3,
lop,place_tip_extra_dong,ka_id,KA_ID,4,
lop,place_tip_extra_dong,full_nm,성명,5,
lop,place_tip_extra_dong,dvtp_amt,배달팁금액,6,
lop,place_tip_extra_dong,dlvr_shop_id,배달매장ID,7,
lop,place_tip_extra_dong,zon_pdon_dv_cd,지역동구분코드,8,
lop,place_tip_extra_dong,dlvr_shop_zon_type_cd,배달매장지역유형코드,9,
lop,place_tip_extra_dong,hdfs_upd_dttm,하둡변경일시,10,
lop,place_tip_extra_hour,id,ID,1,
lop,place_tip_extra_hour,day_cd,요일코드,2,
lop,place_tip_extra_hour,dttm_extc_strt_dttm,일시할증시작일시,3,
lop,place_tip_extra_hour,dttm_extc_end_dttm,일시할증종료일시,4,
lop,place_tip_extra_hour,extc_mc_id,할증가맹점ID,5,
lop,place_tip_extra_hour,tm_extc_prc,시간할증가격,6,
lop,place_tip_extra_hour,created,CREATED,7,
lop,place_tip_extra_hour,updated,UPDATED,8,
lop,place_tip_extra_hour,hdfs_upd_dttm,하둡변경일시,9,
lop,place_tip_grade,id,ID,1,
lop,place_tip_grade,sys_cre_dttm,시스템생성일시,2,
lop,place_tip_grade,sys_upd_dttm,시스템수정일시,3,
lop,place_tip_grade,base_amount,BASE_AMOUNT,4,
lop,place_tip_grade,dvtp_amt,배달팁금액,5,
lop,place_tip_grade,dlvr_shop_id,배달매장ID,6,
lop,place_tip_grade,hdfs_upd_dttm,하둡변경일시,7,
lop,review_history,dlvr_ordr_id,주문번호,1,
lop,review_history,sys_upd_dttm,시스템수정일시,2,
lop,review_history,sys_cre_dttm,시스템생성일시,3,
lop,review_history,tste_pstv_wrng_vltn_val,맛긍정부정평가값,4,
lop,review_history,qnt_pstv_wrng_vltn_val,양긍정부정평가값,5,
lop,review_history,hygn_pstv_wrng_vltn_val,위생긍정부정평가값,6,
lop,review_history,prc_pstv_wrng_vltn_val,가격긍정부정평가값,7,
lop,review_history,knd_pstv_wrng_vltn_val,친절긍정부정평가값,8,
lop,review_history,dlvr_speed_pstv_wrng_vltn_val,배달속도긍정부정평가값,9,
lop,review_history,hdfs_upd_dttm,하둡변경일시,10,
lop,statistics_user,mbr_id,회원ID,1,
lop,statistics_user,asp_id,ASP_ID,2,
lop,statistics_user,cyc_dt,주기일자,3,
lop,statistics_user,acum_dc_amt,누적할인금액,4,
lop,statistics_user,last_dc_acum_amt,최종할인누적금액,5,
lop,statistics_user,grd_for_acmp_ccnt,등급용달성건수,6,
lop,statistics_user,grd_lvl,등급레벨,7,
lop,statistics_user,grd_nm,등급명,8,
lop,statistics_user,hdfs_upd_dttm,하둡변경일시,9,
lop,statistics_user,pt_cyc_yr,,10,
lop,user_favorite_folder,user_pref_shop_grp_id,사용자선호매장그룹ID,1,
lop,user_favorite_folder,sys_cre_dttm,시스템생성일시,2,
lop,user_favorite_folder,tid,TID,3,
lop,user_favorite_folder,sys_upd_dttm,시스템수정일시,4,
lop,user_favorite_folder,upd_dt,수정일자,5,
lop,user_favorite_folder,mbr_id,회원ID,6,
lop,user_favorite_folder,incmn_ka_id,인입KA_ID,7,
lop,user_favorite_folder,user_pref_shop_grp_nm,사용자선호매장그룹명,8,
lop,user_favorite_folder,exps_prity,노출우선순위,9,
lop,user_favorite_folder,hdfs_upd_dttm,하둡변경일시,10,
lop,user_favorite_folder,pt_cre_dt,,11,
lop,user_favorite_place,dlvr_shop_id,배달매장ID,1,
lop,user_favorite_place,mbr_id,회원ID,2,
lop,user_favorite_place,incmn_ka_id,인입KA_ID,3,
lop,user_favorite_place,sys_cre_dttm,시스템생성일시,4,
lop,user_favorite_place,tid,TID,5,
lop,user_favorite_place,sys_upd_dttm,시스템수정일시,6,
lop,user_favorite_place,upd_dt,수정일자,7,
lop,user_favorite_place,user_pref_shop_grp_id,사용자선호매장그룹ID,8,
lop,user_favorite_place,hdfs_upd_dttm,하둡변경일시,9,
lop,user_info,mbr_id,회원ID,1,
lop,user_info,ka_id,KA_ID,2,
lop,user_info,fst_dlvr_ordr_id,첫번째주문번호,3,
lop,user_info,fst_ordr_dttm,첫번째주문일시,4,
lop,user_info,ordr_ccnt,주문횟수,5,
lop,user_info,asp_id,ASP_ID,6,
lop,user_info,hdfs_upd_dttm,하둡변경일시,7,
lop,user_info,pt_frst_ordr_ym,,8,
lop,user_rank,mbr_id,회원ID,1,
lop,user_rank,asp_id,ASP_ID,2,
lop,user_rank,grd_lvl,등급레벨,3,
lop,user_rank,hdfs_upd_dttm,하둡변경일시,4,
lop,user_rank_policy,asp_id,ASP_ID,1,
lop,user_rank_policy,grd_est_acct_minm_dlvr_amt,등급산정인정최소배달금액,2,
lop,user_rank_policy,sys_cre_dttm,시스템생성일시,3,
lop,user_rank_policy,sys_upd_dttm,시스템수정일시,4,
lop,user_rank_policy,hdfs_upd_dttm,하둡변경일시,5,
lop,user_rank_policy_class,id,ID,1,
lop,user_rank_policy_class,asp_id,ASP_ID,2,
lop,user_rank_policy_class,grd_lvl,등급레벨,3,
lop,user_rank_policy_class,mbr_grd_plcy_dtl_nm,성명,4,
lop,user_rank_policy_class,img_url,이미지URL주소,5,
lop,user_rank_policy_class,img_dtl_url,이미지상세URL주소,6,
lop,user_rank_policy_class,grd_arrv_psbl_ordr_tmcnt,등급도달가능주문횟수,7,
lop,user_rank_policy_class,cpnb_id,쿠폰북ID,8,
lop,user_rank_policy_class,sys_cre_dttm,시스템생성일시,9,
lop,user_rank_policy_class,sys_upd_dttm,시스템수정일시,10,
lop,user_rank_policy_class,max_dc_amt,최대할인금액,11,
lop,user_rank_policy_class,hdfs_upd_dttm,하둡변경일시,12,
lss,lss_bymbr_luck,mbr_id,회원ID,1,
lss,lss_bymbr_luck,asp_id,ASP_ID,2,
lss,lss_bymbr_luck,bymbr_luck_res_pcnt,회원별럭키권잔여개수,3,
lss,lss_bymbr_luck,luck_tr_dtls_sno,럭키권거래내역일련번호,4,
lss,lss_bymbr_luck,sys_cre_dttm,시스템생성일시,5,
lss,lss_bymbr_luck,sys_upd_dttm,시스템수정일시,6,
lss,lss_bymbr_luck,hdfs_upd_dttm,하둡변경일시,7,
lss,lss_lott_plcy,luck_use_plcy_id,럭키권사용정책ID,1,
lss,lss_lott_plcy,game_plcy_no,게임정책번호,2,
lss,lss_lott_plcy,slr_id,판매상ID,3,
lss,lss_lott_plcy,lwr_luck_use_plcy_exhb_nm,하위럭키권사용정책전시명,4,
lss,lss_lott_plcy,lwr_luck_use_plcy_dscr,하위럭키권사용정책설명,5,
lss,lss_lott_plcy,lott_plcy_luck_buy_cnt,로또정책럭키권구매수,6,
lss,lss_lott_plcy,sys_cre_dttm,시스템생성일시,7,
lss,lss_lott_plcy,sys_upd_dttm,시스템수정일시,8,
lss,lss_lott_plcy,hdfs_upd_dttm,하둡변경일시,9,
lss,lss_luck_cash_pbl_dtls,luck_cash_tr_dtls_sno,럭키권캐시거래내역일련번호,1,
lss,lss_luck_cash_pbl_dtls,luck_use_plcy_id,럭키권사용정책ID,2,
lss,lss_luck_cash_pbl_dtls,pmon_luck_cash_dsb_rank,월별럭키권캐시지급순위,3,
lss,lss_luck_cash_pbl_dtls,luck_cash_plcy_buy_cnt,럭키권캐시정책구매수,4,
lss,lss_luck_cash_pbl_dtls,trgt_cash_id,대상캐시ID,5,
lss,lss_luck_cash_pbl_dtls,par_no,PAR번호,6,
lss,lss_luck_cash_pbl_dtls,sys_cre_dttm,시스템생성일시,7,
lss,lss_luck_cash_pbl_dtls,sys_cre_id,시스템생성자ID,8,
lss,lss_luck_cash_pbl_dtls,sys_upd_dttm,시스템수정일시,9,
lss,lss_luck_cash_pbl_dtls,sys_upd_id,시스템수정자ID,10,
lss,lss_luck_cash_pbl_dtls,mbr_id,회원ID,11,
lss,lss_luck_cash_pbl_dtls,user_cash_rv_amt,사용자캐시적립금액,12,
lss,lss_luck_cash_pbl_dtls,hdfs_upd_dttm,하둡변경일시,13,
lss,lss_luck_cash_pbl_dtls,pt_cre_dt,,14,
lss,lss_luck_mfct_win,luck_mfct_copn_no,럭키권제품응모권번호,1,
lss,lss_luck_mfct_win,luck_use_plcy_id,럭키권사용정책ID,2,
lss,lss_luck_mfct_win,luck_mfct_win_ym,럭키권제품당첨년월,3,
lss,lss_luck_mfct_win,mbr_id,회원ID,4,
lss,lss_luck_mfct_win,mbr_nm,회원명,5,
lss,lss_luck_mfct_win,luck_mfct_win_rank,럭키권제품당첨등수,6,
lss,lss_luck_mfct_win,sys_upd_id,시스템수정자ID,7,
lss,lss_luck_mfct_win,sys_upd_dttm,시스템수정일시,8,
lss,lss_luck_mfct_win,sys_cre_id,시스템생성자ID,9,
lss,lss_luck_mfct_win,sys_cre_dttm,시스템생성일시,10,
lss,lss_luck_mfct_win,hdfs_upd_dttm,하둡변경일시,11,
lss,lss_luck_mfct_win,pt_cre_dt,,12,
lss,lss_luck_tr_dtls,luck_tr_dtls_sno,럭키권거래내역일련번호,1,
lss,lss_luck_tr_dtls,asp_id,ASP_ID,2,
lss,lss_luck_tr_dtls,mbr_id,회원ID,3,
lss,lss_luck_tr_dtls,rwd_id,보상ID,4,
lss,lss_luck_tr_dtls,rwd_kd_cd,보상종류코드,5,
lss,lss_luck_tr_dtls,luck_tr_dv_cd,럭키권거래구분코드,6,
lss,lss_luck_tr_dtls,luck_tr_dv_cn,럭키권거래구분내용,7,
lss,lss_luck_tr_dtls,svc_id,서비스ID,8,
lss,lss_luck_tr_dtls,tr_dv_cd,거래구분코드,9,
lss,lss_luck_tr_dtls,org_tr_amt,원거래금액,10,
lss,lss_luck_tr_dtls,cnd_amt,조건금액,11,
lss,lss_luck_tr_dtls,luck_tr_cnt,럭키권거래수,12,
lss,lss_luck_tr_dtls,bytr_luck_res_pcnt,거래별럭키권잔여개수,13,
lss,lss_luck_tr_dtls,luck_exn_ym,럭키권만료년월,14,
lss,lss_luck_tr_dtls,sys_cre_dttm,시스템생성일시,15,
lss,lss_luck_tr_dtls,sys_cre_id,시스템생성자,16,
lss,lss_luck_tr_dtls,sys_upd_dttm,시스템수정일시,17,
lss,lss_luck_tr_dtls,sys_upd_id,시스템수정자,18,
lss,lss_luck_tr_dtls,hdfs_upd_dttm,하둡변경일시,19,
mapk,device,mb_dvc_sno,ID,1,
mapk,device,mb_dvc_natv_id,월렛장치ID,2,
mapk,device,os_nm,OS명,3,
mapk,device,os_ver_nm,OS버전명,4,
mapk,device,mfcm_cd,제조회사코드,5,
mapk,device,os_frwl_establ_cn,OS방화벽수립내용,6,
mapk,device,mfct_nm,제품명,7,
mapk,device,mdl_nm,모델명,8,
mapk,device,imei_no,IMEI,9,
mapk,device,mac_addr,MAC주소,10,
mapk,device,nfc_supt_yn,NFC지원여부,11,
mapk,device,upd_verno,수정버전번호,12,
mapk,device,mb_dvc_fgpt_cn,단말기지문내용,13,
mapk,device,pro_nm,프로세스명,14,
mapk,device,prss_speed_val,프로세서속도값,15,
mapk,device,pro_id,프로세스ID,16,
mapk,device,mb_dvc_st_cd,장치상태코드,17,
mapk,device,sys_cre_dttm,시스템생성일시,18,
mapk,device,sys_upd_dttm,시스템수정일시,19,
mapk,device,wllt_id,월렛ID,20,
mapk,device,hdfs_upd_dttm,하둡변경일시,21,
mapk,device,pt_cre_d,,22,
mapk,dormancy_history,drm_mbr_hist_id,휴면회원이력ID,1,
mapk,dormancy_history,mbr_id,회원ID,2,
mapk,dormancy_history,drm_mbr_chg_chnl_cd,휴면회원변경채널코드,3,
mapk,dormancy_history,drm_chg_st_cd,휴면변경상태코드,4,
mapk,dormancy_history,pcs_cd,프로세싱코드,5,
mapk,dormancy_history,nr_no,NR번호,6,
mapk,dormancy_history,mti_cd,MTI코드,7,
mapk,dormancy_history,upd_verno,수정버전번호,8,
mapk,dormancy_history,sys_cre_dttm,시스템생성일시,9,
mapk,dormancy_history,sys_upd_dttm,시스템수정일시,10,
mapk,dormancy_history,hdfs_upd_dttm,하둡변경일시,11,
mapk,dormancy_history,pt_cre_dt,,12,
mapk,marketing_agree_history,mbr_id,회원ID,1,
mapk,marketing_agree_history,tc_sno,약관ID,2,
mapk,marketing_agree_history,mktn_agrm_hist_sno,마케팅동의이력일련번호,3,
mapk,marketing_agree_history,asp_id,ASP_ID,4,
mapk,marketing_agree_history,agrm_yn,동의여부,5,
mapk,marketing_agree_history,psh_rcv_agrm_yn,발송수신동의여부,6,
mapk,marketing_agree_history,email_rcv_agrm_yn,이메일수신동의여부,7,
mapk,marketing_agree_history,ars_rcv_agrm_yn,ARS수신동의여부,8,
mapk,marketing_agree_history,sms_rcv_agrm_yn,SMS수신동의여부,9,
mapk,marketing_agree_history,chg_chnl_dv_cd,변경채널구분코드,10,
mapk,marketing_agree_history,chg_dtl_dttm,변경상세일시,11,
mapk,marketing_agree_history,sys_cre_dttm,시스템생성일시,12,
mapk,marketing_agree_history,sys_upd_dttm,시스템수정일시,13,
mapk,marketing_agree_history,hdfs_upd_dttm,하둡변경일시,14,
mapk,marketing_agree_history,pt_cre_d,,15,
mapk,tc_content,tc_cn_sno,ID,1,
mapk,tc_content,upd_verno,수정버전번호,2,
mapk,tc_content,tc_cn,약관내용,3,
mapk,tc_content,tc_nm,약관명,4,
mapk,tc_content,tc_id_unused,TC_ID_UNUSED,5,
mapk,tc_content,sys_cre_dttm,시스템생성일시,6,
mapk,tc_content,sys_upd_dttm,시스템수정일시,7,
mapk,tc_content,nat_lang_cd,국가언어코드,8,
mapk,tc_content,url,URL주소,9,
mapk,tc_content,version_no_unused,VERSION_NO_UNUSED,10,
mapk,tc_content,file_form_cd,파일형식코드,11,
mapk,tc_content,file_no,파일번호,12,
mapk,tc_content,file_sno,파일일련번호,13,
mapk,tc_content,tc_ver_sno,약관버전ID,14,
mapk,tc_content,hdfs_upd_dttm,하둡변경일시,15,
mapk,tc_definition,tc_dtl_sno,ID,1,
mapk,tc_definition,tc_nm,약관명,2,
mapk,tc_definition,upd_verno,수정버전번호,3,
mapk,tc_definition,tc_sno,약관ID,4,
mapk,tc_definition,tc_estn_dv_cd,약관필수구분코드,5,
mapk,tc_definition,asp_id,ASP_ID,6,
mapk,tc_definition,tc_ode,약관순서,7,
mapk,tc_definition,tc_group_unused,TC_GROUP_UNUSED,8,
mapk,tc_definition,tc_act_st_cd,활성상태코드,9,
mapk,tc_definition,sys_cre_dttm,시스템생성일시,10,
mapk,tc_definition,sys_upd_dttm,시스템수정일시,11,
mapk,tc_definition,custom_effective_date,CUSTOM_EFFECTIVE_DATE,12,
mapk,tc_definition,custom_ver_id,CUSTOM_VER_ID,13,
mapk,tc_definition,hdfs_upd_dttm,하둡변경일시,14,
mapk,tc_version,tc_ver_sno,ID,1,
mapk,tc_version,tc_sno,약관ID,2,
mapk,tc_version,version_no_unused,VERSION_NO_UNUSED,3,
mapk,tc_version,tc_eftv_dt_val,약관유효시행일자값,4,
mapk,tc_version,upd_verno,수정버전번호,5,
mapk,tc_version,sys_cre_dttm,시스템생성일시,6,
mapk,tc_version,sys_upd_dttm,시스템수정일시,7,
mapk,tc_version,verno,버전번호,8,
mapk,tc_version,hdfs_upd_dttm,하둡변경일시,9,
mapk,terms_and_conditions,tc_sno,ID,1,
mapk,terms_and_conditions,tc_nm,약관명,2,
mapk,terms_and_conditions,upd_verno,수정버전번호,3,
mapk,terms_and_conditions,tc_effective_date_unused,TC_EFFECTIVE_DATE_UNUSED,4,
mapk,terms_and_conditions,tc_expiry_date_unused,TC_EXPIRY_DATE_UNUSED,5,
mapk,terms_and_conditions,tc_act_st_cd,활성상태코드,6,
mapk,terms_and_conditions,sys_cre_dttm,시스템생성일시,7,
mapk,terms_and_conditions,sys_upd_dttm,시스템수정일시,8,
mapk,terms_and_conditions,tc_actn_type_cd,약관액션구분코드,9,
mapk,terms_and_conditions,tc_info_dlvy_yn,약관정보전달여부,10,
mapk,terms_and_conditions,tc_info_dlvy_trgt_cn,약관전달대상내용,11,
mapk,terms_and_conditions,tc_exps_ptm_type_cd,약관노출시점구분코드,12,
mapk,terms_and_conditions,hdfs_upd_dttm,하둡변경일시,13,
mapk,user_addition_svc_history,spps_hist_sno,부가서비스이력일련번호,1,
mapk,user_addition_svc_history,spps_id,부가서비스ID,2,
mapk,user_addition_svc_history,mbr_id,회원ID,3,
mapk,user_addition_svc_history,spps_reg_chnl_cd,부가서비스등록채널코드,4,
mapk,user_addition_svc_history,spps_reg_st_cd,부가서비스등록상태코드,5,
mapk,user_addition_svc_history,upd_verno,수정버전번호,6,
mapk,user_addition_svc_history,sys_cre_dttm,시스템생성일시,7,
mapk,user_addition_svc_history,sys_upd_dttm,시스템수정일시,8,
mapk,user_addition_svc_history,hdfs_upd_dttm,하둡변경일시,9,
mapk,user_blacklist_policy_status,blcklst_plcy_st_sno,ID,1,
mapk,user_blacklist_policy_status,wtdw_dt,탈퇴일자,2,
mapk,user_blacklist_policy_status,hsh_id_type_cd,해시ID구분코드,3,
mapk,user_blacklist_policy_status,hsh_val,암호화해시값,4,
mapk,user_blacklist_policy_status,last_blcklst_mbr_id,마지막부정사용자회원ID,5,
mapk,user_blacklist_policy_status,blcklst_st_cd,부정사용자등록상태코드,6,
mapk,user_blacklist_policy_status,asp_id,ASP_ID,7,
mapk,user_blacklist_policy_status,sys_cre_dttm,시스템생성일시,8,
mapk,user_blacklist_policy_status,sys_upd_dttm,시스템수정일시,9,
mapk,user_blacklist_policy_status,upd_verno,수정버전번호,10,
mapk,user_blacklist_policy_status,blcklst_del_tmcnt,해제횟수,11,
mapk,user_blacklist_policy_status,last_blcklst_reg_dt,마지막부정사용자처리일자,12,
mapk,user_blacklist_policy_status,last_blcklst_del_dt,마지막부정사용자해제일자,13,
mapk,user_blacklist_policy_status,hdfs_upd_dttm,하둡변경일시,14,
mapk,user_tc_mappings,tc_mbr_agrm_hist_sno,약관회원동의이력일련번호,1,
mapk,user_tc_mappings,tc_dtl_sno,약관상세일련번호,2,
mapk,user_tc_mappings,mbr_id,회원ID,3,
mapk,user_tc_mappings,upd_verno,수정버전번호,4,
mapk,user_tc_mappings,sys_cre_dttm,시스템생성일시,5,
mapk,user_tc_mappings,sys_upd_dttm,시스템수정일시,6,
mapk,user_tc_mappings,hdfs_upd_dttm,하둡변경일시,7,
mapk,user_tc_mappings,pt_cre_y,년간 파티션 컬럼,8,
mapk,wallet,wllt_id,월렛ID,1,
mapk,wallet,sys_cre_dttm,시스템생성일시,2,
mapk,wallet,sys_upd_dttm,시스템수정일시,3,
mapk,wallet,mpa_id,월렛ID매핑ID,4,
mapk,wallet,mbr_id,회원ID,5,
mapk,wallet,upd_verno,수정버전번호,6,
mapk,wallet,enc_stlm_pin_pswd,암호화결제PIN비밀번호,7,
mapk,wallet,wllt_act_st_cd,월렛활성상태코드,8,
mapk,wallet,last_temp_stop_dtl_dttm,최종일시정지상세일시,9,
mapk,wallet,ap_verno,앱버전번호,10,
mapk,wallet,ap_jn_chnl_cd,앱유입채널코드,11,
mapk,wallet,hdfs_upd_dttm,하둡변경일시,12,
mapk,wallet_details,wllt_dtl_sno,ID,1,
mapk,wallet_details,sys_upd_dttm,시스템수정일시,2,
mapk,wallet_details,sys_cre_dttm,시스템생성일시,3,
mapk,wallet_details,enc_mb_stn_key_cn,모바일설정키내용,4,
mapk,wallet_details,enc_mb_mac_key_cn,모바일MAC키내용,5,
mapk,wallet_details,mb_key_splm_tm,모바일키보충시간수,6,
mapk,wallet_details,mb_key_cre_tm,모바일키생성시간,7,
mapk,wallet_details,comn_enc_key_val,공용암호화키값,8,
mapk,wallet_details,rns_mpa_id,RNS_MPA_ID,9,
mapk,wallet_details,rns_provider_type,RNS_PROVIDER_TYPE,10,
mapk,wallet_details,wllt_id,월렛ID,11,
mapk,wallet_details,upd_verno,수정버전번호,12,
mapk,wallet_details,hdfs_upd_dttm,하둡변경일시,13,
mapk,wallet_history,wllt_hist_sno,ID,1,
mapk,wallet_history,wllt_hist_st_cd,월렛변경이력상태코드,2,
mapk,wallet_history,rqs_chnl_dv_cd,요청자명,3,
mapk,wallet_history,sys_cre_dttm,시스템생성일시,4,
mapk,wallet_history,sys_upd_dttm,시스템수정일시,5,
mapk,wallet_history,upd_verno,수정버전번호,6,
mapk,wallet_history,chg_purp_dv_cd,변경목적구분코드,7,
mapk,wallet_history,mbr_id,회원ID,8,
mapk,wallet_history,hdfs_upd_dttm,하둡변경일시,9,
mapk,wallet_history,pt_cre_dt,,10,
mapk,wallet_user,mbr_id,회원ID,1,
mapk,wallet_user,pt_cre_dt,파티션일자(수정일자),2,
mapk,wallet_user,upd_verno,데이터변경번호,3,
mapk,wallet_user,brth_dt,생년월일,4,
mapk,wallet_user,nlty_cd,국적코드,5,
mapk,wallet_user,mbr_act_st_cd,회원활성화상태코드,6,
mapk,wallet_user,sys_cre_dttm,시스템생성일시,7,
mapk,wallet_user,sys_upd_dttm,시스템수정일시,8,
mapk,wallet_user,sex_cd,성별코드,9,
mapk,wallet_user,mbr_vrfc_data_val,VERIFICATION_DATA,10,
mapk,wallet_user,nat_lang_cd,국가언어코드,11,
mapk,wallet_user,asp_id,ASP_ID,12,
mapk,wallet_user,lgin_fail_tmcnt,로그인실패횟수,13,
mapk,wallet_user,mbr_lgin_id,회원로그인ID,14,
mapk,wallet_user,jn_dtl_dttm,가입일자,15,
mapk,wallet_user,mbr_st_dtl_cd,회원상태상세코드,16,
mapk,wallet_user,vrfc_opr_id,검증운영자ID,17,
mapk,wallet_user,vrfc_dtl_dttm,회원검증상세일시,18,
mapk,wallet_user,rwd_id,보상ID,19,
mapk,wallet_user,mbr_st_cd,회원상태코드,20,
mapk,wallet_user,enc_di_no,암호화DI번호,21,
mapk,wallet_user,enc_brth_dt,암호화인증생년월일,22,
mapk,wallet_user,bsc_addr,ADDRESS,23,
mapk,wallet_user,psno,우편번호,24,
mapk,wallet_user,dtl_addr,상세주소,25,
mapk,wallet_user,enc_ci_no,암호화CI번호,26,
mapk,wallet_user,wtdw_dt,탈퇴일자,27,
mapk,wallet_user,mbr_dv_cd,회원구분코드,28,
mapk,wallet_user,email_rcv_agrm_yn,이메일수신동의여부,29,
mapk,wallet_user,psh_rcv_agrm_yn,발송수신동의여부,30,
mapk,wallet_user,sms_rcv_agrm_yn,SMS수신동의여부,31,
mapk,wallet_user,renm_yn,개명여부,32,
mapk,wallet_user,ars_rcv_agrm_yn,ARS수신동의여부,33,
mapk,wallet_user,mktn_chnl_chg_dtl_dttm,마케팅채널변경상세일시,34,
mapk,wallet_user,mbr_grd_cd,회원등급코드,35,
mapk,wallet_user,jn_chnl_cd,가입채널코드,36,
mapk,wallet_user,aambr_jn_dtl_dttm,준준회원가입상세일시,37,
mapk,wallet_user,ambr_jn_dtl_dttm,준회원가입상세일시,38,
mapk,wallet_user,mph_no_slf_autht_yn,휴대전화번호점유인증여부,39,
mapk,wallet_user,rcnt_wllt_id,최근월렛ID,40,
mapk,wallet_user,po_pswd_chg_dtl_dttm,비밀번호변경상세일시,41,
mapk,wallet_user,po_jn_dtl_dttm,포털가입상세일시,42,
mapk,wallet_user,po_wtdw_dtl_dttm,포털탈퇴상세일시,43,
mapk,wallet_user,po_use_yn,포털사용여부,44,
mapk,wallet_user,po_lgin_try_tmcnt,포털로그인시도횟수,45,
mapk,wallet_user,tcc_cd,통신사코드,46,
mapk,wallet_user,fst_jn_dt,최초가입일자,47,
mapk,wallet_user,frnr_mbr_city_addr,도시주소,48,
mapk,wallet_user,frnr_mbr_stte_addr,외국인주소,49,
mapk,wallet_user,wllt_lgin_dt,월렛로그인일자,50,
mapk,wallet_user,po_lgin_dt,포털로그인일자,51,
mapk,wallet_user,rcnt_plcy_crd_hist_sno,최근정책카드이력ID,52,
mapk,wallet_user,ge_mbr_jn_dt,일반회원가입일자,53,
mapk,wallet_user,rsdp_psno,거주지우편번호,54,
mapk,wallet_user,rsdp_addr,거주지주소,55,
mapk,wallet_user,rsdp_dtl_addr,거주지상세주소,56,
mapk,wallet_user,hdfs_upd_dttm,하둡변경일시,57,
mapk,wallet_user,mbr_cnvg_asp_id,회원결합ASP_ID,58,
mapk,wallet_user,enc_mbr_rnm,"암호화회원실명(1:한글,2:영어,3:일본어,4:한자,5:그외_숫자등)",59,
mapk,wallet_user_history,mbr_id,회원ID,1,
mapk,wallet_user_history,data_chg_no,데이터변경번호,2,
mapk,wallet_user_history,data_chg_type_cd,데이터변경유형코드,3,
mapk,wallet_user_history,ambr_jn_dtl_dttm,준회원가입상세일시,4,
mapk,wallet_user_history,bsc_addr,기본주소,5,
mapk,wallet_user_history,ars_rcv_agrm_yn,ARS수신동의여부,6,
mapk,wallet_user_history,asp_id,ASP_ID,7,
mapk,wallet_user_history,enc_ci_no,암호화CI번호,8,
mapk,wallet_user_history,crd_dlv_dtl_addr,상세주소,9,
mapk,wallet_user_history,enc_di_no,암호화DI번호,10,
mapk,wallet_user_history,brth_dt,생년월일,11,
mapk,wallet_user_history,email_rcv_agrm_yn,이메일수신동의여부,12,
mapk,wallet_user_history,sex_cd,성별코드,13,
mapk,wallet_user_history,mbr_grd_cd,회원등급코드,14,
mapk,wallet_user_history,jn_chnl_cd,가입채널코드,15,
mapk,wallet_user_history,nat_lang_cd,국가언어코드,16,
mapk,wallet_user_history,lgin_fail_tmcnt,로그인실패횟수,17,
mapk,wallet_user_history,mktn_chnl_chg_dtl_dttm,마케팅채널변경상세일시,18,
mapk,wallet_user_history,mph_no_slf_autht_yn,휴대전화번호점유인증여부,19,
mapk,wallet_user_history,nlty_cd,국적코드,20,
mapk,wallet_user_history,po_jn_dtl_dttm,포털가입상세일시,21,
mapk,wallet_user_history,po_lgin_try_tmcnt,포털로그인시도횟수,22,
mapk,wallet_user_history,po_pswd_chg_dtl_dttm,비밀번호변경상세일시,23,
mapk,wallet_user_history,po_use_yn,포털사용여부,24,
mapk,wallet_user_history,po_wtdw_dtl_dttm,포털탈퇴상세일시,25,
mapk,wallet_user_history,psh_rcv_agrm_yn,발송수신동의여부,26,
mapk,wallet_user_history,renm_yn,개명여부,27,
mapk,wallet_user_history,jn_dtl_dttm,가입일자,28,
mapk,wallet_user_history,rwd_id,보상ID,29,
mapk,wallet_user_history,aambr_jn_dtl_dttm,준준회원가입상세일시,30,
mapk,wallet_user_history,sms_rcv_agrm_yn,SMS수신동의여부,31,
mapk,wallet_user_history,enc_brth_dt,암호화인증생년월일,32,
mapk,wallet_user_history,mbr_act_st_cd,회원활성상태코드,33,
mapk,wallet_user_history,mbr_st_cd,회원상태코드,34,
mapk,wallet_user_history,mbr_st_dtl_cd,회원상태상세코드,35,
mapk,wallet_user_history,mbr_dv_cd,회원구분코드,36,
mapk,wallet_user_history,mbr_lgin_id,회원로그인ID,37,
mapk,wallet_user_history,mbr_vrfc_data_val,암호화비밀번호,38,
mapk,wallet_user_history,vrfc_dtl_dttm,회원검증상세일시,39,
mapk,wallet_user_history,vrfc_opr_id,검증운영자ID,40,
mapk,wallet_user_history,hsh_wllt_pin_pswd,암호화월렛PIN비밀번호,41,
mapk,wallet_user_history,wtdw_dt,탈퇴일자,42,
mapk,wallet_user_history,psno,우편번호,43,
mapk,wallet_user_history,rcnt_wllt_id,최근월렛ID,44,
mapk,wallet_user_history,fst_jn_dt,최초가입일자,45,
mapk,wallet_user_history,city_addr,도시주소,46,
mapk,wallet_user_history,frnr_mbr_stte_addr,외국인주소,47,
mapk,wallet_user_history,wllt_lgin_dt,월렛로그인일자,48,
mapk,wallet_user_history,po_lgin_dt,포털로그인일자,49,
mapk,wallet_user_history,ge_mbr_jn_dt,일반회원가입일자,50,
mapk,wallet_user_history,rsdp_psno,거주지우편번호,51,
mapk,wallet_user_history,rsdp_addr,거주지주소,52,
mapk,wallet_user_history,rsdp_dtl_addr,거주지상세주소,53,
mapk,wallet_user_history,rev_stmp,생성일시(rev_info테이블join),54,
mapk,wallet_user_history,hdfs_upd_dttm,하둡변경일시,55,
mapk,wallet_user_promotion_mappings,mbr_prmn_sno,회원프로모션일련번호,1,
mapk,wallet_user_promotion_mappings,mbr_id,회원ID,2,
mapk,wallet_user_promotion_mappings,mbr_prmn_cd,회원프로모션코드,3,
mapk,wallet_user_promotion_mappings,mbr_prmn_dv_cd,회원프로모션구분코드,4,
mapk,wallet_user_promotion_mappings,ptcp_dt,참여일자,5,
mapk,wallet_user_promotion_mappings,sys_cre_dttm,시스템생성일시,6,
mapk,wallet_user_promotion_mappings,sys_upd_dttm,시스템수정일시,7,
mapk,wallet_user_promotion_mappings,upd_verno,수정버전번호,8,
mapk,wallet_user_promotion_mappings,prmn_ptcp_ref_no,프로모션참여참조번호,9,
mapk,wallet_user_promotion_mappings,pt_cre_dt,,10,
mapk,wallet_user_recommender_map,id,ID,1,
mapk,wallet_user_recommender_map,mbr_id,회원ID,2,
mapk,wallet_user_recommender_map,sys_upd_dttm,시스템수정일시,3,
mapk,wallet_user_recommender_map,sys_cre_dttm,시스템생성일시,4,
mapk,wallet_user_recommender_map,upd_verno,수정버전번호,5,
mapk,wallet_user_recommender_map,rcmr_cd,추천자코드,6,
mapk,wallet_user_recommender_map,rcmd_tmcnt,추천횟수,7,
mapk,wallet_user_recommender_map,prv_rcmr_cd,제공추천자코드,8,
mapk,wallet_user_recommender_map,hdfs_upd_dttm,하둡변경일시,9,
mapk,withdrawal_user,mbr_id,회원ID,1,
mapk,withdrawal_user,pt_cre_dt,파티션일자(생성일자),2,
mapk,withdrawal_user,asp_id,ASP_ID,3,
mapk,withdrawal_user,enc_brth_dt,암호화생년월일,4,
mapk,withdrawal_user,sex_cd,성별코드,5,
mapk,withdrawal_user,enc_di_no,암호화DI번호,6,
mapk,withdrawal_user,enc_ci_no,암호화CI번호,7,
mapk,withdrawal_user,nlty_cd,국적코드,8,
mapk,withdrawal_user,mbr_lgin_id,회원로그인ID,9,
mapk,withdrawal_user,mbr_grd_cd,회원등급코드,10,
mapk,withdrawal_user,mbr_act_st_cd,회원활성상태코드,11,
mapk,withdrawal_user,jn_chnl_cd,가입채널코드,12,
mapk,withdrawal_user,mphn_no_ocp_ctf_yn,휴대전화번호점유인증여부,13,
mapk,withdrawal_user,brth_dt,생년월일,14,
mapk,withdrawal_user,nat_lang_cd,국가언어코드,15,
mapk,withdrawal_user,crd_dlv_addr_psno,카드배송주소우편번호,16,
mapk,withdrawal_user,crd_dlv_bsc_addr,카드배송기본주소,17,
mapk,withdrawal_user,rsdp_psno,거주지우편번호,18,
mapk,withdrawal_user,rsdp_addr,거주지주소,19,
mapk,withdrawal_user,tcc_cd,통신사코드,20,
mapk,withdrawal_user,renm_yn,개명여부,21,
mapk,withdrawal_user,lgin_fail_tmcnt,로그인실패횟수,22,
mapk,withdrawal_user,jn_dt,가입일자,23,
mapk,withdrawal_user,wtdw_dt,탈퇴일자,24,
mapk,withdrawal_user,wllt_lgin_dt,월렛로그인일자,25,
mapk,withdrawal_user,fst_jn_dt,최초가입일자,26,
mapk,withdrawal_user,ambr_jn_dtl_dttm,준회원가입상세일시,27,
mapk,withdrawal_user,aambr_jn_dtl_dttm,준준회원가입상세일시,28,
mapk,withdrawal_user,ge_mbr_jn_dt,일반회원가입일자,29,
mapk,withdrawal_user,po_use_yn,포털사용여부,30,
mapk,withdrawal_user,po_jn_dtl_dttm,포털가입상세일시,31,
mapk,withdrawal_user,po_lgin_dt,포털로그인일자,32,
mapk,withdrawal_user,po_lgin_try_tmcnt,포털로그인시도횟수,33,
mapk,withdrawal_user,po_pswd_chg_dtl_dttm,포털비밀번호변경상세일시,34,
mapk,withdrawal_user,po_wtdw_dtl_dttm,포털탈퇴상세일시,35,
mapk,withdrawal_user,rcnt_wllt_id,최근월렛ID,36,
mapk,withdrawal_user,rwd_id,보상ID,37,
mapk,withdrawal_user,email_rcv_agrm_yn,이메일수신동의여부,38,
mapk,withdrawal_user,psh_rcv_agrm_yn,푸시수신동의여부,39,
mapk,withdrawal_user,sms_rcv_agrm_yn,SMS수신동의여부,40,
mapk,withdrawal_user,ars_rcv_agrm_yn,ARS수신동의여부,41,
mapk,withdrawal_user,mktn_chnl_chg_dtl_dttm,마케팅채널변경상세일시,42,
mapk,withdrawal_user,mbr_dv_cd,회원구분코드,43,
mapk,withdrawal_user,mbr_st_dtl_cd,회원상태상세코드,44,
mapk,withdrawal_user,mbr_st_cd,회원상태코드,45,
mapk,withdrawal_user,mbr_vrfc_val,회원검증값,46,
mapk,withdrawal_user,mbr_vrfc_dtl_dttm,회원검증상세일시,47,
mapk,withdrawal_user,upd_verno,수정버전번호,48,
mapk,withdrawal_user,sys_cre_dttm,시스템생성일시,49,
mapk,withdrawal_user,sys_upd_dttm,시스템수정일시,50,
mapk,withdrawal_user,hdfs_upd_dttm,하둡변경일시,51,
mrt,dap_mbr_crtv_cnt_agg,crtv_aph_dt,소재접근일자,1,회원들의 소재접근일자별 소재 노출 및 클릭 수 집계
mrt,dap_mbr_crtv_cnt_agg,mbr_id,회원ID,2,회원들의 소재접근일자별 소재 노출 및 클릭 수 집계
mrt,dap_mbr_crtv_cnt_agg,crtv_id,소재ID,3,회원들의 소재접근일자별 소재 노출 및 클릭 수 집계
mrt,dap_mbr_crtv_cnt_agg,crtv_nm,소재명,4,회원들의 소재접근일자별 소재 노출 및 클릭 수 집계
mrt,dap_mbr_crtv_cnt_agg,invtr_nm,구좌명,5,회원들의 소재접근일자별 소재 노출 및 클릭 수 집계
mrt,dap_mbr_crtv_cnt_agg,expose_cnt,노출수,6,회원들의 소재접근일자별 소재 노출 및 클릭 수 집계
mrt,dap_mbr_crtv_cnt_agg,click_cnt,클릭수,7,회원들의 소재접근일자별 소재 노출 및 클릭 수 집계
mrt,dap_mbr_crtv_cnt_agg,hdfs_upd_dttm,하둡변경일시,8,회원들의 소재접근일자별 소재 노출 및 클릭 수 집계
mrt,dap_mbr_crtv_cnt_agg,pt_crtv_aph_dt,,9,회원들의 소재접근일자별 소재 노출 및 클릭 수 집계
myd,op0031,sno,일련번호,1,
myd,op0031,sys_cre_dttm,시스템생성일시,2,
myd,op0031,sys_upd_dttm,시스템수정일시,3,
myd,op0031,data_bs_dv_cd,데이터업무구분코드,4,
myd,op0031,rcd_type_cd,레코드유형코드,5,
myd,op0031,rcd_type_id,레코드유형ID,6,
myd,op0031,mnde_ogn_rep_cd,주거래기관대표코드,7,
myd,op0031,u_ogn_cd,이용기관코드,8,
myd,op0031,cono,법인등록번호,9,
myd,op0031,bzno,사업자등록번호,10,
myd,op0031,u_ogn_nm,이용기관명,11,
myd,op0031,rqs_cd,요청코드,12,
myd,op0031,svc_st_date,서비스상태변경일자,13,
myd,op0031,u_ogn_svc_nm,이용기관서비스명,14,
myd,op0031,deps_acc_pcnt,입금계정개수,15,
myd,op0031,deps_acc_cd,입금계정코드,16,
myd,op0031,defray_acc_pcnt,출금계정개수,17,
myd,op0031,defray_acc_cd,출금계정코드,18,
myd,op0031,fee_pym_acc_cd,수수료납부계정코드,19,
myd,op0031,fee_pym_acc_sub_cd,수수료납부계정세부코드,20,
myd,op0031,bymn_defray_lmt_amt,월간출금한도금액,21,
myd,op0031,bydt_defray_lmt_amt,일별출금한도금액,22,
myd,op0031,per_cnt_defray_lmt_amt,건당출금한도금액,23,
myd,op0031,u_ogn_autht_yn,이용기관인증여부,24,
myd,op0031,agrm_dat_sbmt_ogn_type_cd,동의자료제출기관유형코드,25,
myd,op0031,defray_lmt_type_cd,출금한도유형코드,26,
myd,op0031,apl_svc_dv_cd,신청서비스구분코드,27,
myd,op0031,u_ogn_ge_fee,이용기관일반수수료,28,
myd,op0031,u_ogn_rdxm_fee,이용기관감면수수료,29,
myd,op0031,svc_cn,서비스내용,30,
myd,op0031,filler,예비필드,31,
myd,op0031,crlf,개행문자,32,
myd,op0031,hdfs_upd_dttm,하둡변경일시,33,
myd,op0031,pt_cre_yy,,34,
myd,op0039,sno,일련번호,1,
myd,op0039,sys_cre_dttm,시스템생성일시,2,
myd,op0039,sys_upd_dttm,시스템수정일시,3,
myd,op0039,data_bs_dv_cd,데이터업무구분코드,4,
myd,op0039,rcd_type_cd,레코드유형코드,5,
myd,op0039,rcd_type_id,레코드유형ID,6,
myd,op0039,data_tr_type_cd,데이터거래유형코드,7,
myd,op0039,data_tr_natv_no,데이터거래고유번호,8,
myd,op0039,u_ogn_cd,이용기관코드,9,
myd,op0039,fee_rdxm_yn,수수료감면코드,10,
myd,op0039,fee_ve_ogn_cd,수수료대행기관코드,11,
myd,op0039,prv_ogn_cd,제공기관코드,12,
myd,op0039,mbr_fn_com_type_cd,회원금융회사유형코드,13,
myd,op0039,fee,수수료,14,
myd,op0039,mnde_ogn_rep_cd,주거래기관대표코드,15,
myd,op0039,filler,예비필드,16,
myd,op0039,crlf,개행문자,17,
myd,op0039,hdfs_upd_dttm,하둡변경일시,18,
myd,op0039,pt_cre_yy,,19,
ods,charge_agg_dd,apv_dt,거래일자,1,
ods,charge_agg_dd,mbr_id,회원ID,2,
ods,charge_agg_dd,asp_id,ASP ID,3,
ods,charge_agg_dd,par_no,Par번호,4,
ods,charge_agg_dd,svc_id,서비스ID,5,
ods,charge_agg_dd,gv_charge_cnt,정책충전건수,6,
ods,charge_agg_dd,gv_charge_amt,정책충전금액,7,
ods,charge_agg_dd,gv_charge_cncl_cnt,정책충전취소건수,8,
ods,charge_agg_dd,gv_charge_cncl_amt,정책충전취소금액,9,
ods,charge_agg_dd,nl_charge_cnt,일반충전건수,10,
ods,charge_agg_dd,nl_charge_amt,일반충전금액,11,
ods,charge_agg_dd,nl_charge_cncl_cnt,일반충전취소건수,12,
ods,charge_agg_dd,nl_charge_cncl_amt,일반충전취소금액,13,
ods,charge_agg_dd,pt_charge_cnt,인센티브충전건수,14,
ods,charge_agg_dd,pt_charge_amt,인센티브충전금액,15,
ods,charge_agg_dd,pt_charge_cncl_cnt,인센티브충전취소건수,16,
ods,charge_agg_dd,pt_charge_cncl_amt,인센티브충전취소금액,17,
ods,charge_agg_dd,pt_pay_cnt,인센티브건수,18,
ods,charge_agg_dd,pt_pay_amt,인센티브금액,19,
ods,charge_agg_dd,pt_pay_cncl_cnt,인센티브취소건수,20,
ods,charge_agg_dd,pt_pay_cncl_amt,인센티브취소금액,21,
ods,charge_agg_dd,hdfs_upd_dttm,hdfs 업로드 일시,22,
ods,chrg_stlm_bydt_agg,apv_dt,승인일자(yyyyMMdd),1,
ods,chrg_stlm_bydt_agg,stlm_chrg_apv_cd,"결제충전승인코드(CA:충전승인, SA:결제승인, CC:충전취소, SC:결제취소)",2,
ods,chrg_stlm_bydt_agg,svc_al_type_cd,"서비스제휴유형코드(일반:GE, 제휴:AF, 복지:WF, 법인:CO)",3,
ods,chrg_stlm_bydt_agg,par_no,PAR번호,4,
ods,chrg_stlm_bydt_agg,asp_id,ASP ID,5,
ods,chrg_stlm_bydt_agg,owr_ka_id,대표KA ID(ias.ias_transaction의 owner_ka_id),6,
ods,chrg_stlm_bydt_agg,svc_id,서비스ID,7,
ods,chrg_stlm_bydt_agg,mbr_id,회원ID,8,
ods,chrg_stlm_bydt_agg,sex_cd,성별,9,
ods,chrg_stlm_bydt_agg,brth_yy,생년,10,
ods,chrg_stlm_bydt_agg,age,연령(승인년 - 생년),11,
ods,chrg_stlm_bydt_agg,tot_amt,총금액,12,
ods,chrg_stlm_bydt_agg,bala_amt,잔액금액,13,
ods,chrg_stlm_bydt_agg,use_rwd_pnt_amt,사용리워드포인트금액,14,
ods,chrg_stlm_bydt_agg,use_adm_pnt_amt,사용어드민포인트금액,15,
ods,chrg_stlm_bydt_agg,dc_amt,할인금액(즉시할인 + 쿠폰할인),16,
ods,chrg_stlm_bydt_agg,imd_dc_amt,즉시할인금액,17,
ods,chrg_stlm_bydt_agg,cpn_dc_amt,쿠폰할인금액,18,
ods,chrg_stlm_bydt_agg,rv_rwd_pnt_amt,적립리워드포인트금액,19,
ods,chrg_stlm_bydt_agg,rv_adm_pnt_amt,적립어드민포인트금액,20,
ods,chrg_stlm_bydt_agg,tot_cnt,총건수,21,
ods,chrg_stlm_bydt_agg,bala_cnt,잔액건수,22,
ods,chrg_stlm_bydt_agg,use_rwd_pnt_cnt,사용리워드포인트건수,23,
ods,chrg_stlm_bydt_agg,use_adm_pnt_cnt,사용어드민포인트건수,24,
ods,chrg_stlm_bydt_agg,dc_cnt,할인건수,25,
ods,chrg_stlm_bydt_agg,imd_dc_cnt,즉시할인건수,26,
ods,chrg_stlm_bydt_agg,cpn_dc_cnt,쿠폰할인건수,27,
ods,chrg_stlm_bydt_agg,rv_rwd_pnt_cnt,적립리워드포인트건수,28,
ods,chrg_stlm_bydt_agg,rv_adm_pnt_cnt,적립어드민포인트건수,29,
ods,chrg_stlm_bydt_agg,hdfs_upd_dttm,하둡변경일시,30,
ods,chtbt_conv_occr_ps_bymm_agg,cre_ym,일자,1,
ods,chtbt_conv_occr_ps_bymm_agg,asp_id,ASP_ID,2,
ods,chtbt_conv_occr_ps_bymm_agg,itt_dv_cd,정규/FAQ,3,
ods,chtbt_conv_occr_ps_bymm_agg,bhvr_cdnm,시나리오명,4,
ods,chtbt_conv_occr_ps_bymm_agg,iqy_crer_dv_cd,대화생성자구분,5,
ods,chtbt_conv_occr_ps_bymm_agg,conv_cnt,문의수,6,
ods,chtbt_conv_occr_ps_bymm_agg,fail_cnt,중단/이탈수,7,
ods,chtbt_conv_occr_ps_bymm_agg,cvsn_cnt,전환_발생수,8,
ods,chtbt_conv_occr_ps_bymm_agg,rqs_fdbk_cnt,요청_피드백수,9,
ods,chtbt_conv_occr_ps_bymm_agg,wo_fdbk_cnt,전체_피드백수,10,
ods,chtbt_conv_occr_ps_bymm_agg,pstv_fdbk_cnt,긍정_피드백수,11,
ods,chtbt_conv_occr_ps_bymm_agg,ngtv_fdbk_cnt,부정_피드백수,12,
ods,chtbt_conv_occr_ps_bymm_agg,hdfs_upd_dttm,하둡변경일시,13,
ods,chtbt_conv_occr_ps_bymm_agg,bfm_conv_cnt,전월_문의수,14,
ods,chtbt_conv_occr_ps_bymm_agg,bfm_pstv_fdbk_cnt,전월_긍정_피드백수,15,
ods,chtbt_conv_occr_ps_bymm_agg,bfm_ngtv_fdbk_cnt,전월_부정_피드백수,16,
ods,chtbt_iqy_kwd_bydt_agg,cre_dt,일자,1,
ods,chtbt_iqy_kwd_bydt_agg,asp_id,ASP_ID,2,
ods,chtbt_iqy_kwd_bydt_agg,kwd,키워드,3,
ods,chtbt_iqy_kwd_bydt_agg,kwd_occr_cnt,키워드_발생수,4,
ods,chtbt_iqy_kwd_bydt_agg,hdfs_upd_dttm,하둡변경일시,5,
ods,chtbt_rgl_conv_bydt_agg,cre_dt,일자,1,
ods,chtbt_rgl_conv_bydt_agg,asp_id,ASP_ID,2,
ods,chtbt_rgl_conv_bydt_agg,bhvr_cdnm,시나리오명,3,
ods,chtbt_rgl_conv_bydt_agg,cmn_conv_cnt,정규대화수,4,
ods,chtbt_rgl_conv_bydt_agg,av_ned_tm_mmss,평균대화시간_mm:ss,5,
ods,chtbt_rgl_conv_bydt_agg,av_ned_tm_ss,평균대화시간_ss,6,
ods,chtbt_rgl_conv_bydt_agg,wo_fdbk_cnt,전체_피드백수,7,
ods,chtbt_rgl_conv_bydt_agg,pstv_fdbk_cnt,긍정_피드백수,8,
ods,chtbt_rgl_conv_bydt_agg,ngtv_fdbk_cnt,부정_피드백수,9,
ods,chtbt_rgl_conv_bydt_agg,hdfs_upd_dttm,하둡변경일시,10,
ods,crd_xp_ods,par_no,PAR번호,1,
ods,crd_xp_ods,asp_id,ASP_ID,2,
ods,crd_xp_ods,rep_ka_id,KA_ID,3,
ods,crd_xp_ods,svc_id,서비스ID,4,
ods,crd_xp_ods,mbr_id,회원ID,5,
ods,crd_xp_ods,brth_yy,생년,6,
ods,crd_xp_ods,sex_cd,성별코드,7,
ods,crd_xp_ods,conn_dt,카드연결일시,8,
ods,crd_xp_ods,fst_vl_dt,최초유효일자(yyMMdd),9,
ods,crd_xp_ods,chg_vl_dt,변경유효일자(yyMMdd),10,
ods,crd_xp_ods,crd_act_st_cd,카드상태(TERMINATED면 폐기),11,
ods,crd_xp_ods,crd_st_chg_dttm,카드상태변경일자,12,
ods,crd_xp_ods,keep_mcnt,유지개월수,13,
ods,crd_xp_ods,chrg_mcnt,충전개월수,14,
ods,crd_xp_ods,stlm_mcnt,결제개월수,15,
ods,crd_xp_ods,acum_chrg_cnt,누적충전건수,16,
ods,crd_xp_ods,acum_stlm_cnt,누적결제건수,17,
ods,crd_xp_ods,chrg_mcnt_rate,충전개월수비율,18,
ods,crd_xp_ods,stlm_mcnt_rate,결제개월수비율,19,
ods,crd_xp_ods,mm_av_chrg_cnt,월평균충전건수,20,
ods,crd_xp_ods,mm_av_stlm_cnt,월평균결제건수,21,
ods,crd_xp_ods,last_chrg_dt,최종충전일자,22,
ods,crd_xp_ods,last_stlm_dt,최종결제일자,23,
ods,crd_xp_ods,chrg_psbl_yn,충전가능여부,24,
ods,crd_xp_ods,exts_psbl_yn,연장가능여부,25,
ods,crd_xp_ods,hdfs_upd_dttm,하둡변경일시,26,
ods,dlvr_mc_pmon_agg2,pt_cre_ym,파티션일자(생성년월),1,
ods,dlvr_mc_pmon_agg2,asp_nm,asp명,2,
ods,dlvr_mc_pmon_agg2,ka_nm,ka명,3,
ods,dlvr_mc_pmon_agg2,dlvr_ctg_nm,배달카테고리명,4,
ods,dlvr_mc_pmon_agg2,ordr_ym,기준년월(yyyy-mm),5,
ods,dlvr_mc_pmon_agg2,mbr_cnt,회원수,6,
ods,dlvr_mc_pmon_agg2,mc_cnt,가맹점수,7,
ods,dlvr_mc_pmon_agg2,apv_ccnt,승인건수(주문성공건수),8,
ods,dlvr_mc_pmon_agg2,dc_ccnt,할인건수,9,
ods,dlvr_mc_pmon_agg2,mc_dc_ccnt,가맹점할인건수,10,
ods,dlvr_mc_pmon_agg2,cpn_dc_ccnt,쿠폰할인건수,11,
ods,dlvr_mc_pmon_agg2,bala_use_ccnt,잔액사용건수,12,
ods,dlvr_mc_pmon_agg2,pnt_ccnt,포인트사용건수,13,
ods,dlvr_mc_pmon_agg2,bala_use_amt,잔액사용금액,14,
ods,dlvr_mc_pmon_agg2,dc_amt,할인금액,15,
ods,dlvr_mc_pmon_agg2,mc_dc_amt,가맹점할인금액,16,
ods,dlvr_mc_pmon_agg2,cpn_dc_amt,쿠폰할인금액,17,
ods,dlvr_mc_pmon_agg2,tr_user_pnt_amt,유저포인트사용금액,18,
ods,dlvr_mc_pmon_agg2,tr_crd_pnt_amt,카드포인트사용금액,19,
ods,dlvr_mc_pmon_agg2,bfm_mbr_cnt,전월회원수,20,
ods,dlvr_mc_pmon_agg2,bfm_mc_cnt,전월가맹점수,21,
ods,dlvr_mc_pmon_agg2,bfm_apv_ccnt,전월승인건수(주문성공건수),22,
ods,dlvr_mc_pmon_agg2,bfm_dc_ccnt,전월할인건수,23,
ods,dlvr_mc_pmon_agg2,bfm_mc_dc_ccnt,전월가맹점할인건수,24,
ods,dlvr_mc_pmon_agg2,bfm_cpn_dc_ccnt,전월쿠폰할인건수,25,
ods,dlvr_mc_pmon_agg2,bfm_bala_use_ccnt,전월잔액사용건수,26,
ods,dlvr_mc_pmon_agg2,bfm_pnt_ccnt,전월포인트사용건수,27,
ods,dlvr_mc_pmon_agg2,bfm_bala_use_amt,전월잔액사용금액,28,
ods,dlvr_mc_pmon_agg2,bfm_dc_amt,전월할인금액,29,
ods,dlvr_mc_pmon_agg2,bfm_mc_dc_amt,전월가맹점할인금액,30,
ods,dlvr_mc_pmon_agg2,bfm_cpn_dc_amt,전월쿠폰할인금액,31,
ods,dlvr_mc_pmon_agg2,bfm_tr_user_pnt_amt,전월유저포인트사용금액,32,
ods,dlvr_mc_pmon_agg2,bfm_tr_crd_pnt_amt,전월카드포인트사용금액,33,
ods,dlvr_mc_pmon_agg2,tot_mc_cnt,전체배달가맹점수,34,
ods,dlvr_mc_pmon_agg2,bfm_tot_mc_cnt,전월기준전체배달가맹점수,35,
ods,dlvr_mc_pmon_agg2,hdfs_upd_dttm,하둡변경일시,36,
ods,dlvr_svc_dtl_pmon_agg2,pt_cre_ym,파티션일자(생성년월),1,
ods,dlvr_svc_dtl_pmon_agg2,asp_nm,asp명,2,
ods,dlvr_svc_dtl_pmon_agg2,ka_nm,ka명,3,
ods,dlvr_svc_dtl_pmon_agg2,sex_cdnm,성별코드명,4,
ods,dlvr_svc_dtl_pmon_agg2,ageg_cd,연령대코드,5,
ods,dlvr_svc_dtl_pmon_agg2,ordr_day_cdnm,주문요일,6,
ods,dlvr_svc_dtl_pmon_agg2,ordr_tm_dv_cdnm,주문시간대명,7,
ods,dlvr_svc_dtl_pmon_agg2,ecf_ctn_use_yn,친환경용기사용여부,8,
ods,dlvr_svc_dtl_pmon_agg2,ordr_type_cd,주문유형코드,9,
ods,dlvr_svc_dtl_pmon_agg2,dlvr_ctg_nm,카테고리명,10,
ods,dlvr_svc_dtl_pmon_agg2,ordr_ym,기준년월(yyyy-mm),11,
ods,dlvr_svc_dtl_pmon_agg2,mbr_cnt,회원수,12,
ods,dlvr_svc_dtl_pmon_agg2,apv_ccnt,승인건수,13,
ods,dlvr_svc_dtl_pmon_agg2,dc_ccnt,할인건수,14,
ods,dlvr_svc_dtl_pmon_agg2,mc_dc_ccnt,가맹점할인건수,15,
ods,dlvr_svc_dtl_pmon_agg2,cpn_dc_ccnt,쿠폰할인건수,16,
ods,dlvr_svc_dtl_pmon_agg2,bala_use_ccnt,잔액사용건수,17,
ods,dlvr_svc_dtl_pmon_agg2,pnt_ccnt,포인트사용건수,18,
ods,dlvr_svc_dtl_pmon_agg2,gm_tr_amt,전문거래금액,19,
ods,dlvr_svc_dtl_pmon_agg2,bala_use_amt,잔액사용금액,20,
ods,dlvr_svc_dtl_pmon_agg2,dc_amt,할인금액(가맹점+쿠폰),21,
ods,dlvr_svc_dtl_pmon_agg2,mc_dc_amt,가맹점할인금액,22,
ods,dlvr_svc_dtl_pmon_agg2,cpn_dc_amt,쿠폰할인금액,23,
ods,dlvr_svc_dtl_pmon_agg2,tr_svfe,거래봉사료,24,
ods,dlvr_svc_dtl_pmon_agg2,tr_user_pnt_amt,거래사용자포인트금액,25,
ods,dlvr_svc_dtl_pmon_agg2,tr_crd_pnt_amt,거래카드포인트금액,26,
ods,dlvr_svc_dtl_pmon_agg2,fee,수수료,27,
ods,dlvr_svc_dtl_pmon_agg2,bfm_mbr_cnt,전월회원수,28,
ods,dlvr_svc_dtl_pmon_agg2,bfm_apv_ccnt,전월승인건수,29,
ods,dlvr_svc_dtl_pmon_agg2,bfm_dc_ccnt,전월할인건수,30,
ods,dlvr_svc_dtl_pmon_agg2,bfm_mc_dc_ccnt,전월가맹점할인건수,31,
ods,dlvr_svc_dtl_pmon_agg2,bfm_cpn_dc_ccnt,전월쿠폰할인건수,32,
ods,dlvr_svc_dtl_pmon_agg2,bfm_bala_use_ccnt,전월잔액사용건수,33,
ods,dlvr_svc_dtl_pmon_agg2,bfm_pnt_ccnt,전월포인트사용건수,34,
ods,dlvr_svc_dtl_pmon_agg2,bfm_gm_tr_amt,전월전문거래금액,35,
ods,dlvr_svc_dtl_pmon_agg2,bfm_bala_use_amt,전월잔액사용금액,36,
ods,dlvr_svc_dtl_pmon_agg2,bfm_dc_amt,전월할인금액(가맹점+쿠폰),37,
ods,dlvr_svc_dtl_pmon_agg2,bfm_mc_dc_amt,전월가맹점할인금액,38,
ods,dlvr_svc_dtl_pmon_agg2,bfm_cpn_dc_amt,전월쿠폰할인금액,39,
ods,dlvr_svc_dtl_pmon_agg2,bfm_tr_svfe,전월거래봉사료,40,
ods,dlvr_svc_dtl_pmon_agg2,bfm_tr_user_pnt_amt,전월거래사용자포인트금액,41,
ods,dlvr_svc_dtl_pmon_agg2,bfm_tr_crd_pnt_amt,전월거래카드포인트금액,42,
ods,dlvr_svc_dtl_pmon_agg2,bfm_fee,전월수수료,43,
ods,dlvr_svc_dtl_pmon_agg2,hdfs_upd_dttm,하둡변경일시,44,
ods,dlvr_svc_mbr_pmon_agg2,pt_cre_ym,파티션일자(생성년월),1,
ods,dlvr_svc_mbr_pmon_agg2,asp_nm,asp명,2,
ods,dlvr_svc_mbr_pmon_agg2,ka_nm,ka명,3,
ods,dlvr_svc_mbr_pmon_agg2,sex_cdnm,성별코드명,4,
ods,dlvr_svc_mbr_pmon_agg2,ageg_cd,연령대코드,5,
ods,dlvr_svc_mbr_pmon_agg2,ordr_ym,기준년월(yyyy-mm),6,
ods,dlvr_svc_mbr_pmon_agg2,fst_ordr_mbr_cnt,최초주문회원수,7,
ods,dlvr_svc_mbr_pmon_agg2,mbr_cnt,회원수,8,
ods,dlvr_svc_mbr_pmon_agg2,tot_mbr_cnt,전체회원수,9,
ods,dlvr_svc_mbr_pmon_agg2,gm_tr_amt,전문거래금액,10,
ods,dlvr_svc_mbr_pmon_agg2,bala_use_amt,잔액사용금액,11,
ods,dlvr_svc_mbr_pmon_agg2,dc_amt,할인금액(가맹점+쿠폰),12,
ods,dlvr_svc_mbr_pmon_agg2,mc_dc_amt,가맹점할인금액,13,
ods,dlvr_svc_mbr_pmon_agg2,cpn_dc_amt,쿠폰할인금액,14,
ods,dlvr_svc_mbr_pmon_agg2,tr_svfe,거래봉사료,15,
ods,dlvr_svc_mbr_pmon_agg2,tr_user_pnt_amt,거래사용자포인트금액,16,
ods,dlvr_svc_mbr_pmon_agg2,tr_crd_pnt_amt,거래카드포인트금액,17,
ods,dlvr_svc_mbr_pmon_agg2,fee,수수료,18,
ods,dlvr_svc_mbr_pmon_agg2,tot_ccnt,전체건수,19,
ods,dlvr_svc_mbr_pmon_agg2,apv_ccnt,승인건수,20,
ods,dlvr_svc_mbr_pmon_agg2,dc_ccnt,할인건수,21,
ods,dlvr_svc_mbr_pmon_agg2,bala_use_ccnt,잔액사용건수,22,
ods,dlvr_svc_mbr_pmon_agg2,pnt_ccnt,포인트사용건수,23,
ods,dlvr_svc_mbr_pmon_agg2,mc_dc_ccnt,가맹점할인건수,24,
ods,dlvr_svc_mbr_pmon_agg2,cpn_dc_ccnt,쿠폰할인건수,25,
ods,dlvr_svc_mbr_pmon_agg2,tot_cncl_ccnt,전체취소건수,26,
ods,dlvr_svc_mbr_pmon_agg2,auto_cncl_ccnt,자동취소건수,27,
ods,dlvr_svc_mbr_pmon_agg2,mc_cncl_ccnt,가맹점취소건수,28,
ods,dlvr_svc_mbr_pmon_agg2,mbr_cncl_ccnt,회원취소건수,29,
ods,dlvr_svc_mbr_pmon_agg2,ctc_cncl_ccnt,고객센터취소건수,30,
ods,dlvr_svc_mbr_pmon_agg2,fail_cncl_ccnt,실패취소건수,31,
ods,dlvr_svc_mbr_pmon_agg2,bfm_fst_ordr_mbr_cnt,전월최초주문회원수,32,
ods,dlvr_svc_mbr_pmon_agg2,bfm_mbr_cnt,전월회원수,33,
ods,dlvr_svc_mbr_pmon_agg2,bfm_tot_mbr_cnt,전월전체회원수,34,
ods,dlvr_svc_mbr_pmon_agg2,bfm_gm_tr_amt,전월전문거래금액,35,
ods,dlvr_svc_mbr_pmon_agg2,bfm_bala_use_amt,전월잔액사용금액,36,
ods,dlvr_svc_mbr_pmon_agg2,bfm_dc_amt,전월할인금액(가맹점+쿠폰),37,
ods,dlvr_svc_mbr_pmon_agg2,bfm_mc_dc_amt,전월가맹점할인금액,38,
ods,dlvr_svc_mbr_pmon_agg2,bfm_cpn_dc_amt,전월쿠폰할인금액,39,
ods,dlvr_svc_mbr_pmon_agg2,bfm_tr_svfe,전월거래봉사료,40,
ods,dlvr_svc_mbr_pmon_agg2,bfm_tr_user_pnt_amt,전월거래사용자포인트금액,41,
ods,dlvr_svc_mbr_pmon_agg2,bfm_tr_crd_pnt_amt,전월거래카드포인트금액,42,
ods,dlvr_svc_mbr_pmon_agg2,bfm_fee,전월수수료,43,
ods,dlvr_svc_mbr_pmon_agg2,bfm_tot_ccnt,전월전체건수,44,
ods,dlvr_svc_mbr_pmon_agg2,bfm_apv_ccnt,전월승인건수,45,
ods,dlvr_svc_mbr_pmon_agg2,bfm_dc_ccnt,전월할인건수,46,
ods,dlvr_svc_mbr_pmon_agg2,bfm_mc_dc_ccnt,전월가맹점할인건수,47,
ods,dlvr_svc_mbr_pmon_agg2,bfm_cpn_dc_ccnt,전월쿠폰할인건수,48,
ods,dlvr_svc_mbr_pmon_agg2,bfm_bala_use_ccnt,전월잔액사용건수,49,
ods,dlvr_svc_mbr_pmon_agg2,bfm_pnt_ccnt,전월포인트사용건수,50,
ods,dlvr_svc_mbr_pmon_agg2,bfm_tot_cncl_ccnt,전월전체취소건수,51,
ods,dlvr_svc_mbr_pmon_agg2,bfm_auto_cncl_ccnt,전월자동취소건수,52,
ods,dlvr_svc_mbr_pmon_agg2,bfm_mc_cncl_ccnt,전월가맹점취소건수,53,
ods,dlvr_svc_mbr_pmon_agg2,bfm_mbr_cncl_ccnt,전월회원취소건수,54,
ods,dlvr_svc_mbr_pmon_agg2,bfm_ctc_cncl_ccnt,전월고객센터취소건수,55,
ods,dlvr_svc_mbr_pmon_agg2,bfm_fail_cncl_ccnt,전월실패취소건수,56,
ods,dlvr_svc_mbr_pmon_agg2,hdfs_upd_dttm,하둡변경일시,57,
ods,dmc_byst_agg,sido_nm,시도명,1,직가맹점의 상태(정상/중지/해지)별 가맹점/사업자수 집계
ods,dmc_byst_agg,sgg_nm,시군구명,2,직가맹점의 상태(정상/중지/해지)별 가맹점/사업자수 집계
ods,dmc_byst_agg,sl_cd,매출코드,3,직가맹점의 상태(정상/중지/해지)별 가맹점/사업자수 집계
ods,dmc_byst_agg,kn_bztp_lcl_nm,코나업종대분류명,4,직가맹점의 상태(정상/중지/해지)별 가맹점/사업자수 집계
ods,dmc_byst_agg,kn_bztp_scl_nm,코나업종소분류명,5,직가맹점의 상태(정상/중지/해지)별 가맹점/사업자수 집계
ods,dmc_byst_agg,psnl_corp_dv_cd,개인법인구분코드,6,직가맹점의 상태(정상/중지/해지)별 가맹점/사업자수 집계
ods,dmc_byst_agg,mc_st_cd,가맹점상태코드(정상/중지/해지),7,직가맹점의 상태(정상/중지/해지)별 가맹점/사업자수 집계
ods,dmc_byst_agg,mc_cnt,가맹점수(가맹점ID기준),8,직가맹점의 상태(정상/중지/해지)별 가맹점/사업자수 집계
ods,dmc_byst_agg,bz_cnt,사업자수(사업자등록번호기준),9,직가맹점의 상태(정상/중지/해지)별 가맹점/사업자수 집계
ods,dmc_byst_agg,hdfs_upd_dttm,하둡변경일시,10,직가맹점의 상태(정상/중지/해지)별 가맹점/사업자수 집계
ods,dmc_stlm_agg,key_apv_ym,기준년월(파티션용으로 int),1,직가맹 결제 정보 집계(매입사 결제와 비교)
ods,dmc_stlm_agg,sido_nm,시도명,2,직가맹 결제 정보 집계(매입사 결제와 비교)
ods,dmc_stlm_agg,sgg_nm,시군구명,3,직가맹 결제 정보 집계(매입사 결제와 비교)
ods,dmc_stlm_agg,acqr_dv_cd,매입사구분코드(BC/KB/HN/SH/NH/PAYCO/SSUM/KONA),4,직가맹 결제 정보 집계(매입사 결제와 비교)
ods,dmc_stlm_agg,apv_ym,기준년월(string),5,직가맹 결제 정보 집계(매입사 결제와 비교)
ods,dmc_stlm_agg,stlm_mc_cnt,결제가맹점수,6,직가맹 결제 정보 집계(매입사 결제와 비교)
ods,dmc_stlm_agg,tot_stlm_amt,총결제금액,7,직가맹 결제 정보 집계(매입사 결제와 비교)
ods,dmc_stlm_agg,avg_mc_feert,평균 가맹점수수료율,8,직가맹 결제 정보 집계(매입사 결제와 비교)
ods,dmc_stlm_agg,fee_amt,가맹점수수료금액,9,직가맹 결제 정보 집계(매입사 결제와 비교)
ods,dmc_stlm_agg,bfm_stlm_mc_cnt,전월결제가맹점수,10,직가맹 결제 정보 집계(매입사 결제와 비교)
ods,dmc_stlm_agg,bfm_tot_stlm_amt,전월총결제금액,11,직가맹 결제 정보 집계(매입사 결제와 비교)
ods,dmc_stlm_agg,bfm_avg_mc_feert,전월평균가맹점수수료율,12,직가맹 결제 정보 집계(매입사 결제와 비교)
ods,dmc_stlm_agg,bfm_fee_amt,전월가맹점수수료금액,13,직가맹 결제 정보 집계(매입사 결제와 비교)
ods,dmc_stlm_agg,hdfs_upd_dttm,하둡변경일시,14,직가맹 결제 정보 집계(매입사 결제와 비교)
ods,exn_par,par_no,PAR번호,1,
ods,exn_par,crnt_exn_dt,현재만료일자,2,
ods,exn_par,fst_exn_dt,첫만료일자,3,
ods,exn_par,crd_st_cd,카드상태코드,4,
ods,exn_par,svc_id,서비스ID,5,
ods,exn_par,exts_psbl_yn,연장가능여부,6,
ods,exn_par,rep_ka_id,KA ID,7,
ods,exn_par,asp_id,ASP ID,8,
ods,exn_par,mbr_id,회원ID,9,
ods,exn_par,mbr_act_st_cd,회원상태코드,10,
ods,exn_par,mbr_grd_cd,회원등급코드,11,
ods,exn_par,last_bala,최종잔액,12,
ods,exn_par,last_apv_dttm,최종승일일시,13,
ods,exn_par,exts_dttm,연장일시,14,
ods,exn_par,hdfs_upd_dttm,하둡변경일시,15,
ods,itg_bztp_sl_bymm_agg,key_apv_ym,기준년월(파티션용 int),1,통합업종(코나아이 기준) 매출 월별 집계
ods,itg_bztp_sl_bymm_agg,asp_nm,ASP명,2,통합업종(코나아이 기준) 매출 월별 집계
ods,itg_bztp_sl_bymm_agg,rep_ka_nm,대표KA명,3,통합업종(코나아이 기준) 매출 월별 집계
ods,itg_bztp_sl_bymm_agg,kn_bztp_lcl_nm,코나업종대분류명,4,통합업종(코나아이 기준) 매출 월별 집계
ods,itg_bztp_sl_bymm_agg,kn_bztp_scl_nm,코나업종소분류명,5,통합업종(코나아이 기준) 매출 월별 집계
ods,itg_bztp_sl_bymm_agg,sex_cd,성별,6,통합업종(코나아이 기준) 매출 월별 집계
ods,itg_bztp_sl_bymm_agg,ageg,연령대,7,통합업종(코나아이 기준) 매출 월별 집계
ods,itg_bztp_sl_bymm_agg,asp_grp_nm,"ASP그룹명(지역화폐, 코나카드)",8,통합업종(코나아이 기준) 매출 월별 집계
ods,itg_bztp_sl_bymm_agg,apv_ym,기준년월,9,통합업종(코나아이 기준) 매출 월별 집계
ods,itg_bztp_sl_bymm_agg,stlm_amt,결제금액,10,통합업종(코나아이 기준) 매출 월별 집계
ods,itg_bztp_sl_bymm_agg,stlm_cnt,결제건수,11,통합업종(코나아이 기준) 매출 월별 집계
ods,itg_bztp_sl_bymm_agg,stlm_mc_cnt,결제가맹점수,12,통합업종(코나아이 기준) 매출 월별 집계
ods,itg_bztp_sl_bymm_agg,stlm_mbr_cnt,결제회원수,13,통합업종(코나아이 기준) 매출 월별 집계
ods,itg_bztp_sl_bymm_agg,bfm_stlm_amt,전월결제금액,14,통합업종(코나아이 기준) 매출 월별 집계
ods,itg_bztp_sl_bymm_agg,bfm_stlm_cnt,전월결제건수,15,통합업종(코나아이 기준) 매출 월별 집계
ods,itg_bztp_sl_bymm_agg,bfm_stlm_mc_cnt,전월결제가맹점수,16,통합업종(코나아이 기준) 매출 월별 집계
ods,itg_bztp_sl_bymm_agg,bfm_stlm_mbr_cnt,전월결제회원수,17,통합업종(코나아이 기준) 매출 월별 집계
ods,itg_bztp_sl_bymm_agg,hdfs_upd_dttm,하둡변경일시,18,통합업종(코나아이 기준) 매출 월별 집계
ods,lgft_ka_reg_agg,key_apv_ym,기준년월(파티션용 int),1,지역사랑상품권 KA 단위의 등록 수 집계
ods,lgft_ka_reg_agg,st_cd,상태코드(등록 및 해지),2,지역사랑상품권 KA 단위의 등록 수 집계
ods,lgft_ka_reg_agg,asp_nm,ASP명,3,지역사랑상품권 KA 단위의 등록 수 집계
ods,lgft_ka_reg_agg,rep_ka_nm,대표KA명,4,지역사랑상품권 KA 단위의 등록 수 집계
ods,lgft_ka_reg_agg,sl_cd,매출코드,5,지역사랑상품권 KA 단위의 등록 수 집계
ods,lgft_ka_reg_agg,kn_bztp_lcl_nm,코나업종대분류명,6,지역사랑상품권 KA 단위의 등록 수 집계
ods,lgft_ka_reg_agg,kn_bztp_scl_nm,코나업종소분류명,7,지역사랑상품권 KA 단위의 등록 수 집계
ods,lgft_ka_reg_agg,apv_ym,기준년월(string),8,지역사랑상품권 KA 단위의 등록 수 집계
ods,lgft_ka_reg_agg,mc_cnt,가맹점수(등록 및 해지),9,지역사랑상품권 KA 단위의 등록 수 집계
ods,lgft_ka_reg_agg,tot_mc_cnt,전체가맹점수,10,지역사랑상품권 KA 단위의 등록 수 집계
ods,lgft_ka_reg_agg,bfm_mc_cnt,전월가맹점수,11,지역사랑상품권 KA 단위의 등록 수 집계
ods,lgft_ka_reg_agg,bfm_tot_mc_cnt,전월전체가맹점수,12,지역사랑상품권 KA 단위의 등록 수 집계
ods,lgft_ka_reg_agg,hdfs_upd_dttm,하둡변경일시,13,지역사랑상품권 KA 단위의 등록 수 집계
ods,lgft_ka_stlm_agg,key_apv_ym,기준년월(파티션용 int),1,지역사랑상품권 KA 단위의 결제가맹점수 및 결제금액 집계
ods,lgft_ka_stlm_agg,asp_nm,ASP명,2,지역사랑상품권 KA 단위의 결제가맹점수 및 결제금액 집계
ods,lgft_ka_stlm_agg,rep_ka_nm,대표KA명,3,지역사랑상품권 KA 단위의 결제가맹점수 및 결제금액 집계
ods,lgft_ka_stlm_agg,kn_bztp_lcl_nm,업종,4,지역사랑상품권 KA 단위의 결제가맹점수 및 결제금액 집계
ods,lgft_ka_stlm_agg,kn_bztp_scl_nm,상세업종,5,지역사랑상품권 KA 단위의 결제가맹점수 및 결제금액 집계
ods,lgft_ka_stlm_agg,sl_cd,매출코드,6,지역사랑상품권 KA 단위의 결제가맹점수 및 결제금액 집계
ods,lgft_ka_stlm_agg,apv_ym,기준년월,7,지역사랑상품권 KA 단위의 결제가맹점수 및 결제금액 집계
ods,lgft_ka_stlm_agg,tot_mc_cnt,전체가맹점수,8,지역사랑상품권 KA 단위의 결제가맹점수 및 결제금액 집계
ods,lgft_ka_stlm_agg,stlm_mc_cnt,결제가맹점수,9,지역사랑상품권 KA 단위의 결제가맹점수 및 결제금액 집계
ods,lgft_ka_stlm_agg,stlm_amt,결제금액,10,지역사랑상품권 KA 단위의 결제가맹점수 및 결제금액 집계
ods,lgft_ka_stlm_agg,stlm_cnt,결제건수,11,지역사랑상품권 KA 단위의 결제가맹점수 및 결제금액 집계
ods,lgft_ka_stlm_agg,stlm_mbr_cnt,결제회원수,12,지역사랑상품권 KA 단위의 결제가맹점수 및 결제금액 집계
ods,lgft_ka_stlm_agg,bfm_tot_mc_cnt,전월전체가맹점수,13,지역사랑상품권 KA 단위의 결제가맹점수 및 결제금액 집계
ods,lgft_ka_stlm_agg,bfm_stlm_mc_cnt,전월결제가맹점수,14,지역사랑상품권 KA 단위의 결제가맹점수 및 결제금액 집계
ods,lgft_ka_stlm_agg,bfm_stlm_amt,전월결제금액,15,지역사랑상품권 KA 단위의 결제가맹점수 및 결제금액 집계
ods,lgft_ka_stlm_agg,bfm_stlm_cnt,전월결제건수,16,지역사랑상품권 KA 단위의 결제가맹점수 및 결제금액 집계
ods,lgft_ka_stlm_agg,bfm_stlm_mbr_cnt,전월결제회원수,17,지역사랑상품권 KA 단위의 결제가맹점수 및 결제금액 집계
ods,lgft_ka_stlm_agg,hdfs_upd_dttm,하둡변경일시,18,지역사랑상품권 KA 단위의 결제가맹점수 및 결제금액 집계
ods,lgft_ods,pt_cre_yy,파티션생성년도(시스템생성일시의 yyyy),1,"지역사랑상품권의 사용처GRP_ID와 매핑된 가맹점ID의 이력테이블이며, 23년 9월 12일부터 적재"
ods,lgft_ods,st_cd,상태코드(신규등록 및 해지,2,"지역사랑상품권의 사용처GRP_ID와 매핑된 가맹점ID의 이력테이블이며, 23년 9월 12일부터 적재"
ods,lgft_ods,sys_cre_dttm,시스템생성일시,3,"지역사랑상품권의 사용처GRP_ID와 매핑된 가맹점ID의 이력테이블이며, 23년 9월 12일부터 적재"
ods,lgft_ods,sys_upd_dttm,시스템수정일시,4,"지역사랑상품권의 사용처GRP_ID와 매핑된 가맹점ID의 이력테이블이며, 23년 9월 12일부터 적재"
ods,lgft_ods,asp_id,ASP ID,5,"지역사랑상품권의 사용처GRP_ID와 매핑된 가맹점ID의 이력테이블이며, 23년 9월 12일부터 적재"
ods,lgft_ods,ka_id,KA ID,6,"지역사랑상품권의 사용처GRP_ID와 매핑된 가맹점ID의 이력테이블이며, 23년 9월 12일부터 적재"
ods,lgft_ods,mc_grp_mapng_hist_sno,가맹점그룹매핑이력일련번호,7,"지역사랑상품권의 사용처GRP_ID와 매핑된 가맹점ID의 이력테이블이며, 23년 9월 12일부터 적재"
ods,lgft_ods,mc_id,가맹점ID,8,"지역사랑상품권의 사용처GRP_ID와 매핑된 가맹점ID의 이력테이블이며, 23년 9월 12일부터 적재"
ods,lgft_ods,mc_grp_id,가맹점그룹ID,9,"지역사랑상품권의 사용처GRP_ID와 매핑된 가맹점ID의 이력테이블이며, 23년 9월 12일부터 적재"
ods,lgft_ods,mc_grp_type_cd,"가맹점그룹유형코드(대표사용처, 대표특벌사용처, 하위사용처, 하위특별사용처)",10,"지역사랑상품권의 사용처GRP_ID와 매핑된 가맹점ID의 이력테이블이며, 23년 9월 12일부터 적재"
ods,lgft_ods,mc_grp_cd,가맹점그룹코드,11,"지역사랑상품권의 사용처GRP_ID와 매핑된 가맹점ID의 이력테이블이며, 23년 9월 12일부터 적재"
ods,lgft_ods,acqr_dv_cd,매입사구분코드,12,"지역사랑상품권의 사용처GRP_ID와 매핑된 가맹점ID의 이력테이블이며, 23년 9월 12일부터 적재"
ods,lgft_ods,sl_cd,매출코드,13,"지역사랑상품권의 사용처GRP_ID와 매핑된 가맹점ID의 이력테이블이며, 23년 9월 12일부터 적재"
ods,lgft_ods,bzno,사업자등록번호,14,"지역사랑상품권의 사용처GRP_ID와 매핑된 가맹점ID의 이력테이블이며, 23년 9월 12일부터 적재"
ods,lgft_ods,acqr_bztp_cd,매입사업종코드,15,"지역사랑상품권의 사용처GRP_ID와 매핑된 가맹점ID의 이력테이블이며, 23년 9월 12일부터 적재"
ods,lgft_ods,kn_bztp_lcl_nm,코나업종대분류명,16,"지역사랑상품권의 사용처GRP_ID와 매핑된 가맹점ID의 이력테이블이며, 23년 9월 12일부터 적재"
ods,lgft_ods,kn_bztp_mcl_nm,코나업종중분류명,17,"지역사랑상품권의 사용처GRP_ID와 매핑된 가맹점ID의 이력테이블이며, 23년 9월 12일부터 적재"
ods,lgft_ods,kn_bztp_scl_nm,코나업종소분류명,18,"지역사랑상품권의 사용처GRP_ID와 매핑된 가맹점ID의 이력테이블이며, 23년 9월 12일부터 적재"
ods,lgft_ods,asp_nm,ASP명,19,"지역사랑상품권의 사용처GRP_ID와 매핑된 가맹점ID의 이력테이블이며, 23년 9월 12일부터 적재"
ods,lgft_ods,ka_nm,KA명,20,"지역사랑상품권의 사용처GRP_ID와 매핑된 가맹점ID의 이력테이블이며, 23년 9월 12일부터 적재"
ods,lgft_ods,hdfs_upd_dttm,하둡변경일시,21,"지역사랑상품권의 사용처GRP_ID와 매핑된 가맹점ID의 이력테이블이며, 23년 9월 12일부터 적재"
ods,mbr_bydt_agg,pt_cre_dt,파티션일자(생성일자),1,
ods,mbr_bydt_agg,asp_id,asp_id,2,
ods,mbr_bydt_agg,mbr_jn_grd_st_cdnm,회원가입등급상태코드명,3,
ods,mbr_bydt_agg,mbr_grd_cd,회원등급코드,4,
ods,mbr_bydt_agg,mbr_jn_chnl_cd,회원가입채널코드,5,
ods,mbr_bydt_agg,sex_cdnm,성별코드명,6,
ods,mbr_bydt_agg,ageg_cd,연령대코드,7,
ods,mbr_bydt_agg,cri_dt,기준일자(yyyy-mm-dd),8,
ods,mbr_bydt_agg,asp_nm,asp명,9,
ods,mbr_bydt_agg,asp_grp_nm,사업분류명,10,
ods,mbr_bydt_agg,mbr_cnt,회원수,11,
ods,mbr_bydt_agg,hdfs_upd_dttm,하둡변경일시,12,
ods,mkt_rcv_agrm_acum,cri_dt,기준일자,1,
ods,mkt_rcv_agrm_acum,asp_id,ASP ID,2,
ods,mkt_rcv_agrm_acum,asp_nm,ASP명,3,
ods,mkt_rcv_agrm_acum,psh_rcv_agrm_mbr_cnt,PUSH수신동의회원수,4,
ods,mkt_rcv_agrm_acum,sms_rcv_agrm_mbr_cnt,SMS수신동의회원수,5,
ods,mkt_rcv_agrm_acum,email_rcv_agrm_mbr_cnt,EMAIL수신동의회원수,6,
ods,mkt_rcv_agrm_acum,ars_rcv_agrm_mbr_cnt,ARS수신동의회원수,7,
ods,mkt_rcv_agrm_acum,mkt_rcv_agrm_mbr_cnt,"마케팅수신동의회원수(push,sms,email,ars 넷 중 하나라도 수신동의한 회원)",8,
ods,mkt_rcv_agrm_acum,hdfs_upd_dttm,하둡변경일시,9,
ods,mktn_rcv_agrm_mbr_cnt_bydt_agg,cri_dt,기준일자,1,누적마케팅동의회원수
ods,mktn_rcv_agrm_mbr_cnt_bydt_agg,asp_id,asp_id,2,누적마케팅동의회원수
ods,mktn_rcv_agrm_mbr_cnt_bydt_agg,asp_nm,asp명,3,누적마케팅동의회원수
ods,mktn_rcv_agrm_mbr_cnt_bydt_agg,psh_rcv_agrm_mbr_cnt,푸시동의회원수,4,누적마케팅동의회원수
ods,mktn_rcv_agrm_mbr_cnt_bydt_agg,sms_rcv_agrm_mbr_cnt,SMS동의회원수,5,누적마케팅동의회원수
ods,mktn_rcv_agrm_mbr_cnt_bydt_agg,email_rcv_agrm_mbr_cnt,email동의회원수,6,누적마케팅동의회원수
ods,mktn_rcv_agrm_mbr_cnt_bydt_agg,ars_rcv_agrm_mbr_cnt,ars동의회원수,7,누적마케팅동의회원수
ods,mktn_rcv_agrm_mbr_cnt_bydt_agg,hdfs_upd_dttm,하둡변경일시,8,누적마케팅동의회원수
ods,mktn_rcv_agrm_mbr_cnt_bydt_agg,pt_ci_yy,,9,누적마케팅동의회원수
ods,spps_agg,dow,요일,1,
ods,spps_agg,hr,시간,2,
ods,spps_agg,asp_nm,ASP,3,
ods,spps_agg,rep_ka_nm,KA,4,
ods,spps_agg,spps_nm,부가서비스명,5,
ods,spps_agg,tab_nm,화면,6,
ods,spps_agg,loc_nm,구좌위치,7,
ods,spps_agg,dtl_loc_nm,구좌상세위치,8,
ods,spps_agg,cnts_id,컨텐츠ID,9,
ods,spps_agg,img_url,이미지URL,10,
ods,spps_agg,exps_prity,우선순위,11,
ods,spps_agg,sex_cd,성별,12,
ods,spps_agg,ageg,연령대,13,
ods,spps_agg,exp_cnt,노출수,14,
ods,spps_agg,click_cnt,클릭수,15,
ods,spps_agg,exp_mbr_cnt,노출회원수,16,
ods,spps_agg,click_mbr_cnt,클릭회원수,17,
ods,spps_agg,ymd,,18,
ods,trv_crd_isu_rls_bymm_agg,key_cri_ym,카드기준연월,1,월별 트래블제로카드 발급 및 해지 집계
ods,trv_crd_isu_rls_bymm_agg,sex_cd,성별코드,2,월별 트래블제로카드 발급 및 해지 집계
ods,trv_crd_isu_rls_bymm_agg,ageg,연령대,3,월별 트래블제로카드 발급 및 해지 집계
ods,trv_crd_isu_rls_bymm_agg,svc_nm,서비스명,4,월별 트래블제로카드 발급 및 해지 집계
ods,trv_crd_isu_rls_bymm_agg,isu_crd_cnt,발급카드수,5,월별 트래블제로카드 발급 및 해지 집계
ods,trv_crd_isu_rls_bymm_agg,isu_mbr_cnt,발급회원수,6,월별 트래블제로카드 발급 및 해지 집계
ods,trv_crd_isu_rls_bymm_agg,rls_crd_cnt,해지카드수,7,월별 트래블제로카드 발급 및 해지 집계
ods,trv_crd_isu_rls_bymm_agg,rls_mbr_cnt,해지회원수,8,월별 트래블제로카드 발급 및 해지 집계
ods,trv_crd_isu_rls_bymm_agg,bfm_isu_crd_cnt,전월발급카드수,9,월별 트래블제로카드 발급 및 해지 집계
ods,trv_crd_isu_rls_bymm_agg,bfm_isu_mbr_cnt,전월발급회원수,10,월별 트래블제로카드 발급 및 해지 집계
ods,trv_crd_isu_rls_bymm_agg,bfm_rls_crd_cnt,전월해지카드수,11,월별 트래블제로카드 발급 및 해지 집계
ods,trv_crd_isu_rls_bymm_agg,bfm_rls_mbr_cnt,전월해지회원수,12,월별 트래블제로카드 발급 및 해지 집계
ods,trv_crd_isu_rls_bymm_agg,hdfs_upd_dttm,하둡변경일시,13,월별 트래블제로카드 발급 및 해지 집계
por,admin_balance_mapping,adm_crd_chrg_mgmt_sno,관리자잔액그룹ID,1,
por,admin_balance_mapping,adm_bala_grp_mapng_sno,배치ID,2,
por,admin_balance_mapping,par_no,PAR번호,3,
por,admin_balance_mapping,rqs_amt,요청금액,4,
por,admin_balance_mapping,rqs_apv_amt,금액,5,
por,admin_balance_mapping,adm_bala_mapng_st_cd,관리자잔액매핑상태코드,6,
por,admin_balance_mapping,occr_rsn_cn,발생사유내용,7,
por,admin_balance_mapping,enc_tokn_no,암호화TOKEN번호,8,
por,admin_balance_mapping,sys_cre_dttm,시스템생성일시,9,
por,admin_balance_mapping,sys_upd_dttm,시스템수정일시,10,
por,admin_balance_mapping,adm_bala_rs_cd,관리자잔액결과코드,11,
por,admin_balance_mapping,hdfs_upd_dttm,하둡변경일시,12,
por,bc_merchant_code,bztp_lcl_cd,BC업종그룹코드,1,
por,bc_merchant_code,bztp_cd,업종코드,2,
por,bc_merchant_code,bztp_lcl_nm,업종명,3,
por,bc_merchant_code,bztp_nm,업종코드상세명,4,
por,bc_merchant_code,hdfs_upd_dttm,하둡변경일시,5,
por,cmn_biztype_map_cd,bztp_cd_mapng_id,업종코드매핑ID,1,
por,cmn_biztype_map_cd,bztp_cd,업종코드,2,
por,cmn_biztype_map_cd,bztp_cdnm,업종코드명,3,
por,cmn_biztype_map_cd,bztp_mapng_cd,업종매핑코드,4,
por,cmn_biztype_map_cd,bztp_dscr,업종설명,5,
por,cmn_biztype_map_cd,acqr_dv_cd,매입사구분코드,6,
por,cmn_biztype_map_cd,bztp_stge_cd,업종단계코드,7,
por,cmn_biztype_map_cd,hier_bztp_cd,상위업종코드,8,
por,cmn_biztype_map_cd,sys_cre_dttm,시스템생성일시,9,
por,cmn_biztype_map_cd,sys_cre_id,시스템생성자ID,10,
por,cmn_biztype_map_cd,sys_upd_dttm,시스템수정일시,11,
por,cmn_biztype_map_cd,sys_upd_id,시스템수정자ID,12,
por,cmn_biztype_map_cd,hdfs_upd_dttm,하둡변경일시,13,
por,common,cm_cd_lcl_cd,공통코드대분류코드,1,
por,common,cm_cd_mcl_cd,공통코드중분류코드,2,
por,common,cm_cd_scl_cd,공통코드소분류코드,3,
por,common,cd_knm,코드한글명,4,
por,common,cd_mtn_nm_1,코드다국어명1,5,
por,common,cd_mtn_nm_2,코드다국어명2,6,
por,common,cd_mtn_nm_3,코드다국어명3,7,
por,common,lnup_ode,정렬순서,8,
por,common,rmk_cn,비고내용,9,
por,common,use_yn,사용여부,10,
por,common,sys_cre_dttm,시스템생성일시,11,
por,common,sys_upd_dttm,시스템수정일시,12,
por,common,kn_isd_lnk_cd,코나내부연동코드,13,
por,common,kr_nm,한국어명,14,
por,common,en_nm,영어명,15,
por,common,ch_nm,중국어명,16,
por,common,jp_nm,일본어명,17,
por,common,vi_nm,베트남어명,18,
por,common,th_nm,태국어명,19,
por,common,ru_nm,러시아어명,20,
por,common,bn_nm,방글라데시아어명,21,
por,common,in_nm,인도네시아어명,22,
por,common,hdfs_upd_dttm,하둡변경일시,23,
por,contract,plfp_con_sno,포털계약번호,1,
por,contract,dc_con_type_cd,할인계약유형코드,2,
por,contract,mdwy_rsg_yn,중도해지여부,3,
por,contract,ptn_id,포털파트너번호,4,
por,contract,con_nm,계약명,5,
por,contract,dcrt,할인율,6,
por,contract,pbl_amt,발행금액,7,
por,contract,con_ptn_dscr_cn,계약파트너설명내용,8,
por,contract,con_strt_dt,계약시작일자,9,
por,contract,con_end_dt,계약종료일자,10,
por,contract,sfty_stoc_rate,안전재고비율,11,
por,contract,sys_cre_dttm,시스템생성일시,12,
por,contract,sys_upd_dttm,시스템수정일시,13,
por,contract,use_yn,사용여부,14,
por,contract,cri_amt,기준금액,15,
por,contract,dmc_id,파트너ID,16,
por,contract,asp_id,상품연결가능ASP_ID,17,
por,contract,kn_ptn_yn,코나파트너여부,18,
por,contract,ptn_nm,파트너명,19,
por,contract,bzno,사업자등록번호,20,
por,contract,con_dstb_entr_dv_cd,계약유통위탁구분코드,21,
por,contract,ern_cri_dv_cd,수익기준구분코드,22,
por,contract,hdfs_upd_dttm,하둡변경일시,23,
por,contract,pacq_clr_type_cd,선매입정산유형코드,24,
por,contract_history,plfp_con_hist_sno,계약이력일련번호,1,
por,contract_history,plfp_con_sno,포털계약번호,2,
por,contract_history,con_cn_chg_st_cd,계약내용변경상태코드,3,
por,contract_history,con_dtl_cn,계약상세내용,4,
por,contract_history,stoc_amt,재고금액,5,
por,contract_history,add_amt,추가금액,6,
por,contract_history,vl_dt,유효일자,7,
por,contract_history,sys_upd_dttm,시스템수정일시,8,
por,contract_history,sys_cre_dttm,시스템생성일시,9,
por,contract_history,use_yn,사용여부,10,
por,contract_history,hdfs_upd_dttm,하둡변경일시,11,
por,coupon_discount,svc_id,상품번호,1,
por,coupon_discount,dc_bnf_id,상품할인일련번호,2,
por,coupon_discount,dc_bnf_sno,할인혜택일련번호,3,
por,coupon_discount,dc_apy_prity,할인적용우선순위,4,
por,coupon_discount,dc_type_cd,할인유형코드,5,
por,coupon_discount,sub_dc_type_cd,세부할인유형코드,6,
por,coupon_discount,pacq_yn,선매입여부,7,
por,coupon_discount,dc_famt_frte_dv_cd,할인정액정률구분코드,8,
por,coupon_discount,dc_val,할인값,9,
por,coupon_discount,dc_strt_dt,할인시작일자,10,
por,coupon_discount,dc_end_dt,할인종료일자,11,
por,coupon_discount,dc_lmt_type_cd,할인한도유형코드,12,
por,coupon_discount,dc_lmt_tmcnt,할인한도횟수,13,
por,coupon_discount,minm_stlm_amt_cnd_amt,최소결제금액조건금액,14,
por,coupon_discount,once_dc_lmt_amt,1회할인한도금액,15,
por,coupon_discount,dc_apy_mc_grp_id,할인가맹점그룹ID,16,
por,coupon_discount,dc_xcpt_mc_grp_id,제외할인가맹점그룹ID,17,
por,coupon_discount,plfp_con_sno,포털계약번호,18,
por,coupon_discount,af_clr_dc_brdr_pfrm_prvr_val,후정산할인부담율플랫폼제공자값,19,
por,coupon_discount,af_clr_dc_brdr_mc_ptn_sno,후정산할인부담율가맹점파트너일련번호,20,
por,coupon_discount,af_clr_dc_brdr_mc_prvr_val,후정산할인부담율가맹점제공자값,21,
por,coupon_discount,af_clr_dc_bu_tfth_role_dv_cd,후정산할인부담제4자역할구분코드,22,
por,coupon_discount,af_clr_dc_brdr_tthr_ptn_sno,후정산할인부담율제3자파트너일련번호,23,
por,coupon_discount,af_clr_dc_brdr_tthr_val,후정산할인부담율제3자값,24,
por,coupon_discount,acqr_dv_cd,매입사구분코드,25,
por,coupon_discount,hdfs_upd_dttm,하둡변경일시,26,
por,discount,dc_bnf_id,할인번호,1,
por,discount,dc_bnf_cd,상품할인적용유형코드,2,
por,discount,dc_famt_frte_dv_cd,할인정액정률구분코드,3,
por,discount,dc_val,할인값,4,
por,discount,dc_cnd_type_cd,할인조건유형코드,5,
por,discount,dc_lm_qty,할인제한수량,6,
por,discount,dc_strt_dttm,할인시작일시,7,
por,discount,dc_end_dttm,할인기간종료일시,8,
por,discount,dc_apy_mndy_yn,할인적용월요일여부,9,
por,discount,dc_apy_tsdy_yn,할인적용화요일여부,10,
por,discount,dc_apy_wndy_yn,할인적용수요일여부,11,
por,discount,dc_apy_thu_yn,할인적용목요일여부,12,
por,discount,dc_apy_frdy_yn,할인적용금요일여부,13,
por,discount,dc_apy_sat_yn,할인적용토요일여부,14,
por,discount,dc_apy_sun_yn,할인적용일요일여부,15,
por,discount,use_yn,사용여부,16,
por,discount,sys_cre_dttm,시스템생성일시,17,
por,discount,sys_cre_id,시스템생성자ID,18,
por,discount,sys_cre_ip_addr,시스템생성자IP주소,19,
por,discount,sys_upd_dttm,시스템수정일시,20,
por,discount,sys_upd_id,시스템수정자ID,21,
por,discount,sys_upd_ip_addr,시스템수정자IP주소,22,
por,discount,tm_dc_bnf_type_cd,시간할인혜택유형코드,23,
por,discount,dc_bnf_sno,상품할인일련번호,24,
por,discount,bnf_prity,상품할인적용우선순위,25,
por,discount,plfp_con_sno,포털계약번호,26,
por,discount,dc_prid_strt_dttm,할인기간시작일시,27,
por,discount,sub_dc_bnf_cd,세부할인유형코드,28,
por,discount,pnt_extn_prid_cnt,포인트소멸기간개월수,29,
por,discount,asp_no,ASP번호,30,
por,discount,vl_prid_type_cd,유효기간유형코드,31,
por,discount,pnt_dsb_bugt_amt,포인트지급예산금액,32,
por,discount,pnt_plcy_id,포인트정책ID,33,
por,discount,pnt_vl_prid_spf_dttm,포인트유효기간특정일자,34,
por,discount,pnt_dv_cd,포인트구분코드,35,
por,discount,pnt_bowr_grp_id,캐시부담주체그룹ID,36,
por,discount,hdfs_upd_dttm,하둡변경일시,37,
por,discount_group,dc_bnf_grp_id,혜택그룹ID,1,
por,discount_group,dc_bnf_grp_nm,혜택그룹명,2,
por,discount_group,asp_no,ASP번호,3,
por,discount_group,use_yn,사용여부,4,
por,discount_group,sys_cre_dttm,시스템생성일시,5,
por,discount_group,sys_cre_id,시스템생성자ID,6,
por,discount_group,sys_cre_ip_addr,시스템생성자IP주소,7,
por,discount_group,sys_upd_dttm,시스템수정일시,8,
por,discount_group,sys_upd_id,시스템수정자ID,9,
por,discount_group,sys_upd_ip_addr,시스템수정자IP주소,10,
por,discount_group,dc_bnf_grp_type_cd,할인혜택그룹유형코드,11,
por,discount_group,hdfs_upd_dttm,하둡변경일시,12,
por,discount_group_map,dc_bnf_grp_id,혜택그룹ID,1,
por,discount_group_map,dc_bnf_id,할인번호,2,
por,discount_group_map,sys_upd_dttm,시스템수정일시,3,
por,discount_group_map,sys_upd_ip_addr,시스템수정자IP주소,4,
por,discount_group_map,sys_upd_id,시스템수정자ID,5,
por,discount_group_map,bnf_mb_lnup_ode,혜택모바일정렬순서,6,
por,discount_group_map,bnf_emps_yn,혜택강조여부,7,
por,discount_group_map,hdfs_upd_dttm,하둡변경일시,8,
por,discount_merchant,dc_bnf_id,할인번호,1,
por,discount_merchant,dc_prv_mc_grp_id,할인제공가맹점그룹ID,2,
por,discount_merchant,bnf_mc_gud_cn,가맹점안내내용,3,
por,discount_merchant,dc_bnf_mc_type_cd,할인혜택가맹점유형코드,4,
por,discount_merchant,use_yn,사용여부,5,
por,discount_merchant,dc_bnf_sno,상품할인일련번호,6,
por,discount_merchant,bnf_prity,우선순위,7,
por,discount_merchant,lm_mc_grp_id,제외할인가맹점그룹ID,8,
por,discount_merchant,acqr_dv_cd,매입채널코드,9,
por,discount_merchant,hdfs_upd_dttm,하둡변경일시,10,
por,discount_policy,dc_bnf_id,할인번호,1,
por,discount_policy,bnf_plcy_nm,혜택명,2,
por,discount_policy,re_sll_yn,재판매여부,3,
por,discount_policy,plfp_con_sno,포털계약번호,4,
por,discount_policy,af_clr_dc_brdr_pfrm_prvr_val,후정산할인부담율플랫폼제공자값,5,
por,discount_policy,af_clr_dc_brdr_mc_prvr_val,후정산할인부담율가맹점제공자값,6,
por,discount_policy,dc_lmt_unit_type_cd,할인한도단위유형코드,7,
por,discount_policy,bnf_lmt_amt,혜택한도금액,8,
por,discount_policy,bnf_dc_lmt_tmcnt,혜택할인한도횟수,9,
por,discount_policy,bybnf_dc_lmt_minm_stlm_amt,혜택별할인한도최소결제금액,10,
por,discount_policy,bfm_bnf_use_amt,혜택전월사용금액,11,
por,discount_policy,bnf_dscr_cn,혜택설명내용,12,
por,discount_policy,use_yn,사용여부,13,
por,discount_policy,dc_bnf_sno,상품할인일련번호,14,
por,discount_policy,bnf_prity,우선순위,15,
por,discount_policy,af_clr_dc_bu_tfth_role_dv_cd,후정산할인부담제4자역할구분코드,16,
por,discount_policy,af_clr_dc_bu_tfth_ptn_no,후정산할인부담제4자파트너번호,17,
por,discount_policy,af_clr_dc_brdr_tfth_val,후정산할인부담율제4자값,18,
por,discount_policy,dc_bnf_dv_cd,할인혜택구분코드,19,
por,discount_policy,dc_bnf_atnt_mttrs_cn,할인혜택유의사항내용,20,
por,discount_policy,dc_bnf_ctg_cd,할인혜택카테고리코드,21,
por,discount_policy,dc_bnf_tg_cn,할인혜택태그내용,22,
por,discount_policy,file_no,파일번호,23,
por,discount_policy,dc_bnf_img_file_sno,할인혜택이미지파일일련번호,24,
por,discount_policy,mb_lnup_ode,모바일정렬순서,25,
por,discount_policy,bfm_chrg_arsl_amt,전월충전실적금액,26,
por,discount_policy,exhb_dscp_nm,전시할인처명,27,
por,discount_policy,exhb_bnf_nm,전시혜택명,28,
por,discount_policy,drt_ins_tg_cn,직접입력태그내용,29,
por,discount_policy,bfm_arsl_incl_yn,전월실적포함여부,30,
por,discount_policy,once_dc_lmt_amt,1회할인한도금액,31,
por,discount_policy,pmtp_onl_dv_cd,결제처온라인구분코드,32,
por,discount_policy,bnf_intr_cn,혜택소개내용,33,
por,discount_policy,crd_itdl_apy_yn,카드통합할인한도적용여부,34,
por,discount_policy,hdfs_upd_dttm,하둡변경일시,35,
por,diy_coupon_mapping,diy_crd_apl_sno,DIY일련번호,1,
por,diy_coupon_mapping,enc_tokn_no,암호화TOKEN번호,2,
por,diy_coupon_mapping,cpn_no,쿠폰번호,3,
por,diy_coupon_mapping,sys_cre_dttm,시스템생성일시,4,
por,diy_coupon_mapping,hdfs_upd_dttm,하둡변경일시,5,
por,diy_order,diy_crd_ordr_id,ID,1,
por,diy_order,grp_id,그룹ID,2,
por,diy_order,diy_crd_ordr_no,포털DIY주문번호,3,
por,diy_order,ordr_dt,주문일자,4,
por,diy_order,odr_nm,주문자명,5,
por,diy_order,svc_nm,상품명,6,
por,diy_order,mfcm_cd,제조회사코드,7,
por,diy_order,svc_qty,상품수량,8,
por,diy_order,opt_cn,옵션내용,9,
por,diy_order,diy_crd_opt_dv_cd,DIY카드옵션구분코드,10,
por,diy_order,opt_prpc,옵션매입가,11,
por,diy_order,opt_amt,옵션금액,12,
por,diy_order,tot_stlm_amt,총결제금액,13,
por,diy_order,rcvr_psno,수취인우편번호,14,
por,diy_order,rcvr_wo_addr,수취인전체주소,15,
por,diy_order,ordr_memo_cn,주문메모내용,16,
por,diy_order,slpc,판매가,17,
por,diy_order,fcval,액면가,18,
por,diy_order,prpc,매입가,19,
por,diy_order,bnf_cpn_cn,혜택쿠폰내용,20,
por,diy_order,canv_img_png_file_nm,캔버스이미지PNG파일명,21,
por,diy_order,canv_img_jpg_file_nm,캔버스이미지JPG파일명,22,
por,diy_order,enc_tokn_no,암호화TOKEN번호,23,
por,diy_order,sys_cre_dttm,시스템생성일시,24,
por,diy_order,sys_upd_dttm,시스템수정일시,25,
por,diy_order,img_widt_lnth,이미지가로길이,26,
por,diy_order,hdfs_upd_dttm,하둡변경일시,27,
por,hana_merchant_code,bztp_lcl_cd,업종대분류코드,1,
por,hana_merchant_code,bztp_cd,소분류업종코드,2,
por,hana_merchant_code,bztp_lcl_nm,중분류명,3,
por,hana_merchant_code,bztp_nm,소분류명,4,
por,hana_merchant_code,bztp_type_val,중분류업종코드,5,
por,hana_merchant_code,hdfs_upd_dttm,하둡변경일시,6,
por,ka_address_mapping,id,ID,1,
por,ka_address_mapping,asp_id,ASP_ID,2,
por,ka_address_mapping,ka_id,KA_ID,3,
por,ka_address_mapping,lgld_cd,법정동코드,4,
por,ka_address_mapping,sgg_nm,시군구명,5,
por,ka_address_mapping,emd_nm,읍면동명,6,
por,ka_address_mapping,hdfs_upd_dttm,하둡변경일시,7,
por,ka_address_mapping,si_do_nm,시도명,8,
por,kb_merchant_code,bztp_lcl_cd,업종대분류코드,1,
por,kb_merchant_code,bztp_cd,소분류업종코드,2,
por,kb_merchant_code,bztp_lcl_nm,중분류명,3,
por,kb_merchant_code,bztp_nm,소분류명,4,
por,kb_merchant_code,bztp_type_val,중분류업종코드,5,
por,kb_merchant_code,hdfs_upd_dttm,하둡변경일시,6,
por,kona_biz_code,kn_bztp_cd,코나업종코드,1,
por,kona_biz_code,kn_bztp_mcl_cd,코나중분류업종코드,2,
por,kona_biz_code,kn_bztp_lcl_nm,코나업종대분류명,3,
por,kona_biz_code,kn_bztp_mcl_nm,코나업종중분류명,4,
por,kona_biz_code,kn_bztp_scl_nm,코나업종소분류명,5,
por,kona_biz_code,hdfs_upd_dttm,하둡변경일시,6,
por,lucky_event_reward_history,lco_rwd_hist_sno,ID,1,
por,lucky_event_reward_history,plfp_user_id,포털사용자번호,2,
por,lucky_event_reward_history,game_id,게임번호,3,
por,lucky_event_reward_history,tmrd,회차,4,
por,lucky_event_reward_history,luck_hld_cnt,럭키권보유수,5,
por,lucky_event_reward_history,evt_kd_cd,이벤트종류코드,6,
por,lucky_event_reward_history,dsb_amt,지급금액,7,
por,lucky_event_reward_history,pnt_tr_id,포인트거래ID,8,
por,lucky_event_reward_history,dsb_st_cd,지급상태코드,9,
por,lucky_event_reward_history,sys_cre_dttm,시스템생성일시,10,
por,lucky_event_reward_history,sys_upd_dttm,시스템수정일시,11,
por,lucky_event_reward_history,hdfs_upd_dttm,하둡변경일시,12,
por,lucky_event_reward_history,pt_reg_m,,13,
por,lucky_event_reward_price,lco_evt_rwd_id,로코이벤트보상ID,1,
por,lucky_event_reward_price,win_amt,당첨금액,2,
por,lucky_event_reward_price,wght,가중치,3,
por,lucky_event_reward_price,use_yn,사용여부,4,
por,lucky_event_reward_price,hier_lco_evt_rwd_id,상위로코이벤트보상ID,5,
por,lucky_event_reward_price,hdfs_upd_dttm,하둡변경일시,6,
por,lucky_event_reward_range,lco_rwd_scpe_sno,ID,1,
por,lucky_event_reward_range,strt_scpe_val,시작범위값,2,
por,lucky_event_reward_range,end_scpe_val,종료범위값,3,
por,lucky_event_reward_range,use_yn,사용여부,4,
por,lucky_event_reward_range,sys_cre_dttm,시스템생성일시,5,
por,lucky_event_reward_range,sys_upd_dttm,시스템수정일시,6,
por,lucky_event_reward_range,hier_rwd_evt_id,상위보상이벤트ID,7,
por,lucky_event_reward_range,hdfs_upd_dttm,하둡변경일시,8,
por,lucky_event_reward_setting,lco_rwd_stn_sno,ID,1,
por,lucky_event_reward_setting,evt_nm,이벤트명,2,
por,lucky_event_reward_setting,game_no,게임번호,3,
por,lucky_event_reward_setting,strt_tmrd,시작회차,4,
por,lucky_event_reward_setting,end_atim_dge,종료회차수,5,
por,lucky_event_reward_setting,evt_dsb_ccnt,이벤트지급횟수,6,
por,lucky_event_reward_setting,evt_kd_cd,이벤트종류코드,7,
por,lucky_event_reward_setting,use_yn,사용여부,8,
por,lucky_event_reward_setting,sys_cre_dttm,시스템생성일시,9,
por,lucky_event_reward_setting,sys_upd_dttm,시스템수정일시,10,
por,lucky_event_reward_setting,hdfs_upd_dttm,하둡변경일시,11,
por,lucky_new_event_reward_setting,lco_rwd_stn_imprvm_sno,ID,1,
por,lucky_new_event_reward_setting,evt_nm,이벤트명,2,
por,lucky_new_event_reward_setting,game_id,게임번호,3,
por,lucky_new_event_reward_setting,strt_tmrd,시작회차,4,
por,lucky_new_event_reward_setting,end_atim_dge,종료회차수,5,
por,lucky_new_event_reward_setting,use_yn,사용여부,6,
por,lucky_new_event_reward_setting,sys_cre_dttm,시스템생성일시,7,
por,lucky_new_event_reward_setting,sys_upd_dttm,시스템수정일시,8,
por,lucky_new_event_reward_setting,hdfs_upd_dttm,하둡변경일시,9,
por,merchant_intro,mc_intr_sno,가맹점소개번호,1,
por,merchant_intro,sys_cre_dttm,시스템생성일시,2,
por,merchant_intro,sys_cre_id,시스템생성자ID,3,
por,merchant_intro,sys_cre_ip_addr,시스템생성자IP주소,4,
por,merchant_intro,sys_upd_dttm,시스템수정일시,5,
por,merchant_intro,sys_upd_id,시스템수정자ID,6,
por,merchant_intro,sys_upd_ip_addr,시스템수정자IP주소,7,
por,merchant_intro,mc_psno,가맹점우편번호,8,
por,merchant_intro,mc_addr,가맹점주소,9,
por,merchant_intro,mc_dtl_addr,가맹점상세주소,10,
por,merchant_intro,pofn_phn_no,국번전화번호,11,
por,merchant_intro,idv_phn_no,개별전화번호,12,
por,merchant_intro,hmpg_url,홈페이지URL주소,13,
por,merchant_intro,tg_lst_cn,태그리스트내용,14,
por,merchant_intro,mndy_df_yn,월요일휴무여부,15,
por,merchant_intro,tsdy_df_yn,화요일휴무여부,16,
por,merchant_intro,wndy_df_yn,수요일휴무여부,17,
por,merchant_intro,thu_df_yn,목요일휴무여부,18,
por,merchant_intro,frdy_df_yn,금요일휴무여부,19,
por,merchant_intro,sat_df_yn,토요일휴무여부,20,
por,merchant_intro,sun_df_yn,일요일휴무여부,21,
por,merchant_intro,evrw_itr_yn,매주반복여부,22,
por,merchant_intro,df_etc_cn,휴무기타내용,23,
por,merchant_intro,ort_strt_tm_hm,운영시작시간시분,24,
por,merchant_intro,ort_end_tm_hm,운영종료시간시분,25,
por,merchant_intro,ort_rdy_strt_tm_hm,운영준비시작시간시분,26,
por,merchant_intro,ort_rdy_end_tm_hm,운영준비종료시간시분,27,
por,merchant_intro,rsvt_psbl_yn,예약가능여부,28,
por,merchant_intro,arkg_psbl_yn,주차가능여부,29,
por,merchant_intro,vprk_psbl_yn,발렛파킹가능여부,30,
por,merchant_intro,dlvr_psbl_yn,배달가능여부,31,
por,merchant_intro,use_yn,사용여부,32,
por,merchant_intro,df_dd_exs_yn,휴무일존재여부,33,
por,merchant_intro,n24_tm_ort_yn,24시간운영여부,34,
por,merchant_intro,rep_img_file_no,대표이미지파일번호,35,
por,merchant_intro,rep_img_byfl_sno,대표이미지파일별일련번호,36,
por,merchant_intro,mc_type_cd,가맹점유형코드,37,
por,merchant_intro,exps_mc_nm,노출가맹점명,38,
por,merchant_intro,exps_st_cd,노출상태코드,39,
por,merchant_intro,tel_ordr_ctg_cd,전화주문카테고리코드,40,
por,merchant_intro,srch_kwd_cn,검색키워드내용,41,
por,merchant_intro,latd,위도,42,
por,merchant_intro,lotd,경도,43,
por,merchant_intro,mc_intr_cn,가맹점소개내용,44,
por,merchant_intro,ody_yn,연중무휴여부,45,
por,merchant_intro,ort_tm_add_cn,운영시간추가내용,46,
por,merchant_intro,ort_rdy_tm_add_cn,운영준비시간추가내용,47,
por,merchant_intro,df_dd_add_cn,휴무일추가내용,48,
por,merchant_intro,menu_fom_cd,메뉴형태코드,49,
por,merchant_intro,menu_img_file_no,메뉴이미지파일번호,50,
por,merchant_intro,mc_img_file_no,가맹점이미지파일번호,51,
por,merchant_intro,tg_cn,태그내용,52,
por,merchant_intro,spot_cd,현장코드,53,
por,merchant_intro,hier_mc_plc_no,상위가맹점장소번호,54,
por,merchant_intro,mc_tg_cn,가맹점태그내용,55,
por,merchant_intro,zon_tg_cn,지역태그내용,56,
por,merchant_intro,mcp_updr_nm,가맹점포털수정자명,57,
por,merchant_intro,exhb_ctg_cd,전시카테고리코드,58,
por,merchant_intro,mc_rep_icn_file_no,가맹점대표아이콘파일번호,59,
por,merchant_intro,cvfc_cn,편의시설내용,60,
por,merchant_intro,snf_intr_cn,한줄소개내용,61,
por,merchant_intro,dlvr_ap_jn_yn,배달앱가입여부,62,
por,merchant_intro,ka_id,KA_ID,63,
por,merchant_intro,dmc_id,직가맹점ID,64,
por,merchant_intro,dlvr_ap_exps_yn,배달앱노출여부,65,
por,merchant_intro,dlvr_ap_plc_id,배달앱장소ID,66,
por,merchant_intro,sgg_nm,시군구명,67,
por,merchant_intro,emd_nm,읍면동명,68,
por,merchant_intro,stmp_plcy_id,스탬프정책ID,69,
por,merchant_intro,stmp_svc_yn,스탬프서비스여부,70,
por,merchant_intro,dlve_enp_cd,배달대행업체코드,71,
por,merchant_intro,cnor_cn,원산지내용,72,
por,merchant_intro,hygn_excl_enp_yn,위생우수업체여부,73,
por,merchant_intro,rcmd_enp_yn,추천업체여부,74,
por,merchant_intro,ordr_type_cd,주문유형코드,75,
por,merchant_intro,mlg_plcy_id,마일리지정책ID,76,
por,merchant_intro,mlg_svc_yn,마일리지서비스여부,77,
por,merchant_intro,mc_qr_use_yn,QR_YN,78,
por,merchant_intro,hdfs_upd_dttm,하둡변경일시,79,
por,merchant_intro,intr_prsdt_exps_yn,소개사장노출여부,80,
por,merchant_intro_asp_mapping,asp_no,ASP번호,1,
por,merchant_intro_asp_mapping,mc_asp_no,가맹점ASP번호,2,
por,merchant_intro_asp_mapping,ptn_no,포털파트너번호,3,
por,merchant_intro_asp_mapping,mc_intr_sno,가맹점소개번호,4,
por,merchant_intro_asp_mapping,use_yn,사용여부,5,
por,merchant_intro_asp_mapping,sys_cre_dttm,시스템생성일시,6,
por,merchant_intro_asp_mapping,sys_cre_id,시스템생성자ID,7,
por,merchant_intro_asp_mapping,sys_cre_ip_addr,시스템생성자IP주소,8,
por,merchant_intro_asp_mapping,sys_upd_dttm,시스템수정일시,9,
por,merchant_intro_asp_mapping,sys_upd_id,시스템수정자ID,10,
por,merchant_intro_asp_mapping,sys_upd_ip_addr,시스템수정자IP주소,11,
por,merchant_intro_asp_mapping,ptn_id,파트너ID,12,
por,merchant_intro_asp_mapping,hdfs_upd_dttm,하둡변경일시,13,
por,merchant_introduce,asp_no,ASP번호,1,
por,merchant_introduce,mc_intr_sno,가맹점소개번호,2,
por,merchant_introduce,ptn_id,포털파트너번호,3,
por,merchant_introduce,mc_intr_seq,일련번호,4,
por,merchant_introduce,mc_intr_tit,가맹점소개제목명,5,
por,merchant_introduce,intr_cn,소개내용,6,
por,merchant_introduce,use_yn,사용여부,7,
por,merchant_introduce,spot_cd,현장코드,8,
por,merchant_introduce,hdfs_upd_dttm,하둡변경일시,9,
por,nh_merchant_code,bztp_lcl_cd,농협업종대분류코드,1,
por,nh_merchant_code,bztp_cd,농협업종소분류코드,2,
por,nh_merchant_code,bztp_lcl_nm,농협업종대분류명,3,
por,nh_merchant_code,bztp_nm,농협업종소분류명,4,
por,nh_merchant_code,bztp_type_val,농협업종중분류코드,5,
por,nh_merchant_code,hdfs_upd_dttm,하둡변경일시,6,
por,player,ptn_id,포털파트너번호,1,
por,player,asp_no,포털ASP번호,2,
por,player,byrl_ptn_nm,역할별파트너명,3,
por,player,asp_apl_yn,ASP신청여부,4,
por,player,mc_apl_yn,가맹점신청여부,5,
por,player,rc_apl_yn,충전상신청여부,6,
por,player,mbr_era_apl_yn,회원모집인신청여부,7,
por,player,mc_rcur_agnc_apl_yn,가맹점모집대리점신청여부,8,
por,player,plc_apl_yn,장소신청여부,9,
por,player,ptn_act_st_cd,파트너활성상태코드,10,
por,player,use_yn,사용여부,11,
por,player,sys_cre_dttm,시스템생성일시,12,
por,player,sys_cre_id,시스템생성자ID,13,
por,player,sys_cre_ip_addr,시스템생성자IP주소,14,
por,player,sys_upd_dttm,시스템수정일시,15,
por,player,sys_upd_id,시스템수정자ID,16,
por,player,sys_upd_ip_addr,시스템수정자IP주소,17,
por,player,bzmn_psnl_corp_dv_cd,사업자개인법인구분코드,18,
por,player,bzno,사업자등록번호,19,
por,player,cono,법인등록번호,20,
por,player,enc_brth_dt,생년월일,21,
por,player,sex_cd,성별코드,22,
por,player,rep_clr_dv_cd,대표정산구분코드,23,
por,player,clr_dd_stn_cd,정산일설정코드,24,
por,player,rep_clcp_sno,대표정산자일련번호,25,
por,player,pswd_temp_yn,비밀번호임시여부,26,
por,player,adm_yn,관리자여부,27,
por,player,lgin_fail_tmcnt,로그인실패횟수,28,
por,player,pswd_upd_dt,비밀번호수정일자,29,
por,player,lgin_id,파트너로그인ID,30,
por,player,fnst_mph_no,지역휴대전화번호,31,
por,player,bpos_mph_no,휴대전화번호,32,
por,player,enc_temp_pswd,암호화임시비밀번호,33,
por,player,kn_ptn_sno,코나파트너일련번호,34,
por,player,msk_ptn_lgin_id,마스킹파트너로그인ID,35,
por,player,msk_mph_no,마스킹휴대전화번호,36,
por,player,bztp_cd,업종코드,37,
por,player,bzct_cd_lst_cn,업태코드리스트내용,38,
por,player,psno,우편번호,39,
por,player,pst_addr,우편주소,40,
por,player,shop_opbr_dt,매장개점일자,41,
por,player,incde_trgt_yn,소득공제대상여부,42,
por,player,file_no,파일번호,43,
por,player,file_seq,일련번호,44,
por,player,ainc_adm_id,실사관리자ID,45,
por,player,bzpl_addr_eq_yn,사업장주소일치여부,46,
por,player,ainc_prcs_dt,실사처리일자,47,
por,player,ainc_st_cd,실사상태코드,48,
por,player,mn_tt_loa_lst_cn,주요취급품목리스트내용,49,
por,player,kn_tml_yn,코나단말기여부,50,
por,player,enc_cft_ci_no,암호화인증서CI번호,51,
por,player,enc_cft_di_no,암호화인증서DI번호,52,
por,player,in_jowrk_for_inq_dt,내할일용조회일자,53,
por,player,bz_com_cd,사업회사코드,54,
por,player,bran_cd,브랜드코드,55,
por,player,dv_cd,구분코드,56,
por,player,email_autht_yn,이메일인증여부,57,
por,player,unusal_mttrs_memo_cn,특이사항메모내용,58,
por,player,entp_gv_yn,기업지방자치단체여부,59,
por,player,sp_yn,SP여부,60,
por,player,ptn_als_nm,파트너명,61,
por,player,dtl_addr,상세주소,62,
por,player,bzmn_lcns_type_cd,사업자면허유형코드,63,
por,player,hdfs_upd_dttm,하둡변경일시,64,
por,player,ptn_rsg_dt,파트너해지일자,65,
por,player_asp,ptn_no,파트너번호,1,
por,player_asp,ptn_role_dv_cd,파트너역할구분코드,2,
por,player_asp,blg_ptn_no,소속파트너번호,3,
por,player_asp,blg_ptn_role_dv_cd,소속파트너역할구분코드,4,
por,player_asp,sys_cre_dttm,시스템생성일시,5,
por,player_asp,sys_upd_dttm,시스템수정일시,6,
por,player_asp,hdfs_upd_dttm,하둡변경일시,7,
por,por_alt_agg,url,URL,1,알림톡집계
por,por_alt_agg,cri_ymdh,기준년월일시,2,알림톡집계
por,por_alt_agg,click_cnt,클릭수,3,알림톡집계
por,por_alt_agg,sys_cre_dttm,시스템생성일시,4,알림톡집계
por,por_alt_agg,sys_upd_dttm,시스템수정일시,5,알림톡집계
por,por_alt_agg,hdfs_upd_dttm,하둡변경일시,6,알림톡집계
por,por_dtl_spps,dtl_spps_id,상세부가서비스ID,1,개방상세부가서비스
por,por_dtl_spps,asp_id,ASP_ID,2,개방상세부가서비스
por,por_dtl_spps,asp_nm,ASP명,3,개방상세부가서비스
por,por_dtl_spps,ka_id,KA_ID,4,개방상세부가서비스
por,por_dtl_spps,ka_nm,KA명,5,개방상세부가서비스
por,por_dtl_spps,dtl_spps_nm,상세부가서비스명,6,개방상세부가서비스
por,por_dtl_spps,spps_id,부가서비스ID,7,개방상세부가서비스
por,por_dtl_spps,eas_afc_svc_id,EAS제휴사서비스ID,8,개방상세부가서비스
por,por_dtl_spps,icn_img_file_no,아이콘이미지파일번호,9,개방상세부가서비스
por,por_dtl_spps,lk_opt_cd,링크옵션코드,10,개방상세부가서비스
por,por_dtl_spps,lk_opt_cd_url,링크옵션코드URL,11,개방상세부가서비스
por,por_dtl_spps,tg_opt_cd,태그옵션코드,12,개방상세부가서비스
por,por_dtl_spps,exhb_strt_dt,전시시작일자,13,개방상세부가서비스
por,por_dtl_spps,exhb_end_dt,전시종료일자,14,개방상세부가서비스
por,por_dtl_spps,exhb_exps_yn,전시노출여부,15,개방상세부가서비스
por,por_dtl_spps,sys_cre_dttm,시스템생성일시,16,개방상세부가서비스
por,por_dtl_spps,sys_upd_dttm,시스템수정일시,17,개방상세부가서비스
por,por_dtl_spps,use_yn,사용여부,18,개방상세부가서비스
por,por_dtl_spps,hdfs_upd_dttm,하둡변경일시,19,개방상세부가서비스
por,por_mpty_crd,mpty_crd_sno,공카드 일련번호,1,
por,por_mpty_crd,al_enp_nm,제휴업체명,2,
por,por_mpty_crd,svc_id,서비스ID,3,
por,por_mpty_crd,par_no,PAR번호,4,
por,por_mpty_crd,sys_cre_dttm,시스템생성일시,5,
por,por_mpty_crd,sys_upd_dttm,시스템수정일시,6,
por,por_mpty_crd,hdfs_upd_dttm,하둡변경일시,7,
por,por_spps,spps_id,부가서비스ID,1,개방부가서비스
por,por_spps,spps_nm,부가서비스명,2,개방부가서비스
por,por_spps,ap_exhb_loc_cd,앱전시위치코드,3,개방부가서비스
por,por_spps,sys_cre_dttm,시스템생성일시,4,개방부가서비스
por,por_spps,sys_upd_dttm,시스템수정일시,5,개방부가서비스
por,por_spps,hdfs_upd_dttm,하둡변경일시,6,개방부가서비스
por,por_spps_cnts,spps_cnts_id,부가서비스콘텐츠ID,1,개방부가서비스콘텐츠
por,por_spps_cnts,dtl_spps_id,상세부가서비스ID,2,개방부가서비스콘텐츠
por,por_spps_cnts,cnts_dv_cd,콘텐츠구분코드,3,개방부가서비스콘텐츠
por,por_spps_cnts,file_nm,파일명,4,개방부가서비스콘텐츠
por,por_spps_cnts,exhb_vw_exps_loc_type_cd,전시뷰노출위치유형코드,5,개방부가서비스콘텐츠
por,por_spps_cnts,lk_opt_cd,링크옵션코드,6,개방부가서비스콘텐츠
por,por_spps_cnts,lk_opt_cd_url,링크옵션코드URL,7,개방부가서비스콘텐츠
por,por_spps_cnts,exhb_strt_dt,전시시작일자,8,개방부가서비스콘텐츠
por,por_spps_cnts,exhb_end_dt,전시종료일자,9,개방부가서비스콘텐츠
por,por_spps_cnts,exhb_exps_yn,전시노출여부,10,개방부가서비스콘텐츠
por,por_spps_cnts,sys_cre_dttm,시스템생성일시,11,개방부가서비스콘텐츠
por,por_spps_cnts,sys_upd_dttm,시스템수정일시,12,개방부가서비스콘텐츠
por,por_spps_cnts,use_yn,사용여부,13,개방부가서비스콘텐츠
por,por_spps_cnts,hdfs_upd_dttm,하둡변경일시,14,개방부가서비스콘텐츠
por,product,svc_id,서비스ID,1,
por,product,mb_rltg_dv_cd,모바일실물구분코드,2,
por,product,svc_rqs_sno,서비스요청일련번호,3,
por,product,svc_nm,서비스명,4,
por,product,img_url,이미지URL,5,
por,product,dc_bnf_cd,할인혜택코드,6,
por,product,mb_rltg_crd_dv_cd,모바일실물카드구분코드,7,
por,product,chrg_psbl_yn_cd,충전가능여부코드,8,
por,product,cur_cd,통화코드,9,
por,product,fcval,액면가,10,
por,product,use_lm_tmcnt,사용제한횟수,11,
por,product,isur_id,발급사ID,12,
por,product,isu_qty,발급수량,13,
por,product,use_strt_dt,사용시작일자,14,
por,product,use_end_dt,사용종료일자,15,
por,product,sll_strt_dt,판매시작일자,16,
por,product,sll_end_dt,판매종료일자,17,
por,product,rfnd_plcy_type_cd,환불정책유형코드,18,
por,product,rfnd_fee_cri_val,환불수수료기준값,19,
por,product,ptn_id,파트너ID,20,
por,product,use_yn,사용여부,21,
por,product,sys_cre_dttm,시스템생성일시,22,
por,product,sys_cre_id,시스템생성자ID,23,
por,product,sys_cre_ip_addr,시스템생성자IP주소,24,
por,product,sys_upd_dttm,시스템수정일시,25,
por,product,sys_upd_id,시스템수정자ID,26,
por,product,sys_upd_ip_addr,시스템수정자IP주소,27,
por,product,plfp_user_sno,플랫폼포털사용자일련번호,28,
por,product,ptn_role_dv_cd,파트너역할구분코드,29,
por,product,kn_svc_id,코나서비스ID,30,
por,product,asp_no,ASP번호,31,
por,product,ppsn_max_isu_qty,인당최대발급수량,32,
por,product,mb_crd_down_psbl_yn,모바일카드다운가능여부,33,
por,product,rltg_crd_conn_yn,실물카드연결여부,34,
por,product,crd_vl_prid_type_cd,카드유효기간유형코드,35,
por,product,crd_vl_prid_cnt,카드유효기간수,36,
por,product,crd_vl_prid_strt_dt,카드유효기간시작일자,37,
por,product,crd_vl_prid_end_dt,카드유효기간종료일자,38,
por,product,plfp_svc_act_st_cd,플랫폼포털서비스활성상태코드,39,
por,product,svc_ctg_cd,서비스카테고리코드,40,
por,product,mktn_msg_cn,마케팅메시지내용,41,
por,product,bnf_msg_cn,혜택메시지내용,42,
por,product,atnt_mttrs_cn,유의사항내용,43,
por,product,con_cncu_mttrs_cn,계약체결사항내용,44,
por,product,use_zon_shop_cn,사용지역매장내용,45,
por,product,bnf_nm,혜택명,46,
por,product,bnf_dscr_cn,혜택설명내용,47,
por,product,svc_exhb_prc,서비스전시가격,48,
por,product,svc_exhb_dcrt,서비스전시할인율,49,
por,product,svc_img_file_no,서비스이미지파일번호,50,
por,product,svc_img_file_sno,서비스이미지파일일련번호,51,
por,product,unusal_mttrs_memo_cn,특이사항메모내용,52,
por,product,thmn_img_file_no,썸네일이미지파일번호,53,
por,product,thmn_img_file_sno,썸네일이미지파일일련번호,54,
por,product,bn_prvr_pfrm_prvr_val,혜택제공주체플랫폼제공자값,55,
por,product,bn_prvr_mc_val,혜택제공주체가맹점값,56,
por,product,bn_prvr_tthr_role_cd,혜택제공주체제3자역할코드,57,
por,product,bn_prvr_tthr_ptn_no,혜택제공주체제3자파트너번호,58,
por,product,bn_prvr_tthr_val,혜택제공주체제3자값,59,
por,product,bkmk_pcnt,북마크개수,60,
por,product,svc_ctg_id,서비스카테고리ID,61,
por,product,re_sll_yn,재판매여부,62,
por,product,pph_amt,선구매금액,63,
por,product,atch_file_no,첨부파일번호,64,
por,product,atch_file_sno,첨부파일일련번호,65,
por,product,svc_tpl_type_cd,서비스템플릿유형코드,66,
por,product,ofl_chrg_yn,오프라인충전여부,67,
por,product,itdl_bala,통합할인한도잔액,68,
por,product,svc_dc_lmt_amt,서비스할인한도금액,69,
por,product,bfm_arsl_pstp_prid_mcnt,전월실적유예기간개월수,70,
por,product,dc_cnd_dv_cd,할인조건구분코드,71,
por,product,trf_crd_stn_yn,교통카드설정여부,72,
por,product,inot_crd_stn_yn,출입카드설정여부,73,
por,product,ptn_nm,파트너명,74,
por,product,crd_dc_lmt_unit_type_cd,카드할인한도단위유형코드,75,
por,product,svc_sll_type_cd,서비스판매유형코드,76,
por,product,bfm_chrg_arsl_amt,전월충전실적금액,77,
por,product,mc_type_cd,가맹점유형코드,78,
por,product,use_mc_qry_id,사용가맹점쿼리ID,79,
por,product,lm_mc_usep_dv_cd,제한가맹점사용처구분코드,80,
por,product,use_lm_mc_qry_id,사용제한가맹점쿼리ID,81,
por,product,opt_crd_bala_mmt_psbl_yn,옵션카드잔액이동가능여부,82,
por,product,basc_crd_bala_cvsn_psbl_yn,베이직카드잔액전환가능여부,83,
por,product,cpn_type_cd,쿠폰유형코드,84,
por,product,isp_img_file_no,ISP이미지파일번호,85,
por,product,isp_img_file_sno,ISP이미지파일일련번호,86,
por,product,cshp_exps_yn,쿠폰숍노출여부,87,
por,product,cpn_isu_mhd_cd,쿠폰발급방식코드,88,
por,product,cpn_isur_nm,쿠폰발급사명,89,
por,product,svc_grp_nm,서비스그룹명,90,
por,product,onl_supt_cd,온라인지원코드,91,
por,product,svc_buy_pcst,서비스구매원가,92,
por,product,svc_sll_dcrt,서비스판매할인율,93,
por,product,vl_prid_exts_psbl_yn,유효기간연장가능여부,94,
por,product,u_gud_cn,이용안내내용,95,
por,product,svc_ntfc_cn,서비스고시내용,96,
por,product,cncl_rfnd_gud_cn,취소환불안내내용,97,
por,product,crd_pnt_plcy_id,카드포인트정책ID,98,
por,product,svc_tg_cn,서비스태그내용,99,
por,product,svc_al_type_cd,서비스제휴유형코드,100,
por,product,pu_afc_prv_psbl_yn,복수제휴사제공가능여부,101,
por,product,al_conn_rc_dv_cd,제휴연결충전상구분코드,102,
por,product,corp_wl_crd_ort_type_cd,법인복지카드운영유형코드,103,
por,product,psnl_chrg_pmsn_yn,개인충전허용여부,104,
por,product,rmt_psbl_yn,송금가능여부,105,
por,product,mb_pmnt_yn,모바일지불여부,106,
por,product,risu_psbl_yn,재발급가능여부,107,
por,product,svc_isu_bin_no_mapng_dt,서비스발급BIN번호매핑일자,108,
por,product,auto_sgzn_yn,자동기명화여부,109,
por,product,auto_cstm_yn,자동복합결제여부,110,
por,product,auto_incde_yn,자동소득공제여부,111,
por,product,rltm_rwd_org_tr_amt_use_yn,실시간보상원거래금액사용여부,112,
por,product,ort_enp_cpn_svc_cd,운영업체쿠폰서비스코드,113,
por,product,cpn_no_isu_mhd_cd,쿠폰번호발급방식코드,114,
por,product,tc_use_yn,약관사용여부,115,
por,product,add_crd_xp_impn_yn,추가카드비용부과여부,116,
por,product,minm_chrg_amt,최소충전금액,117,
por,product,chrg_unit_amt,충전단위금액,118,
por,product,add_crd_xp,추가카드비용,119,
por,product,acqr_dv_cd,매입사구분코드,120,
por,product,fcval_amt_fom_cd,액면가금액형태코드,121,
por,product,risu_svc_grp_id,재발급서비스그룹ID,122,
por,product,rep_ka_id,대표KA_ID,123,
por,product,bef_use_psbl_mc_inq_qry_id,이전사용가능가맹점조회쿼리ID,124,
por,product,cpn_use_cncl_rul_cd,쿠폰사용취소규칙코드,125,
por,product,cpn_dup_bnf_psbl_yn,쿠폰중복혜택가능여부,126,
por,product,cpn_gift_psbl_yn,쿠폰선물가능여부,127,
por,product,cpn_rmn_prid_dcnt,쿠폰리마인드기간일수,128,
por,product,cpn_rmn_nfct_yn,쿠폰리마인드알림여부,129,
por,product,svc_stlm_mhd_cd,서비스결제방식코드,130,
por,product,taxi_stlm_psbl_yn,택시결제가능여부,131,
por,product,sblg_svc_id,시블링서비스ID,132,
por,product,tr_psbl_yn,거래가능여부,133,
por,product,pyc_tr_psbl_yn,페이코거래가능여부,134,
por,product,mb_pre_isu_use_yn,모바일선발급사용여부,135,
por,product,brcd_supt_yn,바코드지원여부,136,
por,product,cutm_cpn_yn,커스텀쿠폰여부,137,
por,product,add_itm_def_cn,추가항목정의내용,138,
por,product,outs_ck_crd_svc_cd,외부체크카드서비스코드,139,
por,product,sppm_lst_cn,간편결제리스트내용,140,
por,product,crd_ls_risu_xp,카드분실재발급비용,141,
por,product,outs_apvp_type_cd,외부승인처유형코드,142,
por,product,rdnb_cpn_yn,난수쿠폰여부,143,
por,product,exn_crd_risu_xp,만료카드재발급비용,144,
por,product,ovrs_stlm_psbl_yn,해외결제가능여부,145,
por,product,ovrs_stlm_brdc_nm,해외결제브랜드사명,146,
por,product,card_extend_period,카드유효기간연장개월수,147,
por,product,bank_acn_rmt_psbl_yn,카드잔액을은행계좌로송금가능여부,148,
por,product,cnvg_crd_excu_cd,결합카드수행코드,149,
por,product,mbr_hld_lmt_incl_yn,회원보유한도포함여부,150,
por,product,bnf_arsl_cnd_cd,혜택실적조건,151,
por,product,cnvg_crd_risu_svc_grp_id,결합상품재발급그룹ID,152,
por,product,crd_apl_lm_dv_cd,카드신청제한구분코드,153,
por,product,hdfs_upd_dttm,하둡변경일시,154,
por,product_bankcode_mapping,svc_id,상품번호,1,
por,product_bankcode_mapping,bank_cd,은행코드,2,
por,product_bankcode_mapping,sys_cre_dttm,시스템생성일시,3,
por,product_bankcode_mapping,outs_ck_crd_svc_cd,외부체크카드상품코드,4,
por,product_bankcode_mapping,hdfs_upd_dttm,하둡변경일시,5,
por,product_benefit,svc_id,상품번호,1,
por,product_benefit,adn_bnf_sno,부가혜택일련번호,2,
por,product_benefit,adn_bnf_type_cd,부가혜택유형코드,3,
por,product_benefit,adn_bnf_rv_cri_cd,부가혜택적립기준코드,4,
por,product_benefit,frst_adn_bnf_rv_cri_val,부가혜택적립기준값,5,
por,product_benefit,adn_bnf_use_cri_val,부가혜택사용기준값,6,
por,product_benefit,use_yn,사용여부,7,
por,product_benefit,sys_cre_dttm,시스템생성일시,8,
por,product_benefit,sys_cre_id,시스템생성자ID,9,
por,product_benefit,sys_cre_ip_addr,시스템생성자IP주소,10,
por,product_benefit,sys_upd_dttm,시스템수정일시,11,
por,product_benefit,sys_upd_id,시스템수정자ID,12,
por,product_benefit,sys_upd_ip_addr,시스템수정자IP주소,13,
por,product_benefit,bnf_nm,혜택명,14,
por,product_benefit,bnf_dscr_cn,혜택설명내용,15,
por,product_benefit,use_vl_prid_dt,사용유효기간일자,16,
por,product_benefit,rwd_cpn_nm,보상쿠폰명,17,
por,product_benefit,rwd_cpn_dscr_cn,보상쿠폰설명내용,18,
por,product_benefit,isu_cpn_pcnt,발급쿠폰개수,19,
por,product_benefit,cpn_vl_prid_dt,쿠폰유효기간일자,20,
por,product_benefit,scnd_adn_bnf_rv_cri_val,부가혜택적립기준값,21,
por,product_benefit,bnf_id,혜택ID,22,
por,product_benefit,hdfs_upd_dttm,하둡변경일시,23,
por,product_category,svc_ctg_id,상품카테고리분류번호,1,
por,product_category,asp_no,ASP번호,2,
por,product_category,ctg_nm,카테고리명,3,
por,product_category,sys_cre_dttm,시스템생성일시,4,
por,product_category,hdfs_upd_dttm,하둡변경일시,5,
por,product_category_keyword,svc_ctg_kwd_cd,키워드번호,1,
por,product_category_keyword,svc_ctg_id,상품카테고리분류번호,2,
por,product_category_keyword,asp_no,ASP번호,3,
por,product_category_keyword,kwd_nm,키워드명,4,
por,product_category_keyword,sys_cre_dttm,시스템생성일시,5,
por,product_category_keyword,hdfs_upd_dttm,하둡변경일시,6,
por,product_discount,svc_id,상품번호,1,
por,product_discount,dc_bnf_id,할인번호,2,
por,product_discount,crd_dc_apy_type_cd,상품할인적용유형코드,3,
por,product_discount,dc_famt_frte_dv_cd,할인정액정률구분코드,4,
por,product_discount,dc_val,할인값,5,
por,product_discount,dc_cnd_type_cd,할인조건유형코드,6,
por,product_discount,dc_lm_qty,할인제한수량,7,
por,product_discount,dc_strt_dttm,할인시작일시,8,
por,product_discount,dc_prid_end_dttm,할인기간종료일시,9,
por,product_discount,dc_apy_mndy_yn,할인적용월요일여부,10,
por,product_discount,dc_apy_tsdy_yn,할인적용화요일여부,11,
por,product_discount,dc_apy_wndy_yn,할인적용수요일여부,12,
por,product_discount,dc_apy_thu_yn,할인적용목요일여부,13,
por,product_discount,dc_apy_frdy_yn,할인적용금요일여부,14,
por,product_discount,dc_apy_sat_yn,할인적용토요일여부,15,
por,product_discount,dc_apy_sun_yn,할인적용일요일여부,16,
por,product_discount,use_yn,사용여부,17,
por,product_discount,sys_cre_dttm,시스템생성일시,18,
por,product_discount,sys_cre_id,시스템생성자ID,19,
por,product_discount,sys_cre_ip_addr,시스템생성자IP주소,20,
por,product_discount,sys_upd_dttm,시스템수정일시,21,
por,product_discount,sys_upd_id,시스템수정자ID,22,
por,product_discount,sys_upd_ip_addr,시스템수정자IP주소,23,
por,product_discount,tm_dc_bnf_type_cd,시간할인혜택유형코드,24,
por,product_discount,dc_bnf_sno,상품할인일련번호,25,
por,product_discount,bnf_prity,상품할인적용우선순위,26,
por,product_discount,dc_prid_strt_dttm,할인기간시작일시,27,
por,product_discount,plfp_con_sno,포털계약번호,28,
por,product_discount,sub_dc_type_cd,세부할인유형코드,29,
por,product_discount,pnt_extn_prid_cnt,포인트소멸기간개월수,30,
por,product_discount,hdfs_upd_dttm,하둡변경일시,31,
por,product_discount_merchant,svc_id,상품번호,1,
por,product_discount_merchant,dc_bnf_id,할인번호,2,
por,product_discount_merchant,dc_prv_mc_grp_id,할인제공가맹점그룹ID,3,
por,product_discount_merchant,bnf_mc_gud_cn,가맹점안내내용,4,
por,product_discount_merchant,dc_prv_mc_grp_sngl_dv_cd,할인제공가맹점그룹단일구분코드,5,
por,product_discount_merchant,use_yn,사용여부,6,
por,product_discount_merchant,dc_bnf_sno,상품할인일련번호,7,
por,product_discount_merchant,bnf_prity,상품할인적용우선순위,8,
por,product_discount_merchant,xcpt_dc_mc_grp_id,제외할인가맹점그룹ID,9,
por,product_discount_merchant,lm_bztp_grp_id,제한업종그룹ID,10,
por,product_discount_merchant,acqr_dv_cd,매입채널코드,11,
por,product_discount_merchant,hdfs_upd_dttm,하둡변경일시,12,
por,product_discount_policy,svc_id,상품번호,1,
por,product_discount_policy,dc_bnf_id,할인번호,2,
por,product_discount_policy,svc_bnf_nm,혜택명,3,
por,product_discount_policy,clr_type_cd,정산유형코드,4,
por,product_discount_policy,plfp_con_sno,포털계약번호,5,
por,product_discount_policy,af_clr_dc_brdr_pfrm_prvr_val,후정산할인부담율플랫폼제공자값,6,
por,product_discount_policy,af_clr_dc_brdr_pfrm_mc_val,후정산할인부담율플랫폼가맹점값,7,
por,product_discount_policy,dc_lmt_type_cd,할인한도유형코드,8,
por,product_discount_policy,bybnf_dc_lmt_tmcnt,혜택별할인한도횟수,9,
por,product_discount_policy,bnf_dc_lmt_unit_dv_cd,혜택할인한도단위구분코드,10,
por,product_discount_policy,bybnf_dc_lmt_minm_stlm_amt,혜택별할인한도최소결제금액,11,
por,product_discount_policy,bybnf_lmt_bfm_cnd_amt,혜택별한도전월조건금액,12,
por,product_discount_policy,bnf_dscr_cn,혜택설명내용,13,
por,product_discount_policy,use_yn,사용여부,14,
por,product_discount_policy,dc_bnf_sno,상품할인일련번호,15,
por,product_discount_policy,bnf_prity,상품할인적용우선순위,16,
por,product_discount_policy,af_clr_dc_bu_tthr_role_dv_cd,후정산할인부담제3자역할구분코드,17,
por,product_discount_policy,af_clr_dc_bu_tthr_ptn_no,후정산할인부담제3자파트너번호,18,
por,product_discount_policy,af_clr_dc_brdr_tthr_val,후정산할인부담율제3자값,19,
por,product_discount_policy,dc_bnf_dv_cd,할인혜택구분코드,20,
por,product_discount_policy,dc_bnf_atnt_mttrs_cn,할인혜택유의사항내용,21,
por,product_discount_policy,dc_bnf_ctg_cd,할인혜택카테고리코드,22,
por,product_discount_policy,dc_bnf_tg_cn,할인혜택태그내용,23,
por,product_discount_policy,file_no,파일번호,24,
por,product_discount_policy,dc_bnf_img_file_sno,할인혜택이미지파일일련번호,25,
por,product_discount_policy,lnup_ode,정렬순서,26,
por,product_discount_policy,bfm_chrg_arsl_amt,전월충전실적금액,27,
por,product_discount_policy,exhb_dscp_nm,전시할인처명,28,
por,product_discount_policy,exhb_bnf_nm,전시혜택명,29,
por,product_discount_policy,drt_ins_tg_cn,직접입력태그내용,30,
por,product_discount_policy,bfm_arsl_incl_yn,전월실적포함여부,31,
por,product_discount_policy,once_dc_lmt_amt,1회할인한도금액,32,
por,product_discount_policy,pmtp_onl_dv_cd,결제처온라인구분코드,33,
por,product_discount_policy,bnf_intr_cn,혜택소개내용,34,
por,product_discount_policy,crd_itdl_apy_yn,카드통합할인한도적용여부,35,
por,product_discount_policy,hdfs_upd_dttm,하둡변경일시,36,
por,product_discount_time,svc_id,상품번호,1,
por,product_discount_time,dc_bnf_id,할인번호,2,
por,product_discount_time,tm_sno,시간일련번호,3,
por,product_discount_time,strt_tm_hm,시작시간시분,4,
por,product_discount_time,end_tm_hm,종료시간시분,5,
por,product_discount_time,use_yn,사용여부,6,
por,product_discount_time,sys_cre_dttm,시스템생성일시,7,
por,product_discount_time,sys_cre_id,시스템생성자ID,8,
por,product_discount_time,sys_cre_ip_addr,시스템생성자IP주소,9,
por,product_discount_time,sys_upd_dttm,시스템수정일시,10,
por,product_discount_time,sys_upd_id,시스템수정자ID,11,
por,product_discount_time,sys_upd_ip_addr,시스템수정자IP주소,12,
por,product_discount_time,dc_apy_mndy_yn,할인적용월요일여부,13,
por,product_discount_time,dc_apy_tsdy_yn,할인적용화요일여부,14,
por,product_discount_time,dc_apy_wndy_yn,할인적용수요일여부,15,
por,product_discount_time,dc_apy_thu_yn,할인적용목요일여부,16,
por,product_discount_time,dc_apy_frdy_yn,할인적용금요일여부,17,
por,product_discount_time,dc_apy_sat_yn,할인적용토요일여부,18,
por,product_discount_time,dc_apy_sun_yn,할인적용일요일여부,19,
por,product_discount_time,hdfs_upd_dttm,하둡변경일시,20,
por,product_discountgroup_map,dc_bnf_grp_id,혜택그룹ID,1,
por,product_discountgroup_map,svc_id,상품번호,2,
por,product_discountgroup_map,sys_upd_dttm,시스템수정일시,3,
por,product_discountgroup_map,sys_upd_ip_addr,시스템수정자IP주소,4,
por,product_discountgroup_map,sys_upd_id,시스템수정자ID,5,
por,product_discountgroup_map,hdfs_upd_dttm,하둡변경일시,6,
por,retail_asp_mapping,afc_dv_cd,제휴사구분코드,1,
por,retail_asp_mapping,asp_id,ASP_ID,2,
por,retail_asp_mapping,hdfs_upd_dttm,하둡변경일시,3,
por,role,ptn_id,포털파트너번호,1,
por,role,ptn_role_dv_cd,파트너역할구분코드,2,
por,role,use_yn,사용여부,3,
por,role,sys_cre_dttm,시스템생성일시,4,
por,role,sys_cre_id,시스템생성자ID,5,
por,role,sys_cre_ip_addr,시스템생성자IP주소,6,
por,role,sys_upd_dttm,시스템수정일시,7,
por,role,sys_upd_id,시스템수정자ID,8,
por,role,sys_upd_ip_addr,시스템수정자IP주소,9,
por,role,cgp_dept_nm,담당자부서명,10,
por,role,cgp_faxno,담당자팩스번호,11,
por,role,bran_cnt,브랜드수,12,
por,role,bran_hmpg_url,브랜드홈페이지URL주소,13,
por,role,mc_onl_dv_cd,가맹점온라인구분코드,14,
por,role,tt_loa_cd,취급품목코드,15,
por,role,psno,우편번호,16,
por,role,pst_addr,우편주소,17,
por,role,mc_hmpg_url,가맹점홈페이지URL주소,18,
por,role,rcur_subs_sno,모집대리인일련번호,19,
por,role,shop_xng_ipsb_yn,매장환불가능여부,20,
por,role,mn_tt_loa_cn,주요취급품목리스트내용,21,
por,role,rc_hmpg_url,충전상홈페이지URL주소,22,
por,role,faxno,팩스번호,23,
por,role,minm_chrg_amt,최소충전금액,24,
por,role,chrg_lmt_amt,충전한도금액,25,
por,role,n1_dd_chrg_lmt_amt,1일충전한도금액,26,
por,role,once_chrg_lmt_amt,1회충전한도금액,27,
por,role,mn_actv_zon_nm,주요활동지역명,28,
por,role,role_nm,역할명,29,
por,role,dmc_id,파트너ID,30,
por,role,mc_rc_rep_dv_cd,가맹점충전상대표구분코드,31,
por,role,hier_mc_sno,상위가맹점번호,32,
por,role,pofn_phn_no,국번전화번호,33,
por,role,phn_no,전화번호,34,
por,role,cgp_jgd_nm,담당자직급명,35,
por,role,rcmr_nm,추천자명,36,
por,role,basc_crd_svc_nm,베이직카드상품명,37,
por,role,basc_crd_svc_img_pth_nm,베이직카드상품이미지경로명,38,
por,role,svc_thmn_img_pth_nm,상품썸네일이미지경로명,39,
por,role,latd,위도,40,
por,role,lotd,경도,41,
por,role,txn_type_cd,과세유형코드,42,
por,role,incde_trgt_yn,소득공제대상여부,43,
por,role,incde_type_cd,소득공제유형코드,44,
por,role,list_xprsn_xcpt_yn,목록표시제외여부,45,
por,role,clr_owr_ptn_id,정산주체파트너ID,46,
por,role,clr_owr_role_cd,정산주체역할코드,47,
por,role,rep_clr_dv_cd,대표정산구분코드,48,
por,role,dpsts_mgmt_rep_dv_cd,예치금관리대표구분코드,49,
por,role,mc_qr_use_yn,가맹점QR사용여부,50,
por,role,mc_emv_qr_val,가맹점EMV_QR값,51,
por,role,wl_yn,복지여부,52,
por,role,corp_yn,법인여부,53,
por,role,al_yn,제휴여부,54,
por,role,ptn_lwr_inq_type_cd,파트너하위조회유형코드,55,
por,role,ap_exps_yn,앱노출여부,56,
por,role,crd_cash_use_yn,카드캐시사용여부,57,
por,role,pblc_wl_ort_svc_type_yn,공공복지운영상품유형여부,58,
por,role,file_pth_nm,파일경로명,59,
por,role,qr_pnl_use_yn,QR패널사용여부,60,
por,role,exhb_strt_dt,전시시작일자,61,
por,role,exhb_end_dt,전시종료일자,62,
por,role,rc_tml_cash_chrg_yn,충전상단말기캐시충전여부,63,
por,role,dtl_addr,상세주소,64,
por,role,bztp_cd,업종코드,65,
por,role,al_mc_mapng_cd,외부제휴가맹점매핑코드,66,
por,role,mc_onl_autht_key_val,가맹점온라인인증키값,67,
por,role,trust_rate,신탁비율,68,
por,role,shop_opbr_dt,매장개점일자,69,
por,role,clbr_dt,폐점일자,70,
por,role,gsrt_type_cd,GS리테일유형코드,71,
por,role,afc_dv_cd,제휴사구분코드,72,
por,role,sl_cd,매출코드,73,
por,role,mbr_id,회원ID,74,
por,role,rc_tt_brc_cd,충전상취급점코드,75,
por,role,hdfs_upd_dttm,하둡변경일시,76,
por,role,uconn_crd_chrg_pmsn_yn,미등록카드충전허용여부,77,
por,role,rc_cl_cd,충전상분류,78,
por,role,mm_max_chrg_lmt_amt,월최대충전금액,79,
por,role,crd_apl_lm_cnt,카드신청제한수,80,
por,role,itnc_tel_zon_cd,국제전화지역코드,81,
por,role,mc_con_type_cd,가맹점계약유형코드,82,
por,sh_merchant_code,bztp_lcl_cd,업종대분류코드,1,
por,sh_merchant_code,bztp_cd,신한업종소분류코드,2,
por,sh_merchant_code,bztp_lcl_nm,중분류명,3,
por,sh_merchant_code,bztp_nm,소분류명,4,
por,sh_merchant_code,bztp_type_val,중분류업종코드,5,
por,sh_merchant_code,hdfs_upd_dttm,하둡변경일시,6,
por,shop_category_mapping,svc_ctg_id,상품카테고리분류번호,1,
por,shop_category_mapping,svc_ctg_kwd_cd,키워드번호,2,
por,shop_category_mapping,asp_no,ASP번호,3,
por,shop_category_mapping,temp_save_yn,임시저장여부,4,
por,shop_category_mapping,hdfs_upd_dttm,하둡변경일시,5,
por,ss_biztype_cd,cd_grp_idx,대분류,1,
por,ss_biztype_cd,bztp_cd,소분류,2,
por,ss_biztype_cd,mcl_bztp_nm,중분류명,3,
por,ss_biztype_cd,bztp_nm,소분류명,4,
por,ss_biztype_cd,mcl_bztp_cd,중분류,5,
por,ss_biztype_cd,sys_cre_dttm,시스템생성일자,6,
por,ss_biztype_cd,sys_upd_dttm,시스템수정일자,7,
por,ss_biztype_cd,hdfs_upd_dttm,하둡변경일시,8,
por,ssum_merchant_code,bztp_lcl_cd,업종대분류코드,1,
por,ssum_merchant_code,bztp_cd,썸패스가맹점소분류코드,2,
por,ssum_merchant_code,bztp_lcl_nm,중분류명,3,
por,ssum_merchant_code,bztp_nm,소분류명,4,
por,ssum_merchant_code,bztp_type_val,중분류업종코드,5,
por,ssum_merchant_code,hdfs_upd_dttm,하둡변경일시,6,
por,tbl_area_service_mapping,sys_cre_dttm,시스템생성일시,1,
por,tbl_area_service_mapping,sys_upd_dttm,시스템수정일시,2,
por,tbl_area_service_mapping,sys_cre_id,시스템생성자ID,3,
por,tbl_area_service_mapping,sys_upd_id,시스템수정자ID,4,
por,tbl_area_service_mapping,zon_cd,지역코드,5,
por,tbl_area_service_mapping,svc_type_cd,서비스유형코드,6,
por,tbl_area_service_mapping,hdfs_upd_dttm,하둡변경일시,7,
por,tbl_asp_service_mapping,sys_cre_dttm,시스템생성일시,1,
por,tbl_asp_service_mapping,sys_upd_dttm,시스템수정일시,2,
por,tbl_asp_service_mapping,sys_cre_id,시스템생성자ID,3,
por,tbl_asp_service_mapping,sys_upd_id,시스템수정자ID,4,
por,tbl_asp_service_mapping,asp_id,ASP_ID,5,
por,tbl_asp_service_mapping,svc_type_cd,서비스유형코드,6,
por,tbl_asp_service_mapping,use_yn,사용여부,7,
por,tbl_asp_service_mapping,hdfs_upd_dttm,하둡변경일시,8,
por,tbl_ka_service_mapping,sys_cre_dttm,시스템생성일시,1,
por,tbl_ka_service_mapping,sys_upd_dttm,시스템수정일시,2,
por,tbl_ka_service_mapping,sys_cre_id,시스템생성자ID,3,
por,tbl_ka_service_mapping,sys_upd_id,시스템수정자ID,4,
por,tbl_ka_service_mapping,asp_id,ASP_ID,5,
por,tbl_ka_service_mapping,ka_id,KA_ID,6,
por,tbl_ka_service_mapping,svc_type_cd,서비스유형코드,7,
por,tbl_ka_service_mapping,use_yn,사용여부,8,
por,tbl_ka_service_mapping,hdfs_upd_dttm,하둡변경일시,9,
por,tbl_mileage_image_mapping,mlg_plcy_id,마일리지정책ID,1,
por,tbl_mileage_image_mapping,file_no,파일번호,2,
por,tbl_mileage_image_mapping,exps_prity,노출우선순위,3,
por,tbl_mileage_image_mapping,ocy_file_nm,원본파일명,4,
por,tbl_mileage_image_mapping,file_siz,파일크기,5,
por,tbl_mileage_image_mapping,img_url,이미지URL주소,6,
por,tbl_mileage_image_mapping,file_nm,파일명,7,
por,tbl_mileage_image_mapping,use_yn,사용여부,8,
por,tbl_mileage_image_mapping,sys_cre_dttm,시스템생성일시,9,
por,tbl_mileage_image_mapping,sys_cre_id,시스템생성자ID,10,
por,tbl_mileage_image_mapping,hdfs_upd_dttm,하둡변경일시,11,
por,tbl_sum_discount_application,asp_no,ASP번호,1,
por,tbl_sum_discount_application,ptn_id,파트너ID,2,
por,tbl_sum_discount_application,sub_dc_type_cd,세부할인유형코드,3,
por,tbl_sum_discount_application,dc_famt_frte_dv_cd,할인정액정률구분코드,4,
por,tbl_sum_discount_application,dc_val,할인값,5,
por,tbl_sum_discount_application,exhb_bnf_nm,전시혜택명,6,
por,tbl_sum_discount_application,acqr_dv_cd,채널코드,7,
por,tbl_sum_discount_application,acqr_id,포털매입사ID,8,
por,tbl_sum_discount_application,dttm,할인일시,9,
por,tbl_sum_discount_application,hdfs_upd_dttm,하둡변경일시,10,
por,tbl_taxi_file,taxi_file_no,택시파일번호,1,택시파일관리
por,tbl_taxi_file,taxi_file_mgmt_sno,택시파일관리일련번호,2,택시파일관리
por,tbl_taxi_file,ocy_file_nm,원본파일명,3,택시파일관리
por,tbl_taxi_file,img_url,이미지URL,4,택시파일관리
por,tbl_taxi_file,sys_cre_dttm,시스템생성일시,5,택시파일관리
por,tbl_taxi_file,use_yn,사용여부,6,택시파일관리
por,tbl_taxi_file,taxi_file_dv_cd,택시파일구분코드,7,택시파일관리
por,tbl_taxi_file,img_widt_lnth,이미지가로길이,8,택시파일관리
por,tbl_taxi_file,img_vtc_lnth,이미지세로길이,9,택시파일관리
por,tbl_taxi_file,file_nm,파일명,10,택시파일관리
por,tbl_taxi_file,del_yn,삭제여부,11,택시파일관리
por,tbl_taxi_file,hdfs_upd_dttm,하둡변경일시,12,택시파일관리
por,tmp_hana_m,ka_nm,KA명,1,경기도민생회복소비쿠폰사용처
por,tmp_hana_m,batch_date,배치등록일,2,경기도민생회복소비쿠폰사용처
por,tmp_hana_m,seq,번호,3,경기도민생회복소비쿠폰사용처
por,tmp_hana_m,reg_date,데이터입력일,4,경기도민생회복소비쿠폰사용처
por,tmp_hana_m,simple_nm,가맹점명,5,경기도민생회복소비쿠폰사용처
por,tmp_hana_m,zip_cd,가맹점우편번호,6,경기도민생회복소비쿠폰사용처
por,tmp_hana_m,addr1,가맹점기본주소,7,경기도민생회복소비쿠폰사용처
por,tmp_hana_m,addr2,가맹점상세주소,8,경기도민생회복소비쿠폰사용처
por,tmp_hana_m,tel_no,가맹점전화번호,9,경기도민생회복소비쿠폰사용처
por,tmp_hana_m,biz_type,가맹점업종코드,10,경기도민생회복소비쿠폰사용처
por,tmp_hana_m,sales_cd,매출코드,11,경기도민생회복소비쿠폰사용처
por,tmp_hana_m,latitude,위도,12,경기도민생회복소비쿠폰사용처
por,tmp_hana_m,longitude,경도,13,경기도민생회복소비쿠폰사용처
por,tmp_hana_m,distance,거리,14,경기도민생회복소비쿠폰사용처
por,tmp_hana_m,legal_dong_name,읍면동 명,15,경기도민생회복소비쿠폰사용처
por,tmp_hana_m,hdfs_upd_dttm,하둡변경일시,16,경기도민생회복소비쿠폰사용처
por,tmp_hana_m,pt_batch_date,,17,경기도민생회복소비쿠폰사용처
pp,bas_epay_mapping,acqr_cd,매입사코드,1,
pp,bas_epay_mapping,acqr_sppm_nm,매입사간편결제명,2,
pp,bas_epay_mapping,acqr_sppm_id,매입사간편결제ID,3,
pp,bas_epay_mapping,onl_acqr_id,온라인앞6자리매입사ID,4,
pp,bas_epay_mapping,ofl_acqr_id,오프라인앞6자리매입사ID,5,
pp,bas_epay_mapping,data_cre_dttm,데이터생성일시,6,
pp,bas_epay_mapping,data_upd_dttm,데이터수정일시,7,
pp,bas_epay_mapping,upd_pv_yn,수정방지여부,8,
pp,bas_epay_mapping,sys_cre_dttm,시스템생성일시,9,
pp,bas_epay_mapping,sys_upd_dttm,시스템수정일시,10,
pp,bas_epay_mapping,hdfs_upd_dttm,하둡변경일시,11,
prs,prs_spps_aph_hist,spps_aph_hist_sno,부가서비스접근이력일련번호,1,부가서비스접근이력
prs,prs_spps_aph_hist,sys_cre_dttm,시스템생성일시,2,부가서비스접근이력
prs,prs_spps_aph_hist,sys_upd_dttm,시스템수정일시,3,부가서비스접근이력
prs,prs_spps_aph_hist,aph_dt,접근일자,4,부가서비스접근이력
prs,prs_spps_aph_hist,mbr_id,회원ID,5,부가서비스접근이력
prs,prs_spps_aph_hist,spps_id,부가서비스ID,6,부가서비스접근이력
prs,prs_spps_aph_hist,ka_id,KA_ID,7,부가서비스접근이력
prs,prs_spps_aph_hist,asp_id,ASP_ID,8,부가서비스접근이력
prs,prs_spps_aph_hist,exhb_vw_exps_loc_type_cd,전시뷰노출위치유형코드,9,부가서비스접근이력
prs,prs_spps_aph_hist,spps_aph_dv_cd,부가서비스접근구분코드,10,부가서비스접근이력
prs,prs_spps_aph_hist,cnts_id,콘텐츠ID,11,부가서비스접근이력
prs,prs_spps_aph_hist,dtl_spps_id,상세부가서비스ID,12,부가서비스접근이력
prs,prs_spps_aph_hist,hdfs_upd_dttm,,13,부가서비스접근이력
prs,prs_spps_aph_hist,pt_sys_cre_dt,,14,부가서비스접근이력
prs,prs_spps_bygrp_ntst,spps_bygrp_ntst_sno,부가서비스그룹별관심도일련번호,1,부가서비스그룹별관심도
prs,prs_spps_bygrp_ntst,sys_cre_dttm,시스템생성일시,2,부가서비스그룹별관심도
prs,prs_spps_bygrp_ntst,sys_upd_dttm,시스템수정일시,3,부가서비스그룹별관심도
prs,prs_spps_bygrp_ntst,aph_dt,접근일자,4,부가서비스그룹별관심도
prs,prs_spps_bygrp_ntst,spps_id,부가서비스ID,5,부가서비스그룹별관심도
prs,prs_spps_bygrp_ntst,ka_id,KA_ID,6,부가서비스그룹별관심도
prs,prs_spps_bygrp_ntst,asp_id,ASP_ID,7,부가서비스그룹별관심도
prs,prs_spps_bygrp_ntst,ageg_cd,연령대코드,8,부가서비스그룹별관심도
prs,prs_spps_bygrp_ntst,sex_dv_cd,성별구분코드,9,부가서비스그룹별관심도
prs,prs_spps_bygrp_ntst,ntst,관심도,10,부가서비스그룹별관심도
prs,prs_spps_bygrp_ntst,hdfs_upd_dttm,,11,부가서비스그룹별관심도
prs,prs_spps_exps_prity,spps_exps_prity_sno,부가서비스노출우선순위일련번호,1,부가서비스노출우선순위
prs,prs_spps_exps_prity,sys_cre_dttm,시스템생성일시,2,부가서비스노출우선순위
prs,prs_spps_exps_prity,sys_upd_dttm,시스템수정일시,3,부가서비스노출우선순위
prs,prs_spps_exps_prity,spps_id,부가서비스ID,4,부가서비스노출우선순위
prs,prs_spps_exps_prity,stn_dt,설정일자,5,부가서비스노출우선순위
prs,prs_spps_exps_prity,ka_id,KA_ID,6,부가서비스노출우선순위
prs,prs_spps_exps_prity,asp_id,ASP_ID,7,부가서비스노출우선순위
prs,prs_spps_exps_prity,toplvl_fix_yn,최상위고정여부,8,부가서비스노출우선순위
prs,prs_spps_exps_prity,exps_prity,노출우선순위,9,부가서비스노출우선순위
prs,prs_spps_exps_prity,wght,가중치,10,부가서비스노출우선순위
prs,prs_spps_exps_prity,act_yn,활성여부,11,부가서비스노출우선순위
prs,prs_spps_exps_prity,hdfs_upd_dttm,,12,부가서비스노출우선순위
prs,prs_spps_u_yn,spps_u_yn_sno,부가서비스이용여부일련번호,1,부가서비스이용여부
prs,prs_spps_u_yn,sys_cre_dttm,시스템생성일시,2,부가서비스이용여부
prs,prs_spps_u_yn,sys_upd_dttm,시스템수정일시,3,부가서비스이용여부
prs,prs_spps_u_yn,spps_id,부가서비스ID,4,부가서비스이용여부
prs,prs_spps_u_yn,mbr_id,회원ID,5,부가서비스이용여부
prs,prs_spps_u_yn,aph_dt,접근일자,6,부가서비스이용여부
prs,prs_spps_u_yn,ka_id,KA_ID,7,부가서비스이용여부
prs,prs_spps_u_yn,asp_id,ASP_ID,8,부가서비스이용여부
prs,prs_spps_u_yn,ageg_cd,연령대코드,9,부가서비스이용여부
prs,prs_spps_u_yn,sex_dv_cd,성별구분코드,10,부가서비스이용여부
prs,prs_spps_u_yn,aph_cnt,접근수,11,부가서비스이용여부
prs,prs_spps_u_yn,spps_u_yn,이용여부,12,부가서비스이용여부
prs,prs_spps_u_yn,hdfs_upd_dttm,,13,부가서비스이용여부
rfs,user_qual,mbr_id,회원ID,1,
rfs,user_qual,sys_cre_dttm,시스템생성일시,2,
rfs,user_qual,sys_upd_dttm,시스템수정일시,3,
rfs,user_qual,tid,TID,4,
rfs,user_qual,data_cre_dt,데이터생성일자,5,
rfs,user_qual,brth_dt,생년월일,6,
rfs,user_qual,zon_cd,지역코드,7,
rfs,user_qual,icm_dv_cd,소득구분코드,8,
rfs,user_qual,hdfs_upd_dttm,하둡변경일시,9,
sas,pnt_tran_type,pnt_tr_type_cd,포인트거래유형코드,1,
sas,pnt_tran_type,tr_type_nm,거래유형명,2,
sas,pnt_tran_type,sas_cri_tr_type_nm,SAS기준거래유형명,3,
sas,pnt_tran_type,por_cri_tr_type_nm,포털기준거래유형명,4,
sas,pnt_tran_type,dtl_dscr,상세설명,5,
sas,prcs_cd,pcs_cd,프로세싱코드,1,
sas,prcs_cd,tr_type_nm,"거래유형명(결제,기부,벌충,잔액이동,충전,환불)",2,
sas,prcs_cd,tr_type_dtl_nm,거래유형상세명,3,
sas,prcs_cd,pcs_cd_nm,프로세싱코드명,4,
sas,prcs_cd,tr_cncl_psbl_yn,거래취소가능여부(1:가능/0:불가능),5,
sas,prcs_cd,tr_ccnt_icdc_cd,거래건수증감코드(0:미포함/1:증가/-1:감소),6,
sas,prcs_cd,bala_icdc_cd,"잔액증감코드(mti가 0100일때 잔액방향성을 의미, 1:잔액증가/-1:잔액감소)",7,
sas,prcs_cd,dtl_dscr,상세설명,8,
sms,imc_at_biz_msg_log,id,ID,1,
sms,imc_at_biz_msg_log,status,발송상태,2,
sms,imc_at_biz_msg_log,priority,발송우선순위,3,
sms,imc_at_biz_msg_log,reserved_date,발송예약일시,4,
sms,imc_at_biz_msg_log,template_code,템플릿코드,5,
sms,imc_at_biz_msg_log,bill_code,청구코드,6,
sms,imc_at_biz_msg_log,resend_mt_type,재발송유형,7,
sms,imc_at_biz_msg_log,resend_mt_title,재발송메시지제목,8,
sms,imc_at_biz_msg_log,resend_mt_message_reuse,재발송여부,9,
sms,imc_at_biz_msg_log,request_date,컴포넌트요청일시,10,
sms,imc_at_biz_msg_log,response_date,컴포넌트응답일시,11,
sms,imc_at_biz_msg_log,response_code,컴포넌트응답코드,12,
sms,imc_at_biz_msg_log,report_type,결과유형,13,
sms,imc_at_biz_msg_log,report_date,결과응답일시,14,
sms,imc_at_biz_msg_log,report_code,결과코드,15,
sms,imc_at_biz_msg_log,arrival_date,수신일시,16,
sms,imc_at_biz_msg_log,resend_report_code,재발송결과코드,17,
sms,imc_at_biz_msg_log,resend_arrival_date,재발송수신일시,18,
sms,imc_at_biz_msg_log,mbr_id,회원ID,19,
sms,imc_at_biz_msg_log,asp_id,ASP_ID,20,
sms,imc_at_biz_msg_log,hdfs_upd_dttm,하둡변경일시,21,
sms,imc_at_biz_msg_log,pt_reserved_date,,22,
tbl,dap_agg,ymd,년월일,1,DAP광고서비스집계
tbl,dap_agg,dow,요일,2,DAP광고서비스집계
tbl,dap_agg,hr,시간,3,DAP광고서비스집계
tbl,dap_agg,asp_nm,ASP명,4,DAP광고서비스집계
tbl,dap_agg,rep_ka_nm,KA명,5,DAP광고서비스집계
tbl,dap_agg,crtv_nm,소재명,6,DAP광고서비스집계
tbl,dap_agg,invtr_nm,구좌명,7,DAP광고서비스집계
tbl,dap_agg,sex_cd,성별,8,DAP광고서비스집계
tbl,dap_agg,ageg,연령대,9,DAP광고서비스집계
tbl,dap_agg,tab_nm,화면,10,DAP광고서비스집계
tbl,dap_agg,loc_nm,구좌위치,11,DAP광고서비스집계
tbl,dap_agg,dtl_loc_nm,구좌상세위치,12,DAP광고서비스집계
tbl,dap_agg,exp_cnt,노출수,13,DAP광고서비스집계
tbl,dap_agg,click_cnt,클릭수,14,DAP광고서비스집계
tbl,dap_agg,exp_mbr_cnt,노출회원수,15,DAP광고서비스집계
tbl,dap_agg,click_mbr_cnt,클릭회원수,16,DAP광고서비스집계
tbl,dap_agg,hdfs_upd_dttm,하둡변경일시,17,DAP광고서비스집계
tbl,dap_agg,aft_crtv_nm,이후소재명,18,DAP광고서비스집계
tbl,tms_sndng_cmpgn_rprt_ps,site_id,TMS사이트ID,1,TMS발송캠페인리포트현황
tbl,tms_sndng_cmpgn_rprt_ps,asp_id,ASP_ID,2,TMS발송캠페인리포트현황
tbl,tms_sndng_cmpgn_rprt_ps,msgid,메시지ID,3,TMS발송캠페인리포트현황
tbl,tms_sndng_cmpgn_rprt_ps,campid,캠페인ID,4,TMS발송캠페인리포트현황
tbl,tms_sndng_cmpgn_rprt_ps,channeltype,채널유형,5,TMS발송캠페인리포트현황
tbl,tms_sndng_cmpgn_rprt_ps,msgname,메시지명,6,TMS발송캠페인리포트현황
tbl,tms_sndng_cmpgn_rprt_ps,campname,캠페인명,7,TMS발송캠페인리포트현황
tbl,tms_sndng_cmpgn_rprt_ps,jobstatus,상태코드,8,TMS발송캠페인리포트현황
tbl,tms_sndng_cmpgn_rprt_ps,jobstatusname,상태명,9,TMS발송캠페인리포트현황
tbl,tms_sndng_cmpgn_rprt_ps,channelmsgname,채널메시지명,10,TMS발송캠페인리포트현황
tbl,tms_sndng_cmpgn_rprt_ps,targetcnt,타겟건수,11,TMS발송캠페인리포트현황
tbl,tms_sndng_cmpgn_rprt_ps,pushedcnt,발송건수,12,TMS발송캠페인리포트현황
tbl,tms_sndng_cmpgn_rprt_ps,deliveredcnt,도달건수,13,TMS발송캠페인리포트현황
tbl,tms_sndng_cmpgn_rprt_ps,opencnt,오픈건수,14,TMS발송캠페인리포트현황
tbl,tms_sndng_cmpgn_rprt_ps,clickcnt,클릭건수,15,TMS발송캠페인리포트현황
tbl,tms_sndng_cmpgn_rprt_ps,failcnt,실패건수,16,TMS발송캠페인리포트현황
tbl,tms_sndng_cmpgn_rprt_ps,switchedcnt,문자전환건수,17,TMS발송캠페인리포트현황
tbl,tms_sndng_cmpgn_rprt_ps,deliveredrate,도달률,18,TMS발송캠페인리포트현황
tbl,tms_sndng_cmpgn_rprt_ps,openrate,오픈율,19,TMS발송캠페인리포트현황
tbl,tms_sndng_cmpgn_rprt_ps,clickrate,클릭률,20,TMS발송캠페인리포트현황
tbl,tms_sndng_cmpgn_rprt_ps,failrate,실패율,21,TMS발송캠페인리포트현황
tbl,tms_sndng_cmpgn_rprt_ps,switchedrate,문자전환율,22,TMS발송캠페인리포트현황
tbl,tms_sndng_cmpgn_rprt_ps,regdate,등록일,23,TMS발송캠페인리포트현황
tbl,tms_sndng_cmpgn_rprt_ps,regid,등록담당자ID,24,TMS발송캠페인리포트현황
tbl,tms_sndng_cmpgn_rprt_ps,deptid,부서ID,25,TMS발송캠페인리포트현황
tbl,tms_sndng_cmpgn_rprt_ps,hdfs_upd_dttm,하둡변경일시,26,TMS발송캠페인리포트현황
tgs,tb_access_key,api_aph_ctf_key_sno,API접근인증키일련번호,1,접근인증키
tgs,tb_access_key,api_aph_ctf_key,API접근인증키,2,접근인증키
tgs,tb_access_key,pjt_id,프로젝트ID,3,접근인증키
tgs,tb_access_key,asp_id,ASPID,4,접근인증키
tgs,tb_access_key,act_st_cd,활성상태코드,5,접근인증키
tgs,tb_access_key,sys_cre_dttm,시스템생성일시,6,접근인증키
tgs,tb_access_key,sys_upd_dttm,시스템수정일시,7,접근인증키
tgs,tb_access_key,rqs_copt_cd,요청컴포넌트코드,8,접근인증키
tgs,tb_access_key,st_chg_rsn_cn,상태변경사유내용,9,접근인증키
tgs,tb_access_key,hdfs_upd_dttm,하둡변경일시,10,접근인증키
tgs,tb_api_auth,api_autht_sno,API인증일련번호,1,API인증정보
tgs,tb_api_auth,pjt_id,프로젝트ID,2,API인증정보
tgs,tb_api_auth,rqs_url_hsh_val,요청URL해시값,3,API인증정보
tgs,tb_api_auth,rqs_url,요청URL,4,API인증정보
tgs,tb_api_auth,asp_id,ASPID,5,API인증정보
tgs,tb_api_auth,rqs_enc_yn,요청암호화여부,6,API인증정보
tgs,tb_api_auth,rsp_enc_yn,응답암호화여부,7,API인증정보
tgs,tb_api_auth,rqs_max_ccnt,요청최대건수,8,API인증정보
tgs,tb_api_auth,sys_cre_dttm,시스템생성일시,9,API인증정보
tgs,tb_api_auth,sys_upd_dttm,시스템수정일시,10,API인증정보
tgs,tb_api_auth,io_dv_cd,인아웃바운드구분코드,11,API인증정보
tgs,tb_api_auth,hdfs_upd_dttm,하둡변경일시,12,API인증정보
tgs,tb_api_history,api_aph_ctf_key,API접근인증키,1,API호출이력
tgs,tb_api_history,rqs_url_hsh_val,요청URL해시값,2,API호출이력
tgs,tb_api_history,http_rsp_st_dv_cd,HTTP응답상태구분코드,3,API호출이력
tgs,tb_api_history,tid,TID,4,API호출이력
tgs,tb_api_history,sys_cre_dttm,시스템생성일시,5,API호출이력
tgs,tb_api_history,sys_upd_dttm,시스템수정일시,6,API호출이력
tgs,tb_api_history,rqs_dt,요청일자,7,API호출이력
tgs,tb_api_history,hdfs_upd_dttm,하둡변경일시,8,API호출이력
tgs,tb_api_history,pt_sys_cre_dt,,9,API호출이력
tss,prev_balance,trnsf_bala_sno,이관잔액일련번호,1,
tss,prev_balance,asp_id,ASP ID,2,
tss,prev_balance,trnsf_mbr_id,이관회원ID,3,
tss,prev_balance,trnsf_bala_id,이관잔액ID,4,
tss,prev_balance,trnsf_amt,이관금액,5,
tss,prev_balance,trnsf_trgt_dv_cd,이관대상구분코드,6,
tss,prev_balance,trnsf_bala_plcy_nm,이관잔액정책명,7,
tss,prev_balance,trnsf_yn,이관여부,8,
tss,prev_balance,sys_cre_dttm,시스템생성일시,9,
tss,prev_balance,sys_upd_dttm,시스템수정일시,10,
tss,prev_balance,hdfs_upd_dttm,하둡변경일시,11,
tss,prev_balance_policy,trnsf_bala_plcy_sno,이관잔액정책일련번호,1,
tss,prev_balance_policy,trnsf_bala_plcy_id,이관잔액정책ID,2,
tss,prev_balance_policy,trnsf_bala_plcy_nm,이관잔액정책명,3,
tss,prev_balance_policy,trnsf_trgt_dv_cd,이관대상구분코드,4,
tss,prev_balance_policy,kn_trnsf_bala_plcy_id,코나이관잔액정책ID,5,
tss,prev_balance_policy,ka_id,KA ID,6,
tss,prev_balance_policy,sys_cre_dttm,시스템생성일시,7,
tss,prev_balance_policy,sys_upd_dttm,시스템수정일시,8,
tss,prev_balance_policy,hdfs_upd_dttm,하둡변경일시,9,
tss,transfer_execute_history,trnsf_excu_hist_sno,이관실행이력일련번호,1,
tss,transfer_execute_history,asp_id,ASP ID,2,
tss,transfer_execute_history,trnsf_mbr_id,이관회원ID,3,
tss,transfer_execute_history,trnsf_trgt_dv_cd,이관대상구분코드,4,
tss,transfer_execute_history,trnsf_rs_dv_cd,이관결과구분코드,5,
tss,transfer_execute_history,rs_rsn_cn,결과사유내용,6,
tss,transfer_execute_history,excu_dttm,수행일시,7,
tss,transfer_execute_history,sys_cre_dttm,시스템생성일시,8,
tss,transfer_execute_history,sys_upd_dttm,시스템수정일시,9,
tss,transfer_execute_history,hdfs_upd_dttm,하둡변경일시,10,
tss,transfer_execute_history,pt_cre_dt,,11,
vcc,vcc_chtbt_cnsl,chtbt_cnsl_id,챗봇상담ID,1,
vcc,vcc_chtbt_cnsl,sys_cre_dttm,시스템생성일시,2,
vcc,vcc_chtbt_cnsl,tid,TID,3,
vcc,vcc_chtbt_cnsl,sys_upd_dttm,시스템수정일시,4,
vcc,vcc_chtbt_cnsl,cre_dt,생성일자,5,
vcc,vcc_chtbt_cnsl,end_dttm,종료일시,6,
vcc,vcc_chtbt_cnsl,chtbt_cnsl_ned_tm,챗봇상담소요시간,7,
vcc,vcc_chtbt_cnsl,strt_dttm,시작일시,8,
vcc,vcc_chtbt_cnsl,chtbt_cnsl_rqs_end_dttm,챗봇상담요청종료일시,9,
vcc,vcc_chtbt_cnsl,chtbt_iqy_id,챗봇문의ID,10,
vcc,vcc_chtbt_cnsl,chtbt_cnsl_st_dv_cd,챗봇상담상태구분코드,11,
vcc,vcc_chtbt_cnsl,chtbt_cnsl_dtl_st_dv_cd,챗봇상담상세상태구분코드,12,
vcc,vcc_chtbt_cnsl,mbr_id,회원ID,13,
vcc,vcc_chtbt_cnsl,hdfs_upd_dttm,하둡변경일시,14,
vcc,vcc_chtbt_faq_bydt_agg,agg_dt,집계일자,1,
vcc,vcc_chtbt_faq_bydt_agg,mbr_cnt,회원수,2,
vcc,vcc_chtbt_faq_bydt_agg,iqy_cnt,문의수,3,
vcc,vcc_chtbt_faq_bydt_agg,fdbk_rqs_cnt,피드백요청수,4,
vcc,vcc_chtbt_faq_bydt_agg,fdbk_cnt,피드백수,5,
vcc,vcc_chtbt_faq_bydt_agg,fdbk_pstv_cnt,피드백긍정수,6,
vcc,vcc_chtbt_faq_bydt_agg,fdbk_ngtv_cnt,피드백부정수,7,
vcc,vcc_chtbt_faq_bydt_agg,sys_cre_dttm,시스템생성일시,8,
vcc,vcc_chtbt_faq_bydt_agg,sys_upd_dttm,시스템수정일시,9,
vcc,vcc_chtbt_faq_bydt_agg,hdfs_upd_dttm,하둡변경일시,10,
vcc,vcc_chtbt_faq_bydt_agg,pt_agg_dt,,11,
vcc,vcc_chtbt_iqy,chtbt_iqy_id,챗봇문의ID,1,
vcc,vcc_chtbt_iqy,sys_cre_dttm,시스템생성일시,2,
vcc,vcc_chtbt_iqy,iqy_end_dttm,문의종료일시,3,
vcc,vcc_chtbt_iqy,chtbt_fdbk_rs_dv_cd,챗봇피드백결과구분코드,4,
vcc,vcc_chtbt_iqy,itrpt_chtbt_bhvr_cd,중절챗봇행동코드,5,
vcc,vcc_chtbt_iqy,itrpt_chtbt_bhvr_cdnm,중절챗봇행동코드명,6,
vcc,vcc_chtbt_iqy,last_ans_chtbt_bhvr_cd,최종답변챗봇행동코드,7,
vcc,vcc_chtbt_iqy,rcnt_pro_chtbt_bhvr_cd,최근프로세스챗봇행동코드,8,
vcc,vcc_chtbt_iqy,rcnt_pro_chtbt_bhvr_cdnm,최근프로세스챗봇행동코드명,9,
vcc,vcc_chtbt_iqy,iqy_nl_cn,문의자연어내용,10,
vcc,vcc_chtbt_iqy,iqy_nl_sntmt_dv_cd,문의자연어감성구분코드,11,
vcc,vcc_chtbt_iqy,chtbt_iqy_rs_dv_cd,챗봇문의결과구분코드,12,
vcc,vcc_chtbt_iqy,root_chtbt_bhvr_cd,본관챗봇행동코드,13,
vcc,vcc_chtbt_iqy,root_chtbt_bhvr_cdnm,본관챗봇행동코드명,14,
vcc,vcc_chtbt_iqy,root_chtbt_bhvr_dv_cd,본관챗봇행동구분코드,15,
vcc,vcc_chtbt_iqy,root_chtbt_itt_dv_cd,본관챗봇의도구분코드,16,
vcc,vcc_chtbt_iqy,sesn_id,세션ID,17,
vcc,vcc_chtbt_iqy,tid,TID,18,
vcc,vcc_chtbt_iqy,next_chtbt_bhvr_cd,다음챗봇행동코드,19,
vcc,vcc_chtbt_iqy,cre_dt,생성일자,20,
vcc,vcc_chtbt_iqy,sys_upd_dttm,시스템수정일시,21,
vcc,vcc_chtbt_iqy,hdfs_upd_dttm,하둡변경일시,22,
vcc,vcc_chtbt_iqy,chtbt_iqy_ned_tm,대화소요시간(ms),23,
vcc,vcc_chtbt_iqy,chtbt_bhvr_inctm_kwd_nm,자연어로부터분석인덱스가유도되었을때어떤키워드로분석되었는지그키워드값,24,
vcc,vcc_chtbt_iqy,chtbt_iqy_crer_dv_cd,대화생성자구분코드,25,
vcc,vcc_chtbt_iqy,fdbk_rqs_yn,피드백요청여부,26,
vcc,vcc_chtbt_iqy,chtbt_iqy_st_cd,대화상태구분코드,27,
vcc,vcc_chtbt_iqy_hist,chtbt_iqy_hist_id,챗봇문의이력ID,1,
vcc,vcc_chtbt_iqy_hist,sesn_id,세션ID,2,
vcc,vcc_chtbt_iqy_hist,chtbt_iqy_id,챗봇문의ID,3,
vcc,vcc_chtbt_iqy_hist,mbr_id,회원ID,4,
vcc,vcc_chtbt_iqy_hist,iqy_hist_dv_cd,문의이력구분코드,5,
vcc,vcc_chtbt_iqy_hist,chtbt_bhvr_cd,챗봇행동코드,6,
vcc,vcc_chtbt_iqy_hist,chtbt_bhvr_cdnm,챗봇행동코드명,7,
vcc,vcc_chtbt_iqy_hist,chtbt_bhvr_dv_cd,챗봇행동구분코드,8,
vcc,vcc_chtbt_iqy_hist,cre_dt,생성일자,9,
vcc,vcc_chtbt_iqy_hist,sys_cre_dttm,시스템생성일시,10,
vcc,vcc_chtbt_iqy_hist,tid,TID,11,
vcc,vcc_chtbt_iqy_hist,hdfs_upd_dttm,하둡변경일시,12,
vcc,vcc_chtbt_iqy_hist,pt_cre_dt,,13,
vcc,vcc_chtbt_rgl_bydt_agg,agg_dt,집계일자,1,
vcc,vcc_chtbt_rgl_bydt_agg,mbr_cnt,회원수,2,
vcc,vcc_chtbt_rgl_bydt_agg,iqy_cnt,문의수,3,
vcc,vcc_chtbt_rgl_bydt_agg,iqy_cplt_cnt,문의완료수,4,
vcc,vcc_chtbt_rgl_bydt_agg,iqy_stop_cnt,문의정지수,5,
vcc,vcc_chtbt_rgl_bydt_agg,iqy_chrn_cnt,문의이탈수,6,
vcc,vcc_chtbt_rgl_bydt_agg,fdbk_rqs_cnt,피드백요청수,7,
vcc,vcc_chtbt_rgl_bydt_agg,fdbk_cnt,피드백수,8,
vcc,vcc_chtbt_rgl_bydt_agg,fdbk_pstv_cnt,피드백긍정수,9,
vcc,vcc_chtbt_rgl_bydt_agg,fdbk_ngtv_cnt,피드백부정수,10,
vcc,vcc_chtbt_rgl_bydt_agg,sys_cre_dttm,시스템생성일시,11,
vcc,vcc_chtbt_rgl_bydt_agg,sys_upd_dttm,시스템수정일시,12,
vcc,vcc_chtbt_rgl_bydt_agg,hdfs_upd_dttm,하둡변경일시,13,
vcc,vcc_chtbt_rgl_bydt_agg,pt_agg_dt,,14,
vcc,vcc_chtbt_sesn_plcy,chtbt_sesn_plcy_id,챗봇세션정책ID,1,
vcc,vcc_chtbt_sesn_plcy,sesn_cntu_tm,세션지속시간,2,
vcc,vcc_chtbt_sesn_plcy,hdfs_upd_dttm,하둡변경일시,3,
vcc,vcc_chtbt_tokn,chtbt_tokn_id,챗봇TOKEN_ID,1,
vcc,vcc_chtbt_tokn,mbr_id,회원ID,2,
vcc,vcc_chtbt_tokn,tokn_cntu_tm,TOKEN지속시간,3,
vcc,vcc_chtbt_tokn,tokn_et_exn_dttm,TOKEN예상만료일시,4,
vcc,vcc_chtbt_tokn,tokn_exn_yn,TOKEN만료여부,5,
vcc,vcc_chtbt_tokn,chtbt_tokn_cre_chnl_dv_cd,챗봇TOKEN생성채널구분코드,6,
vcc,vcc_chtbt_tokn,sys_cre_dttm,시스템생성일시,7,
vcc,vcc_chtbt_tokn,sys_upd_dttm,시스템수정일시,8,
vcc,vcc_chtbt_tokn,tid,TID,9,
vcc,vcc_chtbt_tokn,cre_dt,생성일자,10,
vcc,vcc_chtbt_tokn,hdfs_upd_dttm,하둡변경일시,11,
vcc,vcc_chtbt_tot_bydt_agg,agg_dt,집계일자,1,
vcc,vcc_chtbt_tot_bydt_agg,mbr_cnt,회원수,2,
vcc,vcc_chtbt_tot_bydt_agg,sesn_cnt,세션수,3,
vcc,vcc_chtbt_tot_bydt_agg,iqy_cnt,문의수,4,
vcc,vcc_chtbt_tot_bydt_agg,faq_iqy_cnt,FAQ문의수,5,
vcc,vcc_chtbt_tot_bydt_agg,rgl_iqy_cnt,정규문의수,6,
vcc,vcc_chtbt_tot_bydt_agg,fllbck_iqy_cnt,폴백문의수,7,
vcc,vcc_chtbt_tot_bydt_agg,sys_cre_dttm,시스템생성일시,8,
vcc,vcc_chtbt_tot_bydt_agg,sys_upd_dttm,시스템수정일시,9,
vcc,vcc_chtbt_tot_bydt_agg,hdfs_upd_dttm,하둡변경일시,10,
vcc,vcc_chtbt_tot_bydt_agg,pt_agg_dt,,11,
vcc,vcc_sesn,sesn_id,세션ID,1,
vcc,vcc_sesn,sesn_st_dv_cd,세션상태구분코드,2,
vcc,vcc_sesn,asp_id,ASP_ID,3,
vcc,vcc_sesn,mbr_id,회원ID,4,
vcc,vcc_sesn,fage,만연령,5,
vcc,vcc_sesn,chtbt_infw_chnl_dv_cd,챗봇유입채널구분코드,6,
vcc,vcc_sesn,chtbt_user_dv_cd,챗봇사용자구분코드,7,
vcc,vcc_sesn,ocp_autht_yn,점유인증여부,8,
vcc,vcc_sesn,crnt_anal_chtbt_bhvr_cd,현재분석챗봇행동코드,9,
vcc,vcc_sesn,sesn_cntu_tm,세션지속시간,10,
vcc,vcc_sesn,sesn_et_exn_dttm,세션예상만료일시,11,
vcc,vcc_sesn,tid,TID,12,
vcc,vcc_sesn,sys_cre_dttm,시스템생성일시,13,
vcc,vcc_sesn,sys_upd_dttm,시스템수정일시,14,
vcc,vcc_sesn,cre_dt,생성일자,15,
vcc,vcc_sesn,hdfs_upd_dttm,하둡변경일시,16,
