component,table,column,data_type,column_desc,table_desc,is_pii
AMLS,AML_USER_INFO,USER_ID,VARCHAR,USER_ID (식별자),AML_USER_INFO 테이블,N
AMLS,AML_USER_INFO,ASP_ID,VARCHAR,ASP_ID (식별자),AML_USER_INFO 테이블,N
AMLS,AML_USER_INFO,EXPIRY_DT,TIMESTAMP,EXPIRY_DT (일자),AML_USER_INFO 테이블,N
AMLS,AML_USER_INFO,USER_STATUS,VARCHAR,USER_STATUS 항목,AML_USER_INFO 테이블,N
AMLS,AML_USER_INFO,AML_STATUS,VARCHAR,AML_STATUS 항목,AML_USER_INFO 테이블,N
AMLS,AML_USER_INFO,AML_ORIGIN_STATUS,VARCHAR,AML_ORIGIN_STATUS 항목,AML_USER_INFO 테이블,N
AMLS,AML_USER_INFO,MINOR_YN,CHAR,MINOR_YN (여부),AML_USER_INFO 테이블,N
AMLS,AML_USER_INFO,RECENT_EDD_ID,VARCHAR,RECENT_EDD_ID (식별자),AML_USER_INFO 테이블,N
AMLS,AML_USER_INFO,AML_RETRY_EXE_DT,TIMESTAMP,AML_RETRY_EXE_DT (일자),AML_USER_INFO 테이블,N
AMLS,AML_USER_INFO,ERROR_TID,VARCHAR,ERROR_TID (식별자),AML_USER_INFO 테이블,N
AMLS,AML_USER_INFO,TR_RJCT_RSN_CN,VARCHAR,TR_RJCT_RSN_CN (내용),AML_USER_INFO 테이블,N
BIZ,CCP_CARD,PAR,VARCHAR,PAR 항목,CCP_CARD 테이블,N
BIZ,CCP_CARD,PARTNER_ID,VARCHAR,PARTNER_ID (식별자),CCP_CARD 테이블,N
BIZ,CCP_CARD,PRODUCT_SEQ,VARCHAR,PRODUCT_SEQ 항목,CCP_CARD 테이블,N
BIZ,CCP_CARD,CORP_CARD_MANAGER_ID,VARCHAR,CORP_CARD_MANAGER_ID (식별자),CCP_CARD 테이블,N
BIZ,CCP_CARD,EMPLOYEE_ID,VARCHAR,EMPLOYEE_ID (식별자),CCP_CARD 테이블,N
BIZ,CCP_CARD,DEFAULT_SETTING_YN,CHAR,DEFAULT_SETTING_YN (여부),CCP_CARD 테이블,N
BIZ,CCP_CARD,CORP_PUBLIC_USE_YN,CHAR,CORP_PUBLIC_USE_YN (여부),CCP_CARD 테이블,N
BIZ,CCP_CARD,CORP_CARD_BALANCE_LIMIT,VARCHAR,CORP_CARD_BALANCE_LIMIT 항목,CCP_CARD 테이블,N
BIZ,CCP_CARD,EXPLANATION,VARCHAR,EXPLANATION 항목,CCP_CARD 테이블,N
BIZ,CCP_CARD,CORP_CARD_MANAGE_PART_CD,VARCHAR,CORP_CARD_MANAGE_PART_CD (코드),CCP_CARD 테이블,N
BIZ,CCP_CARD,OPERATION_TYPE,VARCHAR,OPERATION_TYPE 항목,CCP_CARD 테이블,N
BIZ,CCP_CARD,AFFILIATE_TYPE,VARCHAR,AFFILIATE_TYPE 항목,CCP_CARD 테이블,N
BIZ,CCP_CARD,WALLET_USER_ID,VARCHAR,WALLET_USER_ID (식별자),CCP_CARD 테이블,N
BIZ,CCP_CARD,RECEIVE_YN,CHAR,RECEIVE_YN (여부),CCP_CARD 테이블,N
BIZ,CCP_CARD,ACTIVE_REQUESTER,VARCHAR,ACTIVE_REQUESTER 항목,CCP_CARD 테이블,N
BIZ,CCP_CARD,PORTAL_SERVICE_GROUP_ID,VARCHAR,PORTAL_SERVICE_GROUP_ID (식별자),CCP_CARD 테이블,N
BIZ,CCP_MEMBER,MEMBER_ID,VARCHAR,MEMBER_ID (식별자),CCP_MEMBER 테이블,N
BIZ,CCP_MEMBER,NAME,VARCHAR,NAME 항목,CCP_MEMBER 테이블,N
BIZ,CCP_MEMBER,PARTNER_ID,VARCHAR,PARTNER_ID (식별자),CCP_MEMBER 테이블,N
BIZ,CCP_MEMBER,LOGIN_FAILCOUNT,VARCHAR,LOGIN_FAILCOUNT 항목,CCP_MEMBER 테이블,N
BIZ,CCP_MEMBER,STATUS,VARCHAR,STATUS 항목,CCP_MEMBER 테이블,N
BIZ,CCP_MEMBER,MEMBER_GROUP_SEQ,VARCHAR,MEMBER_GROUP_SEQ 항목,CCP_MEMBER 테이블,N
BIZ,CCP_MEMBER,PASSWD_RESET_YN,CHAR,PASSWD_RESET_YN (여부),CCP_MEMBER 테이블,N
BIZ,CCP_MEMBER,PRIVACY_VIEW_YN,CHAR,PRIVACY_VIEW_YN (여부),CCP_MEMBER 테이블,N
BIZ,CCP_MEMBER,LOGIN_ID,VARCHAR,LOGIN_ID (식별자),CCP_MEMBER 테이블,N
BIZ,CCP_MEMBER,LANGUAGE,VARCHAR,LANGUAGE 항목,CCP_MEMBER 테이블,N
BIZ,CCP_MEMBER,PARENT_PARTNER_ID,VARCHAR,PARENT_PARTNER_ID (식별자),CCP_MEMBER 테이블,N
BIZ,CCP_MEMBER,PORTAL_SERVICE_GROUP_ID,VARCHAR,PORTAL_SERVICE_GROUP_ID (식별자),CCP_MEMBER 테이블,N
BIZ,CCP_MEMBER,BONBU_ID,VARCHAR,BONBU_ID (식별자),CCP_MEMBER 테이블,N
BIZ,CCP_MEMBER,GIFT_CERT_PARTNER_ID,VARCHAR,GIFT_CERT_PARTNER_ID (식별자),CCP_MEMBER 테이블,N
BIZ,CCP_MEMBER,PRIVACY_AGREE_YN,CHAR,PRIVACY_AGREE_YN (여부),CCP_MEMBER 테이블,N
BIZ,CCP_MEMBER,SECURITY_AGREE_YN,CHAR,SECURITY_AGREE_YN (여부),CCP_MEMBER 테이블,N
BIZ,CCP_MEMBER_GROUP,SEQ,VARCHAR,SEQ 항목,CCP_MEMBER_GROUP 테이블,N
BIZ,CCP_MEMBER_GROUP,NAME,VARCHAR,NAME 항목,CCP_MEMBER_GROUP 테이블,N
BIZ,CCP_MEMBER_GROUP,PARENTS_SEQ,VARCHAR,PARENTS_SEQ 항목,CCP_MEMBER_GROUP 테이블,N
BIZ,CCP_MEMBER_GROUP,ACL,VARCHAR,ACL 항목,CCP_MEMBER_GROUP 테이블,N
BIZ,CCP_MEMBER_GROUP,EXPLANATION,VARCHAR,EXPLANATION 항목,CCP_MEMBER_GROUP 테이블,N
BIZ,CCP_MEMBER_GROUP,PORTAL_SERVICE_GROUP_ID,VARCHAR,PORTAL_SERVICE_GROUP_ID (식별자),CCP_MEMBER_GROUP 테이블,N
BIZ,CCP_MEMBER_LOG,SEQ,VARCHAR,SEQ 항목,CCP_MEMBER_LOG 테이블,N
BIZ,CCP_MEMBER_LOG,CRUD,VARCHAR,CRUD 항목,CCP_MEMBER_LOG 테이블,N
BIZ,CCP_MEMBER_LOG,ACTIVITY_URL,VARCHAR,ACTIVITY_URL 항목,CCP_MEMBER_LOG 테이블,N
BIZ,CCP_MEMBER_LOG,EXPLANATION,VARCHAR,EXPLANATION 항목,CCP_MEMBER_LOG 테이블,N
BIZ,CCP_MEMBER_LOG,IP,VARCHAR,IP 항목,CCP_MEMBER_LOG 테이블,N
BIZ,CCP_MEMBER_LOG,HOST,VARCHAR,HOST (상태),CCP_MEMBER_LOG 테이블,N
BIZ,CCP_MEMBER_LOG,MEMBER_ID,VARCHAR,MEMBER_ID (식별자),CCP_MEMBER_LOG 테이블,N
BIZ,CCP_PARTNER,PARTNER_ID,VARCHAR,PARTNER_ID (식별자),CCP_PARTNER 테이블,N
BIZ,CCP_PARTNER,NAME,VARCHAR,NAME 항목,CCP_PARTNER 테이블,N
BIZ,CCP_PARTNER,STATUS,VARCHAR,STATUS 항목,CCP_PARTNER 테이블,N
BIZ,CCP_PARTNER,BUSINESS_REG_NO,BIGINT,BUSINESS_REG_NO (번호),CCP_PARTNER 테이블,N
BIZ,CCP_PARTNER,RESERVATION_POINT,VARCHAR,RESERVATION_POINT 항목,CCP_PARTNER 테이블,N
BIZ,CCP_PARTNER,RESERVATION_AMOUNT,BIGINT,RESERVATION_AMOUNT 항목,CCP_PARTNER 테이블,N
BIZ,CCP_PARTNER,ASP_ID,VARCHAR,ASP_ID (식별자),CCP_PARTNER 테이블,N
BIZ,CCP_PARTNER,PORTAL_SERVICE_GROUP_ID,VARCHAR,PORTAL_SERVICE_GROUP_ID (식별자),CCP_PARTNER 테이블,N
BIZ,CCP_PARTNER,ROLE_CD,VARCHAR,ROLE_CD (코드),CCP_PARTNER 테이블,N
BIZ,CCP_PARTNER,PARENT_PARTNER_ID,VARCHAR,PARENT_PARTNER_ID (식별자),CCP_PARTNER 테이블,N
BIZ,CCP_PARTNER,SERVICE_START_DATE,TIMESTAMP,SERVICE_START_DATE 항목,CCP_PARTNER 테이블,N
BIZ,CCP_PRODUCT,SVC_ID,VARCHAR,SVC_ID (식별자),CCP_PRODUCT 테이블,N
BIZ,CCP_PRODUCT,SEQ,VARCHAR,SEQ 항목,CCP_PRODUCT 테이블,N
BIZ,CCP_PRODUCT,PARTNER_ID,VARCHAR,PARTNER_ID (식별자),CCP_PRODUCT 테이블,N
BIZ,CCP_PRODUCT,AUTO_RECHARGE_YN,CHAR,AUTO_RECHARGE_YN (여부),CCP_PRODUCT 테이블,N
BIZ,CCP_PRODUCT,AUTO_RECHARGER_SEQ,VARCHAR,AUTO_RECHARGER_SEQ 항목,CCP_PRODUCT 테이블,N
BIZ,CCP_PRODUCT,AUTO_RECHARGE_TYPE,VARCHAR,AUTO_RECHARGE_TYPE 항목,CCP_PRODUCT 테이블,N
BIZ,CCP_PRODUCT,AUTO_RECHARGE_UNIT,VARCHAR,AUTO_RECHARGE_UNIT 항목,CCP_PRODUCT 테이블,N
BIZ,CCP_PRODUCT,AUTO_RECHARGE_DATE_MONTH,TIMESTAMP,AUTO_RECHARGE_DATE_MONTH 항목,CCP_PRODUCT 테이블,N
BIZ,CCP_PRODUCT,AUTO_RECHARGE_BALANCE,VARCHAR,AUTO_RECHARGE_BALANCE 항목,CCP_PRODUCT 테이블,N
BIZ,CCP_PRODUCT,USE_STATUS,VARCHAR,USE_STATUS 항목,CCP_PRODUCT 테이블,N
BIZ,CCP_PRODUCT,AUTO_RECHARGE_DATE_DAY,TIMESTAMP,AUTO_RECHARGE_DATE_DAY 항목,CCP_PRODUCT 테이블,N
BIZ,CCP_PRODUCT,AUTO_RECHARGE_AMOUNT,BIGINT,AUTO_RECHARGE_AMOUNT 항목,CCP_PRODUCT 테이블,N
BIZ,CCP_PRODUCT,AUTO_RECHARGE_LIMIT_AMOUNT,BIGINT,AUTO_RECHARGE_LIMIT_AMOUNT 항목,CCP_PRODUCT 테이블,N
BIZ,CCP_PRODUCT,OPERATION_TYPE,VARCHAR,OPERATION_TYPE 항목,CCP_PRODUCT 테이블,N
BIZ,CCP_PRODUCT,AFFILIATE_TYPE,VARCHAR,AFFILIATE_TYPE 항목,CCP_PRODUCT 테이블,N
BIZ,CCP_PRODUCT,PORTAL_SERVICE_GROUP_ID,VARCHAR,PORTAL_SERVICE_GROUP_ID (식별자),CCP_PRODUCT 테이블,N
BIZ,CCP_PRODUCT,SHIPPING_TYPE,VARCHAR,SHIPPING_TYPE 항목,CCP_PRODUCT 테이블,N
BIZ,CCP_PRODUCT,DEFAULT_PARTNER_YN,CHAR,DEFAULT_PARTNER_YN (여부),CCP_PRODUCT 테이블,N
BIZ,CCP_PRODUCT_MANAGER,MEMBER_ID,VARCHAR,MEMBER_ID (식별자),CCP_PRODUCT_MANAGER 테이블,N
BIZ,CCP_PRODUCT_MANAGER,PRODUCT_SEQ,VARCHAR,PRODUCT_SEQ 항목,CCP_PRODUCT_MANAGER 테이블,N
BIZ,CCP_PRODUCT_MANAGER,AUTHORITY_PRICE_YN,CHAR,AUTHORITY_PRICE_YN (여부),CCP_PRODUCT_MANAGER 테이블,N
BIZ,CCP_PRODUCT_MANAGER,AUTHORITY_APPROVAL_YN,CHAR,AUTHORITY_APPROVAL_YN (여부),CCP_PRODUCT_MANAGER 테이블,N
BIZ,CCP_PRODUCT_MANAGER,CARDCASH_POLICY_ID,VARCHAR,CARDCASH_POLICY_ID (식별자),CCP_PRODUCT_MANAGER 테이블,N
BIZ,CCP_PRODUCT_MANAGER,CARDCASH_POLICY_NAME,VARCHAR,CARDCASH_POLICY_NAME 항목,CCP_PRODUCT_MANAGER 테이블,N
BIZ,CCP_PRODUCT_MANAGER,CARDCASH_POLICY_TYPE,VARCHAR,CARDCASH_POLICY_TYPE 항목,CCP_PRODUCT_MANAGER 테이블,N
BIZ,CCP_PRODUCT_MANAGER,CARDCASH_POLICY_SUBTYPE,VARCHAR,CARDCASH_POLICY_SUBTYPE 항목,CCP_PRODUCT_MANAGER 테이블,N
BIZ,CCP_PRODUCT_MANAGER,ACCEPTED_GENERAL_MEMBER_YN,CHAR,ACCEPTED_GENERAL_MEMBER_YN (여부),CCP_PRODUCT_MANAGER 테이블,N
BIZ,CCP_RECHARGER,PARTNER_ID,VARCHAR,PARTNER_ID (식별자),CCP_RECHARGER 테이블,N
BIZ,CCP_RECHARGER,SEQ,VARCHAR,SEQ 항목,CCP_RECHARGER 테이블,N
BIZ,CCP_RECHARGER,PLAYER_ID,VARCHAR,PLAYER_ID (식별자),CCP_RECHARGER 테이블,N
BIZ,CCP_RECHARGER,PORTAL_SERVICE_GROUP_ID,VARCHAR,PORTAL_SERVICE_GROUP_ID (식별자),CCP_RECHARGER 테이블,N
BIZ,RCS_APPMEMBER_REG_HISTORY,PARTNER_ID,VARCHAR,PARTNER_ID (식별자),RCS_APPMEMBER_REG_HISTORY 테이블,N
BIZ,RCS_APPMEMBER_REG_HISTORY,MEMBER_ID,VARCHAR,MEMBER_ID (식별자),RCS_APPMEMBER_REG_HISTORY 테이블,N
BIZ,RCS_APPMEMBER_REG_HISTORY,WALLET_USER_ID,VARCHAR,WALLET_USER_ID (식별자),RCS_APPMEMBER_REG_HISTORY 테이블,N
BIZ,RCS_APPMEMBER_REG_HISTORY,PORTAL_SERVICE_GROUP_ID,VARCHAR,PORTAL_SERVICE_GROUP_ID (식별자),RCS_APPMEMBER_REG_HISTORY 테이블,N
BIZ,RCS_APPMEMBER_REG_HISTORY,SEQ,VARCHAR,SEQ 항목,RCS_APPMEMBER_REG_HISTORY 테이블,N
BIZ,RCS_BONBU,BONBU_ID,VARCHAR,BONBU_ID (식별자),RCS_BONBU 테이블,N
BIZ,RCS_BONBU,NAME,VARCHAR,NAME 항목,RCS_BONBU 테이블,N
BIZ,RCS_BONBU,STATUS,VARCHAR,STATUS 항목,RCS_BONBU 테이블,N
BIZ,RCS_BONBU,BUSINESS_REG_NO,BIGINT,BUSINESS_REG_NO (번호),RCS_BONBU 테이블,N
BIZ,RCS_BONBU,ASP_ID,VARCHAR,ASP_ID (식별자),RCS_BONBU 테이블,N
BIZ,RCS_BONBU,PORTAL_SERVICE_GROUP_ID,VARCHAR,PORTAL_SERVICE_GROUP_ID (식별자),RCS_BONBU 테이블,N
BIZ,RCS_BONBU,ASP_NAME,VARCHAR,ASP_NAME 항목,RCS_BONBU 테이블,N
BIZ,RCS_BONBU,KA_ID,VARCHAR,KA_ID (식별자),RCS_BONBU 테이블,N
BIZ,RCS_BONBU,KA_NAME,VARCHAR,KA_NAME 항목,RCS_BONBU 테이블,N
BIZ,RCS_BONBU,ADMIN_CODE,VARCHAR,ADMIN_CODE 항목,RCS_BONBU 테이블,N
BIZ,RCS_BONBU,LEGAL_CODE,VARCHAR,LEGAL_CODE 항목,RCS_BONBU 테이블,N
BIZ,RCS_BONBU_MAPPING,BONBU_ID,VARCHAR,BONBU_ID (식별자),RCS_BONBU_MAPPING 테이블,N
BIZ,RCS_BONBU_MAPPING,SEQ,VARCHAR,SEQ 항목,RCS_BONBU_MAPPING 테이블,N
BIZ,RCS_BONBU_MAPPING,PARTNER_ID,VARCHAR,PARTNER_ID (식별자),RCS_BONBU_MAPPING 테이블,N
BIZ,RCS_BONBU_MAPPING,PORTAL_SERVICE_GROUP_ID,VARCHAR,PORTAL_SERVICE_GROUP_ID (식별자),RCS_BONBU_MAPPING 테이블,N
BIZD,contract,ID,VARCHAR,ID (식별자),contract 테이블,N
BIZD,contract,BIZ_NUMBER,VARCHAR,BIZ_NUMBER 항목,contract 테이블,N
BIZD,contract,MERCHANT_NAME,VARCHAR,MERCHANT_NAME 항목,contract 테이블,N
BIZD,contract,ADDRESS,VARCHAR,ADDRESS 항목,contract 테이블,N
BIZD,contract,BIZ_TYPE_AND_NAME,VARCHAR,BIZ_TYPE_AND_NAME 항목,contract 테이블,N
BIZD,contract,SIGNATURE_IMG,VARCHAR,SIGNATURE_IMG 항목,contract 테이블,N
BIZD,contract,WANNA_BE_KONA_YN,CHAR,WANNA_BE_KONA_YN (여부),contract 테이블,N
BIZD,contract,ZIP_CODE,VARCHAR,ZIP_CODE 항목,contract 테이블,N
BIZD,contract,SI,VARCHAR,SI 항목,contract 테이블,N
BIZD,contract,SGG,VARCHAR,SGG 항목,contract 테이블,N
BIZD,contract,MERCHANT_TYPE,VARCHAR,MERCHANT_TYPE 항목,contract 테이블,N
BIZD,contract,GROUP_ID,VARCHAR,GROUP_ID (식별자),contract 테이블,N
BIZD,contract,OWNER,VARCHAR,OWNER 항목,contract 테이블,N
BIZD,contract,KA_ID,VARCHAR,KA_ID (식별자),contract 테이블,N
BIZD,contract,TEL1,VARCHAR,TEL1 항목,contract 테이블,N
BIZD,contract,TEL2,VARCHAR,TEL2 항목,contract 테이블,N
BIZD,contract,SOCIAL_NO,BIGINT,SOCIAL_NO (번호),contract 테이블,N
BIZD,contract,SEX,VARCHAR,SEX 항목,contract 테이블,N
BIZD,contract,TMS_STATUS,VARCHAR,TMS_STATUS 항목,contract 테이블,N
BIZD,contract,STATUS,VARCHAR,STATUS 항목,contract 테이블,N
BIZD,contract,STATUS_DETAIL,VARCHAR,STATUS_DETAIL 항목,contract 테이블,N
BIZD,contract,MERCHANT_ID,VARCHAR,MERCHANT_ID (식별자),contract 테이블,N
BIZD,contract,REG_TYPE,VARCHAR,REG_TYPE 항목,contract 테이블,N
BIZD,contract,BANK_CODE,VARCHAR,BANK_CODE 항목,contract 테이블,N
BIZD,contract,BANK_NAME,VARCHAR,BANK_NAME 항목,contract 테이블,N
BIZD,contract,CANPAY_YN,CHAR,CANPAY_YN (여부),contract 테이블,N
BIZD,contract,EXTINFO_TRNS_UNIQ_NO,BIGINT,EXTINFO_TRNS_UNIQ_NO (번호),contract 테이블,N
BIZD,contract,REG_TYPE_SUB,VARCHAR,REG_TYPE_SUB 항목,contract 테이블,N
BIZD,contract,MIGRATION_TARGET,VARCHAR,MIGRATION_TARGET 항목,contract 테이블,N
BIZD,contract,PRIVATE_TERM_YN,CHAR,PRIVATE_TERM_YN (여부),contract 테이블,N
BIZD,contract,EXTINFO_KB_SEQ_NO,BIGINT,EXTINFO_KB_SEQ_NO (번호),contract 테이블,N
BIZD,contract,EXTINFO_BANK_CODE,VARCHAR,EXTINFO_BANK_CODE 항목,contract 테이블,N
BIZD,contract,EXTINFO_BANK_NAME,VARCHAR,EXTINFO_BANK_NAME 항목,contract 테이블,N
BIZD,contract,MIGRATION_REASON,VARCHAR,MIGRATION_REASON 항목,contract 테이블,N
BIZD,contract,BID,VARCHAR,BID (식별자),contract 테이블,N
BIZD,contract,QR_MERCHANT_YN,CHAR,QR_MERCHANT_YN (여부),contract 테이블,N
BIZD,contract,BIZ_LIC_FILENAME,VARCHAR,BIZ_LIC_FILENAME 항목,contract 테이블,N
BIZD,contract,BIZ_LIC_FILEPATH,VARCHAR,BIZ_LIC_FILEPATH 항목,contract 테이블,N
BIZD,contract,ACCOUNT_FILENAME,VARCHAR,ACCOUNT_FILENAME 항목,contract 테이블,N
BIZD,contract,ACCOUNT_FILEPATH,VARCHAR,ACCOUNT_FILEPATH 항목,contract 테이블,N
BIZD,contract,DISCOUNT_MERCHANT_YN,CHAR,DISCOUNT_MERCHANT_YN (여부),contract 테이블,N
BIZD,contract,DISCOUNT_VALUE,VARCHAR,DISCOUNT_VALUE 항목,contract 테이블,N
BIZD,contract,REJECT_REASON,VARCHAR,REJECT_REASON 항목,contract 테이블,N
BIZD,contract,RE_REQUEST,VARCHAR,RE_REQUEST (상태),contract 테이블,N
BIZD,contract,CANCEL_REASON,VARCHAR,CANCEL_REASON 항목,contract 테이블,N
BIZD,contract,ESIGN_APLCT_NO,BIGINT,ESIGN_APLCT_NO (번호),contract 테이블,N
BIZD,contract,SYS_CRE_ID,VARCHAR,SYS_CRE_ID (식별자),contract 테이블,N
BIZD,contract,SYS_UPD_ID,VARCHAR,SYS_UPD_ID (식별자),contract 테이블,N
BIZD,CONTRACT_HISTORY,HISTORY_ID,VARCHAR,HISTORY_ID (식별자),CONTRACT_HISTORY 테이블,N
BIZD,CONTRACT_HISTORY,CONTRACT_ID,VARCHAR,CONTRACT_ID (식별자),CONTRACT_HISTORY 테이블,N
BIZD,CONTRACT_HISTORY,CONTRACT_STATUS,VARCHAR,CONTRACT_STATUS 항목,CONTRACT_HISTORY 테이블,N
BIZD,CONTRACT_HISTORY,WRITER_ID,VARCHAR,WRITER_ID (식별자),CONTRACT_HISTORY 테이블,N
BIZD,CONTRACT_MERCHANT,ID,VARCHAR,ID (식별자),CONTRACT_MERCHANT 테이블,N
BIZD,CONTRACT_MERCHANT,GROUP_ID,VARCHAR,GROUP_ID (식별자),CONTRACT_MERCHANT 테이블,N
BIZD,CONTRACT_MERCHANT,OWNER,VARCHAR,OWNER 항목,CONTRACT_MERCHANT 테이블,N
BIZD,CONTRACT_MERCHANT,CONTRACT_ID,VARCHAR,CONTRACT_ID (식별자),CONTRACT_MERCHANT 테이블,N
BIZD,CONTRACT_MERCHANT,BIZ_NUMBER,VARCHAR,BIZ_NUMBER 항목,CONTRACT_MERCHANT 테이블,N
BIZD,CONTRACT_MERCHANT,MERCHANT_ID,VARCHAR,MERCHANT_ID (식별자),CONTRACT_MERCHANT 테이블,N
BIZD,CONTRACT_MERCHANT,STATUS_DETAIL,VARCHAR,STATUS_DETAIL 항목,CONTRACT_MERCHANT 테이블,N
BIZD,CONTRACT_MERCHANT,REG_TYPE_SUB,VARCHAR,REG_TYPE_SUB 항목,CONTRACT_MERCHANT 테이블,N
BIZD,CONTRACT_MERCHANT,STATUS,VARCHAR,STATUS 항목,CONTRACT_MERCHANT 테이블,N
BIZD,CONTRACT_MERCHANT,MERCHANT_TYPE,VARCHAR,MERCHANT_TYPE 항목,CONTRACT_MERCHANT 테이블,N
BIZD,OWNER,OWNER,VARCHAR,OWNER 항목,OWNER 테이블,N
BIZD,OWNER,SERVICE_CENTER,VARCHAR,SERVICE_CENTER 항목,OWNER 테이블,N
BIZD,OWNER,OWNER_TITLE,VARCHAR,OWNER_TITLE 항목,OWNER 테이블,N
BIZD,OWNER,STATUS,VARCHAR,STATUS 항목,OWNER 테이블,N
BIZD,OWNER,GROUP_ID,VARCHAR,GROUP_ID (식별자),OWNER 테이블,N
BIZD,OWNER,CONTENT,VARCHAR,CONTENT 항목,OWNER 테이블,N
BIZD,OWNER,KA_ID,VARCHAR,KA_ID (식별자),OWNER 테이블,N
BIZD,OWNER,KA_FILENAME,VARCHAR,KA_FILENAME 항목,OWNER 테이블,N
BIZD,OWNER,SHOW_KONA_YN,CHAR,SHOW_KONA_YN (여부),OWNER 테이블,N
BIZD,OWNER,SHOULD_KONA_YN,CHAR,SHOULD_KONA_YN (여부),OWNER 테이블,N
BIZD,OWNER,OWNER_TITLE_SUB,VARCHAR,OWNER_TITLE_SUB 항목,OWNER 테이블,N
BIZD,OWNER,ASP_ID,VARCHAR,ASP_ID (식별자),OWNER 테이블,N
BIZD,OWNER,MERCHANT_CHANNEL,VARCHAR,MERCHANT_CHANNEL 항목,OWNER 테이블,N
BIZD,OWNER,QUERY_ID_EXCEPT,VARCHAR,QUERY_ID_EXCEPT 항목,OWNER 테이블,N
BIZD,OWNER,QUERY_ID_GRANT,VARCHAR,QUERY_ID_GRANT 항목,OWNER 테이블,N
BIZD,OWNER,BIZ_TYPE_EXCEPT,VARCHAR,BIZ_TYPE_EXCEPT 항목,OWNER 테이블,N
BIZD,OWNER,SHOW_PRIVATE_TERM_YN,CHAR,SHOW_PRIVATE_TERM_YN (여부),OWNER 테이블,N
BIZD,OWNER,GROUP_ID_GRANT,VARCHAR,GROUP_ID_GRANT 항목,OWNER 테이블,N
BIZD,OWNER,SALES_TYPE_EXCEPT,VARCHAR,SALES_TYPE_EXCEPT 항목,OWNER 테이블,N
BIZD,OWNER,BIZTYPE_GROUP_ID_EXCEPT,VARCHAR,BIZTYPE_GROUP_ID_EXCEPT 항목,OWNER 테이블,N
BIZD,OWNER,SALES_BIZTYPE_GROUP_ID_GRANT,VARCHAR,SALES_BIZTYPE_GROUP_ID_GRANT 항목,OWNER 테이블,N
BIZD,OWNER,SHOW_RCS_YN,CHAR,SHOW_RCS_YN (여부),OWNER 테이블,N
BIZD,OWNER,GROUP_ID_EXCEPT,VARCHAR,GROUP_ID_EXCEPT 항목,OWNER 테이블,N
BIZD,OWNER,ADD_KONA_YN,CHAR,ADD_KONA_YN (여부),OWNER 테이블,N
BIZD,OWNER,MAPPED_YN,CHAR,MAPPED_YN (여부),OWNER 테이블,N
BIZD,OWNER,SPECIAL_GROUP_ID_GRANT,VARCHAR,SPECIAL_GROUP_ID_GRANT 항목,OWNER 테이블,N
BIZD,OWNER,ADDRESS_SEARCH_KEYWORD,VARCHAR,ADDRESS_SEARCH_KEYWORD 항목,OWNER 테이블,N
BIZD,OWNER,AREA_CODE,VARCHAR,AREA_CODE 항목,OWNER 테이블,N
BIZD,OWNER,SYS_CRE_ID,VARCHAR,SYS_CRE_ID (식별자),OWNER 테이블,N
BIZD,OWNER,SYS_UPD_ID,VARCHAR,SYS_UPD_ID (식별자),OWNER 테이블,N
BIZD,OWNER,SHOW_QR_YN,CHAR,SHOW_QR_YN (여부),OWNER 테이블,N
BIZD,OWNER_MAPPED,ASP_ID,VARCHAR,ASP_ID (식별자),OWNER_MAPPED 테이블,N
BIZD,OWNER_MAPPED,GROUP_ID,VARCHAR,GROUP_ID (식별자),OWNER_MAPPED 테이블,N
BIZD,OWNER_MAPPED,OWNER,VARCHAR,OWNER 항목,OWNER_MAPPED 테이블,N
BIZD,OWNER_MAPPED,QUERY_ID_EXCEPT,VARCHAR,QUERY_ID_EXCEPT 항목,OWNER_MAPPED 테이블,N
BIZD,OWNER_MAPPED,GROUP_ID_GRANT,VARCHAR,GROUP_ID_GRANT 항목,OWNER_MAPPED 테이블,N
BIZD,OWNER_MAPPED,BIZTYPE_GROUP_ID_EXCEPT,VARCHAR,BIZTYPE_GROUP_ID_EXCEPT 항목,OWNER_MAPPED 테이블,N
BIZD,OWNER_MAPPED,SALES_TYPE_EXCEPT,VARCHAR,SALES_TYPE_EXCEPT 항목,OWNER_MAPPED 테이블,N
BIZD,OWNER_MAPPED,SALES_BIZTYPE_GROUP_ID_GRANT,VARCHAR,SALES_BIZTYPE_GROUP_ID_GRANT 항목,OWNER_MAPPED 테이블,N
BIZD,OWNER_MAPPED,MERCHANT_CHANNEL,VARCHAR,MERCHANT_CHANNEL 항목,OWNER_MAPPED 테이블,N
BIZD,OWNER_MAPPED,OWNER_TITLE_SUB,VARCHAR,OWNER_TITLE_SUB 항목,OWNER_MAPPED 테이블,N
BIZD,OWNER_MAPPED,ADD_KONA_YN,CHAR,ADD_KONA_YN (여부),OWNER_MAPPED 테이블,N
BIZD,OWNER_MAPPED,ADDRESS_SEARCH_KEYWORD,VARCHAR,ADDRESS_SEARCH_KEYWORD 항목,OWNER_MAPPED 테이블,N
BIZD,OWNER_MAPPED,ID,VARCHAR,ID (식별자),OWNER_MAPPED 테이블,N
BIZD,OWNER_MAPPED,QUERY_ID_GRANT,VARCHAR,QUERY_ID_GRANT 항목,OWNER_MAPPED 테이블,N
BIZD,OWNER_MAPPED,GROUP_ID_EXCEPT,VARCHAR,GROUP_ID_EXCEPT 항목,OWNER_MAPPED 테이블,N
BIZD,OWNER_MAPPED,SPECIAL_GROUP_ID_GRANT,VARCHAR,SPECIAL_GROUP_ID_GRANT 항목,OWNER_MAPPED 테이블,N
BIZD,OWNER_MAPPED,CNVC_USEP_GRP_ID,VARCHAR,CNVC_USEP_GRP_ID (식별자),OWNER_MAPPED 테이블,N
BIZD,OWNER_MAPPED,DJMC_USEP_GRP_ID,VARCHAR,DJMC_USEP_GRP_ID (식별자),OWNER_MAPPED 테이블,N
BIZD,OWNER_MAPPED,DJMC_CNVC_USEP_GRP_ID,VARCHAR,DJMC_CNVC_USEP_GRP_ID (식별자),OWNER_MAPPED 테이블,N
BIZD,OWNER_MAPPED,USE_YN,CHAR,USE_YN (여부),OWNER_MAPPED 테이블,N
CAMS,CAM_CNVG_PAR_MAPNG_HIST,CNVG_PAR_MAPNG_HIST_SNO,BIGINT,CNVG_PAR_MAPNG_HIST_SNO (번호),CAM_CNVG_PAR_MAPNG_HIST 테이블,N
CAMS,CAM_CNVG_PAR_MAPNG_HIST,CRD_APL_NO,BIGINT,CRD_APL_NO (번호),CAM_CNVG_PAR_MAPNG_HIST 테이블,N
CAMS,CAM_CNVG_PAR_MAPNG_HIST,ASP_ID,VARCHAR,ASP_ID (식별자),CAM_CNVG_PAR_MAPNG_HIST 테이블,N
CAMS,CAM_CNVG_PAR_MAPNG_HIST,MBR_ID,VARCHAR,MBR_ID (식별자),CAM_CNVG_PAR_MAPNG_HIST 테이블,N
CAMS,CAM_CNVG_PAR_MAPNG_HIST,PAR_NO,BIGINT,PAR_NO (번호),CAM_CNVG_PAR_MAPNG_HIST 테이블,N
CAMS,CAM_CNVG_PAR_MAPNG_HIST,SVC_ID,VARCHAR,SVC_ID (식별자),CAM_CNVG_PAR_MAPNG_HIST 테이블,N
CAMS,CAM_CNVG_PAR_MAPNG_HIST,CNVG_ASP_ID,VARCHAR,CNVG_ASP_ID (식별자),CAM_CNVG_PAR_MAPNG_HIST 테이블,N
CAMS,CAM_CNVG_PAR_MAPNG_HIST,CNVG_MBR_ID,VARCHAR,CNVG_MBR_ID (식별자),CAM_CNVG_PAR_MAPNG_HIST 테이블,N
CAMS,CAM_CNVG_PAR_MAPNG_HIST,CNVG_PAR_NO,BIGINT,CNVG_PAR_NO (번호),CAM_CNVG_PAR_MAPNG_HIST 테이블,N
CAMS,CAM_CNVG_PAR_MAPNG_HIST,CNVG_SVC_ID,VARCHAR,CNVG_SVC_ID (식별자),CAM_CNVG_PAR_MAPNG_HIST 테이블,N
CAMS,CAM_CNVG_PAR_MAPNG_HIST,RS_ST_CD,VARCHAR,RS_ST_CD (코드),CAM_CNVG_PAR_MAPNG_HIST 테이블,N
CAMS,CAM_CNVG_PAR_MAPNG_HIST,RSP_RS_CD,VARCHAR,RSP_RS_CD (코드),CAM_CNVG_PAR_MAPNG_HIST 테이블,N
CAMS,CAM_CNVG_PAR_MAPNG_HIST,RSP_RS_CN,VARCHAR,RSP_RS_CN (내용),CAM_CNVG_PAR_MAPNG_HIST 테이블,N
CAMS,CAM_CNVG_PAR_MAPNG_HIST,RQS_CHNL_CD,VARCHAR,RQS_CHNL_CD (코드),CAM_CNVG_PAR_MAPNG_HIST 테이블,N
CAMS,CAM_CNVG_PAR_MAPNG_HIST,CNVG_TYPE_CD,VARCHAR,CNVG_TYPE_CD (코드),CAM_CNVG_PAR_MAPNG_HIST 테이블,N
CAMS,CAM_CNVG_SVC_MAPNG,CNVG_SVC_MAPNG_SNO,BIGINT,CNVG_SVC_MAPNG_SNO (번호),CAM_CNVG_SVC_MAPNG 테이블,N
CAMS,CAM_CNVG_SVC_MAPNG,ASP_ID,VARCHAR,ASP_ID (식별자),CAM_CNVG_SVC_MAPNG 테이블,N
CAMS,CAM_CNVG_SVC_MAPNG,SVC_ID,VARCHAR,SVC_ID (식별자),CAM_CNVG_SVC_MAPNG 테이블,N
CAMS,CAM_CNVG_SVC_MAPNG,REG_CRD_RLTG_TYPE_CD,VARCHAR,REG_CRD_RLTG_TYPE_CD (코드),CAM_CNVG_SVC_MAPNG 테이블,N
CAMS,CAM_CNVG_SVC_MAPNG,CNVG_ASP_ID,VARCHAR,CNVG_ASP_ID (식별자),CAM_CNVG_SVC_MAPNG 테이블,N
CAMS,CAM_CNVG_SVC_MAPNG,CNVG_SVC_ID,VARCHAR,CNVG_SVC_ID (식별자),CAM_CNVG_SVC_MAPNG 테이블,N
CAMS,CAM_CNVG_SVC_MAPNG,CNVG_REG_CRD_RLTG_TYPE_CD,VARCHAR,CNVG_REG_CRD_RLTG_TYPE_CD (코드),CAM_CNVG_SVC_MAPNG 테이블,N
CAMS,CAM_CNVG_SVC_MAPNG,KA_ID,VARCHAR,KA_ID (식별자),CAM_CNVG_SVC_MAPNG 테이블,N
CAMS,CAM_CRD_APL_ADD,CRD_APL_NO,BIGINT,CRD_APL_NO (번호),CAM_CRD_APL_ADD 테이블,N
CAMS,CAM_CRD_APL_ADD,SPPM_CD_ARRAY,VARCHAR,SPPM_CD_ARRAY 항목,CAM_CRD_APL_ADD 테이블,N
CAMS,CARD_DELIVERY,ID,VARCHAR,ID (식별자),CARD_DELIVERY 테이블,N
CAMS,CARD_DELIVERY,CARD_APPLY_NO,BIGINT,CARD_APPLY_NO (번호),CARD_DELIVERY 테이블,N
CAMS,CARD_DELIVERY,USER_ID,VARCHAR,USER_ID (식별자),CARD_DELIVERY 테이블,N
CAMS,CARD_DELIVERY,PAR,VARCHAR,PAR 항목,CARD_DELIVERY 테이블,N
CAMS,CARD_DELIVERY,TRY_ID,VARCHAR,TRY_ID (식별자),CARD_DELIVERY 테이블,N
CAMS,CARD_DELIVERY,STATUS,VARCHAR,STATUS 항목,CARD_DELIVERY 테이블,N
CAMS,CARD_DELIVERY,SHIP_INFO_CODE,VARCHAR,SHIP_INFO_CODE 항목,CARD_DELIVERY 테이블,N
CAMS,CARD_DELIVERY,SHIP_INFO_DETAIL,VARCHAR,SHIP_INFO_DETAIL 항목,CARD_DELIVERY 테이블,N
CAMS,CARD_DELIVERY,ADDRESS_BASE,VARCHAR,ADDRESS_BASE 항목,CARD_DELIVERY 테이블,N
CAMS,CARD_DELIVERY,ZIP_CODE,VARCHAR,ZIP_CODE 항목,CARD_DELIVERY 테이블,N
CAMS,CARD_DELIVERY,RECEIVER_BIRTHDAY,VARCHAR,RECEIVER_BIRTHDAY 항목,CARD_DELIVERY 테이블,N
CAMS,CARD_DELIVERY,SVC_ID,VARCHAR,SVC_ID (식별자),CARD_DELIVERY 테이블,N
CAMS,CARD_DELIVERY,SVC_TYPE,VARCHAR,SVC_TYPE 항목,CARD_DELIVERY 테이블,N
CAMS,CARD_DELIVERY,SVC_NAME,VARCHAR,SVC_NAME 항목,CARD_DELIVERY 테이블,N
CAMS,CARD_DELIVERY,CARD_HOLDER_SOCIAL,VARCHAR,CARD_HOLDER_SOCIAL 항목,CARD_DELIVERY 테이블,N
CAMS,CARD_DELIVERY,REASON_CODE,VARCHAR,REASON_CODE 항목,CARD_DELIVERY 테이블,N
CAMS,CARD_DELIVERY,REASON_MESSAGE,VARCHAR,REASON_MESSAGE 항목,CARD_DELIVERY 테이블,N
CAMS,CARD_DELIVERY,ROUTE,VARCHAR,ROUTE 항목,CARD_DELIVERY 테이블,N
CAMS,CARD_DELIVERY,OWN_RECEIPT_YN,CHAR,OWN_RECEIPT_YN (여부),CARD_DELIVERY 테이블,N
CAMS,CARD_DELIVERY,ASP_ID,VARCHAR,ASP_ID (식별자),CARD_DELIVERY 테이블,N
CAMS,CARD_DELIVERY,HOME_ADDRESS_YN,CHAR,HOME_ADDRESS_YN (여부),CARD_DELIVERY 테이블,N
CAMS,CARD_DELIVERY,BRANCH_YN,CHAR,BRANCH_YN (여부),CARD_DELIVERY 테이블,N
CAMS,CARD_DELIVERY,BARCODE,VARCHAR,BARCODE 항목,CARD_DELIVERY 테이블,N
CAMS,CARD_DELIVERY,SECURE_MOBILE_USE_YN,CHAR,SECURE_MOBILE_USE_YN (여부),CARD_DELIVERY 테이블,N
CAMS,CARD_DELIVERY,SECURE_MOBILE_TAKE_DAY,VARCHAR,SECURE_MOBILE_TAKE_DAY 항목,CARD_DELIVERY 테이블,N
CAMS,CARD_DELIVERY,TTHR_TAK_YN,CHAR,TTHR_TAK_YN (여부),CARD_DELIVERY 테이블,N
CAMS,CARD_DELIVERY,RELATION_CODE,VARCHAR,RELATION_CODE 항목,CARD_DELIVERY 테이블,N
CAMS,CARD_DELIVERY,RELATION_CODE_NAME,VARCHAR,RELATION_CODE_NAME 항목,CARD_DELIVERY 테이블,N
CAMS,CARD_DELIVERY,outs_alt_tpl_cd,VARCHAR,outs_alt_tpl_cd (코드),CARD_DELIVERY 테이블,N
CAMS,CARD_DELIVERY,sf_phn_no_use_prd_yn,CHAR,sf_phn_no_use_prd_yn (여부),CARD_DELIVERY 테이블,N
CAMS,CARD_DELIVERY,crd_snbk_cdnm,VARCHAR,crd_snbk_cdnm (명),CARD_DELIVERY 테이블,N
CAMS,CARD_DELIVERY,dlv_spot_cd,VARCHAR,dlv_spot_cd (코드),CARD_DELIVERY 테이블,N
CAMS,CARD_ISSUE,ID,VARCHAR,ID (식별자),CARD_ISSUE 테이블,N
CAMS,CARD_ISSUE,REQUEST_DAY,VARCHAR,REQUEST_DAY 항목,CARD_ISSUE 테이블,N
CAMS,CARD_ISSUE,COMPLETE_DAY,VARCHAR,COMPLETE_DAY 항목,CARD_ISSUE 테이블,N
CAMS,CARD_ISSUE,CARD_APPLY_NO,BIGINT,CARD_APPLY_NO (번호),CARD_ISSUE 테이블,N
CAMS,CARD_ISSUE,CARD_TYPE,VARCHAR,CARD_TYPE 항목,CARD_ISSUE 테이블,N
CAMS,CARD_ISSUE,ISSUE_TYPE,VARCHAR,ISSUE_TYPE 항목,CARD_ISSUE 테이블,N
CAMS,CARD_ISSUE,PURPOSE,VARCHAR,PURPOSE 항목,CARD_ISSUE 테이블,N
CAMS,CARD_ISSUE,STATUS,VARCHAR,STATUS 항목,CARD_ISSUE 테이블,N
CAMS,CARD_ISSUE,STATUS_AT_CANCEL,VARCHAR,STATUS_AT_CANCEL 항목,CARD_ISSUE 테이블,N
CAMS,CARD_ISSUE,USER_ID,VARCHAR,USER_ID (식별자),CARD_ISSUE 테이블,N
CAMS,CARD_ISSUE,ASP_ID,VARCHAR,ASP_ID (식별자),CARD_ISSUE 테이블,N
CAMS,CARD_ISSUE,KA_ID,VARCHAR,KA_ID (식별자),CARD_ISSUE 테이블,N
CAMS,CARD_ISSUE,MPA_ID,VARCHAR,MPA_ID (식별자),CARD_ISSUE 테이블,N
CAMS,CARD_ISSUE,DIGITAL_PAR,VARCHAR,DIGITAL_PAR 항목,CARD_ISSUE 테이블,N
CAMS,CARD_ISSUE,DIGITAL_SVC_ID,VARCHAR,DIGITAL_SVC_ID (식별자),CARD_ISSUE 테이블,N
CAMS,CARD_ISSUE,DIGITAL_SVC_NM,VARCHAR,DIGITAL_SVC_NM (명),CARD_ISSUE 테이블,N
CAMS,CARD_ISSUE,PHYSICAL_CARD_NO,BIGINT,PHYSICAL_CARD_NO (번호),CARD_ISSUE 테이블,N
CAMS,CARD_ISSUE,PHYSICAL_PAR,VARCHAR,PHYSICAL_PAR 항목,CARD_ISSUE 테이블,N
CAMS,CARD_ISSUE,PHYSICAL_SVC_ID,VARCHAR,PHYSICAL_SVC_ID (식별자),CARD_ISSUE 테이블,N
CAMS,CARD_ISSUE,PHYSICAL_SVC_NM,VARCHAR,PHYSICAL_SVC_NM (명),CARD_ISSUE 테이블,N
CAMS,CARD_ISSUE,CARD_COST_PAID,VARCHAR,CARD_COST_PAID (식별자),CARD_ISSUE 테이블,N
CAMS,CARD_ISSUE,CARD_COST_TRAN_ID,VARCHAR,CARD_COST_TRAN_ID (식별자),CARD_ISSUE 테이블,N
CAMS,CARD_ISSUE,DIGITAL_STATIC_CVC,VARCHAR,DIGITAL_STATIC_CVC 항목,CARD_ISSUE 테이블,N
CAMS,CARD_ISSUE,ISSUE_BATCH_ID,VARCHAR,ISSUE_BATCH_ID (식별자),CARD_ISSUE 테이블,N
CAMS,CARD_ISSUE,ENABLE_FIC,VARCHAR,ENABLE_FIC 항목,CARD_ISSUE 테이블,N
CAMS,CARD_ISSUE,CARD_COST_TYPE,VARCHAR,CARD_COST_TYPE 항목,CARD_ISSUE 테이블,N
CAMS,CARD_ISSUE,CARD_COST_DELAYED,VARCHAR,CARD_COST_DELAYED 항목,CARD_ISSUE 테이블,N
CAMS,CARD_ISSUE,DIGITAL_PRE_ISSUE,VARCHAR,DIGITAL_PRE_ISSUE 항목,CARD_ISSUE 테이블,N
CAMS,CARD_ISSUE,REQUESTER,VARCHAR,REQUESTER 항목,CARD_ISSUE 테이블,N
CAMS,CARD_ISSUE,REISSUED_YN,CHAR,REISSUED_YN (여부),CARD_ISSUE 테이블,N
CAMS,CARD_ISSUE,PRE_CARD_APPLY_NO,BIGINT,PRE_CARD_APPLY_NO (번호),CARD_ISSUE 테이블,N
CAMS,CARD_ISSUE,NEXT_CARD_APPLY_NO,BIGINT,NEXT_CARD_APPLY_NO (번호),CARD_ISSUE 테이블,N
CAMS,CARD_ISSUE,DIGITAL_EXPIRY_DATE,TIMESTAMP,DIGITAL_EXPIRY_DATE 항목,CARD_ISSUE 테이블,N
CAMS,CARD_ISSUE,DIGITAL_TERMINATED_YN,CHAR,DIGITAL_TERMINATED_YN (여부),CARD_ISSUE 테이블,N
CAMS,CARD_ISSUE,SOCIAL_NO,BIGINT,SOCIAL_NO (번호),CARD_ISSUE 테이블,N
CAMS,CARD_ISSUE,OCR_FILE_EXIST,VARCHAR,OCR_FILE_EXIST (상태),CARD_ISSUE 테이블,N
CAMS,CARD_ISSUE,OLD_PAR,VARCHAR,OLD_PAR 항목,CARD_ISSUE 테이블,N
CAMS,CARD_ISSUE,OLD_PHY_SVC_ID,VARCHAR,OLD_PHY_SVC_ID (식별자),CARD_ISSUE 테이블,N
CAMS,CARD_ISSUE,OLD_DIG_SVC_ID,VARCHAR,OLD_DIG_SVC_ID (식별자),CARD_ISSUE 테이블,N
CAMS,CARD_ISSUE,OLD_PHY_SVC_NM,VARCHAR,OLD_PHY_SVC_NM (명),CARD_ISSUE 테이블,N
CAMS,CARD_ISSUE,OLD_DIG_SVC_NM,VARCHAR,OLD_DIG_SVC_NM (명),CARD_ISSUE 테이블,N
CAMS,CARD_ISSUE,CARD_COST_AMOUNT,BIGINT,CARD_COST_AMOUNT 항목,CARD_ISSUE 테이블,N
CAMS,CARD_ISSUE,REASON,VARCHAR,REASON 항목,CARD_ISSUE 테이블,N
CAMS,CARD_ISSUE,MESSAGE,VARCHAR,MESSAGE 항목,CARD_ISSUE 테이블,N
CAMS,CARD_ISSUE,CARD_DELIVERY_REQ_YN,CHAR,CARD_DELIVERY_REQ_YN (여부),CARD_ISSUE 테이블,N
CAMS,CARD_ISSUE,DIGITAL_PRE_ISSUE_PRODUCT,VARCHAR,DIGITAL_PRE_ISSUE_PRODUCT 항목,CARD_ISSUE 테이블,N
CAMS,CARD_ISSUE,PRODUCT_FEATURE,VARCHAR,PRODUCT_FEATURE 항목,CARD_ISSUE 테이블,N
CAMS,CARD_ISSUE,COST_PAY_CHECK_STATUS,VARCHAR,COST_PAY_CHECK_STATUS 항목,CARD_ISSUE 테이블,N
CAMS,CARD_ISSUE,ORG_CARD_APPLY_NO,BIGINT,ORG_CARD_APPLY_NO (번호),CARD_ISSUE 테이블,N
CAMS,CARD_ISSUE,PHYSICAL_PERSONAL_YN,CHAR,PHYSICAL_PERSONAL_YN (여부),CARD_ISSUE 테이블,N
CAMS,CARD_ISSUE,CARD_STATUS_OF_DELIVERY,VARCHAR,CARD_STATUS_OF_DELIVERY 항목,CARD_ISSUE 테이블,N
CAMS,CARD_ISSUE,RETURNED_REISSUE_YN,CHAR,RETURNED_REISSUE_YN (여부),CARD_ISSUE 테이블,N
CAMS,CARD_ISSUE,PHYSICAL_DEFINED_YN,CHAR,PHYSICAL_DEFINED_YN (여부),CARD_ISSUE 테이블,N
CAMS,CARD_ISSUE,ROUTE_TYPE,VARCHAR,ROUTE_TYPE 항목,CARD_ISSUE 테이블,N
CAMS,CARD_ISSUE,REISSUE_REASON,VARCHAR,REISSUE_REASON 항목,CARD_ISSUE 테이블,N
CAMS,CARD_ISSUE,EXT_CARD_APPLY_NO,BIGINT,EXT_CARD_APPLY_NO (번호),CARD_ISSUE 테이블,N
CAMS,CARD_ISSUE,ISSUE_SPEC,VARCHAR,ISSUE_SPEC 항목,CARD_ISSUE 테이블,N
CAMS,CARD_ISSUE,ITNC_USE_YN,CHAR,ITNC_USE_YN (여부),CARD_ISSUE 테이블,N
CAMS,CARD_ISSUE,KRW_USE_YN,CHAR,KRW_USE_YN (여부),CARD_ISSUE 테이블,N
CAMS,CARD_ISSUE,ITNC_BRAN,VARCHAR,ITNC_BRAN 항목,CARD_ISSUE 테이블,N
CAMS,CARD_ISSUE,RQS_ASP_ID,VARCHAR,RQS_ASP_ID (식별자),CARD_ISSUE 테이블,N
CAMS,CARD_ISSUE,OVRS_STLM_USE_YN,CHAR,OVRS_STLM_USE_YN (여부),CARD_ISSUE 테이블,N
CAMS,CARD_ISSUE,RQS_MBR_ID,VARCHAR,RQS_MBR_ID (식별자),CARD_ISSUE 테이블,N
CAMS,CARD_ISSUE,RQS_KA_ID,VARCHAR,RQS_KA_ID (식별자),CARD_ISSUE 테이블,N
CAMS,EXT_CARD_MAP,ID,VARCHAR,ID (식별자),EXT_CARD_MAP 테이블,N
CAMS,EXT_CARD_MAP,EXT_CARD_REG_NO,BIGINT,EXT_CARD_REG_NO (번호),EXT_CARD_MAP 테이블,N
CAMS,EXT_CARD_MAP,ASP_ID,VARCHAR,ASP_ID (식별자),EXT_CARD_MAP 테이블,N
CAMS,EXT_CARD_MAP,KA_ID,VARCHAR,KA_ID (식별자),EXT_CARD_MAP 테이블,N
CAMS,EXT_CARD_MAP,USER_ID,VARCHAR,USER_ID (식별자),EXT_CARD_MAP 테이블,N
CAMS,EXT_CARD_MAP,DIGITAL_PAR,VARCHAR,DIGITAL_PAR 항목,EXT_CARD_MAP 테이블,N
CAMS,EXT_CARD_MAP,DIGITAL_SVC_ID,VARCHAR,DIGITAL_SVC_ID (식별자),EXT_CARD_MAP 테이블,N
CAMS,EXT_CARD_MAP,DIGITAL_SVC_NM,VARCHAR,DIGITAL_SVC_NM (명),EXT_CARD_MAP 테이블,N
CAMS,EXT_CARD_MAP,ALT_NO,BIGINT,ALT_NO (번호),EXT_CARD_MAP 테이블,N
CAMS,EXT_CARD_MAP,STATUS,VARCHAR,STATUS 항목,EXT_CARD_MAP 테이블,N
CAMS,EXT_CARD_MAP,EXT_ORG,VARCHAR,EXT_ORG 항목,EXT_CARD_MAP 테이블,N
CAMS,EXT_CARD_MAP,EXT_PRODUCT_CODE,VARCHAR,EXT_PRODUCT_CODE 항목,EXT_CARD_MAP 테이블,N
CAMS,ISSUED_CARD_REGISTER,ID,VARCHAR,ID (식별자),ISSUED_CARD_REGISTER 테이블,N
CAMS,ISSUED_CARD_REGISTER,REQUEST_DAY,VARCHAR,REQUEST_DAY 항목,ISSUED_CARD_REGISTER 테이블,N
CAMS,ISSUED_CARD_REGISTER,CARD_TYPE,VARCHAR,CARD_TYPE 항목,ISSUED_CARD_REGISTER 테이블,N
CAMS,ISSUED_CARD_REGISTER,ISSUE_TYPE,VARCHAR,ISSUE_TYPE 항목,ISSUED_CARD_REGISTER 테이블,N
CAMS,ISSUED_CARD_REGISTER,DGT_PHS_TYPE,VARCHAR,DGT_PHS_TYPE 항목,ISSUED_CARD_REGISTER 테이블,N
CAMS,ISSUED_CARD_REGISTER,CARD_APPLY_NO,BIGINT,CARD_APPLY_NO (번호),ISSUED_CARD_REGISTER 테이블,N
CAMS,ISSUED_CARD_REGISTER,STATUS,VARCHAR,STATUS 항목,ISSUED_CARD_REGISTER 테이블,N
CAMS,ISSUED_CARD_REGISTER,FROM_PAR,VARCHAR,FROM_PAR 항목,ISSUED_CARD_REGISTER 테이블,N
CAMS,ISSUED_CARD_REGISTER,TO_PAR,VARCHAR,TO_PAR 항목,ISSUED_CARD_REGISTER 테이블,N
CAMS,ISSUED_CARD_REGISTER,USER_ID,VARCHAR,USER_ID (식별자),ISSUED_CARD_REGISTER 테이블,N
CAMS,ISSUED_CARD_REGISTER,ASP_ID,VARCHAR,ASP_ID (식별자),ISSUED_CARD_REGISTER 테이블,N
CAMS,ISSUED_CARD_REGISTER,REQUESTER,VARCHAR,REQUESTER 항목,ISSUED_CARD_REGISTER 테이블,N
CAMS,ISSUED_CARD_REGISTER,REASON,VARCHAR,REASON 항목,ISSUED_CARD_REGISTER 테이블,N
CAMS,ISSUED_CARD_REGISTER,MESSAGE,VARCHAR,MESSAGE 항목,ISSUED_CARD_REGISTER 테이블,N
CAMS,ISSUED_CARD_REGISTER,REGISTER_TYPE,VARCHAR,REGISTER_TYPE 항목,ISSUED_CARD_REGISTER 테이블,N
CAMS,ISSUED_CARD_REGISTER,TO_SVC_ID,VARCHAR,TO_SVC_ID (식별자),ISSUED_CARD_REGISTER 테이블,N
CAMS,ISSUED_CARD_REGISTER,EXT_DIGITAL_PAR,VARCHAR,EXT_DIGITAL_PAR 항목,ISSUED_CARD_REGISTER 테이블,N
CAMS,ISSUED_CARD_REGISTER,EXT_DIGITAL_SVC_ID,VARCHAR,EXT_DIGITAL_SVC_ID (식별자),ISSUED_CARD_REGISTER 테이블,N
CAMS,ISSUED_CARD_REGISTER,PRODUCT_FEATURE,VARCHAR,PRODUCT_FEATURE 항목,ISSUED_CARD_REGISTER 테이블,N
CAMS,ISSUED_CARD_REGISTER,TO_DGT_SVC_ID,VARCHAR,TO_DGT_SVC_ID (식별자),ISSUED_CARD_REGISTER 테이블,N
CAMS,ISSUED_CARD_REGISTER,REF_CARD_APPLY_NO,BIGINT,REF_CARD_APPLY_NO (번호),ISSUED_CARD_REGISTER 테이블,N
CAMS,ISSUED_CARD_REGISTER,REISSUE_REASON,VARCHAR,REISSUE_REASON 항목,ISSUED_CARD_REGISTER 테이블,N
CAMS,ISSUED_CARD_REGISTER,TO_DGT_PAR,VARCHAR,TO_DGT_PAR 항목,ISSUED_CARD_REGISTER 테이블,N
CAMS,ISSUED_CARD_REGISTER,KA_ID,VARCHAR,KA_ID (식별자),ISSUED_CARD_REGISTER 테이블,N
CAMS,ISSUED_CARD_REGISTER,RQS_ASP_ID,VARCHAR,RQS_ASP_ID (식별자),ISSUED_CARD_REGISTER 테이블,N
CAMS,ISSUED_CARD_REGISTER,RQS_MBR_ID,VARCHAR,RQS_MBR_ID (식별자),ISSUED_CARD_REGISTER 테이블,N
CAS,CAS_CRD_AUTHT,CRD_AUTHT_SNO,BIGINT,CRD_AUTHT_SNO (번호),CAS_CRD_AUTHT 테이블,N
CAS,CAS_CRD_AUTHT,TR_DT,TIMESTAMP,TR_DT (일자),CAS_CRD_AUTHT 테이블,N
CAS,CAS_CRD_AUTHT,TR_TI,VARCHAR,TR_TI 항목,CAS_CRD_AUTHT 테이블,N
CAS,CAS_CRD_AUTHT,PAR_NO,BIGINT,PAR_NO (번호),CAS_CRD_AUTHT 테이블,N
CAS,CAS_CRD_AUTHT,MBR_ID,VARCHAR,MBR_ID (식별자),CAS_CRD_AUTHT 테이블,N
CAS,CAS_CRD_AUTHT,ACQR_CD,VARCHAR,ACQR_CD (코드),CAS_CRD_AUTHT 테이블,N
CAS,CAS_CRD_AUTHT,CRD_AUTHT_TYPE_CD,VARCHAR,CRD_AUTHT_TYPE_CD (코드),CAS_CRD_AUTHT 테이블,N
CAS,CAS_CRD_AUTHT,SVC_ID,VARCHAR,SVC_ID (식별자),CAS_CRD_AUTHT 테이블,N
CAS,CAS_CRD_AUTHT,MC_CD,VARCHAR,MC_CD (코드),CAS_CRD_AUTHT 테이블,N
CAS,CAS_CRD_AUTHT,AUTHT_SUCS_YN,CHAR,AUTHT_SUCS_YN (여부),CAS_CRD_AUTHT 테이블,N
CAS,CAS_CRD_AUTHT,ACQR_RSP_CD,VARCHAR,ACQR_RSP_CD (코드),CAS_CRD_AUTHT 테이블,N
CAS,CAS_CRD_AUTHT,RSP_MSG_CN,VARCHAR,RSP_MSG_CN (내용),CAS_CRD_AUTHT 테이블,N
CAS,CAS_SPPM_CRD_AUTHT,SPPM_CRD_AUTHT_SNO,BIGINT,SPPM_CRD_AUTHT_SNO (번호),CAS_SPPM_CRD_AUTHT 테이블,N
CAS,CAS_SPPM_CRD_AUTHT,TR_DT,TIMESTAMP,TR_DT (일자),CAS_SPPM_CRD_AUTHT 테이블,N
CAS,CAS_SPPM_CRD_AUTHT,TR_TI,VARCHAR,TR_TI 항목,CAS_SPPM_CRD_AUTHT 테이블,N
CAS,CAS_SPPM_CRD_AUTHT,PAR_NO,BIGINT,PAR_NO (번호),CAS_SPPM_CRD_AUTHT 테이블,N
CAS,CAS_SPPM_CRD_AUTHT,CRD_MB_RLTG_DV_CD,VARCHAR,CRD_MB_RLTG_DV_CD (코드),CAS_SPPM_CRD_AUTHT 테이블,N
CAS,CAS_SPPM_CRD_AUTHT,MBR_ID,VARCHAR,MBR_ID (식별자),CAS_SPPM_CRD_AUTHT 테이블,N
CAS,CAS_SPPM_CRD_AUTHT,SPPM_CD,VARCHAR,SPPM_CD (코드),CAS_SPPM_CRD_AUTHT 테이블,N
CAS,CAS_SPPM_CRD_AUTHT,TR_DV_CD,VARCHAR,TR_DV_CD (코드),CAS_SPPM_CRD_AUTHT 테이블,N
CAS,CAS_SPPM_CRD_AUTHT,TR_NATV_NO,BIGINT,TR_NATV_NO (번호),CAS_SPPM_CRD_AUTHT 테이블,N
CAS,CAS_SPPM_CRD_AUTHT,SVC_ID,VARCHAR,SVC_ID (식별자),CAS_SPPM_CRD_AUTHT 테이블,N
CAS,CAS_SPPM_CRD_AUTHT,SVC_NM,VARCHAR,SVC_NM (명),CAS_SPPM_CRD_AUTHT 테이블,N
CAS,CAS_SPPM_CRD_AUTHT,ACQR_CD,VARCHAR,ACQR_CD (코드),CAS_SPPM_CRD_AUTHT 테이블,N
CAS,CAS_SPPM_CRD_AUTHT,CRD_SVC_NO,BIGINT,CRD_SVC_NO (번호),CAS_SPPM_CRD_AUTHT 테이블,N
CAS,CAS_SPPM_CRD_AUTHT,LGVN_CD,VARCHAR,LGVN_CD (코드),CAS_SPPM_CRD_AUTHT 테이블,N
CAS,CAS_SPPM_CRD_AUTHT,AUTHT_SUCS_YN,CHAR,AUTHT_SUCS_YN (여부),CAS_SPPM_CRD_AUTHT 테이블,N
CAS,CAS_SPPM_CRD_AUTHT,ACQR_RSP_CD,VARCHAR,ACQR_RSP_CD (코드),CAS_SPPM_CRD_AUTHT 테이블,N
CAS,CAS_SPPM_CRD_AUTHT,RSP_MSG_CN,VARCHAR,RSP_MSG_CN (내용),CAS_SPPM_CRD_AUTHT 테이블,N
CAS,CAS_SPPM_ITG_CD,ACQR_CD,VARCHAR,ACQR_CD (코드),CAS_SPPM_ITG_CD 테이블,N
CAS,CAS_SPPM_ITG_CD,SPPM_CD,VARCHAR,SPPM_CD (코드),CAS_SPPM_ITG_CD 테이블,N
CAS,CAS_SPPM_ITG_CD,SPPM_ITG_TYPE_CD,VARCHAR,SPPM_ITG_TYPE_CD (코드),CAS_SPPM_ITG_CD 테이블,N
CAS,CAS_SPPM_ITG_CD,ACQR_NM,VARCHAR,ACQR_NM (명),CAS_SPPM_ITG_CD 테이블,N
CAS,CAS_SPPM_ITG_CD,SPPM_NM,VARCHAR,SPPM_NM (명),CAS_SPPM_ITG_CD 테이블,N
CDM,SHIPPING_INFO,ID,VARCHAR,ID (식별자),SHIPPING_INFO 테이블,N
CDM,SHIPPING_INFO,LOGIN_ID,VARCHAR,LOGIN_ID (식별자),SHIPPING_INFO 테이블,N
CDM,SHIPPING_INFO,ASP_ID,VARCHAR,ASP_ID (식별자),SHIPPING_INFO 테이블,N
CDM,SHIPPING_INFO,USER_ID,VARCHAR,USER_ID (식별자),SHIPPING_INFO 테이블,N
CDM,SHIPPING_INFO,BASE_ADDRESS,VARCHAR,BASE_ADDRESS 항목,SHIPPING_INFO 테이블,N
CDM,SHIPPING_INFO,DETAIL_ADDRESS,VARCHAR,DETAIL_ADDRESS 항목,SHIPPING_INFO 테이블,N
CDM,SHIPPING_INFO,ZIP_CODE,VARCHAR,ZIP_CODE 항목,SHIPPING_INFO 테이블,N
CDM,SHIPPING_INFO,ZIP_CODE_DELIMETER,VARCHAR,ZIP_CODE_DELIMETER 항목,SHIPPING_INFO 테이블,N
CDM,SHIPPING_INFO,PRODUCT_ID,VARCHAR,PRODUCT_ID (식별자),SHIPPING_INFO 테이블,N
CDM,SHIPPING_INFO,COUNTRY_CODE,VARCHAR,COUNTRY_CODE 항목,SHIPPING_INFO 테이블,N
CDM,SHIPPING_INFO,HOTEL_YN,CHAR,HOTEL_YN (여부),SHIPPING_INFO 테이블,N
CDM,SHIPPING_INFO,WISH_DATE,TIMESTAMP,WISH_DATE 항목,SHIPPING_INFO 테이블,N
CDM,SHIPPING_INFO,CITY_ADDRESS,VARCHAR,CITY_ADDRESS 항목,SHIPPING_INFO 테이블,N
CDM,SHIPPING_INFO,STATE_ADDRESS,VARCHAR,STATE_ADDRESS 항목,SHIPPING_INFO 테이블,N
CDM,SHIPPING_INFO,PREV_PRODUCT_ID,VARCHAR,PREV_PRODUCT_ID (식별자),SHIPPING_INFO 테이블,N
CDM,SHIPPING_INFO_HISTORY,ID,VARCHAR,ID (식별자),SHIPPING_INFO_HISTORY 테이블,N
CDM,SHIPPING_INFO_HISTORY,REV,VARCHAR,REV 항목,SHIPPING_INFO_HISTORY 테이블,N
CDM,SHIPPING_INFO_HISTORY,REVTYPE,VARCHAR,REVTYPE 항목,SHIPPING_INFO_HISTORY 테이블,N
CDM,SHIPPING_INFO_HISTORY,ZIP_CODE,VARCHAR,ZIP_CODE 항목,SHIPPING_INFO_HISTORY 테이블,N
CDM,SHIPPING_RETRY,ORIGINAL_PAR,VARCHAR,ORIGINAL_PAR 항목,SHIPPING_RETRY 테이블,N
CDM,SHIPPING_RETRY,RETRY_CNT,BIGINT,RETRY_CNT (건수),SHIPPING_RETRY 테이블,N
CDM,SHIPPING_STATUS,RECORD_ID,VARCHAR,RECORD_ID (식별자),SHIPPING_STATUS 테이블,N
CDM,SHIPPING_STATUS,BATCH_ID,VARCHAR,BATCH_ID (식별자),SHIPPING_STATUS 테이블,N
CDM,SHIPPING_STATUS,RECORD_STATUS,VARCHAR,RECORD_STATUS 항목,SHIPPING_STATUS 테이블,N
CDM,SHIPPING_STATUS,DELIVERY_SHIPPING_NUMBER,VARCHAR,DELIVERY_SHIPPING_NUMBER 항목,SHIPPING_STATUS 테이블,N
CDM,SHIPPING_STATUS,DELIVERY_SHIPPER,VARCHAR,DELIVERY_SHIPPER 항목,SHIPPING_STATUS 테이블,N
CDM,SHIPPING_STATUS,RETURN_REASON,VARCHAR,RETURN_REASON 항목,SHIPPING_STATUS 테이블,N
CDM,SHIPPING_STATUS,EXTERNAL_STATUS_CODE,VARCHAR,EXTERNAL_STATUS_CODE 항목,SHIPPING_STATUS 테이블,N
CDM,SHIPPING_STATUS,EXTERNAL_RETURN_CODE,VARCHAR,EXTERNAL_RETURN_CODE 항목,SHIPPING_STATUS 테이블,N
CDM,SHIPPING_STATUS,EXTERNAL_RELATION_CODE,VARCHAR,EXTERNAL_RELATION_CODE 항목,SHIPPING_STATUS 테이블,N
CDM,SHIPPING_STATUS,EXTERNAL_RELATION_NAME,VARCHAR,EXTERNAL_RELATION_NAME 항목,SHIPPING_STATUS 테이블,N
CDM,SHIPPING_STATUS,NEW_PAR,VARCHAR,NEW_PAR 항목,SHIPPING_STATUS 테이블,N
CDM,SHIPPING_TRY,ID,VARCHAR,ID (식별자),SHIPPING_TRY 테이블,N
CDM,SHIPPING_TRY,REQUESTOR,VARCHAR,REQUESTOR 항목,SHIPPING_TRY 테이블,N
CDM,SHIPPING_TRY,TRY_STATUS,VARCHAR,TRY_STATUS 항목,SHIPPING_TRY 테이블,N
CDM,SHIPPING_TRY,TRY_REASON,VARCHAR,TRY_REASON 항목,SHIPPING_TRY 테이블,N
CDM,SHIPPING_TRY,INFO_ID,VARCHAR,INFO_ID (식별자),SHIPPING_TRY 테이블,N
CDM,SHIPPING_TRY,STATUS_RECORD_ID,VARCHAR,STATUS_RECORD_ID (식별자),SHIPPING_TRY 테이블,N
CDM,SHIPPING_TRY,OLD_PAR,VARCHAR,OLD_PAR 항목,SHIPPING_TRY 테이블,N
CDM,SHIPPING_TRY,RE_DELIVERY_COST,VARCHAR,RE_DELIVERY_COST (상태),SHIPPING_TRY 테이블,N
CDM,SHIPPING_TRY,RE_DELIVERY_TYPE,VARCHAR,RE_DELIVERY_TYPE 항목,SHIPPING_TRY 테이블,N
CDM,SHIPPING_TRY,OLD_TRY_ID,VARCHAR,OLD_TRY_ID (식별자),SHIPPING_TRY 테이블,N
CDM,SHIPPING_TRY,SENT_CARD_NO,BIGINT,SENT_CARD_NO (번호),SHIPPING_TRY 테이블,N
CDM,SHIPPING_TRY,CARD_TYPE,VARCHAR,CARD_TYPE 항목,SHIPPING_TRY 테이블,N
CDM,SHIPPING_TRY,CARD_APPLY_NO,BIGINT,CARD_APPLY_NO (번호),SHIPPING_TRY 테이블,N
CDM,SHIPPING_TRY,ORIGINAL_PAR,VARCHAR,ORIGINAL_PAR 항목,SHIPPING_TRY 테이블,N
CDM,SHIPPING_TRY,ROUTE_TYPE,VARCHAR,ROUTE_TYPE 항목,SHIPPING_TRY 테이블,N
CMS,CMS_CNVG_PAR,PAR_NO,BIGINT,PAR_NO (번호),CMS_CNVG_PAR 테이블,N
CMS,CMS_CNVG_PAR,CNVG_PAR_NO,BIGINT,CNVG_PAR_NO (번호),CMS_CNVG_PAR 테이블,N
CMS,CMS_CNVG_PAR,SVC_ID,VARCHAR,SVC_ID (식별자),CMS_CNVG_PAR 테이블,N
CMS,CMS_CNVG_PAR,MBR_ID,VARCHAR,MBR_ID (식별자),CMS_CNVG_PAR 테이블,N
CMS,CMS_CNVG_PAR,MAIN_CRD_YN,CHAR,MAIN_CRD_YN (여부),CMS_CNVG_PAR 테이블,N
CMS,CMS_CNVG_PAR,TID,VARCHAR,TID (식별자),CMS_CNVG_PAR 테이블,N
CMS,CMS_CNVG_PAR,CRE_DT,TIMESTAMP,CRE_DT (일자),CMS_CNVG_PAR 테이블,N
CMS,CMS_CNVG_PAR,ASP_ID,VARCHAR,ASP_ID (식별자),CMS_CNVG_PAR 테이블,N
CMS,CMS_CRD_VL_PRID_EXTS,PAR_NO,BIGINT,PAR_NO (번호),CMS_CRD_VL_PRID_EXTS 테이블,N
CMS,CMS_CRD_VL_PRID_EXTS,CRD_VL_PRID_CHG_AFT_DT,TIMESTAMP,CRD_VL_PRID_CHG_AFT_DT (일자),CMS_CRD_VL_PRID_EXTS 테이블,N
CMS,CMS_CRD_VL_PRID_EXTS,CRD_VL_PRID_CHG_BEF_DT,TIMESTAMP,CRD_VL_PRID_CHG_BEF_DT (일자),CMS_CRD_VL_PRID_EXTS 테이블,N
CMS,CMS_CRD_VL_PRID_EXTS,CRD_VL_PRID_CHGR_NM,VARCHAR,CRD_VL_PRID_CHGR_NM (명),CMS_CRD_VL_PRID_EXTS 테이블,N
CMS,CMS_CRD_VL_PRID_EXTS,CRE_DT,TIMESTAMP,CRE_DT (일자),CMS_CRD_VL_PRID_EXTS 테이블,N
CMS,CMS_CRD_VL_PRID_EXTS,TID,VARCHAR,TID (식별자),CMS_CRD_VL_PRID_EXTS 테이블,N
CMS,DEDUCTION_INFO,ID,VARCHAR,ID (식별자),DEDUCTION_INFO 테이블,N
CMS,DEDUCTION_INFO,PAR,VARCHAR,PAR 항목,DEDUCTION_INFO 테이블,N
CMS,DEDUCTION_INFO,USER_SSN,VARCHAR,USER_SSN 항목,DEDUCTION_INFO 테이블,N
CMS,DEDUCTION_INFO,VERIFICATION_TYPE,VARCHAR,VERIFICATION_TYPE 항목,DEDUCTION_INFO 테이블,N
CMS,DEDUCTION_INFO,USER_ID,VARCHAR,USER_ID (식별자),DEDUCTION_INFO 테이블,N
CMS,DEDUCTION_INFO,CVS_ID,VARCHAR,CVS_ID (식별자),DEDUCTION_INFO 테이블,N
CMS,EPAR,EPAR,VARCHAR,EPAR 항목,EPAR 테이블,N
CMS,EPAR,CODE,VARCHAR,CODE 항목,EPAR 테이블,N
CMS,EPAR,EPAR_MAP_ID,VARCHAR,EPAR_MAP_ID (식별자),EPAR 테이블,N
CMS,EPAR,CODE_NAME,VARCHAR,CODE_NAME 항목,EPAR 테이블,N
CMS,EPAR,PAR,VARCHAR,PAR 항목,EPAR 테이블,N
CMS,EPAR,STATUS,VARCHAR,STATUS 항목,EPAR 테이블,N
CMS,EPAR,FROM_TYPE,VARCHAR,FROM_TYPE 항목,EPAR 테이블,N
CMS,ETOKEN,ACQUIRER,VARCHAR,ACQUIRER 항목,ETOKEN 테이블,N
CMS,ETOKEN,ETOKEN,VARCHAR,ETOKEN 항목,ETOKEN 테이블,N
CMS,ETOKEN,TYPE_CODE,VARCHAR,TYPE_CODE 항목,ETOKEN 테이블,N
CMS,ETOKEN,TID,VARCHAR,TID (식별자),ETOKEN 테이블,N
CMS,ETOKEN,YYYYMMDD,VARCHAR,YYYYMMDD 항목,ETOKEN 테이블,N
CMS,ETOKEN,ETOKEN_UPDATED,TIMESTAMP,ETOKEN_UPDATED 항목,ETOKEN 테이블,N
CMS,ETOKEN,EXPIRY_DATE,TIMESTAMP,EXPIRY_DATE 항목,ETOKEN 테이블,N
CMS,ETOKEN,PAR,VARCHAR,PAR 항목,ETOKEN 테이블,N
CMS,ETOKEN,STATUS,VARCHAR,STATUS 항목,ETOKEN 테이블,N
CMS,ETOKEN,TOKEN,VARCHAR,TOKEN 항목,ETOKEN 테이블,N
CMS,ETOKEN,TYPE,VARCHAR,TYPE 항목,ETOKEN 테이블,N
CMS,ETOKEN,CARD_SVC_ID,VARCHAR,CARD_SVC_ID (식별자),ETOKEN 테이블,N
CMS,ETOKEN,USER_ID,VARCHAR,USER_ID (식별자),ETOKEN 테이블,N
CMS,ETOKEN,REGISTERED_DATE,TIMESTAMP,REGISTERED_DATE 항목,ETOKEN 테이블,N
CMS,ETOKEN,INACTIVE_DATE,TIMESTAMP,INACTIVE_DATE 항목,ETOKEN 테이블,N
CMS,ETOKEN,SUSPENDED_DATE,TIMESTAMP,SUSPENDED_DATE 항목,ETOKEN 테이블,N
CMS,ETOKEN,TERMINATED_DATE,TIMESTAMP,TERMINATED_DATE 항목,ETOKEN 테이블,N
CMS,NAMED_INFO,ID,VARCHAR,ID (식별자),NAMED_INFO 테이블,N
CMS,NAMED_INFO,PAR,VARCHAR,PAR 항목,NAMED_INFO 테이블,N
CMS,NAMED_INFO,USER_SUB_SSN,VARCHAR,USER_SUB_SSN 항목,NAMED_INFO 테이블,N
CMS,NAMED_INFO,BANK_ACC_AUTH_ID,VARCHAR,BANK_ACC_AUTH_ID (식별자),NAMED_INFO 테이블,N
CMS,NAMED_INFO,CORP_YN,CHAR,CORP_YN (여부),NAMED_INFO 테이블,N
CMS,NAMED_INFO,NAMED_BY,VARCHAR,NAMED_BY 항목,NAMED_INFO 테이블,N
CMS,PAN_CHAN_HIS,HIST_SEQ,VARCHAR,HIST_SEQ 항목,PAN_CHAN_HIS 테이블,N
CMS,PAN_CHAN_HIS,PAR,VARCHAR,PAR 항목,PAN_CHAN_HIS 테이블,N
CMS,PAN_CHAN_HIS,PSN,VARCHAR,PSN 항목,PAN_CHAN_HIS 테이블,N
CMS,PAN_CHAN_HIS,PAN_CR_LFCL,VARCHAR,PAN_CR_LFCL 항목,PAN_CHAN_HIS 테이블,N
CMS,PAN_CHAN_HIS,PAN_CR_STAT,VARCHAR,PAN_CR_STAT 항목,PAN_CHAN_HIS 테이블,N
CMS,PAN_CHAN_HIS,PAN_PV_STAT,VARCHAR,PAN_PV_STAT 항목,PAN_CHAN_HIS 테이블,N
CMS,PAN_CHAN_HIS,HIST_LOG,VARCHAR,HIST_LOG 항목,PAN_CHAN_HIS 테이블,N
CMS,PAN_CHAN_HIS,HIST_TYPE,VARCHAR,HIST_TYPE 항목,PAN_CHAN_HIS 테이블,N
CMS,PAN_CHAN_HIS,USER_ID,VARCHAR,USER_ID (식별자),PAN_CHAN_HIS 테이블,N
CMS,PAN_CHAN_HIS,CARD_SE_CONNECT_BY,VARCHAR,CARD_SE_CONNECT_BY 항목,PAN_CHAN_HIS 테이블,N
CMS,PAN_CHAN_HIS,CARD_SE_CONNECT_YN,CHAR,CARD_SE_CONNECT_YN (여부),PAN_CHAN_HIS 테이블,N
CMS,PAN_CHAN_HIS,IS_FIRST,VARCHAR,IS_FIRST (상태),PAN_CHAN_HIS 테이블,N
CMS,PAN_CHAN_HIS,P1,VARCHAR,P1 항목,PAN_CHAN_HIS 테이블,N
CMS,PAN_CHAN_HIS,P1_MEANING,VARCHAR,P1_MEANING 항목,PAN_CHAN_HIS 테이블,N
CMS,PAN_CHAN_HIS,HOST_NAME,VARCHAR,HOST_NAME 항목,PAN_CHAN_HIS 테이블,N
CMS,PAN_CHAN_HIS,TID,VARCHAR,TID (식별자),PAN_CHAN_HIS 테이블,N
CMS,PAN_CHAN_HIS,STATUS_CHANGE_BY,VARCHAR,STATUS_CHANGE_BY 항목,PAN_CHAN_HIS 테이블,N
CMS,PAN_CHAN_HIS,PAYABLE,VARCHAR,PAYABLE 항목,PAN_CHAN_HIS 테이블,N
CMS,PAN_CHAN_HIS,PAY_TRY_COUNT,VARCHAR,PAY_TRY_COUNT 항목,PAN_CHAN_HIS 테이블,N
CMS,PAN_CHAN_HIS,IS_BUSINESS_CARD,VARCHAR,IS_BUSINESS_CARD 항목,PAN_CHAN_HIS 테이블,N
CMS,PAN_CHAN_HIS,P2,VARCHAR,P2 항목,PAN_CHAN_HIS 테이블,N
CMS,PAN_CHAN_HIS,P2_MEANING,VARCHAR,P2_MEANING 항목,PAN_CHAN_HIS 테이블,N
CMS,PAN_INFO,PAN,VARCHAR,PAN 항목,PAN_INFO 테이블,N
CMS,PAN_INFO,PAR,VARCHAR,PAR 항목,PAN_INFO 테이블,N
CMS,PAN_INFO,USER_ID,VARCHAR,USER_ID (식별자),PAN_INFO 테이블,N
CMS,PAN_INFO,SVC_ID,VARCHAR,SVC_ID (식별자),PAN_INFO 테이블,N
CMS,PAN_INFO,PAN_PV_STAT,VARCHAR,PAN_PV_STAT 항목,PAN_INFO 테이블,N
CMS,PAN_INFO,PAN_CR_STAT,VARCHAR,PAN_CR_STAT 항목,PAN_INFO 테이블,N
CMS,PAN_INFO,INIT_PAN_EXP_YM,VARCHAR,INIT_PAN_EXP_YM 항목,PAN_INFO 테이블,N
CMS,PAN_INFO,SEND_EXDT_NOTI_CNT,BIGINT,SEND_EXDT_NOTI_CNT (건수),PAN_INFO 테이블,N
CMS,PAN_INFO,EXDT_EXTN_FLAG,VARCHAR,EXDT_EXTN_FLAG 항목,PAN_INFO 테이블,N
CMS,PAN_INFO,EXDT_EXTN_CNT,BIGINT,EXDT_EXTN_CNT (건수),PAN_INFO 테이블,N
CMS,PAN_INFO,PAN_CR_LFCL,VARCHAR,PAN_CR_LFCL 항목,PAN_INFO 테이블,N
CMS,PAN_INFO,CR_PSN,VARCHAR,CR_PSN 항목,PAN_INFO 테이블,N
CMS,PAN_INFO,BAT_ID,VARCHAR,BAT_ID (식별자),PAN_INFO 테이블,N
CMS,PAN_INFO,CSN,VARCHAR,CSN 항목,PAN_INFO 테이블,N
CMS,PAN_INFO,CARD_SE_CONNECT_YN,CHAR,CARD_SE_CONNECT_YN (여부),PAN_INFO 테이블,N
CMS,PAN_INFO,CARD_TYPE,VARCHAR,CARD_TYPE 항목,PAN_INFO 테이블,N
CMS,PAN_INFO,PREPAID_TYPE,VARCHAR,PREPAID_TYPE 항목,PAN_INFO 테이블,N
CMS,PAN_INFO,ASP_ID,VARCHAR,ASP_ID (식별자),PAN_INFO 테이블,N
CMS,PAN_INFO,CARD_SE_CONNECT_BY,VARCHAR,CARD_SE_CONNECT_BY 항목,PAN_INFO 테이블,N
CMS,PAN_INFO,STATUS_CHANGE_BY,VARCHAR,STATUS_CHANGE_BY 항목,PAN_INFO 테이블,N
CMS,PAN_INFO,PAYABLE,VARCHAR,PAYABLE 항목,PAN_INFO 테이블,N
CMS,PAN_INFO,PAY_TRY_COUNT,VARCHAR,PAY_TRY_COUNT 항목,PAN_INFO 테이블,N
CMS,PAN_INFO,FAVORITE_CARD,VARCHAR,FAVORITE_CARD 항목,PAN_INFO 테이블,N
CMS,PAN_INFO,IS_BUSINESS_CARD,VARCHAR,IS_BUSINESS_CARD 항목,PAN_INFO 테이블,N
CMS,PAN_INFO,FROM_CARD_TYPE,VARCHAR,FROM_CARD_TYPE 항목,PAN_INFO 테이블,N
CMS,PAN_INFO,INVERSE,VARCHAR,INVERSE 항목,PAN_INFO 테이블,N
CMS,PAN_INFO,INVERSE_BY,VARCHAR,INVERSE_BY 항목,PAN_INFO 테이블,N
CMS,PAN_INFO,PAN_EXP_YM,VARCHAR,PAN_EXP_YM 항목,PAN_INFO 테이블,N
CMS,PAN_INFO,EXDT_EXTN_MONTHS,VARCHAR,EXDT_EXTN_MONTHS 항목,PAN_INFO 테이블,N
CMS,PAN_INFO,PAR_CNVG_TRGT_CRDCNT,BIGINT,PAR_CNVG_TRGT_CRDCNT (건수),PAN_INFO 테이블,N
CMS,PAN_INFO,PAR_CNVG_RQS_CRDCNT,BIGINT,PAR_CNVG_RQS_CRDCNT (건수),PAN_INFO 테이블,N
CMS,par_map,map_id,VARCHAR,map_id (식별자),par_map 테이블,N
CMS,par_map,par,VARCHAR,par 항목,par_map 테이블,N
CMS,par_map,copied_by,VARCHAR,copied_by 항목,par_map 테이블,N
CRM,TB_CMMN_CODE,CODE_GROUP,VARCHAR,CODE_GROUP 항목,TB_CMMN_CODE 테이블,N
CRM,TB_CMMN_CODE,CODE,VARCHAR,CODE 항목,TB_CMMN_CODE 테이블,N
CRM,TB_CMMN_CODE,CODE_NM,VARCHAR,CODE_NM (명),TB_CMMN_CODE 테이블,N
CRM,TB_CMMN_CODE,CODE_ORDER,VARCHAR,CODE_ORDER 항목,TB_CMMN_CODE 테이블,N
CRM,TB_CMMN_CODE,DEL_YN,CHAR,DEL_YN (여부),TB_CMMN_CODE 테이블,N
CRM,TB_CMMN_CODE,REG_DT,TIMESTAMP,REG_DT (일자),TB_CMMN_CODE 테이블,N
CRM,TB_CMMN_CODE,PHASE_NO,BIGINT,PHASE_NO (번호),TB_CMMN_CODE 테이블,N
CRM,TB_CMMN_CODE,SUB_CODE,VARCHAR,SUB_CODE 항목,TB_CMMN_CODE 테이블,N
CRM,TB_CMMN_CODE,COMPONENT,VARCHAR,COMPONENT 항목,TB_CMMN_CODE 테이블,N
CRM,TB_CONSULTING_CODE,CODE_GROUP,VARCHAR,CODE_GROUP 항목,TB_CONSULTING_CODE 테이블,N
CRM,TB_CONSULTING_CODE,CODE,VARCHAR,CODE 항목,TB_CONSULTING_CODE 테이블,N
CRM,TB_CONSULTING_CODE,CODE_NM,VARCHAR,CODE_NM (명),TB_CONSULTING_CODE 테이블,N
CRM,TB_CONSULTING_CODE,CODE_ORDER,VARCHAR,CODE_ORDER 항목,TB_CONSULTING_CODE 테이블,N
CRM,TB_CONSULTING_CODE,DEL_YN,CHAR,DEL_YN (여부),TB_CONSULTING_CODE 테이블,N
CRM,TB_CONSULTING_CODE,REG_DT,TIMESTAMP,REG_DT (일자),TB_CONSULTING_CODE 테이블,N
CRM,TB_CONSULTING_CODE,DECRIPTION,VARCHAR,DECRIPTION 항목,TB_CONSULTING_CODE 테이블,N
CRM,TB_CONSULTING_LOG,IDX,VARCHAR,IDX 항목,TB_CONSULTING_LOG 테이블,N
CRM,TB_CONSULTING_LOG,OPER_ID,VARCHAR,OPER_ID (식별자),TB_CONSULTING_LOG 테이블,N
CRM,TB_CONSULTING_LOG,SCREEN_ID,VARCHAR,SCREEN_ID (식별자),TB_CONSULTING_LOG 테이블,N
CRM,TB_CONSULTING_LOG,ASP_ID,VARCHAR,ASP_ID (식별자),TB_CONSULTING_LOG 테이블,N
CRM,TB_CONSULTING_LOG,ASP_NM,VARCHAR,ASP_NM (명),TB_CONSULTING_LOG 테이블,N
CRM,TB_CONSULTING_LOG,VOC_TYPE,VARCHAR,VOC_TYPE 항목,TB_CONSULTING_LOG 테이블,N
CRM,TB_CONSULTING_LOG,MAIN_CATEGORY_CD,VARCHAR,MAIN_CATEGORY_CD (코드),TB_CONSULTING_LOG 테이블,N
CRM,TB_CONSULTING_LOG,MIDDLE_CATEGORY_CD,VARCHAR,MIDDLE_CATEGORY_CD (코드),TB_CONSULTING_LOG 테이블,N
CRM,TB_CONSULTING_LOG,SMALL_CATEGORY_CD,VARCHAR,SMALL_CATEGORY_CD (코드),TB_CONSULTING_LOG 테이블,N
CRM,TB_CONSULTING_LOG,PROCESS_RESULT,VARCHAR,PROCESS_RESULT 항목,TB_CONSULTING_LOG 테이블,N
CRM,TB_CONSULTING_LOG,REG_DT,TIMESTAMP,REG_DT (일자),TB_CONSULTING_LOG 테이블,N
CRM,TB_CONSULTING_LOG,CHK_DT,TIMESTAMP,CHK_DT (일자),TB_CONSULTING_LOG 테이블,N
CRM,TB_CONSULTING_LOG,IS_DIRTY_VOC,VARCHAR,IS_DIRTY_VOC 항목,TB_CONSULTING_LOG 테이블,N
CRM,TB_CONSULTING_LOG,MERCHANT_TYPE,VARCHAR,MERCHANT_TYPE 항목,TB_CONSULTING_LOG 테이블,N
CRM,TB_CONSULTING_LOG,IO_TYPE,VARCHAR,IO_TYPE 항목,TB_CONSULTING_LOG 테이블,N
CRM,TB_CONSULTING_LOG,ORDER_SCHEDULE_SEQ,VARCHAR,ORDER_SCHEDULE_SEQ 항목,TB_CONSULTING_LOG 테이블,N
CRM,TB_CONSULTING_LOG,OUTR_NFCT_ITT_YN,CHAR,OUTR_NFCT_ITT_YN (여부),TB_CONSULTING_LOG 테이블,N
CRM,TB_CONSULTING_LOG,RWD_REU_YN,CHAR,RWD_REU_YN (여부),TB_CONSULTING_LOG 테이블,N
CRM,TB_CONSULTING_LOG,ETC_REU_YN,CHAR,ETC_REU_YN (여부),TB_CONSULTING_LOG 테이블,N
CRS,COUPON,COUPON_NUMBER,VARCHAR,COUPON_NUMBER 항목,COUPON 테이블,N
CRS,COUPON,RECHARGER_ID,VARCHAR,RECHARGER_ID (식별자),COUPON 테이블,N
CRS,COUPON,ID,VARCHAR,ID (식별자),COUPON 테이블,N
CRS,LOTTERY,ID,VARCHAR,ID (식별자),LOTTERY 테이블,N
CRS,LOTTERY,GAME_ID,VARCHAR,GAME_ID (식별자),LOTTERY 테이블,N
CRS,LOTTERY,GAME_COUNT,VARCHAR,GAME_COUNT 항목,LOTTERY 테이블,N
CRS,LOTTERY,RETAILER_ID,VARCHAR,RETAILER_ID (식별자),LOTTERY 테이블,N
CRS,LOTTERY,ASP_ID,VARCHAR,ASP_ID (식별자),LOTTERY 테이블,N
CRS,LOTTERY,RENDING_URL,VARCHAR,RENDING_URL 항목,LOTTERY 테이블,N
CRS,LOTTERY,GAME_COUNT_PER_AMOUNT,BIGINT,GAME_COUNT_PER_AMOUNT 항목,LOTTERY 테이블,N
CRS,LOTTERY,GAME_COUNT_PER_AMOUNT_TYPE,BIGINT,GAME_COUNT_PER_AMOUNT_TYPE 항목,LOTTERY 테이블,N
CRS,LUCKY,ID,VARCHAR,ID (식별자),LUCKY 테이블,N
CRS,LUCKY,GAME_COUNT,VARCHAR,GAME_COUNT 항목,LUCKY 테이블,N
CRS,LUCKY,ASP_ID,VARCHAR,ASP_ID (식별자),LUCKY 테이블,N
CRS,LUCKY,RENDING_URL,VARCHAR,RENDING_URL 항목,LUCKY 테이블,N
CRS,LUCKY,GAME_COUNT_PER_AMOUNT,BIGINT,GAME_COUNT_PER_AMOUNT 항목,LUCKY 테이블,N
CRS,LUCKY,GAME_COUNT_PER_AMOUNT_TYPE,BIGINT,GAME_COUNT_PER_AMOUNT_TYPE 항목,LUCKY 테이블,N
CRS,POINT,POINT,VARCHAR,POINT 항목,POINT 테이블,N
CRS,POINT,EXPIRY_DATE,TIMESTAMP,EXPIRY_DATE 항목,POINT 테이블,N
CRS,POINT,MAXIMUM_PAYMENT_FOR_PERSON,VARCHAR,MAXIMUM_PAYMENT_FOR_PERSON 항목,POINT 테이블,N
CRS,POINT,MAXIMUM_PAYOUT,VARCHAR,MAXIMUM_PAYOUT 항목,POINT 테이블,N
CRS,POINT,APP_MESSAGE,VARCHAR,APP_MESSAGE 항목,POINT 테이블,N
CRS,POINT,POINT_POLICY_ID,VARCHAR,POINT_POLICY_ID (식별자),POINT 테이블,N
CRS,POINT,TYPE,VARCHAR,TYPE 항목,POINT 테이블,N
CRS,POINT,RATE_TYPE,VARCHAR,RATE_TYPE 항목,POINT 테이블,N
CRS,POINT,KA_ID,VARCHAR,KA_ID (식별자),POINT 테이블,N
CRS,POINT,PROVIDER_GROUP_ID,VARCHAR,PROVIDER_GROUP_ID (식별자),POINT 테이블,N
CRS,POINT,ID,VARCHAR,ID (식별자),POINT 테이블,N
CRS,POINT,TARGET,VARCHAR,TARGET 항목,POINT 테이블,N
CRS,POINT,POLICY_TYPE,VARCHAR,POLICY_TYPE 항목,POINT 테이블,N
CRS,POINT,POLICY_NAME,VARCHAR,POLICY_NAME 항목,POINT 테이블,N
CRS,POINT,SERVICE_GROUP_ID,VARCHAR,SERVICE_GROUP_ID (식별자),POINT 테이블,N
CRS,POINT,ACC_BY,VARCHAR,ACC_BY 항목,POINT 테이블,N
CRS,POINT,ACC_TYPE,VARCHAR,ACC_TYPE 항목,POINT 테이블,N
CRS,POINT,ACC_DATE_TYPE,TIMESTAMP,ACC_DATE_TYPE 항목,POINT 테이블,N
CRS,POINT,ACC_ENABLE,VARCHAR,ACC_ENABLE 항목,POINT 테이블,N
CRS,POINT,POLICY_LIMIT_MONTH_IGNORED,VARCHAR,POLICY_LIMIT_MONTH_IGNORED 항목,POINT 테이블,N
CRS,POINT,POLICY_LIMIT_YEAR_IGNORED,VARCHAR,POLICY_LIMIT_YEAR_IGNORED 항목,POINT 테이블,N
CRS,POINT,RATE_POINT_POLICY_ID,VARCHAR,RATE_POINT_POLICY_ID (식별자),POINT 테이블,N
CRS,POINT,RATE_POINT_POLICY_TYPE,VARCHAR,RATE_POINT_POLICY_TYPE 항목,POINT 테이블,N
CRS,POINT,ACC_TARGET,VARCHAR,ACC_TARGET 항목,POINT 테이블,N
CRS,POINT,RETRIEVAL_TYPE,VARCHAR,RETRIEVAL_TYPE 항목,POINT 테이블,N
CRS,REWARD,ASP_ID,VARCHAR,ASP_ID (식별자),REWARD 테이블,N
CRS,REWARD,CONDITION_TYPE,VARCHAR,CONDITION_TYPE 항목,REWARD 테이블,N
CRS,REWARD,PROCEDURE_ID,VARCHAR,PROCEDURE_ID (식별자),REWARD 테이블,N
CRS,REWARD,NAME,VARCHAR,NAME 항목,REWARD 테이블,N
CRS,REWARD,LABEL,VARCHAR,LABEL 항목,REWARD 테이블,N
CRS,REWARD,TYPE,VARCHAR,TYPE 항목,REWARD 테이블,N
CRS,REWARD,OWNER_NAME,VARCHAR,OWNER_NAME 항목,REWARD 테이블,N
CRS,REWARD,PUSH_TITLE,VARCHAR,PUSH_TITLE 항목,REWARD 테이블,N
CRS,REWARD,PUSH_CONTENT,VARCHAR,PUSH_CONTENT 항목,REWARD 테이블,N
CRS,REWARD,STATUS,VARCHAR,STATUS 항목,REWARD 테이블,N
CRS,REWARD,REPRESENT_VALUE,VARCHAR,REPRESENT_VALUE 항목,REWARD 테이블,N
CRS,REWARD,ID,VARCHAR,ID (식별자),REWARD 테이블,N
CRS,REWARD,DETAIL_ID,VARCHAR,DETAIL_ID (식별자),REWARD 테이블,N
CRS,REWARD,PARAM_ID,VARCHAR,PARAM_ID (식별자),REWARD 테이블,N
CRS,REWARD,PARAM_GROUP_ID,VARCHAR,PARAM_GROUP_ID (식별자),REWARD 테이블,N
CRS,TARGET,ID,VARCHAR,ID (식별자),TARGET 테이블,N
CRS,TARGET,ACS_ID,VARCHAR,ACS_ID (식별자),TARGET 테이블,N
CRS,TICKET,ID,VARCHAR,ID (식별자),TICKET 테이블,N
CRS,TICKET,ENTRY_ID,VARCHAR,ENTRY_ID (식별자),TICKET 테이블,N
CS,CS_KCP_CHRG_AUTHT_KEY,KCP_CHRG_AUTHT_KEY_SNO,BIGINT,KCP_CHRG_AUTHT_KEY_SNO (번호),CS_KCP_CHRG_AUTHT_KEY 테이블,N
CS,CS_KCP_CHRG_AUTHT_KEY,TRAN_ID,VARCHAR,TRAN_ID (식별자),CS_KCP_CHRG_AUTHT_KEY 테이블,N
CS,CS_KCP_CHRG_AUTHT_KEY,RQS_DT,TIMESTAMP,RQS_DT (일자),CS_KCP_CHRG_AUTHT_KEY 테이블,N
CS,CS_KCP_CHRG_AUTHT_KEY,ASP_ID,VARCHAR,ASP_ID (식별자),CS_KCP_CHRG_AUTHT_KEY 테이블,N
CS,CS_KCP_CHRG_AUTHT_KEY,REP_KA_ID,VARCHAR,REP_KA_ID (식별자),CS_KCP_CHRG_AUTHT_KEY 테이블,N
CS,CS_KCP_CHRG_AUTHT_KEY,ACHRG_TYPE_CD,VARCHAR,ACHRG_TYPE_CD (코드),CS_KCP_CHRG_AUTHT_KEY 테이블,N
CS,CS_KCP_CHRG_AUTHT_KEY,ACHRG_DT,TIMESTAMP,ACHRG_DT (일자),CS_KCP_CHRG_AUTHT_KEY 테이블,N
CS,CS_KCP_CHRG_AUTHT_KEY,CRI_LWTLM_AMT,BIGINT,CRI_LWTLM_AMT (금액),CS_KCP_CHRG_AUTHT_KEY 테이블,N
CS,CS_KCP_CHRG_AUTHT_KEY,KCP_CHRG_AUTHT_KEY_RQS_DV_CD,VARCHAR,KCP_CHRG_AUTHT_KEY_RQS_DV_CD (코드),CS_KCP_CHRG_AUTHT_KEY 테이블,N
CS,CS_KCP_CHRG_AUTHT_KEY,MBR_ID,VARCHAR,MBR_ID (식별자),CS_KCP_CHRG_AUTHT_KEY 테이블,N
CS,CS_KCP_CHRG_AUTHT_KEY,KCP_MC_TYPE_CD,VARCHAR,KCP_MC_TYPE_CD (코드),CS_KCP_CHRG_AUTHT_KEY 테이블,N
CS,CS_KCP_CHRG_AUTHT_KEY,KCP_MC_GRP_ID,VARCHAR,KCP_MC_GRP_ID (식별자),CS_KCP_CHRG_AUTHT_KEY 테이블,N
CS,CS_KCP_CHRG_AUTHT_KEY,PAR_NO,BIGINT,PAR_NO (번호),CS_KCP_CHRG_AUTHT_KEY 테이블,N
CS,CS_KCP_CHRG_AUTHT_KEY,SVC_ID,VARCHAR,SVC_ID (식별자),CS_KCP_CHRG_AUTHT_KEY 테이블,N
CS,CS_KCP_CHRG_AUTHT_KEY,SVC_NM,VARCHAR,SVC_NM (명),CS_KCP_CHRG_AUTHT_KEY 테이블,N
CS,CS_KCP_CHRG_AUTHT_KEY,KCP_CHRG_ST_DV_CD,VARCHAR,KCP_CHRG_ST_DV_CD (코드),CS_KCP_CHRG_AUTHT_KEY 테이블,N
CS,CS_KCP_CHRG_AUTHT_KEY,KCP_CRDCO_TYPE_CD,VARCHAR,KCP_CRDCO_TYPE_CD (코드),CS_KCP_CHRG_AUTHT_KEY 테이블,N
CS,CS_KCP_CHRG_AUTHT_KEY,CRDCO_NM,VARCHAR,CRDCO_NM (명),CS_KCP_CHRG_AUTHT_KEY 테이블,N
CS,CS_KCP_CHRG_AUTHT_KEY,KCP_CHRG_AUTHT_KEY_VAL,VARCHAR,KCP_CHRG_AUTHT_KEY_VAL 항목,CS_KCP_CHRG_AUTHT_KEY 테이블,N
CS,CS_KCP_CHRG_AUTHT_KEY,KCP_TR_RS_TYPE_CD,VARCHAR,KCP_TR_RS_TYPE_CD (코드),CS_KCP_CHRG_AUTHT_KEY 테이블,N
CS,CS_KCP_CHRG_AUTHT_KEY,CHRG_RQS_AMT,BIGINT,CHRG_RQS_AMT (금액),CS_KCP_CHRG_AUTHT_KEY 테이블,N
CS,CS_KCP_CHRG_AUTHT_KEY,ACHRG_DD,VARCHAR,ACHRG_DD 항목,CS_KCP_CHRG_AUTHT_KEY 테이블,N
CS,CS_MCPM_CHRG,MCPM_CHRG_SNO,BIGINT,MCPM_CHRG_SNO (번호),CS_MCPM_CHRG 테이블,N
CS,CS_MCPM_CHRG,AFC_TR_NO,BIGINT,AFC_TR_NO (번호),CS_MCPM_CHRG 테이블,N
CS,CS_MCPM_CHRG,TRAN_ID,VARCHAR,TRAN_ID (식별자),CS_MCPM_CHRG 테이블,N
CS,CS_MCPM_CHRG,NR_NO,BIGINT,NR_NO (번호),CS_MCPM_CHRG 테이블,N
CS,CS_MCPM_CHRG,RQS_DT,TIMESTAMP,RQS_DT (일자),CS_MCPM_CHRG 테이블,N
CS,CS_MCPM_CHRG,KGM_STLM_DV_CD,VARCHAR,KGM_STLM_DV_CD (코드),CS_MCPM_CHRG 테이블,N
CS,CS_MCPM_CHRG,KGM_MC_SVC_KEY,VARCHAR,KGM_MC_SVC_KEY 항목,CS_MCPM_CHRG 테이블,N
CS,CS_MCPM_CHRG,PGC_DV_CD,VARCHAR,PGC_DV_CD (코드),CS_MCPM_CHRG 테이블,N
CS,CS_MCPM_CHRG,CHRG_AMT,BIGINT,CHRG_AMT (금액),CS_MCPM_CHRG 테이블,N
CS,CS_MCPM_CHRG,CHRG_FEE,VARCHAR,CHRG_FEE 항목,CS_MCPM_CHRG 테이블,N
CS,CS_MCPM_CHRG,STLM_AMT,BIGINT,STLM_AMT (금액),CS_MCPM_CHRG 테이블,N
CS,CS_MCPM_CHRG,ASP_ID,VARCHAR,ASP_ID (식별자),CS_MCPM_CHRG 테이블,N
CS,CS_MCPM_CHRG,REP_KA_ID,VARCHAR,REP_KA_ID (식별자),CS_MCPM_CHRG 테이블,N
CS,CS_MCPM_CHRG,MBR_ID,VARCHAR,MBR_ID (식별자),CS_MCPM_CHRG 테이블,N
CS,CS_MCPM_CHRG,PAR_NO,BIGINT,PAR_NO (번호),CS_MCPM_CHRG 테이블,N
CS,CS_MCPM_CHRG,SVC_ID,VARCHAR,SVC_ID (식별자),CS_MCPM_CHRG 테이블,N
CS,CS_MCPM_CHRG,SVC_NM,VARCHAR,SVC_NM (명),CS_MCPM_CHRG 테이블,N
CS,CS_MCPM_CHRG,CHRG_DV_CD,VARCHAR,CHRG_DV_CD (코드),CS_MCPM_CHRG 테이블,N
CS,CS_MCPM_CHRG,ORG_TRAN_ID,VARCHAR,ORG_TRAN_ID (식별자),CS_MCPM_CHRG 테이블,N
CS,CS_MCPM_CHRG,POS_INS_TYPE_CD,VARCHAR,POS_INS_TYPE_CD (코드),CS_MCPM_CHRG 테이블,N
CS,CS_MCPM_CHRG,CNCL_ST_CD,VARCHAR,CNCL_ST_CD (코드),CS_MCPM_CHRG 테이블,N
CS,CS_MCPM_CHRG,MCPM_AUTHT_YN,CHAR,MCPM_AUTHT_YN (여부),CS_MCPM_CHRG 테이블,N
CS,CS_MCPM_CHRG,RSP_RS_CD,VARCHAR,RSP_RS_CD (코드),CS_MCPM_CHRG 테이블,N
CS,CS_MCPM_CHRG,RS_MSG_CN,VARCHAR,RS_MSG_CN (내용),CS_MCPM_CHRG 테이블,N
CS,TB_ARS_AUTH_BANK_ACC_REG,ID,VARCHAR,ID (식별자),TB_ARS_AUTH_BANK_ACC_REG 테이블,N
CS,TB_ARS_AUTH_BANK_ACC_REG,REG_NO,BIGINT,REG_NO (번호),TB_ARS_AUTH_BANK_ACC_REG 테이블,N
CS,TB_ARS_AUTH_BANK_ACC_REG,ASP_ID,VARCHAR,ASP_ID (식별자),TB_ARS_AUTH_BANK_ACC_REG 테이블,N
CS,TB_ARS_AUTH_BANK_ACC_REG,USER_ID,VARCHAR,USER_ID (식별자),TB_ARS_AUTH_BANK_ACC_REG 테이블,N
CS,TB_ARS_AUTH_BANK_ACC_REG,STATUS,VARCHAR,STATUS 항목,TB_ARS_AUTH_BANK_ACC_REG 테이블,N
CS,TB_ARS_AUTH_BANK_ACC_REG,REG_DATE,TIMESTAMP,REG_DATE 항목,TB_ARS_AUTH_BANK_ACC_REG 테이블,N
CS,TB_ARS_AUTH_BANK_ACC_REG,PG_NAME,VARCHAR,PG_NAME 항목,TB_ARS_AUTH_BANK_ACC_REG 테이블,N
CS,TB_ARS_AUTH_BANK_ACC_REG,REASON,VARCHAR,REASON 항목,TB_ARS_AUTH_BANK_ACC_REG 테이블,N
CS,TB_ARS_AUTH_BANK_ACC_REG,RESULT_CODE,VARCHAR,RESULT_CODE 항목,TB_ARS_AUTH_BANK_ACC_REG 테이블,N
CS,TB_ARS_AUTH_BANK_ACC_REG,REG_MODE,VARCHAR,REG_MODE 항목,TB_ARS_AUTH_BANK_ACC_REG 테이블,N
CS,TB_ARS_AUTH_BANK_ACC_REG,RCG_SVC_NM,VARCHAR,RCG_SVC_NM (명),TB_ARS_AUTH_BANK_ACC_REG 테이블,N
CS,TB_ARS_AUTH_BANK_ACC_REG,EU_ACN_BANK_CD,VARCHAR,EU_ACN_BANK_CD (코드),TB_ARS_AUTH_BANK_ACC_REG 테이블,N
CS,TB_ARS_AUTH_BANK_ACC_REG,CHRG_MHD_ITG_DV_CD,VARCHAR,CHRG_MHD_ITG_DV_CD (코드),TB_ARS_AUTH_BANK_ACC_REG 테이블,N
CS,TB_AUTO_PRE_REC_PLAN,ID,VARCHAR,ID (식별자),TB_AUTO_PRE_REC_PLAN 테이블,N
CS,TB_AUTO_PRE_REC_PLAN,ASP_ID,VARCHAR,ASP_ID (식별자),TB_AUTO_PRE_REC_PLAN 테이블,N
CS,TB_AUTO_PRE_REC_PLAN,USER_ID,VARCHAR,USER_ID (식별자),TB_AUTO_PRE_REC_PLAN 테이블,N
CS,TB_AUTO_PRE_REC_PLAN,PAR,VARCHAR,PAR 항목,TB_AUTO_PRE_REC_PLAN 테이블,N
CS,TB_AUTO_PRE_REC_PLAN,SVC_ID,VARCHAR,SVC_ID (식별자),TB_AUTO_PRE_REC_PLAN 테이블,N
CS,TB_AUTO_PRE_REC_PLAN,STATUS,VARCHAR,STATUS 항목,TB_AUTO_PRE_REC_PLAN 테이블,N
CS,TB_AUTO_PRE_REC_PLAN,REQUESTER,VARCHAR,REQUESTER 항목,TB_AUTO_PRE_REC_PLAN 테이블,N
CS,TB_AUTO_PRE_REC_PLAN,EU_ACN_BANK_CD,VARCHAR,EU_ACN_BANK_CD (코드),TB_AUTO_PRE_REC_PLAN 테이블,N
CS,TB_BANK_ACCOUNT,ID,VARCHAR,ID (식별자),TB_BANK_ACCOUNT 테이블,N
CS,TB_BANK_ACCOUNT,BANK_ACC_HD_TYPE,VARCHAR,BANK_ACC_HD_TYPE 항목,TB_BANK_ACCOUNT 테이블,N
CS,TB_BANK_ACCOUNT,BANK_CODE,VARCHAR,BANK_CODE 항목,TB_BANK_ACCOUNT 테이블,N
CS,TB_BANK_ACCOUNT,BANK_NAME,VARCHAR,BANK_NAME 항목,TB_BANK_ACCOUNT 테이블,N
CS,TB_BANK_ACCOUNT,STATUS,VARCHAR,STATUS 항목,TB_BANK_ACCOUNT 테이블,N
CS,TB_BANK_ACCOUNT,USER_ID,VARCHAR,USER_ID (식별자),TB_BANK_ACCOUNT 테이블,N
CS,TB_BANK_ACCOUNT,ASP_ID,VARCHAR,ASP_ID (식별자),TB_BANK_ACCOUNT 테이블,N
CS,TB_BANK_ACCOUNT,RESULT_CODE,VARCHAR,RESULT_CODE 항목,TB_BANK_ACCOUNT 테이블,N
CS,TB_BANK_ACCOUNT,RESULT_MESSAGE,VARCHAR,RESULT_MESSAGE 항목,TB_BANK_ACCOUNT 테이블,N
CS,TB_BANK_ACCOUNT,CREATION_TYPE,VARCHAR,CREATION_TYPE 항목,TB_BANK_ACCOUNT 테이블,N
CS,TB_BANK_ACCOUNT,USER_SEQ_NO,BIGINT,USER_SEQ_NO (번호),TB_BANK_ACCOUNT 테이블,N
CS,TB_BANK_ACCOUNT,PG_NAME,VARCHAR,PG_NAME 항목,TB_BANK_ACCOUNT 테이블,N
CS,TB_BANK_ACCOUNT,BANK_ACC_REG_NO,BIGINT,BANK_ACC_REG_NO (번호),TB_BANK_ACCOUNT 테이블,N
CS,TB_BP_MONTHLY,ID,VARCHAR,ID (식별자),TB_BP_MONTHLY 테이블,N
CS,TB_BP_MONTHLY,FAILURE_COUNT,VARCHAR,FAILURE_COUNT 항목,TB_BP_MONTHLY 테이블,N
CS,TB_BP_MONTHLY,LAST_OP,VARCHAR,LAST_OP 항목,TB_BP_MONTHLY 테이블,N
CS,TB_BP_MONTHLY,LAST_TRANSFER_STATUS,VARCHAR,LAST_TRANSFER_STATUS 항목,TB_BP_MONTHLY 테이블,N
CS,TB_BP_MONTHLY,PAYMENT_TYPE,VARCHAR,PAYMENT_TYPE 항목,TB_BP_MONTHLY 테이블,N
CS,TB_BP_MONTHLY,RELOAD_AMOUNT,BIGINT,RELOAD_AMOUNT 항목,TB_BP_MONTHLY 테이블,N
CS,TB_BP_MONTHLY,RELOAD_DATE,TIMESTAMP,RELOAD_DATE 항목,TB_BP_MONTHLY 테이블,N
CS,TB_BP_MONTHLY,STATE,VARCHAR,STATE 항목,TB_BP_MONTHLY 테이블,N
CS,TB_BP_MONTHLY,TYPE,VARCHAR,TYPE 항목,TB_BP_MONTHLY 테이블,N
CS,TB_BP_MONTHLY,USER_ID,VARCHAR,USER_ID (식별자),TB_BP_MONTHLY 테이블,N
CS,TB_BP_MONTHLY,PAR,VARCHAR,PAR 항목,TB_BP_MONTHLY 테이블,N
CS,TB_BP_MONTHLY,EU_ACN_BANK_CD,VARCHAR,EU_ACN_BANK_CD (코드),TB_BP_MONTHLY 테이블,N
CS,TB_BP_MONTHLY_LOG,ID,VARCHAR,ID (식별자),TB_BP_MONTHLY_LOG 테이블,N
CS,TB_BP_MONTHLY_LOG,FAILURE_COUNT,VARCHAR,FAILURE_COUNT 항목,TB_BP_MONTHLY_LOG 테이블,N
CS,TB_BP_MONTHLY_LOG,LAST_OP,VARCHAR,LAST_OP 항목,TB_BP_MONTHLY_LOG 테이블,N
CS,TB_BP_MONTHLY_LOG,LAST_TRANSFER_STATUS,VARCHAR,LAST_TRANSFER_STATUS 항목,TB_BP_MONTHLY_LOG 테이블,N
CS,TB_BP_MONTHLY_LOG,PAYMENT_TYPE,VARCHAR,PAYMENT_TYPE 항목,TB_BP_MONTHLY_LOG 테이블,N
CS,TB_BP_MONTHLY_LOG,RELOAD_AMOUNT,BIGINT,RELOAD_AMOUNT 항목,TB_BP_MONTHLY_LOG 테이블,N
CS,TB_BP_MONTHLY_LOG,RELOAD_DATE,TIMESTAMP,RELOAD_DATE 항목,TB_BP_MONTHLY_LOG 테이블,N
CS,TB_BP_MONTHLY_LOG,STATE,VARCHAR,STATE 항목,TB_BP_MONTHLY_LOG 테이블,N
CS,TB_BP_MONTHLY_LOG,TYPE,VARCHAR,TYPE 항목,TB_BP_MONTHLY_LOG 테이블,N
CS,TB_BP_MONTHLY_LOG,USER_ID,VARCHAR,USER_ID (식별자),TB_BP_MONTHLY_LOG 테이블,N
CS,TB_BP_MONTHLY_LOG,PAR,VARCHAR,PAR 항목,TB_BP_MONTHLY_LOG 테이블,N
CS,TB_BP_MONTHLY_LOG,MONTHLY_ID,VARCHAR,MONTHLY_ID (식별자),TB_BP_MONTHLY_LOG 테이블,N
CS,TB_BP_THRESHOLD,ID,VARCHAR,ID (식별자),TB_BP_THRESHOLD 테이블,N
CS,TB_BP_THRESHOLD,FAILURE_COUNT,VARCHAR,FAILURE_COUNT 항목,TB_BP_THRESHOLD 테이블,N
CS,TB_BP_THRESHOLD,LAST_OP,VARCHAR,LAST_OP 항목,TB_BP_THRESHOLD 테이블,N
CS,TB_BP_THRESHOLD,LAST_TRANSFER_STATUS,VARCHAR,LAST_TRANSFER_STATUS 항목,TB_BP_THRESHOLD 테이블,N
CS,TB_BP_THRESHOLD,PAYMENT_TYPE,VARCHAR,PAYMENT_TYPE 항목,TB_BP_THRESHOLD 테이블,N
CS,TB_BP_THRESHOLD,RELOAD_AMOUNT,BIGINT,RELOAD_AMOUNT 항목,TB_BP_THRESHOLD 테이블,N
CS,TB_BP_THRESHOLD,STATE,VARCHAR,STATE 항목,TB_BP_THRESHOLD 테이블,N
CS,TB_BP_THRESHOLD,THRESHOLD_BALANCE,VARCHAR,THRESHOLD_BALANCE 항목,TB_BP_THRESHOLD 테이블,N
CS,TB_BP_THRESHOLD,TYPE,VARCHAR,TYPE 항목,TB_BP_THRESHOLD 테이블,N
CS,TB_BP_THRESHOLD,USER_ID,VARCHAR,USER_ID (식별자),TB_BP_THRESHOLD 테이블,N
CS,TB_BP_THRESHOLD,PAR,VARCHAR,PAR 항목,TB_BP_THRESHOLD 테이블,N
CS,TB_BP_THRESHOLD,EU_ACN_BANK_CD,VARCHAR,EU_ACN_BANK_CD (코드),TB_BP_THRESHOLD 테이블,N
CS,TB_CHARGE,ID,VARCHAR,ID (식별자),TB_CHARGE 테이블,N
CS,TB_CHARGE,INTENT,VARCHAR,INTENT 항목,TB_CHARGE 테이블,N
CS,TB_CHARGE,USER_ID,VARCHAR,USER_ID (식별자),TB_CHARGE 테이블,N
CS,TB_CHARGE,TRANSACTION_ID,VARCHAR,TRANSACTION_ID (식별자),TB_CHARGE 테이블,N
CS,TB_CHARGE,STATUS,VARCHAR,STATUS 항목,TB_CHARGE 테이블,N
CS,TB_CHARGE,TRANSACTION_TYPE,VARCHAR,TRANSACTION_TYPE 항목,TB_CHARGE 테이블,N
CS,TB_CHARGE,TYPE,VARCHAR,TYPE 항목,TB_CHARGE 테이블,N
CS,TB_CHARGE,PAYMENT_NETWORK,VARCHAR,PAYMENT_NETWORK 항목,TB_CHARGE 테이블,N
CS,TB_CHARGE,PAYMENT_METHOD,VARCHAR,PAYMENT_METHOD 항목,TB_CHARGE 테이블,N
CS,TB_CHARGE,PAYMENT_METHOD_DT,TIMESTAMP,PAYMENT_METHOD_DT (일자),TB_CHARGE 테이블,N
CS,TB_CHARGE,PAYMENT_METHOD_OP,VARCHAR,PAYMENT_METHOD_OP 항목,TB_CHARGE 테이블,N
CS,TB_CHARGE,AMOUNT,BIGINT,AMOUNT 항목,TB_CHARGE 테이블,N
CS,TB_CHARGE,TOTAL_AMOUNT,BIGINT,TOTAL_AMOUNT 항목,TB_CHARGE 테이블,N
CS,TB_CHARGE,FROM_PAR,VARCHAR,FROM_PAR 항목,TB_CHARGE 테이블,N
CS,TB_CHARGE,FROM_SERVICE_ID,VARCHAR,FROM_SERVICE_ID (식별자),TB_CHARGE 테이블,N
CS,TB_CHARGE,TO_PAR,VARCHAR,TO_PAR 항목,TB_CHARGE 테이블,N
CS,TB_CHARGE,TO_SERVICE_ID,VARCHAR,TO_SERVICE_ID (식별자),TB_CHARGE 테이블,N
CS,TB_CHARGE,AMOUNT_DETAIL,BIGINT,AMOUNT_DETAIL 항목,TB_CHARGE 테이블,N
CS,TB_CHARGE,ERROR_CODE,VARCHAR,ERROR_CODE 항목,TB_CHARGE 테이블,N
CS,TB_CHARGE,ERROR_MESSAGE,VARCHAR,ERROR_MESSAGE 항목,TB_CHARGE 테이블,N
CS,TB_CHARGE,CURRENCY,VARCHAR,CURRENCY 항목,TB_CHARGE 테이블,N
CS,TB_CHARGE,BUNDLE_ID,VARCHAR,BUNDLE_ID (식별자),TB_CHARGE 테이블,N
CS,TB_CHARGE,REFERENCE_TRANSACTION_ID,VARCHAR,REFERENCE_TRANSACTION_ID (식별자),TB_CHARGE 테이블,N
CS,TB_CHARGE,AMOUNT_REQUESTED,BIGINT,AMOUNT_REQUESTED 항목,TB_CHARGE 테이블,N
CS,TB_CHARGE,POINT,VARCHAR,POINT 항목,TB_CHARGE 테이블,N
CS,TB_CHARGE,BENEFIT_POLICY,VARCHAR,BENEFIT_POLICY 항목,TB_CHARGE 테이블,N
CS,TB_CHARGE,SEQ_ID,VARCHAR,SEQ_ID (식별자),TB_CHARGE 테이블,N
CS,TB_CHARGE,VOID_TYPE,VARCHAR,VOID_TYPE 항목,TB_CHARGE 테이블,N
CS,TB_CHARGE,NR_NUMBER,VARCHAR,NR_NUMBER 항목,TB_CHARGE 테이블,N
CS,TB_CHARGE,REQ_COMPONENT,VARCHAR,REQ_COMPONENT 항목,TB_CHARGE 테이블,N
CS,TB_CHARGE,RCG_TYPE,VARCHAR,RCG_TYPE 항목,TB_CHARGE 테이블,N
CS,TB_CHARGE,REQUEST_DAY,VARCHAR,REQUEST_DAY 항목,TB_CHARGE 테이블,N
CS,TB_CHARGE,MERCHANT_ID,VARCHAR,MERCHANT_ID (식별자),TB_CHARGE 테이블,N
CS,TB_CHARGE,RQS_ASP_ID,VARCHAR,RQS_ASP_ID (식별자),TB_CHARGE 테이블,N
CS,TB_CHARGE,RQS_MBR_ID,VARCHAR,RQS_MBR_ID (식별자),TB_CHARGE 테이블,N
CS,TB_PG_KIBNET,ID,VARCHAR,ID (식별자),TB_PG_KIBNET 테이블,N
CS,TB_PG_KIBNET,RSLT_CD,VARCHAR,RSLT_CD (코드),TB_PG_KIBNET 테이블,N
CS,TB_PG_KIBNET,RSLT_MSG,VARCHAR,RSLT_MSG 항목,TB_PG_KIBNET 테이블,N
CS,TB_PG_KIBNET,SEQ_NUM,VARCHAR,SEQ_NUM 항목,TB_PG_KIBNET 테이블,N
CS,TB_PG_KIBNET,TRANSACTION_ID,VARCHAR,TRANSACTION_ID (식별자),TB_PG_KIBNET 테이블,N
CS,TB_PG_KIBNET,BANK_NAME,VARCHAR,BANK_NAME 항목,TB_PG_KIBNET 테이블,N
CS,TB_PG_KIBNET,BANK_CODE,VARCHAR,BANK_CODE 항목,TB_PG_KIBNET 테이블,N
CS,TB_PG_KIBNET,ASP_ID,VARCHAR,ASP_ID (식별자),TB_PG_KIBNET 테이블,N
CS,TB_PG_KIBNET,TRT_INST_CD,VARCHAR,TRT_INST_CD (코드),TB_PG_KIBNET 테이블,N
CS,TB_PG_KIBNET,CREATION_TYPE,VARCHAR,CREATION_TYPE 항목,TB_PG_KIBNET 테이블,N
CS,TB_PG_KIBNET,MO_BANK_CODE,VARCHAR,MO_BANK_CODE 항목,TB_PG_KIBNET 테이블,N
CS,TB_PG_KIBNET_AUTH_KRW,ID,VARCHAR,ID (식별자),TB_PG_KIBNET_AUTH_KRW 테이블,N
CS,TB_PG_KIBNET_AUTH_KRW,USER_ID,VARCHAR,USER_ID (식별자),TB_PG_KIBNET_AUTH_KRW 테이블,N
CS,TB_PG_KIBNET_AUTH_KRW,API_NAME,VARCHAR,API_NAME 항목,TB_PG_KIBNET_AUTH_KRW 테이블,N
CS,TB_PG_KIBNET_AUTH_KRW,ASP_ID,VARCHAR,ASP_ID (식별자),TB_PG_KIBNET_AUTH_KRW 테이블,N
CS,TB_PG_KIBNET_AUTH_KRW,TRANSACTION_ID,VARCHAR,TRANSACTION_ID (식별자),TB_PG_KIBNET_AUTH_KRW 테이블,N
CS,TB_PG_KIBNET_AUTH_KRW,ORG_CODE,VARCHAR,ORG_CODE 항목,TB_PG_KIBNET_AUTH_KRW 테이블,N
CS,TB_PG_KIBNET_AUTH_KRW,REQUEST_TIME,VARCHAR,REQUEST_TIME 항목,TB_PG_KIBNET_AUTH_KRW 테이블,N
CS,TB_PG_KIBNET_AUTH_KRW,TRANSACTION_NUMBER,VARCHAR,TRANSACTION_NUMBER 항목,TB_PG_KIBNET_AUTH_KRW 테이블,N
CS,TB_PG_KIBNET_AUTH_KRW,REQ_BANK_CODE,VARCHAR,REQ_BANK_CODE 항목,TB_PG_KIBNET_AUTH_KRW 테이블,N
CS,TB_PG_KIBNET_AUTH_KRW,REQ_AUTH_TYPE,VARCHAR,REQ_AUTH_TYPE 항목,TB_PG_KIBNET_AUTH_KRW 테이블,N
CS,TB_PG_KIBNET_AUTH_KRW,REQ_AUTH_LENGTH,VARCHAR,REQ_AUTH_LENGTH 항목,TB_PG_KIBNET_AUTH_KRW 테이블,N
CS,TB_PG_KIBNET_AUTH_KRW,REQ_PTST_TEXT,VARCHAR,REQ_PTST_TEXT 항목,TB_PG_KIBNET_AUTH_KRW 테이블,N
CS,TB_PG_KIBNET_AUTH_KRW,RES_AUTH_TRANS_DATE,TIMESTAMP,RES_AUTH_TRANS_DATE 항목,TB_PG_KIBNET_AUTH_KRW 테이블,N
CS,TB_PG_KIBNET_AUTH_KRW,RES_AUTH_TRANS_TIME,VARCHAR,RES_AUTH_TRANS_TIME 항목,TB_PG_KIBNET_AUTH_KRW 테이블,N
CS,TB_PG_KIBNET_AUTH_KRW,RES_AUTH_TRANS_NUMBER,VARCHAR,RES_AUTH_TRANS_NUMBER 항목,TB_PG_KIBNET_AUTH_KRW 테이블,N
CS,TB_PG_KIBNET_AUTH_KRW,RES_AUTH_LENGTH,VARCHAR,RES_AUTH_LENGTH 항목,TB_PG_KIBNET_AUTH_KRW 테이블,N
CS,TB_PG_KIBNET_AUTH_KRW,REQ_VERIFY_TRANS_DATE,TIMESTAMP,REQ_VERIFY_TRANS_DATE 항목,TB_PG_KIBNET_AUTH_KRW 테이블,N
CS,TB_PG_KIBNET_AUTH_KRW,REQ_VERIFY_TRANS_NUMBER,VARCHAR,REQ_VERIFY_TRANS_NUMBER 항목,TB_PG_KIBNET_AUTH_KRW 테이블,N
CS,TB_PG_KIBNET_AUTH_KRW,REQ_VERIFY_VALUE,VARCHAR,REQ_VERIFY_VALUE 항목,TB_PG_KIBNET_AUTH_KRW 테이블,N
CS,TB_PG_KIBNET_AUTH_KRW,RES_VERIFY_TRANS_DATE,TIMESTAMP,RES_VERIFY_TRANS_DATE 항목,TB_PG_KIBNET_AUTH_KRW 테이블,N
CS,TB_PG_KIBNET_AUTH_KRW,RES_VERIFY_TRANS_NUMBER,VARCHAR,RES_VERIFY_TRANS_NUMBER 항목,TB_PG_KIBNET_AUTH_KRW 테이블,N
CS,TB_PG_KIBNET_AUTH_KRW,RES_VERIFY_VALUE,VARCHAR,RES_VERIFY_VALUE 항목,TB_PG_KIBNET_AUTH_KRW 테이블,N
CS,TB_PG_KIBNET_AUTH_KRW,RESPONSE_TIME,VARCHAR,RESPONSE_TIME 항목,TB_PG_KIBNET_AUTH_KRW 테이블,N
CS,TB_PG_KIBNET_AUTH_KRW,RESPONSE_CODE,VARCHAR,RESPONSE_CODE 항목,TB_PG_KIBNET_AUTH_KRW 테이블,N
CS,TB_PG_KIBNET_AUTH_KRW,REASON,VARCHAR,REASON 항목,TB_PG_KIBNET_AUTH_KRW 테이블,N
CS,TB_PG_KIBNET_VA,ID,VARCHAR,ID (식별자),TB_PG_KIBNET_VA 테이블,N
CS,TB_PG_KIBNET_VA,RSLT_CD,VARCHAR,RSLT_CD (코드),TB_PG_KIBNET_VA 테이블,N
CS,TB_PG_KIBNET_VA,TRSC_SEQ_NO,BIGINT,TRSC_SEQ_NO (번호),TB_PG_KIBNET_VA 테이블,N
CS,TB_PG_KIBNET_VA,TXT_NO,BIGINT,TXT_NO (번호),TB_PG_KIBNET_VA 테이블,N
CS,TB_PG_KIBNET_VA,TYPE,VARCHAR,TYPE 항목,TB_PG_KIBNET_VA 테이블,N
CS,TB_PG_KIBNET_VA,USER_ID,VARCHAR,USER_ID (식별자),TB_PG_KIBNET_VA 테이블,N
CS,TB_PG_KIBNET_VA,ASP_ID,VARCHAR,ASP_ID (식별자),TB_PG_KIBNET_VA 테이블,N
CS,TB_PG_KIBNET_VA,ORG_CODE,VARCHAR,ORG_CODE 항목,TB_PG_KIBNET_VA 테이블,N
CS,TB_PG_KIBNET_VA,BANK_CODE,VARCHAR,BANK_CODE 항목,TB_PG_KIBNET_VA 테이블,N
CS,TB_PG_KIBNET_VA,TRANSACTION_ID,VARCHAR,TRANSACTION_ID (식별자),TB_PG_KIBNET_VA 테이블,N
CS,TB_PG_KIBNET_VA,BANK_ACC_REG_NO,BIGINT,BANK_ACC_REG_NO (번호),TB_PG_KIBNET_VA 테이블,N
CS,TB_PG_OB_WITHDRAW,ID,VARCHAR,ID (식별자),TB_PG_OB_WITHDRAW 테이블,N
CS,TB_PG_OB_WITHDRAW,ASP_ID,VARCHAR,ASP_ID (식별자),TB_PG_OB_WITHDRAW 테이블,N
CS,TB_PG_OB_WITHDRAW,TRANSACTION_ID,VARCHAR,TRANSACTION_ID (식별자),TB_PG_OB_WITHDRAW 테이블,N
CS,TB_PG_OB_WITHDRAW,REQ_BANK_TRANS_ID,VARCHAR,REQ_BANK_TRANS_ID (식별자),TB_PG_OB_WITHDRAW 테이블,N
CS,TB_PG_OB_WITHDRAW,CNT_ACC_TYPE,VARCHAR,CNT_ACC_TYPE 항목,TB_PG_OB_WITHDRAW 테이블,N
CS,TB_PG_OB_WITHDRAW,REQ_WDR_BANK_CODE,VARCHAR,REQ_WDR_BANK_CODE 항목,TB_PG_OB_WITHDRAW 테이블,N
CS,TB_PG_OB_WITHDRAW,ORG_CODE,VARCHAR,ORG_CODE 항목,TB_PG_OB_WITHDRAW 테이블,N
CS,TB_PG_OB_WITHDRAW,REQ_AMOUNT,BIGINT,REQ_AMOUNT 항목,TB_PG_OB_WITHDRAW 테이블,N
CS,TB_PG_OB_WITHDRAW,REQ_TRANS_DATE,TIMESTAMP,REQ_TRANS_DATE 항목,TB_PG_OB_WITHDRAW 테이블,N
CS,TB_PG_OB_WITHDRAW,USER_ID,VARCHAR,USER_ID (식별자),TB_PG_OB_WITHDRAW 테이블,N
CS,TB_PG_OB_WITHDRAW,USER_SEQ_NO,BIGINT,USER_SEQ_NO (번호),TB_PG_OB_WITHDRAW 테이블,N
CS,TB_PG_OB_WITHDRAW,SUB_FRNC_NAME,VARCHAR,SUB_FRNC_NAME 항목,TB_PG_OB_WITHDRAW 테이블,N
CS,TB_PG_OB_WITHDRAW,SUB_FRNC_NUM,VARCHAR,SUB_FRNC_NUM 항목,TB_PG_OB_WITHDRAW 테이블,N
CS,TB_PG_OB_WITHDRAW,SUB_FRNC_BIZ_NUM,VARCHAR,SUB_FRNC_BIZ_NUM 항목,TB_PG_OB_WITHDRAW 테이블,N
CS,TB_PG_OB_WITHDRAW,REQ_CLIENT_BANK_CODE,VARCHAR,REQ_CLIENT_BANK_CODE 항목,TB_PG_OB_WITHDRAW 테이블,N
CS,TB_PG_OB_WITHDRAW,PURPOSE,VARCHAR,PURPOSE 항목,TB_PG_OB_WITHDRAW 테이블,N
CS,TB_PG_OB_WITHDRAW,API_TRANS_ID,VARCHAR,API_TRANS_ID (식별자),TB_PG_OB_WITHDRAW 테이블,N
CS,TB_PG_OB_WITHDRAW,API_TRANS_DTM,VARCHAR,API_TRANS_DTM 항목,TB_PG_OB_WITHDRAW 테이블,N
CS,TB_PG_OB_WITHDRAW,API_RSP_CODE,VARCHAR,API_RSP_CODE 항목,TB_PG_OB_WITHDRAW 테이블,N
CS,TB_PG_OB_WITHDRAW,API_RSP_MSG,VARCHAR,API_RSP_MSG 항목,TB_PG_OB_WITHDRAW 테이블,N
CS,TB_PG_OB_WITHDRAW,DPS_BANK_CODE_STD,VARCHAR,DPS_BANK_CODE_STD 항목,TB_PG_OB_WITHDRAW 테이블,N
CS,TB_PG_OB_WITHDRAW,DPS_BANK_CODE_SUB,VARCHAR,DPS_BANK_CODE_SUB 항목,TB_PG_OB_WITHDRAW 테이블,N
CS,TB_PG_OB_WITHDRAW,DPS_BANK_NAME,VARCHAR,DPS_BANK_NAME 항목,TB_PG_OB_WITHDRAW 테이블,N
CS,TB_PG_OB_WITHDRAW,DPS_PRINT_CNT,BIGINT,DPS_PRINT_CNT (건수),TB_PG_OB_WITHDRAW 테이블,N
CS,TB_PG_OB_WITHDRAW,WDR_BANK_CODE_STD,VARCHAR,WDR_BANK_CODE_STD 항목,TB_PG_OB_WITHDRAW 테이블,N
CS,TB_PG_OB_WITHDRAW,WDR_BANK_CODE_SUB,VARCHAR,WDR_BANK_CODE_SUB 항목,TB_PG_OB_WITHDRAW 테이블,N
CS,TB_PG_OB_WITHDRAW,WDR_BANK_NAME,VARCHAR,WDR_BANK_NAME 항목,TB_PG_OB_WITHDRAW 테이블,N
CS,TB_PG_OB_WITHDRAW,WDR_PRINT_CNT,BIGINT,WDR_PRINT_CNT (건수),TB_PG_OB_WITHDRAW 테이블,N
CS,TB_PG_OB_WITHDRAW,BANK_TRANS_ID,VARCHAR,BANK_TRANS_ID (식별자),TB_PG_OB_WITHDRAW 테이블,N
CS,TB_PG_OB_WITHDRAW,BANK_TRANS_DATE,TIMESTAMP,BANK_TRANS_DATE 항목,TB_PG_OB_WITHDRAW 테이블,N
CS,TB_PG_OB_WITHDRAW,BANK_CODE_TRANS,VARCHAR,BANK_CODE_TRANS 항목,TB_PG_OB_WITHDRAW 테이블,N
CS,TB_PG_OB_WITHDRAW,BANK_TRANS_RSP_CODE,VARCHAR,BANK_TRANS_RSP_CODE 항목,TB_PG_OB_WITHDRAW 테이블,N
CS,TB_PG_OB_WITHDRAW,BANK_TRANS_RSP_MSG,VARCHAR,BANK_TRANS_RSP_MSG 항목,TB_PG_OB_WITHDRAW 테이블,N
CS,TB_PG_OB_WITHDRAW,TRANS_AMOUNT,BIGINT,TRANS_AMOUNT 항목,TB_PG_OB_WITHDRAW 테이블,N
CS,TB_PG_OB_WITHDRAW,LIMIT_REMAINED,VARCHAR,LIMIT_REMAINED 항목,TB_PG_OB_WITHDRAW 테이블,N
CS,TB_PG_OB_WITHDRAW,REASON,VARCHAR,REASON 항목,TB_PG_OB_WITHDRAW 테이블,N
CS,TB_PG_OB_WITHDRAW,MESSAGE,VARCHAR,MESSAGE 항목,TB_PG_OB_WITHDRAW 테이블,N
CS,TB_PG_OB_WITHDRAW,CNT_BANK_CODE,VARCHAR,CNT_BANK_CODE 항목,TB_PG_OB_WITHDRAW 테이블,N
CS,TB_POLICY,ID,VARCHAR,ID (식별자),TB_POLICY 테이블,N
CS,TB_POLICY,TOPIC,VARCHAR,TOPIC 항목,TB_POLICY 테이블,N
CS,TB_POLICY,ITEM,VARCHAR,ITEM 항목,TB_POLICY 테이블,N
CS,TB_POLICY,VALUE,VARCHAR,VALUE 항목,TB_POLICY 테이블,N
CTI,CONSULT,id,VARCHAR,id (식별자),CONSULT 테이블,N
CTI,CONSULT,idx,VARCHAR,idx 항목,CONSULT 테이블,N
CTI,CONSULT,contact_id,VARCHAR,contact_id (식별자),CONSULT 테이블,N
CTI,CONSULT,asp_id,VARCHAR,asp_id (식별자),CONSULT 테이블,N
CTI,CONSULT,asp_nm,VARCHAR,asp_nm (명),CONSULT 테이블,N
CTI,CONSULT,voc_type_nm,VARCHAR,voc_type_nm (명),CONSULT 테이블,N
CTI,CONSULT,main_category_nm,VARCHAR,main_category_nm (명),CONSULT 테이블,N
CTI,CONSULT,middle_category_nm,VARCHAR,middle_category_nm (명),CONSULT 테이블,N
CTI,CONSULT,small_category_nm,VARCHAR,small_category_nm (명),CONSULT 테이블,N
CTI,CONSULT,is_dirty_voc,VARCHAR,is_dirty_voc 항목,CONSULT 테이블,N
CTI,CONSULT,process_result_nm,VARCHAR,process_result_nm (명),CONSULT 테이블,N
CTI,CONSULT,reg_dt,TIMESTAMP,reg_dt (일자),CONSULT 테이블,N
CTI,CONSULT,upt_dt,TIMESTAMP,upt_dt (일자),CONSULT 테이블,N
CTI,CONTACT,id,VARCHAR,id (식별자),CONTACT 테이블,N
CTI,CONTACT,contact_id,VARCHAR,contact_id (식별자),CONTACT 테이블,N
CTI,CONTACT,prev_contact_id,VARCHAR,prev_contact_id (식별자),CONTACT 테이블,N
CTI,CONTACT,next_contact_id,VARCHAR,next_contact_id (식별자),CONTACT 테이블,N
CTI,CONTACT,initial_contact_id,VARCHAR,initial_contact_id (식별자),CONTACT 테이블,N
CTI,CONTACT,asp_id,VARCHAR,asp_id (식별자),CONTACT 테이블,N
CTI,CONTACT,asp_name,VARCHAR,asp_name 항목,CONTACT 테이블,N
CTI,CONTACT,queue_id,VARCHAR,queue_id (식별자),CONTACT 테이블,N
CTI,CONTACT,queue_name,VARCHAR,queue_name 항목,CONTACT 테이블,N
CTI,CONTACT,disconnect_reason,VARCHAR,disconnect_reason 항목,CONTACT 테이블,N
CTI,CONTACT,depth_1,VARCHAR,depth_1 항목,CONTACT 테이블,N
CTI,CONTACT,depth_2,VARCHAR,depth_2 항목,CONTACT 테이블,N
CTI,CONTACT,depth_3,VARCHAR,depth_3 항목,CONTACT 테이블,N
CTI,CONTACT,birth,VARCHAR,birth 항목,CONTACT 테이블,N
CTI,CONTACT,user_id,VARCHAR,user_id (식별자),CONTACT 테이블,N
CTI,CONTACT,agent_id,VARCHAR,agent_id (식별자),CONTACT 테이블,N
CVS,CERT_VERIFICATION_INFO,ID,VARCHAR,ID (식별자),CERT_VERIFICATION_INFO 테이블,N
CVS,CERT_VERIFICATION_INFO,USER_ID,VARCHAR,USER_ID (식별자),CERT_VERIFICATION_INFO 테이블,N
CVS,CERT_VERIFICATION_INFO,CERT_FROM,VARCHAR,CERT_FROM 항목,CERT_VERIFICATION_INFO 테이블,N
CVS,CERT_VERIFICATION_INFO,CHANNEL,VARCHAR,CHANNEL 항목,CERT_VERIFICATION_INFO 테이블,N
CVS,CERT_VERIFICATION_INFO,IDENTITY_CODE,VARCHAR,IDENTITY_CODE 항목,CERT_VERIFICATION_INFO 테이블,N
CVS,CERT_VERIFICATION_INFO,ISSUE_DATE,TIMESTAMP,ISSUE_DATE 항목,CERT_VERIFICATION_INFO 테이블,N
CVS,CERT_VERIFICATION_INFO,ISSUE_ORG,VARCHAR,ISSUE_ORG 항목,CERT_VERIFICATION_INFO 테이블,N
CVS,CERT_VERIFICATION_INFO,TARGET,VARCHAR,TARGET 항목,CERT_VERIFICATION_INFO 테이블,N
CVS,CERT_VERIFICATION_INFO,STATUS,VARCHAR,STATUS 항목,CERT_VERIFICATION_INFO 테이블,N
DAP,DAP_CRTV,CRTV_ID,VARCHAR,CRTV_ID (식별자),DAP_CRTV 테이블,N
DAP,DAP_CRTV,TID,VARCHAR,TID (식별자),DAP_CRTV 테이블,N
DAP,DAP_CRTV,CRE_DT,TIMESTAMP,CRE_DT (일자),DAP_CRTV 테이블,N
DAP,DAP_CRTV,ADVTS_BZTP_NM,VARCHAR,ADVTS_BZTP_NM (명),DAP_CRTV 테이블,N
DAP,DAP_CRTV,ADVTS_ID,VARCHAR,ADVTS_ID (식별자),DAP_CRTV 테이블,N
DAP,DAP_CRTV,ADVTS_NM,VARCHAR,ADVTS_NM (명),DAP_CRTV 테이블,N
DAP,DAP_CRTV,ASP_ID,VARCHAR,ASP_ID (식별자),DAP_CRTV 테이블,N
DAP,DAP_CRTV,CRTV_EMPS_YN,CHAR,CRTV_EMPS_YN (여부),DAP_CRTV 테이블,N
DAP,DAP_CRTV,CRTV_EMPS_DAY_ARRAY,VARCHAR,CRTV_EMPS_DAY_ARRAY 항목,DAP_CRTV 테이블,N
DAP,DAP_CRTV,CRTV_EXPS_TMCNT,BIGINT,CRTV_EXPS_TMCNT (건수),DAP_CRTV 테이블,N
DAP,DAP_CRTV,CRTV_EXPS_YN,CHAR,CRTV_EXPS_YN (여부),DAP_CRTV 테이블,N
DAP,DAP_CRTV,CRTV_TRGT_AGE_ARRAY,VARCHAR,CRTV_TRGT_AGE_ARRAY 항목,DAP_CRTV 테이블,N
DAP,DAP_CRTV,CRTV_TRGT_OS_DV_CD,VARCHAR,CRTV_TRGT_OS_DV_CD (코드),DAP_CRTV 테이블,N
DAP,DAP_CRTV,CRTV_TRGT_SEX_DV_CD,VARCHAR,CRTV_TRGT_SEX_DV_CD (코드),DAP_CRTV 테이블,N
DAP,DAP_CRTV,CRTV_EXPS_STRT_DT,TIMESTAMP,CRTV_EXPS_STRT_DT (일자),DAP_CRTV 테이블,N
DAP,DAP_CRTV,CRTV_EXPS_END_DT,TIMESTAMP,CRTV_EXPS_END_DT (일자),DAP_CRTV 테이블,N
DAP,DAP_CRTV,CRTV_FILE_URL,VARCHAR,CRTV_FILE_URL 항목,DAP_CRTV 테이블,N
DAP,DAP_CRTV,CRTV_FILE_VTC_LNTH,VARCHAR,CRTV_FILE_VTC_LNTH 항목,DAP_CRTV 테이블,N
DAP,DAP_CRTV,CRTV_FILE_WIDT_LNTH,VARCHAR,CRTV_FILE_WIDT_LNTH 항목,DAP_CRTV 테이블,N
DAP,DAP_CRTV,CRTV_XP_CD,VARCHAR,CRTV_XP_CD (코드),DAP_CRTV 테이블,N
DAP,DAP_CRTV,INVTR_EXPS_DV_CD,VARCHAR,INVTR_EXPS_DV_CD (코드),DAP_CRTV 테이블,N
DAP,DAP_CRTV,INVTR_ID,VARCHAR,INVTR_ID (식별자),DAP_CRTV 테이블,N
DAP,DAP_CRTV,INVTR_NM,VARCHAR,INVTR_NM (명),DAP_CRTV 테이블,N
DAP,DAP_CRTV,KA_ID,VARCHAR,KA_ID (식별자),DAP_CRTV 테이블,N
DAP,DAP_CRTV,CRTV_LK_DV_CD,VARCHAR,CRTV_LK_DV_CD (코드),DAP_CRTV 테이블,N
DAP,DAP_CRTV,CRTV_LK_URL,VARCHAR,CRTV_LK_URL 항목,DAP_CRTV 테이블,N
DAP,DAP_CRTV,CRTV_NM,VARCHAR,CRTV_NM (명),DAP_CRTV 테이블,N
DAP,DAP_CRTV,CRTV_CHGN_DV_CD,VARCHAR,CRTV_CHGN_DV_CD (코드),DAP_CRTV 테이블,N
DAP,DAP_CRTV,CRTV_ST_DV_CD,VARCHAR,CRTV_ST_DV_CD (코드),DAP_CRTV 테이블,N
DAP,DAP_CRTV_AUD,CRTV_ID,VARCHAR,CRTV_ID (식별자),DAP_CRTV_AUD 테이블,N
DAP,DAP_CRTV_AUD,REV,VARCHAR,REV 항목,DAP_CRTV_AUD 테이블,N
DAP,DAP_CRTV_AUD,REVTYPE,VARCHAR,REVTYPE 항목,DAP_CRTV_AUD 테이블,N
DAP,DAP_CRTV_AUD,TID,VARCHAR,TID (식별자),DAP_CRTV_AUD 테이블,N
DAP,DAP_CRTV_AUD,CRE_DT,TIMESTAMP,CRE_DT (일자),DAP_CRTV_AUD 테이블,N
DAP,DAP_CRTV_AUD,ADVTS_BZTP_NM,VARCHAR,ADVTS_BZTP_NM (명),DAP_CRTV_AUD 테이블,N
DAP,DAP_CRTV_AUD,ADVTS_ID,VARCHAR,ADVTS_ID (식별자),DAP_CRTV_AUD 테이블,N
DAP,DAP_CRTV_AUD,ADVTS_NM,VARCHAR,ADVTS_NM (명),DAP_CRTV_AUD 테이블,N
DAP,DAP_CRTV_AUD,ASP_ID,VARCHAR,ASP_ID (식별자),DAP_CRTV_AUD 테이블,N
DAP,DAP_CRTV_AUD,CRTV_EMPS_YN,CHAR,CRTV_EMPS_YN (여부),DAP_CRTV_AUD 테이블,N
DAP,DAP_CRTV_AUD,CRTV_EMPS_DAY_ARRAY,VARCHAR,CRTV_EMPS_DAY_ARRAY 항목,DAP_CRTV_AUD 테이블,N
DAP,DAP_CRTV_AUD,CRTV_EXPS_TMCNT,BIGINT,CRTV_EXPS_TMCNT (건수),DAP_CRTV_AUD 테이블,N
DAP,DAP_CRTV_AUD,CRTV_EXPS_YN,CHAR,CRTV_EXPS_YN (여부),DAP_CRTV_AUD 테이블,N
DAP,DAP_CRTV_AUD,CRTV_TRGT_AGE_ARRAY,VARCHAR,CRTV_TRGT_AGE_ARRAY 항목,DAP_CRTV_AUD 테이블,N
DAP,DAP_CRTV_AUD,CRTV_TRGT_OS_DV_CD,VARCHAR,CRTV_TRGT_OS_DV_CD (코드),DAP_CRTV_AUD 테이블,N
DAP,DAP_CRTV_AUD,CRTV_TRGT_SEX_DV_CD,VARCHAR,CRTV_TRGT_SEX_DV_CD (코드),DAP_CRTV_AUD 테이블,N
DAP,DAP_CRTV_AUD,CRTV_EXPS_STRT_DT,TIMESTAMP,CRTV_EXPS_STRT_DT (일자),DAP_CRTV_AUD 테이블,N
DAP,DAP_CRTV_AUD,CRTV_EXPS_END_DT,TIMESTAMP,CRTV_EXPS_END_DT (일자),DAP_CRTV_AUD 테이블,N
DAP,DAP_CRTV_AUD,CRTV_FILE_URL,VARCHAR,CRTV_FILE_URL 항목,DAP_CRTV_AUD 테이블,N
DAP,DAP_CRTV_AUD,CRTV_FILE_VTC_LNTH,VARCHAR,CRTV_FILE_VTC_LNTH 항목,DAP_CRTV_AUD 테이블,N
DAP,DAP_CRTV_AUD,CRTV_FILE_WIDT_LNTH,VARCHAR,CRTV_FILE_WIDT_LNTH 항목,DAP_CRTV_AUD 테이블,N
DAP,DAP_CRTV_AUD,CRTV_XP_CD,VARCHAR,CRTV_XP_CD (코드),DAP_CRTV_AUD 테이블,N
DAP,DAP_CRTV_AUD,INVTR_EXPS_DV_CD,VARCHAR,INVTR_EXPS_DV_CD (코드),DAP_CRTV_AUD 테이블,N
DAP,DAP_CRTV_AUD,INVTR_ID,VARCHAR,INVTR_ID (식별자),DAP_CRTV_AUD 테이블,N
DAP,DAP_CRTV_AUD,INVTR_NM,VARCHAR,INVTR_NM (명),DAP_CRTV_AUD 테이블,N
DAP,DAP_CRTV_AUD,KA_ID,VARCHAR,KA_ID (식별자),DAP_CRTV_AUD 테이블,N
DAP,DAP_CRTV_AUD,CRTV_LK_DV_CD,VARCHAR,CRTV_LK_DV_CD (코드),DAP_CRTV_AUD 테이블,N
DAP,DAP_CRTV_AUD,CRTV_LK_URL,VARCHAR,CRTV_LK_URL 항목,DAP_CRTV_AUD 테이블,N
DAP,DAP_CRTV_AUD,CRTV_NM,VARCHAR,CRTV_NM (명),DAP_CRTV_AUD 테이블,N
DAP,DAP_CRTV_AUD,CRTV_CHGN_DV_CD,VARCHAR,CRTV_CHGN_DV_CD (코드),DAP_CRTV_AUD 테이블,N
DAP,DAP_CRTV_AUD,CRTV_ST_DV_CD,VARCHAR,CRTV_ST_DV_CD (코드),DAP_CRTV_AUD 테이블,N
DAP,DAP_INVTR,INVTR_ID,VARCHAR,INVTR_ID (식별자),DAP_INVTR 테이블,N
DAP,DAP_INVTR,TID,VARCHAR,TID (식별자),DAP_INVTR 테이블,N
DAP,DAP_INVTR,CRE_DT,TIMESTAMP,CRE_DT (일자),DAP_INVTR 테이블,N
DAP,DAP_INVTR,ASP_ID,VARCHAR,ASP_ID (식별자),DAP_INVTR 테이블,N
DAP,DAP_INVTR,INVTR_EXPS_DV_CD,VARCHAR,INVTR_EXPS_DV_CD (코드),DAP_INVTR 테이블,N
DAP,DAP_INVTR,KA_ID,VARCHAR,KA_ID (식별자),DAP_INVTR 테이블,N
DAP,DAP_INVTR,INVTR_NM,VARCHAR,INVTR_NM (명),DAP_INVTR 테이블,N
DAP,DAP_INVTR,INVTR_REG_PSBL_OWR_DV_CD,VARCHAR,INVTR_REG_PSBL_OWR_DV_CD (코드),DAP_INVTR 테이블,N
DAP,DAP_INVTR,INVTR_PRVW_IMG_NM,VARCHAR,INVTR_PRVW_IMG_NM (명),DAP_INVTR 테이블,N
DAP,DAP_INVTR,INVTR_PRVW_IMG_URL,VARCHAR,INVTR_PRVW_IMG_URL 항목,DAP_INVTR 테이블,N
DAP,DAP_INVTR,CRTV_FILE_WIDT_LNTH,VARCHAR,CRTV_FILE_WIDT_LNTH 항목,DAP_INVTR 테이블,N
DAP,DAP_INVTR,CRTV_FILE_VTC_LNTH,VARCHAR,CRTV_FILE_VTC_LNTH 항목,DAP_INVTR 테이블,N
DAP,DAP_INVTR,FILE_SIZ,VARCHAR,FILE_SIZ 항목,DAP_INVTR 테이블,N
DAP,DAP_MBR_APH_CRTV_AGG,MBR_APH_CRTV_AGG_ID,VARCHAR,MBR_APH_CRTV_AGG_ID (식별자),DAP_MBR_APH_CRTV_AGG 테이블,N
DAP,DAP_MBR_APH_CRTV_AGG,DAY_CD,VARCHAR,DAY_CD (코드),DAP_MBR_APH_CRTV_AGG 테이블,N
DAP,DAP_MBR_APH_CRTV_AGG,CRTV_APH_DT,TIMESTAMP,CRTV_APH_DT (일자),DAP_MBR_APH_CRTV_AGG 테이블,N
DAP,DAP_MBR_APH_CRTV_AGG,CRTV_APH_YMDH,VARCHAR,CRTV_APH_YMDH 항목,DAP_MBR_APH_CRTV_AGG 테이블,N
DAP,DAP_MBR_APH_CRTV_AGG,CRTV_APH_DV_CD,VARCHAR,CRTV_APH_DV_CD (코드),DAP_MBR_APH_CRTV_AGG 테이블,N
DAP,DAP_MBR_APH_CRTV_AGG,TCNT,BIGINT,TCNT (건수),DAP_MBR_APH_CRTV_AGG 테이블,N
DAP,DAP_MBR_APH_CRTV_AGG,CRTV_ID,VARCHAR,CRTV_ID (식별자),DAP_MBR_APH_CRTV_AGG 테이블,N
DAP,DAP_MBR_APH_CRTV_AGG,INCMN_KA_ID,VARCHAR,INCMN_KA_ID (식별자),DAP_MBR_APH_CRTV_AGG 테이블,N
DAP,DAP_MBR_APH_CRTV_AGG,CRTV_REV,VARCHAR,CRTV_REV 항목,DAP_MBR_APH_CRTV_AGG 테이블,N
DAP,DAP_MBR_APH_CRTV_AGG,FAGE,VARCHAR,FAGE 항목,DAP_MBR_APH_CRTV_AGG 테이블,N
DAP,DAP_MBR_APH_CRTV_AGG,SEX_DV_CD,VARCHAR,SEX_DV_CD (코드),DAP_MBR_APH_CRTV_AGG 테이블,N
DAP,DAP_MBR_APH_HIST,MBR_APH_HIST_ID,VARCHAR,MBR_APH_HIST_ID (식별자),DAP_MBR_APH_HIST 테이블,N
DAP,DAP_MBR_APH_HIST,ADVTS_BZTP_NM,VARCHAR,ADVTS_BZTP_NM (명),DAP_MBR_APH_HIST 테이블,N
DAP,DAP_MBR_APH_HIST,ASP_ID,VARCHAR,ASP_ID (식별자),DAP_MBR_APH_HIST 테이블,N
DAP,DAP_MBR_APH_HIST,CRTV_ID,VARCHAR,CRTV_ID (식별자),DAP_MBR_APH_HIST 테이블,N
DAP,DAP_MBR_APH_HIST,CRTV_EXPS_STRT_DT,TIMESTAMP,CRTV_EXPS_STRT_DT (일자),DAP_MBR_APH_HIST 테이블,N
DAP,DAP_MBR_APH_HIST,CRTV_EXPS_END_DT,TIMESTAMP,CRTV_EXPS_END_DT (일자),DAP_MBR_APH_HIST 테이블,N
DAP,DAP_MBR_APH_HIST,INVTR_EXPS_DV_CD,VARCHAR,INVTR_EXPS_DV_CD (코드),DAP_MBR_APH_HIST 테이블,N
DAP,DAP_MBR_APH_HIST,CRTV_XP_CD,VARCHAR,CRTV_XP_CD (코드),DAP_MBR_APH_HIST 테이블,N
DAP,DAP_MBR_APH_HIST,INVTR_NM,VARCHAR,INVTR_NM (명),DAP_MBR_APH_HIST 테이블,N
DAP,DAP_MBR_APH_HIST,KA_ID,VARCHAR,KA_ID (식별자),DAP_MBR_APH_HIST 테이블,N
DAP,DAP_MBR_APH_HIST,CRTV_NM,VARCHAR,CRTV_NM (명),DAP_MBR_APH_HIST 테이블,N
DAP,DAP_MBR_APH_HIST,CRTV_ST_DV_CD,VARCHAR,CRTV_ST_DV_CD (코드),DAP_MBR_APH_HIST 테이블,N
DAP,DAP_MBR_APH_HIST,DAY_CD,VARCHAR,DAY_CD (코드),DAP_MBR_APH_HIST 테이블,N
DAP,DAP_MBR_APH_HIST,CRTV_APH_DT,TIMESTAMP,CRTV_APH_DT (일자),DAP_MBR_APH_HIST 테이블,N
DAP,DAP_MBR_APH_HIST,CRTV_APH_DV_CD,VARCHAR,CRTV_APH_DV_CD (코드),DAP_MBR_APH_HIST 테이블,N
DAP,DAP_MBR_APH_HIST,FAGE,VARCHAR,FAGE 항목,DAP_MBR_APH_HIST 테이블,N
DAP,DAP_MBR_APH_HIST,SEX_DV_CD,VARCHAR,SEX_DV_CD (코드),DAP_MBR_APH_HIST 테이블,N
DAP,DAP_MBR_APH_HIST,MBR_ID,VARCHAR,MBR_ID (식별자),DAP_MBR_APH_HIST 테이블,N
DAP,DAP_MBR_APH_HIST,INCMN_KA_ID,VARCHAR,INCMN_KA_ID (식별자),DAP_MBR_APH_HIST 테이블,N
DAP,DAP_MBR_APH_HIST,OS_DV_CD,VARCHAR,OS_DV_CD (코드),DAP_MBR_APH_HIST 테이블,N
DAP,DAP_MBR_APH_HIST,CRTV_LK_DV_CD,VARCHAR,CRTV_LK_DV_CD (코드),DAP_MBR_APH_HIST 테이블,N
DAP,DAP_MBR_APH_HIST,CRTV_REV,VARCHAR,CRTV_REV 항목,DAP_MBR_APH_HIST 테이블,N
DEFAULT,AUDIT_IMPALA,repoType,VARCHAR,repoType 항목,AUDIT_IMPALA 테이블,N
DEFAULT,AUDIT_IMPALA,repo,VARCHAR,repo 항목,AUDIT_IMPALA 테이블,N
DEFAULT,AUDIT_IMPALA,reqUser,VARCHAR,reqUser 항목,AUDIT_IMPALA 테이블,N
DEFAULT,AUDIT_IMPALA,access,VARCHAR,access 항목,AUDIT_IMPALA 테이블,N
DEFAULT,AUDIT_IMPALA,resource,VARCHAR,resource 항목,AUDIT_IMPALA 테이블,N
DEFAULT,AUDIT_IMPALA,resType,VARCHAR,resType 항목,AUDIT_IMPALA 테이블,N
DEFAULT,AUDIT_IMPALA,action,VARCHAR,action 항목,AUDIT_IMPALA 테이블,N
DEFAULT,AUDIT_IMPALA,result,VARCHAR,result 항목,AUDIT_IMPALA 테이블,N
DEFAULT,AUDIT_IMPALA,agent,VARCHAR,agent 항목,AUDIT_IMPALA 테이블,N
DEFAULT,AUDIT_IMPALA,policy,VARCHAR,policy 항목,AUDIT_IMPALA 테이블,N
DEFAULT,AUDIT_IMPALA,enforcer,VARCHAR,enforcer 항목,AUDIT_IMPALA 테이블,N
DEFAULT,AUDIT_IMPALA,cliIP,VARCHAR,cliIP 항목,AUDIT_IMPALA 테이블,N
DEFAULT,AUDIT_IMPALA,reqData,VARCHAR,reqData 항목,AUDIT_IMPALA 테이블,N
DEFAULT,AUDIT_IMPALA,agentHost,VARCHAR,agentHost (상태),AUDIT_IMPALA 테이블,N
DEFAULT,AUDIT_IMPALA,logType,VARCHAR,logType 항목,AUDIT_IMPALA 테이블,N
DEFAULT,AUDIT_IMPALA,id,VARCHAR,id (식별자),AUDIT_IMPALA 테이블,N
DEFAULT,AUDIT_IMPALA,seq_num,VARCHAR,seq_num 항목,AUDIT_IMPALA 테이블,N
DEFAULT,AUDIT_IMPALA,event_count,VARCHAR,event_count 항목,AUDIT_IMPALA 테이블,N
DEFAULT,AUDIT_IMPALA,event_dur_ms,VARCHAR,event_dur_ms 항목,AUDIT_IMPALA 테이블,N
DEFAULT,AUDIT_IMPALA,tags,VARCHAR,tags 항목,AUDIT_IMPALA 테이블,N
DEFAULT,AUDIT_IMPALA,cluster_name,VARCHAR,cluster_name 항목,AUDIT_IMPALA 테이블,N
DEFAULT,AUDIT_IMPALA,policy_version,VARCHAR,policy_version 항목,AUDIT_IMPALA 테이블,N
EAS,EAS_CRD_PKP_GM,GM_SNO,BIGINT,GM_SNO (번호),EAS_CRD_PKP_GM 테이블,N
EAS,EAS_CRD_PKP_GM,USE_AMT,BIGINT,USE_AMT (금액),EAS_CRD_PKP_GM 테이블,N
EAS,EAS_CRD_PKP_GM,RQSR_NM,VARCHAR,RQSR_NM (명),EAS_CRD_PKP_GM 테이블,N
EAS,EAS_CRD_PKP_GM,BALA_AMT,BIGINT,BALA_AMT (금액),EAS_CRD_PKP_GM 테이블,N
EAS,EAS_CRD_PKP_GM,BRAN_CD,VARCHAR,BRAN_CD (코드),EAS_CRD_PKP_GM 테이블,N
EAS,EAS_CRD_PKP_GM,CRE_DT,TIMESTAMP,CRE_DT (일자),EAS_CRD_PKP_GM 테이블,N
EAS,EAS_CRD_PKP_GM,CRE_YM,VARCHAR,CRE_YM 항목,EAS_CRD_PKP_GM 테이블,N
EAS,EAS_CRD_PKP_GM,AL_EMP_TR_NO,BIGINT,AL_EMP_TR_NO (번호),EAS_CRD_PKP_GM 테이블,N
EAS,EAS_CRD_PKP_GM,OTA_DV_CD,VARCHAR,OTA_DV_CD (코드),EAS_CRD_PKP_GM 테이블,N
EAS,EAS_CRD_PKP_GM,GPT_CD,VARCHAR,GPT_CD (코드),EAS_CRD_PKP_GM 테이블,N
EAS,EAS_CRD_PKP_GM,CRD_PKP_TYPE_CD,VARCHAR,CRD_PKP_TYPE_CD (코드),EAS_CRD_PKP_GM 테이블,N
EAS,EAS_CRD_PKP_GM,RQS_DT,TIMESTAMP,RQS_DT (일자),EAS_CRD_PKP_GM 테이블,N
EAS,EAS_CRD_PKP_GM,CRD_PKP_BR_NM,VARCHAR,CRD_PKP_BR_NM (명),EAS_CRD_PKP_GM 테이블,N
EAS,EAS_CRD_PKP_GM,TR_NO,BIGINT,TR_NO (번호),EAS_CRD_PKP_GM 테이블,N
EAS,EAS_CRD_PKP_GM,RQS_DTTM,TIMESTAMP,RQS_DTTM (일시),EAS_CRD_PKP_GM 테이블,N
EAS,EAS_CRD_PKP_GM,OUTS_PRD_CN,VARCHAR,OUTS_PRD_CN (내용),EAS_CRD_PKP_GM 테이블,N
EAS,EAS_PNT_CVSN_CMPX_TR,AL_PNT_CVSN_SNO,BIGINT,AL_PNT_CVSN_SNO (번호),EAS_PNT_CVSN_CMPX_TR 테이블,N
EAS,EAS_PNT_CVSN_CMPX_TR,MMSP_AL_TYPE_CD,VARCHAR,MMSP_AL_TYPE_CD (코드),EAS_PNT_CVSN_CMPX_TR 테이블,N
EAS,EAS_PNT_CVSN_CMPX_TR,APV_DT,TIMESTAMP,APV_DT (일자),EAS_PNT_CVSN_CMPX_TR 테이블,N
EAS,EAS_PNT_CVSN_CMPX_TR,AL_NM,VARCHAR,AL_NM (명),EAS_PNT_CVSN_CMPX_TR 테이블,N
EAS,EAS_PNT_CVSN_CMPX_TR,ASP_ID,VARCHAR,ASP_ID (식별자),EAS_PNT_CVSN_CMPX_TR 테이블,N
EAS,EAS_PNT_CVSN_CMPX_TR,KA_ID,VARCHAR,KA_ID (식별자),EAS_PNT_CVSN_CMPX_TR 테이블,N
EAS,EAS_PNT_CVSN_CMPX_TR,MBR_ID,VARCHAR,MBR_ID (식별자),EAS_PNT_CVSN_CMPX_TR 테이블,N
EAS,EAS_PNT_CVSN_CMPX_TR,AMT,BIGINT,AMT (금액),EAS_PNT_CVSN_CMPX_TR 테이블,N
EAS,EAS_PNT_CVSN_CMPX_TR,TRAN_ID,VARCHAR,TRAN_ID (식별자),EAS_PNT_CVSN_CMPX_TR 테이블,N
EAS,EAS_PNT_CVSN_CMPX_TR,PAR_NO,BIGINT,PAR_NO (번호),EAS_PNT_CVSN_CMPX_TR 테이블,N
EAS,EAS_PNT_CVSN_CMPX_TR,SVC_ID,VARCHAR,SVC_ID (식별자),EAS_PNT_CVSN_CMPX_TR 테이블,N
EAS,EAS_PNT_CVSN_CMPX_TR,SVC_NM,VARCHAR,SVC_NM (명),EAS_PNT_CVSN_CMPX_TR 테이블,N
EAS,EAS_PNT_CVSN_CMPX_TR,DATA_ABT_CRI_DT,TIMESTAMP,DATA_ABT_CRI_DT (일자),EAS_PNT_CVSN_CMPX_TR 테이블,N
EAS,NH_MEMBERS_PARAM,ASP_ID,VARCHAR,ASP_ID (식별자),NH_MEMBERS_PARAM 테이블,N
EAS,NH_MEMBERS_PARAM,KA_ID,VARCHAR,KA_ID (식별자),NH_MEMBERS_PARAM 테이블,N
EAS,NH_MEMBERS_PARAM,MERCHANT_ID,VARCHAR,MERCHANT_ID (식별자),NH_MEMBERS_PARAM 테이블,N
EAS,NH_MEMBERS_TRAN_HISTORY,TRAN_ID,VARCHAR,TRAN_ID (식별자),NH_MEMBERS_TRAN_HISTORY 테이블,N
EAS,NH_MEMBERS_TRAN_HISTORY,TRAN_TYPE,VARCHAR,TRAN_TYPE 항목,NH_MEMBERS_TRAN_HISTORY 테이블,N
EAS,NH_MEMBERS_TRAN_HISTORY,REQUEST_DATE,TIMESTAMP,REQUEST_DATE 항목,NH_MEMBERS_TRAN_HISTORY 테이블,N
EAS,NH_MEMBERS_TRAN_HISTORY,RESPONSE_DATE,TIMESTAMP,RESPONSE_DATE 항목,NH_MEMBERS_TRAN_HISTORY 테이블,N
EAS,NH_MEMBERS_TRAN_HISTORY,RESPONSE_CODE,VARCHAR,RESPONSE_CODE 항목,NH_MEMBERS_TRAN_HISTORY 테이블,N
EAS,NH_MEMBERS_TRAN_HISTORY,RESPONSE_MSG,VARCHAR,RESPONSE_MSG 항목,NH_MEMBERS_TRAN_HISTORY 테이블,N
EAS,NH_MEMBERS_TRAN_HISTORY,USER_ID,VARCHAR,USER_ID (식별자),NH_MEMBERS_TRAN_HISTORY 테이블,N
EAS,NH_MEMBERS_TRAN_HISTORY,AVAILABLE_POINT,VARCHAR,AVAILABLE_POINT 항목,NH_MEMBERS_TRAN_HISTORY 테이블,N
EAS,NH_MEMBERS_TRAN_HISTORY,APPLICATION_POINT,VARCHAR,APPLICATION_POINT 항목,NH_MEMBERS_TRAN_HISTORY 테이블,N
EAS,NH_MEMBERS_TRAN_HISTORY,APPROVAL_DATE,TIMESTAMP,APPROVAL_DATE 항목,NH_MEMBERS_TRAN_HISTORY 테이블,N
EAS,NH_MEMBERS_TRAN_HISTORY,APPROVAL_TIME,VARCHAR,APPROVAL_TIME 항목,NH_MEMBERS_TRAN_HISTORY 테이블,N
EAS,NH_MEMBERS_TRAN_HISTORY,APPROVAL_NO,BIGINT,APPROVAL_NO (번호),NH_MEMBERS_TRAN_HISTORY 테이블,N
EAS,NH_MEMBERS_TRAN_HISTORY,ORG_APPROVAL_DATE,TIMESTAMP,ORG_APPROVAL_DATE 항목,NH_MEMBERS_TRAN_HISTORY 테이블,N
EAS,NH_MEMBERS_TRAN_HISTORY,ORG_APPROVAL_NO,BIGINT,ORG_APPROVAL_NO (번호),NH_MEMBERS_TRAN_HISTORY 테이블,N
EAS,NH_MEMBERS_TRAN_HISTORY,REVERSAL_STATUS,VARCHAR,REVERSAL_STATUS 항목,NH_MEMBERS_TRAN_HISTORY 테이블,N
EAS,NH_MEMBERS_TRAN_HISTORY,NH_MERCHANT_ID,VARCHAR,NH_MERCHANT_ID (식별자),NH_MEMBERS_TRAN_HISTORY 테이블,N
EAS,NH_POINT_TRAN_HISTORY,ID,VARCHAR,ID (식별자),NH_POINT_TRAN_HISTORY 테이블,N
EAS,NH_POINT_TRAN_HISTORY,APV_DT,TIMESTAMP,APV_DT (일자),NH_POINT_TRAN_HISTORY 테이블,N
EAS,NH_POINT_TRAN_HISTORY,TR_DSC,VARCHAR,TR_DSC 항목,NH_POINT_TRAN_HISTORY 테이블,N
EAS,NH_POINT_TRAN_HISTORY,TUP_ID,VARCHAR,TUP_ID (식별자),NH_POINT_TRAN_HISTORY 테이블,N
EAS,NH_POINT_TRAN_HISTORY,TR_DT,TIMESTAMP,TR_DT (일자),NH_POINT_TRAN_HISTORY 테이블,N
EAS,NH_POINT_TRAN_HISTORY,TOT_SL_AM,VARCHAR,TOT_SL_AM 항목,NH_POINT_TRAN_HISTORY 테이블,N
EAS,NH_POINT_TRAN_HISTORY,TT_UG_PNT,VARCHAR,TT_UG_PNT 항목,NH_POINT_TRAN_HISTORY 테이블,N
EAS,NH_POINT_TRAN_HISTORY,BF_RM_PNT,VARCHAR,BF_RM_PNT 항목,NH_POINT_TRAN_HISTORY 테이블,N
EAS,NH_POINT_TRAN_HISTORY,TUP_RM_PNT,VARCHAR,TUP_RM_PNT 항목,NH_POINT_TRAN_HISTORY 테이블,N
EAS,NH_POINT_TRAN_HISTORY,RV_PY_DSC,VARCHAR,RV_PY_DSC 항목,NH_POINT_TRAN_HISTORY 테이블,N
EAS,NH_POINT_TRAN_HISTORY,ADJ_PNT,VARCHAR,ADJ_PNT 항목,NH_POINT_TRAN_HISTORY 테이블,N
EAS,NH_POINT_TRAN_HISTORY,ADJ_MCHT_ID,VARCHAR,ADJ_MCHT_ID (식별자),NH_POINT_TRAN_HISTORY 테이블,N
EAS,NH_POINT_TRAN_HISTORY,OGN_APV_DT,TIMESTAMP,OGN_APV_DT (일자),NH_POINT_TRAN_HISTORY 테이블,N
EAS,NH_POINT_TRAN_HISTORY,ADJ_BAS_DT,TIMESTAMP,ADJ_BAS_DT (일자),NH_POINT_TRAN_HISTORY 테이블,N
EAS,POINT_TRAN,SEQ,VARCHAR,SEQ 항목,POINT_TRAN 테이블,N
EAS,POINT_TRAN,ASP_ID,VARCHAR,ASP_ID (식별자),POINT_TRAN 테이블,N
EAS,POINT_TRAN,USER_ID,VARCHAR,USER_ID (식별자),POINT_TRAN 테이블,N
EAS,POINT_TRAN,ALLIANCE_TYPE,VARCHAR,ALLIANCE_TYPE 항목,POINT_TRAN 테이블,N
EAS,POINT_TRAN,TRAN_TYPE,VARCHAR,TRAN_TYPE 항목,POINT_TRAN 테이블,N
EAS,POINT_TRAN,AMOUNT,BIGINT,AMOUNT 항목,POINT_TRAN 테이블,N
EAS,POINT_TRAN,TO_PAR,VARCHAR,TO_PAR 항목,POINT_TRAN 테이블,N
EAS,POINT_TRAN,SVC_ID,VARCHAR,SVC_ID (식별자),POINT_TRAN 테이블,N
EAS,POINT_TRAN,SVC_NAME,VARCHAR,SVC_NAME 항목,POINT_TRAN 테이블,N
EAS,POINT_TRAN,TRANSACTION_ID,VARCHAR,TRANSACTION_ID (식별자),POINT_TRAN 테이블,N
EAS,POINT_TRAN,ALLIANCE_NAME,VARCHAR,ALLIANCE_NAME 항목,POINT_TRAN 테이블,N
EAS,POINT_TRAN,DETAIL,VARCHAR,DETAIL 항목,POINT_TRAN 테이블,N
EAS,POINT_TRAN,APPROVAL_DATE,TIMESTAMP,APPROVAL_DATE 항목,POINT_TRAN 테이블,N
EAS,POINT_TRAN,APPROVAL_CODE,VARCHAR,APPROVAL_CODE 항목,POINT_TRAN 테이블,N
EAS,POINT_TRAN,REVERSAL_STATUS,VARCHAR,REVERSAL_STATUS 항목,POINT_TRAN 테이블,N
EAS,POINT_TRAN,AFFILIATE_TRAN_ID,VARCHAR,AFFILIATE_TRAN_ID (식별자),POINT_TRAN 테이블,N
EDM,PARTNER,ID,VARCHAR,ID (식별자),PARTNER 테이블,N
EDM,PARTNER,PARTNER_ID_ETN,VARCHAR,PARTNER_ID_ETN 항목,PARTNER 테이블,N
EDM,PARTNER,PARTNER_ID_ITN,VARCHAR,PARTNER_ID_ITN 항목,PARTNER 테이블,N
EDM,PARTNER,PARTNER_NAME,VARCHAR,PARTNER_NAME 항목,PARTNER 테이블,N
EDM,PARTNER,ASP_ID,VARCHAR,ASP_ID (식별자),PARTNER 테이블,N
EDM,POINT_PROVIDER,ID,VARCHAR,ID (식별자),POINT_PROVIDER 테이블,N
EDM,POINT_PROVIDER,PROVIDER_ID,VARCHAR,PROVIDER_ID (식별자),POINT_PROVIDER 테이블,N
EDM,POINT_PROVIDER,ASP_ID,VARCHAR,ASP_ID (식별자),POINT_PROVIDER 테이블,N
EDM,POINT_PROVIDER,POLICY_ID,VARCHAR,POLICY_ID (식별자),POINT_PROVIDER 테이블,N
EDM,POINT_PROVIDER,POLICY_NAME,VARCHAR,POLICY_NAME 항목,POINT_PROVIDER 테이블,N
EDM,POINT_PROVIDER,POLICY_TYPE,VARCHAR,POLICY_TYPE 항목,POINT_PROVIDER 테이블,N
EDM,POINT_PROVIDER,KA_ID,VARCHAR,KA_ID (식별자),POINT_PROVIDER 테이블,N
EDM,POINT_PROVIDER,PROVIDER_GROUP_ID,VARCHAR,PROVIDER_GROUP_ID (식별자),POINT_PROVIDER 테이블,N
EDM,POINT_PROVIDER,WAY,VARCHAR,WAY 항목,POINT_PROVIDER 테이블,N
EDM,POINT_PROVIDER,SEND_PUSH_YN,CHAR,SEND_PUSH_YN (여부),POINT_PROVIDER 테이블,N
EDM,POINT_TRANSFER,ID,VARCHAR,ID (식별자),POINT_TRANSFER 테이블,N
EDM,POINT_TRANSFER,SEQ_ID,VARCHAR,SEQ_ID (식별자),POINT_TRANSFER 테이블,N
EDM,POINT_TRANSFER,TRANSACTION_ID,VARCHAR,TRANSACTION_ID (식별자),POINT_TRANSFER 테이블,N
EDM,POINT_TRANSFER,USER_ID,VARCHAR,USER_ID (식별자),POINT_TRANSFER 테이블,N
EDM,POINT_TRANSFER,STATUS,VARCHAR,STATUS 항목,POINT_TRANSFER 테이블,N
EDM,POINT_TRANSFER,POINT_PROVIDER_ID,VARCHAR,POINT_PROVIDER_ID (식별자),POINT_TRANSFER 테이블,N
EDM,POINT_TRANSFER,AMOUNT,BIGINT,AMOUNT 항목,POINT_TRANSFER 테이블,N
EDM,POINT_TRANSFER,SERVICE_ID,VARCHAR,SERVICE_ID (식별자),POINT_TRANSFER 테이블,N
EDM,POINT_TRANSFER,PAR,VARCHAR,PAR 항목,POINT_TRANSFER 테이블,N
EDM,POINT_TRANSFER,REASON,VARCHAR,REASON 항목,POINT_TRANSFER 테이블,N
EDM,POINT_TRANSFER,MESSAGE,VARCHAR,MESSAGE 항목,POINT_TRANSFER 테이블,N
EDM,POINT_TRANSFER,APPROVAL_TYPE,VARCHAR,APPROVAL_TYPE 항목,POINT_TRANSFER 테이블,N
EDM,POINT_TRANSFER,REVERSAL_STATUS,VARCHAR,REVERSAL_STATUS 항목,POINT_TRANSFER 테이블,N
EDM,POINT_TRANSFER,REVERSAL_TRAN_ID,VARCHAR,REVERSAL_TRAN_ID (식별자),POINT_TRANSFER 테이블,N
EDM,POINT_TRANSFER,WAY,VARCHAR,WAY 항목,POINT_TRANSFER 테이블,N
EMS,EMS_BYDT_BYMBR_CHL_STTC,MBR_ID,VARCHAR,MBR_ID (식별자),EMS_BYDT_BYMBR_CHL_STTC 테이블,N
EMS,EMS_BYDT_BYMBR_CHL_STTC,CHL_ID,VARCHAR,CHL_ID (식별자),EMS_BYDT_BYMBR_CHL_STTC 테이블,N
EMS,EMS_BYDT_BYMBR_CHL_STTC,CRI_YR,VARCHAR,CRI_YR 항목,EMS_BYDT_BYMBR_CHL_STTC 테이블,N
EMS,EMS_BYDT_BYMBR_CHL_STTC,CRI_MM,VARCHAR,CRI_MM 항목,EMS_BYDT_BYMBR_CHL_STTC 테이블,N
EMS,EMS_BYDT_BYMBR_CHL_STTC,CRI_DD,VARCHAR,CRI_DD 항목,EMS_BYDT_BYMBR_CHL_STTC 테이블,N
EMS,EMS_BYDT_BYMBR_CHL_STTC,TOT_ACUM_ACMP_CNT,BIGINT,TOT_ACUM_ACMP_CNT (건수),EMS_BYDT_BYMBR_CHL_STTC 테이블,N
EMS,EMS_BYDT_BYMBR_CHL_STTC,CRI_DT,TIMESTAMP,CRI_DT (일자),EMS_BYDT_BYMBR_CHL_STTC 테이블,N
EMS,EMS_BYDT_BYMBR_CHL_STTC,TD_ACMP_CNT,BIGINT,TD_ACMP_CNT (건수),EMS_BYDT_BYMBR_CHL_STTC 테이블,N
EMS,EMS_BYDT_BYMBR_STTC,MBR_ID,VARCHAR,MBR_ID (식별자),EMS_BYDT_BYMBR_STTC 테이블,N
EMS,EMS_BYDT_BYMBR_STTC,CRI_YR,VARCHAR,CRI_YR 항목,EMS_BYDT_BYMBR_STTC 테이블,N
EMS,EMS_BYDT_BYMBR_STTC,CRI_MM,VARCHAR,CRI_MM 항목,EMS_BYDT_BYMBR_STTC 테이블,N
EMS,EMS_BYDT_BYMBR_STTC,CRI_DD,VARCHAR,CRI_DD 항목,EMS_BYDT_BYMBR_STTC 테이블,N
EMS,EMS_BYDT_BYMBR_STTC,ENV_MLG_DV_CD,VARCHAR,ENV_MLG_DV_CD (코드),EMS_BYDT_BYMBR_STTC 테이블,N
EMS,EMS_BYDT_BYMBR_STTC,TOT_ACUM_ACMP_CNT,BIGINT,TOT_ACUM_ACMP_CNT (건수),EMS_BYDT_BYMBR_STTC 테이블,N
EMS,EMS_CHL,CHL_ID,VARCHAR,CHL_ID (식별자),EMS_CHL 테이블,N
EMS,EMS_CHL,ENV_MLG_ID,VARCHAR,ENV_MLG_ID (식별자),EMS_CHL 테이블,N
EMS,EMS_CHL,ENV_MLG_DV_CD,VARCHAR,ENV_MLG_DV_CD (코드),EMS_CHL 테이블,N
EMS,EMS_CHL,CHL_NM,VARCHAR,CHL_NM (명),EMS_CHL 테이블,N
EMS,EMS_CHL,EXHB_CHL_NM,VARCHAR,EXHB_CHL_NM (명),EMS_CHL 테이블,N
EMS,EMS_CHL,ACT_ST_CD,VARCHAR,ACT_ST_CD (코드),EMS_CHL 테이블,N
EMS,EMS_CHL,EXPS_YN,CHAR,EXPS_YN (여부),EMS_CHL 테이블,N
EMS,EMS_CHL,TOT_ACUM_ACMP_CNT,BIGINT,TOT_ACUM_ACMP_CNT (건수),EMS_CHL 테이블,N
EMS,EMS_CHL,MSSN_LM_STEP_CNT,BIGINT,MSSN_LM_STEP_CNT (건수),EMS_CHL 테이블,N
EMS,EMS_CHL,MSSN_TOT_TMCNT,BIGINT,MSSN_TOT_TMCNT (건수),EMS_CHL 테이블,N
EMS,EMS_CHL,MLG_CVSN_CRI_CNT,BIGINT,MLG_CVSN_CRI_CNT (건수),EMS_CHL 테이블,N
EMS,EMS_CHL,CRI_CVSN_MLG,VARCHAR,CRI_CVSN_MLG 항목,EMS_CHL 테이블,N
EMS,EMS_CHL,PNT_CVSN_CRI_CNT,BIGINT,PNT_CVSN_CRI_CNT (건수),EMS_CHL 테이블,N
EMS,EMS_CHL,CRI_CVSN_PNT,VARCHAR,CRI_CVSN_PNT 항목,EMS_CHL 테이블,N
EMS,EMS_CHL,MSSN_ACMP_DSB_LM_PRID_DCNT,BIGINT,MSSN_ACMP_DSB_LM_PRID_DCNT (건수),EMS_CHL 테이블,N
EMS,EMS_CHL,CHL_DSB_CRI_DV_CD,VARCHAR,CHL_DSB_CRI_DV_CD (코드),EMS_CHL 테이블,N
EMS,EMS_CHL,PNT_PLCY_ID,VARCHAR,PNT_PLCY_ID (식별자),EMS_CHL 테이블,N
EMS,EMS_CHL,PNT_PLCY_NM,VARCHAR,PNT_PLCY_NM (명),EMS_CHL 테이블,N
EMS,EMS_CHL,PNT_BOWR_ID,VARCHAR,PNT_BOWR_ID (식별자),EMS_CHL 테이블,N
EMS,EMS_CHL,PTCP_LM_SEX_DV_CD,VARCHAR,PTCP_LM_SEX_DV_CD (코드),EMS_CHL 테이블,N
EMS,EMS_CHL,PTCP_LM_STRT_YR,VARCHAR,PTCP_LM_STRT_YR 항목,EMS_CHL 테이블,N
EMS,EMS_CHL,PTCP_LM_END_YR,VARCHAR,PTCP_LM_END_YR 항목,EMS_CHL 테이블,N
EMS,EMS_CHL,END_PREA_NFCT_CYC_DCNT,BIGINT,END_PREA_NFCT_CYC_DCNT (건수),EMS_CHL 테이블,N
EMS,EMS_CHL,ASP_ID,VARCHAR,ASP_ID (식별자),EMS_CHL 테이블,N
EMS,EMS_CHL,KA_ID,VARCHAR,KA_ID (식별자),EMS_CHL 테이블,N
EMS,EMS_CHL,AUTO_CVSN_SUPT_YN,CHAR,AUTO_CVSN_SUPT_YN (여부),EMS_CHL 테이블,N
EMS,EMS_CHL,AUTO_DNT_SUPT_YN,CHAR,AUTO_DNT_SUPT_YN (여부),EMS_CHL 테이블,N
EMS,EMS_CHL,DNT_CMPGN_ID,VARCHAR,DNT_CMPGN_ID (식별자),EMS_CHL 테이블,N
EMS,EMS_CHL,DNT_CMPGN_NM,VARCHAR,DNT_CMPGN_NM (명),EMS_CHL 테이블,N
EMS,EMS_CHL_PTCP,MBR_ID,VARCHAR,MBR_ID (식별자),EMS_CHL_PTCP 테이블,N
EMS,EMS_CHL_PTCP,CHL_ID,VARCHAR,CHL_ID (식별자),EMS_CHL_PTCP 테이블,N
EMS,EMS_CHL_PTCP,ENV_MLG_DV_CD,VARCHAR,ENV_MLG_DV_CD (코드),EMS_CHL_PTCP 테이블,N
EMS,EMS_CHL_PTCP,ENV_MLG_ENP_DV_CD,VARCHAR,ENV_MLG_ENP_DV_CD (코드),EMS_CHL_PTCP 테이블,N
EMS,EMS_CHL_PTCP,MSSN_STGE_NO,BIGINT,MSSN_STGE_NO (번호),EMS_CHL_PTCP 테이블,N
EMS,EMS_CHL_PTCP,TOT_ACUM_ACMP_CNT,BIGINT,TOT_ACUM_ACMP_CNT (건수),EMS_CHL_PTCP 테이블,N
EMS,EMS_CHL_PTCP,CPLT_YN,CHAR,CPLT_YN (여부),EMS_CHL_PTCP 테이블,N
EMS,EMS_CHL_PTCP,ASP_ID,VARCHAR,ASP_ID (식별자),EMS_CHL_PTCP 테이블,N
EMS,EMS_CHL_PTCP,KA_ID,VARCHAR,KA_ID (식별자),EMS_CHL_PTCP 테이블,N
EMS,EMS_CHL_PTCP,AGE,VARCHAR,AGE 항목,EMS_CHL_PTCP 테이블,N
EMS,EMS_CHL_PTCP,SEX_DV_CD,VARCHAR,SEX_DV_CD (코드),EMS_CHL_PTCP 테이블,N
EMS,EMS_ENV_MLG_TC_AGRM,ENV_MLG_TC_AGRM_SNO,BIGINT,ENV_MLG_TC_AGRM_SNO (번호),EMS_ENV_MLG_TC_AGRM 테이블,N
EMS,EMS_ENV_MLG_TC_AGRM,ENV_MLG_TC_DEF_ID,VARCHAR,ENV_MLG_TC_DEF_ID (식별자),EMS_ENV_MLG_TC_AGRM 테이블,N
EMS,EMS_ENV_MLG_TC_AGRM,ENV_MLG_TC_CN_ID,VARCHAR,ENV_MLG_TC_CN_ID (식별자),EMS_ENV_MLG_TC_AGRM 테이블,N
EMS,EMS_ENV_MLG_TC_AGRM,MBR_ID,VARCHAR,MBR_ID (식별자),EMS_ENV_MLG_TC_AGRM 테이블,N
EMS,EMS_ENV_MLG_TC_AGRM,AGRM_YN,CHAR,AGRM_YN (여부),EMS_ENV_MLG_TC_AGRM 테이블,N
EMS,EMS_ENV_MLG_TC_DEF,ENV_MLG_TC_DEF_ID,VARCHAR,ENV_MLG_TC_DEF_ID (식별자),EMS_ENV_MLG_TC_DEF 테이블,N
EMS,EMS_ENV_MLG_TC_DEF,ASP_ID,VARCHAR,ASP_ID (식별자),EMS_ENV_MLG_TC_DEF 테이블,N
EMS,EMS_ENV_MLG_TC_DEF,KA_ID,VARCHAR,KA_ID (식별자),EMS_ENV_MLG_TC_DEF 테이블,N
EMS,EMS_ENV_MLG_TC_DEF,ENV_MLG_DV_CD,VARCHAR,ENV_MLG_DV_CD (코드),EMS_ENV_MLG_TC_DEF 테이블,N
EMS,EMS_ENV_MLG_TC_DEF,TC_DV_CD,VARCHAR,TC_DV_CD (코드),EMS_ENV_MLG_TC_DEF 테이블,N
EMS,EMS_ENV_MLG_TC_DEF,TC_USE_YN,CHAR,TC_USE_YN (여부),EMS_ENV_MLG_TC_DEF 테이블,N
EMS,EMS_ENV_MLG_TC_DEF,TC_EXPS_ODE,VARCHAR,TC_EXPS_ODE 항목,EMS_ENV_MLG_TC_DEF 테이블,N
EMS,EMS_ENV_MLG_TC_DEF,TC_NM,VARCHAR,TC_NM (명),EMS_ENV_MLG_TC_DEF 테이블,N
EMS,EMS_ENV_MLG_TC_DEF,TC_TYPE_NM,VARCHAR,TC_TYPE_NM (명),EMS_ENV_MLG_TC_DEF 테이블,N
EMS,EMS_MLG_CVSN_HIST,MLG_CVSN_HIST_SNO,BIGINT,MLG_CVSN_HIST_SNO (번호),EMS_MLG_CVSN_HIST 테이블,N
EMS,EMS_MLG_CVSN_HIST,MBR_ID,VARCHAR,MBR_ID (식별자),EMS_MLG_CVSN_HIST 테이블,N
EMS,EMS_MLG_CVSN_HIST,CHL_ID,VARCHAR,CHL_ID (식별자),EMS_MLG_CVSN_HIST 테이블,N
EMS,EMS_MLG_CVSN_HIST,MSSN_STGE_NO,BIGINT,MSSN_STGE_NO (번호),EMS_MLG_CVSN_HIST 테이블,N
EMS,EMS_MLG_CVSN_HIST,TOT_ACUM_ACMP_CNT,BIGINT,TOT_ACUM_ACMP_CNT (건수),EMS_MLG_CVSN_HIST 테이블,N
EMS,EMS_MLG_CVSN_HIST,MSSN_ACMP_MLG_CNT,BIGINT,MSSN_ACMP_MLG_CNT (건수),EMS_MLG_CVSN_HIST 테이블,N
EMS,EMS_MLG_CVSN_HIST,PNT_CVSN_AMT,BIGINT,PNT_CVSN_AMT (금액),EMS_MLG_CVSN_HIST 테이블,N
EMS,EMS_MLG_CVSN_HIST,SVC_ID,VARCHAR,SVC_ID (식별자),EMS_MLG_CVSN_HIST 테이블,N
EMS,EMS_MLG_CVSN_HIST,CRD_NM,VARCHAR,CRD_NM (명),EMS_MLG_CVSN_HIST 테이블,N
EMS,EMS_MLG_CVSN_HIST,PAR_NO,BIGINT,PAR_NO (번호),EMS_MLG_CVSN_HIST 테이블,N
EMS,EMS_MLG_CVSN_HIST,FAIL_RSN_CD,VARCHAR,FAIL_RSN_CD (코드),EMS_MLG_CVSN_HIST 테이블,N
EMS,EMS_MLG_CVSN_HIST,FAIL_RSN_CN,VARCHAR,FAIL_RSN_CN (내용),EMS_MLG_CVSN_HIST 테이블,N
EMS,EMS_MLG_CVSN_HIST,TID,VARCHAR,TID (식별자),EMS_MLG_CVSN_HIST 테이블,N
EMS,EMS_MLG_CVSN_HIST,RQS_CHNL_CD,VARCHAR,RQS_CHNL_CD (코드),EMS_MLG_CVSN_HIST 테이블,N
EMS,MISSION_PAY_TRANSACTION,ACCOUNT_ID,VARCHAR,ACCOUNT_ID (식별자),MISSION_PAY_TRANSACTION 테이블,N
EMS,MISSION_PAY_TRANSACTION,MISSION_STEP,VARCHAR,MISSION_STEP 항목,MISSION_PAY_TRANSACTION 테이블,N
EMS,MISSION_PAY_TRANSACTION,CHALLENGE_ID,VARCHAR,CHALLENGE_ID (식별자),MISSION_PAY_TRANSACTION 테이블,N
EMS,MISSION_PAY_TRANSACTION,WALLET_USER_ID,VARCHAR,WALLET_USER_ID (식별자),MISSION_PAY_TRANSACTION 테이블,N
EMS,MISSION_PAY_TRANSACTION,PAR,VARCHAR,PAR 항목,MISSION_PAY_TRANSACTION 테이블,N
EMS,MISSION_PAY_TRANSACTION,TR_AMT,BIGINT,TR_AMT (금액),MISSION_PAY_TRANSACTION 테이블,N
EMS,MISSION_PAY_TRANSACTION,MISSION_MILEAGE,VARCHAR,MISSION_MILEAGE 항목,MISSION_PAY_TRANSACTION 테이블,N
EMS,MISSION_PAY_TRANSACTION,PAY_REQ_ID,VARCHAR,PAY_REQ_ID (식별자),MISSION_PAY_TRANSACTION 테이블,N
EMS,MISSION_PAY_TRANSACTION,PAY_FAIL_REASON,VARCHAR,PAY_FAIL_REASON 항목,MISSION_PAY_TRANSACTION 테이블,N
EMS,MISSION_PAY_TRANSACTION,PAY_FAIL_CODE,VARCHAR,PAY_FAIL_CODE 항목,MISSION_PAY_TRANSACTION 테이블,N
EMS,MISSION_PAY_TRANSACTION,PAY_SERVICE_ID,VARCHAR,PAY_SERVICE_ID (식별자),MISSION_PAY_TRANSACTION 테이블,N
EMS,MISSION_PAY_TRANSACTION,PAY_SERVICE_NAME,VARCHAR,PAY_SERVICE_NAME 항목,MISSION_PAY_TRANSACTION 테이블,N
EMS,MISSION_PAY_TRANSACTION,CARD_TYPE,VARCHAR,CARD_TYPE 항목,MISSION_PAY_TRANSACTION 테이블,N
EMS,MISSION_PAY_TRANSACTION,REQ_COMPONENT,VARCHAR,REQ_COMPONENT 항목,MISSION_PAY_TRANSACTION 테이블,N
EMS,MISSION_PAY_TRANSACTION,PAY_REQ_STATUS,VARCHAR,PAY_REQ_STATUS 항목,MISSION_PAY_TRANSACTION 테이블,N
EMS,MISSION_PAY_TRANSACTION,TID,VARCHAR,TID (식별자),MISSION_PAY_TRANSACTION 테이블,N
EMS,MISSION_PROC,CHALLENGE_ID,VARCHAR,CHALLENGE_ID (식별자),MISSION_PROC 테이블,N
EMS,MISSION_PROC,WALLET_USER_ID,VARCHAR,WALLET_USER_ID (식별자),MISSION_PROC 테이블,N
EMS,MISSION_PROC,MISSION_COMPLETE_COUNT,VARCHAR,MISSION_COMPLETE_COUNT 항목,MISSION_PROC 테이블,N
EMS,MISSION_PROC,MISSION_TOTAL_COUNT,VARCHAR,MISSION_TOTAL_COUNT 항목,MISSION_PROC 테이블,N
EMS,MISSION_PROC,TOTAL_PAYMENT_COUNT,VARCHAR,TOTAL_PAYMENT_COUNT 항목,MISSION_PROC 테이블,N
EMS,MISSION_PROC,MISSION_STATUS,VARCHAR,MISSION_STATUS 항목,MISSION_PROC 테이블,N
EMS,MISSION_PROC,TOTAL_MISSION_MILEAGE,VARCHAR,TOTAL_MISSION_MILEAGE 항목,MISSION_PROC 테이블,N
EMS,MISSION_PROC,TOTAL_PAY_REQ_AMT,BIGINT,TOTAL_PAY_REQ_AMT (금액),MISSION_PROC 테이블,N
EMS,MISSION_PROC,TOTAL_GOAL_COUNT,VARCHAR,TOTAL_GOAL_COUNT 항목,MISSION_PROC 테이블,N
ESIGN,ESI_BZPL,BZMN_SNO,BIGINT,BZMN_SNO (번호),ESI_BZPL 테이블,N
ESIGN,ESI_BZPL,BZMN_DV_CD,VARCHAR,BZMN_DV_CD (코드),ESI_BZPL 테이블,N
ESIGN,ESI_BZPL,BZMN_NM,VARCHAR,BZMN_NM (명),ESI_BZPL 테이블,N
ESIGN,ESI_BZPL,CORP_NM,VARCHAR,CORP_NM (명),ESI_BZPL 테이블,N
ESIGN,ESI_BZPL,BZNO,BIGINT,BZNO (번호),ESI_BZPL 테이블,N
ESIGN,ESI_BZPL,CONO,BIGINT,CONO (번호),ESI_BZPL 테이블,N
ESIGN,ESI_BZPL,MC_ENM,VARCHAR,MC_ENM (명),ESI_BZPL 테이블,N
ESIGN,ESI_BZPL,BZPL_DOM_OUTL_DV_CD,VARCHAR,BZPL_DOM_OUTL_DV_CD (코드),ESI_BZPL 테이블,N
ESIGN,ESI_BZPL,OPNB_DT,TIMESTAMP,OPNB_DT (일자),ESI_BZPL 테이블,N
ESIGN,ESI_BZPL,BZMN_AUTHT_CPLT_YN,CHAR,BZMN_AUTHT_CPLT_YN (여부),ESI_BZPL 테이블,N
ESIGN,ESI_BZPL,BZPL_ADDR,VARCHAR,BZPL_ADDR 항목,ESI_BZPL 테이블,N
ESIGN,ESI_BZPL,BZPL_PSNO,BIGINT,BZPL_PSNO (번호),ESI_BZPL 테이블,N
ESIGN,ESI_BZPL,BZPL_DTL_ADDR,VARCHAR,BZPL_DTL_ADDR 항목,ESI_BZPL 테이블,N
ESIGN,ESI_BZPL,BZPL_TLNO,BIGINT,BZPL_TLNO (번호),ESI_BZPL 테이블,N
ESIGN,ESI_BZPL,BZCT_NM,VARCHAR,BZCT_NM (명),ESI_BZPL 테이블,N
ESIGN,ESI_BZPL,BZTP_NM,VARCHAR,BZTP_NM (명),ESI_BZPL 테이블,N
ESIGN,ESI_BZPL,DEPS_BANK_CD,VARCHAR,DEPS_BANK_CD (코드),ESI_BZPL 테이블,N
ESIGN,ESI_BZPL,ACN_AUTHT_YN,CHAR,ACN_AUTHT_YN (여부),ESI_BZPL 테이블,N
ESIGN,ESI_BZPL,CON_SNO,BIGINT,CON_SNO (번호),ESI_BZPL 테이블,N
ESIGN,ESI_BZPL,BZTP_CD,VARCHAR,BZTP_CD (코드),ESI_BZPL 테이블,N
ESIGN,ESI_BZPL,ACQR_YN,CHAR,ACQR_YN (여부),ESI_BZPL 테이블,N
ESIGN,ESI_BZPL,SOCBZ_YN,CHAR,SOCBZ_YN (여부),ESI_BZPL 테이블,N
ESIGN,ESI_BZPL,ACQR_DV_CD,VARCHAR,ACQR_DV_CD (코드),ESI_BZPL 테이블,N
ESIGN,ESI_BZPL,MC_ACQR_YN,CHAR,MC_ACQR_YN (여부),ESI_BZPL 테이블,N
ESIGN,ESI_BZPL,SUBS_YN,CHAR,SUBS_YN (여부),ESI_BZPL 테이블,N
ESIGN,ESI_BZPL_REPP,REPP_SNO,BIGINT,REPP_SNO (번호),ESI_BZPL_REPP 테이블,N
ESIGN,ESI_BZPL_REPP,BZMN_SNO,BIGINT,BZMN_SNO (번호),ESI_BZPL_REPP 테이블,N
ESIGN,ESI_BZPL_REPP,NLTY_CD,VARCHAR,NLTY_CD (코드),ESI_BZPL_REPP 테이블,N
ESIGN,ESI_BZPL_REPP,ENC_BRTH_DT,TIMESTAMP,ENC_BRTH_DT (일자),ESI_BZPL_REPP 테이블,N
ESIGN,ESI_BZPL_REPP,SEX_CD,VARCHAR,SEX_CD (코드),ESI_BZPL_REPP 테이블,N
ESIGN,ESI_BZPL_REPP,RSDP_ADDR,VARCHAR,RSDP_ADDR 항목,ESI_BZPL_REPP 테이블,N
ESIGN,ESI_BZPL_REPP,RSDP_PSNO,BIGINT,RSDP_PSNO (번호),ESI_BZPL_REPP 테이블,N
ESIGN,ESI_BZPL_REPP,BZPL_RL_OWN_YN,CHAR,BZPL_RL_OWN_YN (여부),ESI_BZPL_REPP 테이블,N
ESIGN,ESI_BZPL_REPP,ENC_CI_NO,BIGINT,ENC_CI_NO (번호),ESI_BZPL_REPP 테이블,N
ESIGN,ESI_BZPL_REPP,REPP_DV_CD,VARCHAR,REPP_DV_CD (코드),ESI_BZPL_REPP 테이블,N
ESIGN,ESI_CON,CON_SNO,BIGINT,CON_SNO (번호),ESI_CON 테이블,N
ESIGN,ESI_CON,BZNO,BIGINT,BZNO (번호),ESI_CON 테이블,N
ESIGN,ESI_CON,CNDC_PRG_ST_CD,VARCHAR,CNDC_PRG_ST_CD (코드),ESI_CON 테이블,N
ESIGN,ESI_CON,CON_STRT_DT,TIMESTAMP,CON_STRT_DT (일자),ESI_CON 테이블,N
ESIGN,ESI_CON,CON_END_DT,TIMESTAMP,CON_END_DT (일자),ESI_CON 테이블,N
ESIGN,ESI_CON,CON_CFM_FEE,VARCHAR,CON_CFM_FEE 항목,ESI_CON 테이블,N
ESIGN,ESI_CON,BZMN_INFO_WRT_ST_CD,VARCHAR,BZMN_INFO_WRT_ST_CD (코드),ESI_CON 테이블,N
ESIGN,ESI_CON,REPP_INFO_WRT_ST_CD,VARCHAR,REPP_INFO_WRT_ST_CD (코드),ESI_CON 테이블,N
ESIGN,ESI_CON,OWNR_INFO_WRT_ST_CD,VARCHAR,OWNR_INFO_WRT_ST_CD (코드),ESI_CON 테이블,N
ESIGN,ESI_CON,ESTN_DCM_REG_ST_CD,VARCHAR,ESTN_DCM_REG_ST_CD (코드),ESI_CON 테이블,N
ESIGN,ESI_CON,CON_TEMP_SNO,BIGINT,CON_TEMP_SNO (번호),ESI_CON 테이블,N
ESIGN,ESI_CON,RNWL_YN,CHAR,RNWL_YN (여부),ESI_CON 테이블,N
ESIGN,ESI_CON,CFT_SNO,BIGINT,CFT_SNO (번호),ESI_CON 테이블,N
ESIGN,ESI_CON,UPD_YN,CHAR,UPD_YN (여부),ESI_CON 테이블,N
ESIGN,ESI_CON,RJ_TMCNT,BIGINT,RJ_TMCNT (건수),ESI_CON 테이블,N
ESIGN,ESI_CON,BZMN_SNO,BIGINT,BZMN_SNO (번호),ESI_CON 테이블,N
ESIGN,ESI_EPG_MC_SVC,EPG_MC_SVC_SNO,BIGINT,EPG_MC_SVC_SNO (번호),ESI_EPG_MC_SVC 테이블,N
ESIGN,ESI_EPG_MC_SVC,MC_SNO,BIGINT,MC_SNO (번호),ESI_EPG_MC_SVC 테이블,N
ESIGN,ESI_EPG_MC_SVC,ADN_SVC_APL_SNO,BIGINT,ADN_SVC_APL_SNO (번호),ESI_EPG_MC_SVC 테이블,N
ESIGN,ESI_EPG_MC_SVC,EPG_MC_BU_ACMR,VARCHAR,EPG_MC_BU_ACMR 항목,ESI_EPG_MC_SVC 테이블,N
ESIGN,ESI_EPG_MC_SVC,PRMN_PRV_RT,VARCHAR,PRMN_PRV_RT 항목,ESI_EPG_MC_SVC 테이블,N
ESIGN,ESI_EPG_MC_SVC,MC_BRDR,VARCHAR,MC_BRDR 항목,ESI_EPG_MC_SVC 테이블,N
ESIGN,ESI_EPG_MC_SVC,KN_BRDR,VARCHAR,KN_BRDR 항목,ESI_EPG_MC_SVC 테이블,N
ESIGN,ESI_EPG_MC_SVC,QR_STLM_SVC_APL_YN,CHAR,QR_STLM_SVC_APL_YN (여부),ESI_EPG_MC_SVC 테이블,N
ESIGN,ESI_EPG_MC_SVC,BNF_MHD_CD,VARCHAR,BNF_MHD_CD (코드),ESI_EPG_MC_SVC 테이블,N
ESIGN,ESI_EPG_MC_SVC,STN_ITM_GRP_CD,VARCHAR,STN_ITM_GRP_CD (코드),ESI_EPG_MC_SVC 테이블,N
ESIGN,ESI_MC,MC_SNO,BIGINT,MC_SNO (번호),ESI_MC 테이블,N
ESIGN,ESI_MC,BZMN_SNO,BIGINT,BZMN_SNO (번호),ESI_MC 테이블,N
ESIGN,ESI_MC,MC_NM,VARCHAR,MC_NM (명),ESI_MC 테이블,N
ESIGN,ESI_MC,MC_TLNO,BIGINT,MC_TLNO (번호),ESI_MC 테이블,N
ESIGN,ESI_MC,MC_ADDR,VARCHAR,MC_ADDR 항목,ESI_MC 테이블,N
ESIGN,ESI_MC,MC_DTL_ADDR,VARCHAR,MC_DTL_ADDR 항목,ESI_MC 테이블,N
ESIGN,ESI_MC,MC_PSNO,BIGINT,MC_PSNO (번호),ESI_MC 테이블,N
ESIGN,ESI_MC,ASP_ID,VARCHAR,ASP_ID (식별자),ESI_MC 테이블,N
ESIGN,ESI_MC,KA_ID,VARCHAR,KA_ID (식별자),ESI_MC 테이블,N
ESIGN,ESI_MC,MC_INFO_WRT_ST_CD,VARCHAR,MC_INFO_WRT_ST_CD (코드),ESI_MC 테이블,N
ESIGN,ESI_MC,SPPS_INFO_WRT_ST_CD,VARCHAR,SPPS_INFO_WRT_ST_CD (코드),ESI_MC 테이블,N
ESIGN,ESI_MC,AML_EXCU_RS_CD,VARCHAR,AML_EXCU_RS_CD (코드),ESI_MC 테이블,N
ESIGN,ESI_MC,MC_ID,VARCHAR,MC_ID (식별자),ESI_MC 테이블,N
ESIGN,ESI_MC,OD_MC_YN,CHAR,OD_MC_YN (여부),ESI_MC 테이블,N
ESIGN,ESI_MC,FEE_CD,VARCHAR,FEE_CD (코드),ESI_MC 테이블,N
ESIGN,ESI_MC,FEE_CLR_CD,VARCHAR,FEE_CLR_CD (코드),ESI_MC 테이블,N
ESIGN,ESI_MC,CLR_CYC_TYPE_CD,VARCHAR,CLR_CYC_TYPE_CD (코드),ESI_MC 테이블,N
ESIGN,ESI_MC,MC_CL_CD,VARCHAR,MC_CL_CD (코드),ESI_MC 테이블,N
ESIGN,ESI_MC,REP_MC_NM,VARCHAR,REP_MC_NM (명),ESI_MC 테이블,N
ESIGN,ESI_MC,MC_CLR_OWR_ROLE_CD,VARCHAR,MC_CLR_OWR_ROLE_CD (코드),ESI_MC 테이블,N
ESIGN,ESI_MC,MC_TYPE_CD,VARCHAR,MC_TYPE_CD (코드),ESI_MC 테이블,N
ESIGN,ESI_MC,MC_TXN_TYPE_CD,VARCHAR,MC_TXN_TYPE_CD (코드),ESI_MC 테이블,N
ESIGN,ESI_MC,INCDE_TRGT_YN,CHAR,INCDE_TRGT_YN (여부),ESI_MC 테이블,N
ESIGN,ESI_MC,INCDE_TYPE_CD,VARCHAR,INCDE_TYPE_CD (코드),ESI_MC 테이블,N
ESIGN,ESI_MC,DJMC_DV_CD,VARCHAR,DJMC_DV_CD (코드),ESI_MC 테이블,N
ESIGN,ESI_MC,KN_BZTP_CD,VARCHAR,KN_BZTP_CD (코드),ESI_MC 테이블,N
ESIGN,ESI_MC,FEE_NM,VARCHAR,FEE_NM (명),ESI_MC 테이블,N
ESIGN,ESI_MC,RL_OWNR_OPN_CN,VARCHAR,RL_OWNR_OPN_CN (내용),ESI_MC 테이블,N
ESIGN,ESI_MC,ETC_OPN_CN,VARCHAR,ETC_OPN_CN (내용),ESI_MC 테이블,N
ESIGN,ESI_MC,PRG_ST_CD,VARCHAR,PRG_ST_CD (코드),ESI_MC 테이블,N
ESIGN,ESI_MC,APV_DGE,VARCHAR,APV_DGE 항목,ESI_MC 테이블,N
ESIGN,ESI_MC,RJ_TMCNT,BIGINT,RJ_TMCNT (건수),ESI_MC 테이블,N
ESIGN,ESI_MC,SIDO_NM,VARCHAR,SIDO_NM (명),ESI_MC 테이블,N
ESIGN,ESI_MC,SGG_NM,VARCHAR,SGG_NM (명),ESI_MC 테이블,N
ESIGN,ESI_MC,MC_APL_NO,BIGINT,MC_APL_NO (번호),ESI_MC 테이블,N
ESIGN,ESI_MC,CHG_TC_AGRM_YN,CHAR,CHG_TC_AGRM_YN (여부),ESI_MC 테이블,N
ESIGN,ESI_MC,KN_PTN_YN,CHAR,KN_PTN_YN (여부),ESI_MC 테이블,N
ESIGN,ESI_MC,CON_BYST_HIST_SNO,BIGINT,CON_BYST_HIST_SNO (번호),ESI_MC 테이블,N
ESIGN,ESI_MC,MC_RE_CON_YN,CHAR,MC_RE_CON_YN (여부),ESI_MC 테이블,N
ESIGN,ESI_MC,MC_APV_YN,CHAR,MC_APV_YN (여부),ESI_MC 테이블,N
ESIGN,ESI_MC,IDFC_VRFC_IMG_FILE_ENC_YN,CHAR,IDFC_VRFC_IMG_FILE_ENC_YN (여부),ESI_MC 테이블,N
ESIGN,ESI_MC,REP_FEERT,VARCHAR,REP_FEERT 항목,ESI_MC 테이블,N
ESIGN,ESI_MC,CON_STRT_DT,TIMESTAMP,CON_STRT_DT (일자),ESI_MC 테이블,N
ESIGN,ESI_MC,CON_END_DT,TIMESTAMP,CON_END_DT (일자),ESI_MC 테이블,N
ESIGN,ESI_MC,UPD_YN,CHAR,UPD_YN (여부),ESI_MC 테이블,N
ESIGN,ESI_MC_AND_SVC,ADN_SVC_APL_SNO,BIGINT,ADN_SVC_APL_SNO (번호),ESI_MC_AND_SVC 테이블,N
ESIGN,ESI_MC_AND_SVC,MC_SNO,BIGINT,MC_SNO (번호),ESI_MC_AND_SVC 테이블,N
ESIGN,ESI_MC_AND_SVC,ADN_SVC_DV_CD,VARCHAR,ADN_SVC_DV_CD (코드),ESI_MC_AND_SVC 테이블,N
ESIGN,ESI_MC_AND_SVC,UPD_PSBL_YN,CHAR,UPD_PSBL_YN (여부),ESI_MC_AND_SVC 테이블,N
ESIGN,ESI_MC_AND_SVC,UPD_YN,CHAR,UPD_YN (여부),ESI_MC_AND_SVC 테이블,N
ESIGN,ESI_MC_AND_SVC,MC_SPPS_NM,VARCHAR,MC_SPPS_NM (명),ESI_MC_AND_SVC 테이블,N
ESIGN,ESI_MC_AND_SVC,ADN_SVC_APL_YN,CHAR,ADN_SVC_APL_YN (여부),ESI_MC_AND_SVC 테이블,N
GS,GIFT_MONEY_BOX,ID,VARCHAR,ID (식별자),GIFT_MONEY_BOX 테이블,N
GS,GIFT_MONEY_BOX,GIFT_ID,VARCHAR,GIFT_ID (식별자),GIFT_MONEY_BOX 테이블,N
GS,GIFT_MONEY_BOX,SENDER_ID,VARCHAR,SENDER_ID (식별자),GIFT_MONEY_BOX 테이블,N
GS,GIFT_MONEY_BOX,RECEIVER_ID,VARCHAR,RECEIVER_ID (식별자),GIFT_MONEY_BOX 테이블,N
GS,GIFT_MONEY_BOX,SENDER_PAR,VARCHAR,SENDER_PAR 항목,GIFT_MONEY_BOX 테이블,N
GS,GIFT_MONEY_BOX,SENDER_PAR_TYPE,VARCHAR,SENDER_PAR_TYPE 항목,GIFT_MONEY_BOX 테이블,N
GS,GIFT_MONEY_BOX,SENDER_SERVICE_ID,VARCHAR,SENDER_SERVICE_ID (식별자),GIFT_MONEY_BOX 테이블,N
GS,GIFT_MONEY_BOX,SENDER_SERVICE_NAME,VARCHAR,SENDER_SERVICE_NAME 항목,GIFT_MONEY_BOX 테이블,N
GS,GIFT_MONEY_BOX,RECEIVER_PAR,VARCHAR,RECEIVER_PAR 항목,GIFT_MONEY_BOX 테이블,N
GS,GIFT_MONEY_BOX,RECEIVER_PAR_TYPE,VARCHAR,RECEIVER_PAR_TYPE 항목,GIFT_MONEY_BOX 테이블,N
GS,GIFT_MONEY_BOX,RECEIVER_SERVICE_ID,VARCHAR,RECEIVER_SERVICE_ID (식별자),GIFT_MONEY_BOX 테이블,N
GS,GIFT_MONEY_BOX,RECEIVER_SERVICE_NAME,VARCHAR,RECEIVER_SERVICE_NAME 항목,GIFT_MONEY_BOX 테이블,N
GS,GIFT_MONEY_BOX,AMOUNT,BIGINT,AMOUNT 항목,GIFT_MONEY_BOX 테이블,N
GS,GIFT_MONEY_BOX,EXPIRATION_DATE,TIMESTAMP,EXPIRATION_DATE 항목,GIFT_MONEY_BOX 테이블,N
GS,GIFT_MONEY_BOX,STATUS,VARCHAR,STATUS 항목,GIFT_MONEY_BOX 테이블,N
GS,GIFT_MONEY_BOX,LOCALE,VARCHAR,LOCALE 항목,GIFT_MONEY_BOX 테이블,N
GS,GIFT_MONEY_BOX,DISPLAY_YN,CHAR,DISPLAY_YN (여부),GIFT_MONEY_BOX 테이블,N
GS,GIFT_MONEY_BOX,SENDER_SERVICE_GROUP_NAME,VARCHAR,SENDER_SERVICE_GROUP_NAME 항목,GIFT_MONEY_BOX 테이블,N
GS,GIFT_MONEY_BOX,RECEIVER_SERVICE_GROUP_NAME,VARCHAR,RECEIVER_SERVICE_GROUP_NAME 항목,GIFT_MONEY_BOX 테이블,N
GS,GIFT_MONEY_BOX,SENDER_ASP_ID,VARCHAR,SENDER_ASP_ID (식별자),GIFT_MONEY_BOX 테이블,N
GS,GIFT_MONEY_BOX,RECEIVER_ASP_ID,VARCHAR,RECEIVER_ASP_ID (식별자),GIFT_MONEY_BOX 테이블,N
GS,GIFT_MONEY_BOX,TRANSFER_TYPE,VARCHAR,TRANSFER_TYPE 항목,GIFT_MONEY_BOX 테이블,N
GS,GIFT_MONEY_BOX,BETWEEN_TYPE,VARCHAR,BETWEEN_TYPE 항목,GIFT_MONEY_BOX 테이블,N
GS,GIFT_MONEY_BOX,KA_ID,VARCHAR,KA_ID (식별자),GIFT_MONEY_BOX 테이블,N
GS,GIFT_MONEY_BOX,REVERSAL_STATUS,VARCHAR,REVERSAL_STATUS 항목,GIFT_MONEY_BOX 테이블,N
GS,GIFT_MONEY_BOX,MONEY_TYPE,VARCHAR,MONEY_TYPE 항목,GIFT_MONEY_BOX 테이블,N
GS,GIFT_MONEY_BOX,POINT_POLICY_ID,VARCHAR,POINT_POLICY_ID (식별자),GIFT_MONEY_BOX 테이블,N
GS,GIFT_MONEY_BOX,POINT_TYPE,VARCHAR,POINT_TYPE 항목,GIFT_MONEY_BOX 테이블,N
GS,GIFT_MONEY_BOX,POINT_POLICY_NAME,VARCHAR,POINT_POLICY_NAME 항목,GIFT_MONEY_BOX 테이블,N
GS,GIFT_MONEY_BOX,REVERSAL_REQUESTER,VARCHAR,REVERSAL_REQUESTER 항목,GIFT_MONEY_BOX 테이블,N
GS,GIFT_MONEY_BOX,NR_NUMBER,VARCHAR,NR_NUMBER 항목,GIFT_MONEY_BOX 테이블,N
GS,GIFT_MONEY_BOX,RECEIVER_BANK_CD,VARCHAR,RECEIVER_BANK_CD (코드),GIFT_MONEY_BOX 테이블,N
GS,GIFT_MONEY_BOX,TRANSACTION_ID,VARCHAR,TRANSACTION_ID (식별자),GIFT_MONEY_BOX 테이블,N
IAS,IAS_ACQUIRER_TRAN,ID,VARCHAR,ID (식별자),IAS_ACQUIRER_TRAN 테이블,N
IAS,IAS_ACQUIRER_TRAN,MERCHANT_ID,VARCHAR,MERCHANT_ID (식별자),IAS_ACQUIRER_TRAN 테이블,N
IAS,IAS_ACQUIRER_TRAN,MERCHANT_NAME,VARCHAR,MERCHANT_NAME 항목,IAS_ACQUIRER_TRAN 테이블,N
IAS,IAS_ACQUIRER_TRAN,TERMINAL_ID,VARCHAR,TERMINAL_ID (식별자),IAS_ACQUIRER_TRAN 테이블,N
IAS,IAS_ACQUIRER_TRAN,RESPONSE_CODE,VARCHAR,RESPONSE_CODE 항목,IAS_ACQUIRER_TRAN 테이블,N
IAS,IAS_ACQUIRER_TRAN,MERCHANT_BIZ_CODE,VARCHAR,MERCHANT_BIZ_CODE 항목,IAS_ACQUIRER_TRAN 테이블,N
IAS,IAS_ACQUIRER_TRAN,MTI,VARCHAR,MTI 항목,IAS_ACQUIRER_TRAN 테이블,N
IAS,IAS_ACQUIRER_TRAN,NR_NUMBER,VARCHAR,NR_NUMBER 항목,IAS_ACQUIRER_TRAN 테이블,N
IAS,IAS_ACQUIRER_TRAN,PROCESSING_CODE,VARCHAR,PROCESSING_CODE 항목,IAS_ACQUIRER_TRAN 테이블,N
IAS,IAS_ACQUIRER_TRAN,MERCHANT_BIZ_NO,BIGINT,MERCHANT_BIZ_NO (번호),IAS_ACQUIRER_TRAN 테이블,N
IAS,IAS_ACQUIRER_TRAN,MERCHANT_TYPE,VARCHAR,MERCHANT_TYPE 항목,IAS_ACQUIRER_TRAN 테이블,N
IAS,IAS_ACQUIRER_TRAN,AREA_CODE,VARCHAR,AREA_CODE 항목,IAS_ACQUIRER_TRAN 테이블,N
IAS,IAS_ACQUIRER_TRAN,POS_ENTRY_MODE,VARCHAR,POS_ENTRY_MODE 항목,IAS_ACQUIRER_TRAN 테이블,N
IAS,IAS_ACQUIRER_TRAN,TAXI_AREA_CODE,VARCHAR,TAXI_AREA_CODE 항목,IAS_ACQUIRER_TRAN 테이블,N
IAS,IAS_ACQUIRER_TRAN,TR_NO,BIGINT,TR_NO (번호),IAS_ACQUIRER_TRAN 테이블,N
IAS,IAS_ACQUIRER_TRAN,VAN_CODE,VARCHAR,VAN_CODE 항목,IAS_ACQUIRER_TRAN 테이블,N
IAS,IAS_BENEFIT_TRAN,APPROVAL_DATE,TIMESTAMP,APPROVAL_DATE 항목,IAS_BENEFIT_TRAN 테이블,N
IAS,IAS_BENEFIT_TRAN,NR_NUMBER,VARCHAR,NR_NUMBER 항목,IAS_BENEFIT_TRAN 테이블,N
IAS,IAS_BENEFIT_TRAN,PAR,VARCHAR,PAR 항목,IAS_BENEFIT_TRAN 테이블,N
IAS,IAS_BENEFIT_TRAN,PRIORITY,VARCHAR,PRIORITY 항목,IAS_BENEFIT_TRAN 테이블,N
IAS,IAS_BENEFIT_TRAN,DISCOUNT_TYPE,VARCHAR,DISCOUNT_TYPE 항목,IAS_BENEFIT_TRAN 테이블,N
IAS,IAS_BENEFIT_TRAN,DISCOUNT_SUB_TYPE,VARCHAR,DISCOUNT_SUB_TYPE 항목,IAS_BENEFIT_TRAN 테이블,N
IAS,IAS_BENEFIT_TRAN,DISCOUNT_SEQ,VARCHAR,DISCOUNT_SEQ 항목,IAS_BENEFIT_TRAN 테이블,N
IAS,IAS_BENEFIT_TRAN,POINT_POLICY_ID,VARCHAR,POINT_POLICY_ID (식별자),IAS_BENEFIT_TRAN 테이블,N
IAS,IAS_BENEFIT_TRAN,POINT_POLICY_TYPE,VARCHAR,POINT_POLICY_TYPE 항목,IAS_BENEFIT_TRAN 테이블,N
IAS,IAS_BENEFIT_TRAN,COUPON_ID,VARCHAR,COUPON_ID (식별자),IAS_BENEFIT_TRAN 테이블,N
IAS,IAS_BENEFIT_TRAN,COUPON_NO,BIGINT,COUPON_NO (번호),IAS_BENEFIT_TRAN 테이블,N
IAS,IAS_BENEFIT_TRAN,ORG_AMT,BIGINT,ORG_AMT (금액),IAS_BENEFIT_TRAN 테이블,N
IAS,IAS_BENEFIT_TRAN,DISCOUNT_AMT,BIGINT,DISCOUNT_AMT (금액),IAS_BENEFIT_TRAN 테이블,N
IAS,IAS_BENEFIT_TRAN,SETTLE_RATE,VARCHAR,SETTLE_RATE 항목,IAS_BENEFIT_TRAN 테이블,N
IAS,IAS_BENEFIT_TRAN,USER_SAVED_POINT,VARCHAR,USER_SAVED_POINT 항목,IAS_BENEFIT_TRAN 테이블,N
IAS,IAS_BENEFIT_TRAN,CARD_SAVED_POINT,VARCHAR,CARD_SAVED_POINT 항목,IAS_BENEFIT_TRAN 테이블,N
IAS,IAS_BENEFIT_TRAN,ORG_DISCOUNT_AMT,BIGINT,ORG_DISCOUNT_AMT (금액),IAS_BENEFIT_TRAN 테이블,N
IAS,IAS_BENEFIT_TRAN,ORG_DISCOUNT_RATE,VARCHAR,ORG_DISCOUNT_RATE 항목,IAS_BENEFIT_TRAN 테이블,N
IAS,IAS_BENEFIT_TRAN,DCT_CONTRACT_ID,VARCHAR,DCT_CONTRACT_ID (식별자),IAS_BENEFIT_TRAN 테이블,N
IAS,IAS_BENEFIT_TRAN,DEDUCT_DCT_LIMIT,VARCHAR,DEDUCT_DCT_LIMIT 항목,IAS_BENEFIT_TRAN 테이블,N
IAS,IAS_BENEFIT_TRAN,POINT_TYPE,VARCHAR,POINT_TYPE 항목,IAS_BENEFIT_TRAN 테이블,N
IAS,IAS_BENEFIT_TRAN,ACQUIRER_SALE_LIMIT,VARCHAR,ACQUIRER_SALE_LIMIT 항목,IAS_BENEFIT_TRAN 테이블,N
IAS,IAS_BENEFIT_TRAN,DISCOUNT_RESULT,VARCHAR,DISCOUNT_RESULT 항목,IAS_BENEFIT_TRAN 테이블,N
IAS,IAS_BENEFIT_TRAN,INCLUDE_PREV_CONDITION,VARCHAR,INCLUDE_PREV_CONDITION 항목,IAS_BENEFIT_TRAN 테이블,N
IAS,IAS_BENEFIT_TRAN,MC_BUAMT_LMT_AMT_INCL_YN,CHAR,MC_BUAMT_LMT_AMT_INCL_YN (여부),IAS_BENEFIT_TRAN 테이블,N
IAS,IAS_BENEFIT_TRAN,PACQ_CLR_TYPE_CD,VARCHAR,PACQ_CLR_TYPE_CD (코드),IAS_BENEFIT_TRAN 테이블,N
IAS,IAS_BUSAN_PAY,SEQ,VARCHAR,SEQ 항목,IAS_BUSAN_PAY 테이블,N
IAS,IAS_BUSAN_PAY,PAR,VARCHAR,PAR 항목,IAS_BUSAN_PAY 테이블,N
IAS,IAS_BUSAN_PAY,NR_NUMBER,VARCHAR,NR_NUMBER 항목,IAS_BUSAN_PAY 테이블,N
IAS,IAS_BUSAN_PAY,GRM_CD,VARCHAR,GRM_CD (코드),IAS_BUSAN_PAY 테이블,N
IAS,IAS_BUSAN_PAY,GRM_NO,BIGINT,GRM_NO (번호),IAS_BUSAN_PAY 테이블,N
IAS,IAS_BUSAN_PAY,TRS_DT,TIMESTAMP,TRS_DT (일자),IAS_BUSAN_PAY 테이블,N
IAS,IAS_BUSAN_PAY,TRS_TM,VARCHAR,TRS_TM 항목,IAS_BUSAN_PAY 테이블,N
IAS,IAS_BUSAN_PAY,RPC,VARCHAR,RPC 항목,IAS_BUSAN_PAY 테이블,N
IAS,IAS_BUSAN_PAY,LP_APR_DT,TIMESTAMP,LP_APR_DT (일자),IAS_BUSAN_PAY 테이블,N
IAS,IAS_BUSAN_PAY,LP_APR_NO,BIGINT,LP_APR_NO (번호),IAS_BUSAN_PAY 테이블,N
IAS,IAS_BUSAN_PAY,CI,VARCHAR,CI 항목,IAS_BUSAN_PAY 테이블,N
IAS,IAS_BUSAN_PAY,AK_AM,VARCHAR,AK_AM 항목,IAS_BUSAN_PAY 테이블,N
IAS,IAS_BUSAN_PAY,RN_AM,VARCHAR,RN_AM 항목,IAS_BUSAN_PAY 테이블,N
IAS,IAS_BUSAN_PAY,MC_NM,VARCHAR,MC_NM (명),IAS_BUSAN_PAY 테이블,N
IAS,IAS_BUSAN_PAY,MC_CAT,VARCHAR,MC_CAT 항목,IAS_BUSAN_PAY 테이블,N
IAS,IAS_BUSAN_PAY,ORI_TRS_DT,TIMESTAMP,ORI_TRS_DT (일자),IAS_BUSAN_PAY 테이블,N
IAS,IAS_BUSAN_PAY,ORI_GRM_NO,BIGINT,ORI_GRM_NO (번호),IAS_BUSAN_PAY 테이블,N
IAS,IAS_BUSAN_PAY,MER_NO,BIGINT,MER_NO (번호),IAS_BUSAN_PAY 테이블,N
IAS,IAS_BUSAN_PAY,MER_BIZ_NO,BIGINT,MER_BIZ_NO (번호),IAS_BUSAN_PAY 테이블,N
IAS,IAS_BUSAN_PAY,RAK_AM,VARCHAR,RAK_AM 항목,IAS_BUSAN_PAY 테이블,N
IAS,IAS_BUSAN_PAY,DIC_AM,VARCHAR,DIC_AM 항목,IAS_BUSAN_PAY 테이블,N
IAS,IAS_BUSAN_PAY,CARD_APR_NO,BIGINT,CARD_APR_NO (번호),IAS_BUSAN_PAY 테이블,N
IAS,IAS_BUSAN_PAY,MER_GB,VARCHAR,MER_GB 항목,IAS_BUSAN_PAY 테이블,N
IAS,IAS_BUSAN_PAY,TAXI_FG,VARCHAR,TAXI_FG 항목,IAS_BUSAN_PAY 테이블,N
IAS,IAS_BUSAN_PAY,EXTERNAL_APPROVE_TYPE,VARCHAR,EXTERNAL_APPROVE_TYPE 항목,IAS_BUSAN_PAY 테이블,N
IAS,IAS_CARD_DISCOUNT_AMT_M,DISCOUNT_YM,VARCHAR,DISCOUNT_YM 항목,IAS_CARD_DISCOUNT_AMT_M 테이블,N
IAS,IAS_CARD_DISCOUNT_AMT_M,PAR,VARCHAR,PAR 항목,IAS_CARD_DISCOUNT_AMT_M 테이블,N
IAS,IAS_CARD_DISCOUNT_AMT_M,TR_TYPE,VARCHAR,TR_TYPE 항목,IAS_CARD_DISCOUNT_AMT_M 테이블,N
IAS,IAS_CARD_DISCOUNT_AMT_M,USED_AMT,BIGINT,USED_AMT (금액),IAS_CARD_DISCOUNT_AMT_M 테이블,N
IAS,IAS_CARD_DISCOUNT_AMT_M,USED_COUNT,VARCHAR,USED_COUNT 항목,IAS_CARD_DISCOUNT_AMT_M 테이블,N
IAS,IAS_CARD_LASTTX,PAR,VARCHAR,PAR 항목,IAS_CARD_LASTTX 테이블,N
IAS,IAS_CARD_LASTTX,user_id,VARCHAR,user_id (식별자),IAS_CARD_LASTTX 테이블,N
IAS,IAS_CARD_LASTTX,EXPIRE_DATE,TIMESTAMP,EXPIRE_DATE 항목,IAS_CARD_LASTTX 테이블,N
IAS,IAS_CARD_LASTTX,CARD_SVC_ID,VARCHAR,CARD_SVC_ID (식별자),IAS_CARD_LASTTX 테이블,N
IAS,IAS_CARD_LASTTX,ISSUER_ID,VARCHAR,ISSUER_ID (식별자),IAS_CARD_LASTTX 테이블,N
IAS,IAS_CARD_LASTTX,CARD_STATUS,VARCHAR,CARD_STATUS 항목,IAS_CARD_LASTTX 테이블,N
IAS,IAS_CARD_LASTTX,OLD_CARD_STATUS,VARCHAR,OLD_CARD_STATUS 항목,IAS_CARD_LASTTX 테이블,N
IAS,IAS_CARD_LASTTX,CARD_BLC,VARCHAR,CARD_BLC 항목,IAS_CARD_LASTTX 테이블,N
IAS,IAS_CARD_LASTTX,CARD_BLC_BEFORE,VARCHAR,CARD_BLC_BEFORE 항목,IAS_CARD_LASTTX 테이블,N
IAS,IAS_CARD_LASTTX,FST_LOADED_AMT,BIGINT,FST_LOADED_AMT (금액),IAS_CARD_LASTTX 테이블,N
IAS,IAS_CARD_LASTTX,FST_LOADED_BLC,VARCHAR,FST_LOADED_BLC 항목,IAS_CARD_LASTTX 테이블,N
IAS,IAS_CARD_LASTTX,REFUND_AMT,BIGINT,REFUND_AMT (금액),IAS_CARD_LASTTX 테이블,N
IAS,IAS_CARD_LASTTX,REFUND_BLC,VARCHAR,REFUND_BLC 항목,IAS_CARD_LASTTX 테이블,N
IAS,IAS_CARD_LASTTX,APPROVAL_DATE,TIMESTAMP,APPROVAL_DATE 항목,IAS_CARD_LASTTX 테이블,N
IAS,IAS_CARD_LASTTX,APPROVAL_TIME,VARCHAR,APPROVAL_TIME 항목,IAS_CARD_LASTTX 테이블,N
IAS,IAS_CARD_LASTTX,TR_TYPE,VARCHAR,TR_TYPE 항목,IAS_CARD_LASTTX 테이블,N
IAS,IAS_CARD_LASTTX,TR_AMT,BIGINT,TR_AMT (금액),IAS_CARD_LASTTX 테이블,N
IAS,IAS_CARD_LASTTX,CHANGE_REASON,VARCHAR,CHANGE_REASON 항목,IAS_CARD_LASTTX 테이블,N
IAS,IAS_CARD_LASTTX,LST_RECHARGED_AMT,BIGINT,LST_RECHARGED_AMT (금액),IAS_CARD_LASTTX 테이블,N
IAS,IAS_CARD_LASTTX,LST_RECHARGED_BLC,VARCHAR,LST_RECHARGED_BLC 항목,IAS_CARD_LASTTX 테이블,N
IAS,IAS_CARD_LASTTX,PREPAID_TYPE,VARCHAR,PREPAID_TYPE 항목,IAS_CARD_LASTTX 테이블,N
IAS,IAS_CARD_LASTTX,BIZ_STATUS,VARCHAR,BIZ_STATUS 항목,IAS_CARD_LASTTX 테이블,N
IAS,IAS_CARD_LASTTX,BATCH_ID,VARCHAR,BATCH_ID (식별자),IAS_CARD_LASTTX 테이블,N
IAS,IAS_CARD_LASTTX,EXPIRE_DAY,VARCHAR,EXPIRE_DAY 항목,IAS_CARD_LASTTX 테이블,N
IAS,IAS_CARD_LASTTX,RECHARGE_CNT,BIGINT,RECHARGE_CNT (건수),IAS_CARD_LASTTX 테이블,N
IAS,IAS_CARD_LASTTX,PAYMENT_CNT,BIGINT,PAYMENT_CNT (건수),IAS_CARD_LASTTX 테이블,N
IAS,IAS_CARD_LASTTX,REFUND_CNT,BIGINT,REFUND_CNT (건수),IAS_CARD_LASTTX 테이블,N
IAS,IAS_CARD_LASTTX,REFUNDABLE_DATE,TIMESTAMP,REFUNDABLE_DATE 항목,IAS_CARD_LASTTX 테이블,N
IAS,IAS_CARD_LASTTX,REFUND_STATUS,VARCHAR,REFUND_STATUS 항목,IAS_CARD_LASTTX 테이블,N
IAS,IAS_CARD_LASTTX,ASP_ID,VARCHAR,ASP_ID (식별자),IAS_CARD_LASTTX 테이블,N
IAS,IAS_CARD_LASTTX,OWNER,VARCHAR,OWNER 항목,IAS_CARD_LASTTX 테이블,N
IAS,IAS_CARD_LASTTX,OWNER_PAR,VARCHAR,OWNER_PAR 항목,IAS_CARD_LASTTX 테이블,N
IAS,IAS_CARD_LASTTX,PAY_DISCOUNT_AMT,BIGINT,PAY_DISCOUNT_AMT (금액),IAS_CARD_LASTTX 테이블,N
IAS,IAS_CARD_LASTTX,PAY_DISCOUNT_CNT,BIGINT,PAY_DISCOUNT_CNT (건수),IAS_CARD_LASTTX 테이블,N
IAS,IAS_CARD_LASTTX,RCG_DISCOUNT_AMT,BIGINT,RCG_DISCOUNT_AMT (금액),IAS_CARD_LASTTX 테이블,N
IAS,IAS_CARD_LASTTX,RCG_DISCOUNT_CNT,BIGINT,RCG_DISCOUNT_CNT (건수),IAS_CARD_LASTTX 테이블,N
IAS,IAS_CARD_LASTTX,LST_REFUND_NR_NUMBER,VARCHAR,LST_REFUND_NR_NUMBER 항목,IAS_CARD_LASTTX 테이블,N
IAS,IAS_CARD_LASTTX,KONA_PAY_DISCOUNT_AMT,BIGINT,KONA_PAY_DISCOUNT_AMT (금액),IAS_CARD_LASTTX 테이블,N
IAS,IAS_CARD_LASTTX,KONA_PAY_DISCOUNT_CNT,BIGINT,KONA_PAY_DISCOUNT_CNT (건수),IAS_CARD_LASTTX 테이블,N
IAS,IAS_CARD_LASTTX,FST_PAY_NRNUMBER,VARCHAR,FST_PAY_NRNUMBER 항목,IAS_CARD_LASTTX 테이블,N
IAS,IAS_CARD_LASTTX,ACC_TRANSFER_STATUS,VARCHAR,ACC_TRANSFER_STATUS 항목,IAS_CARD_LASTTX 테이블,N
IAS,IAS_CARD_LASTTX,LST_ACC_TRANSFER_NR_NUMBER,VARCHAR,LST_ACC_TRANSFER_NR_NUMBER 항목,IAS_CARD_LASTTX 테이블,N
IAS,IAS_CARD_LASTTX,REFUND_CHECK_BLC,VARCHAR,REFUND_CHECK_BLC 항목,IAS_CARD_LASTTX 테이블,N
IAS,IAS_CARD_LASTTX,KONA_PAY_POINT_AMT,BIGINT,KONA_PAY_POINT_AMT (금액),IAS_CARD_LASTTX 테이블,N
IAS,IAS_CARD_LASTTX,KONA_PAY_POINT_CNT,BIGINT,KONA_PAY_POINT_CNT (건수),IAS_CARD_LASTTX 테이블,N
IAS,IAS_CARD_LASTTX,PAY_POINT_AMT,BIGINT,PAY_POINT_AMT (금액),IAS_CARD_LASTTX 테이블,N
IAS,IAS_CARD_LASTTX,PAY_POINT_CNT,BIGINT,PAY_POINT_CNT (건수),IAS_CARD_LASTTX 테이블,N
IAS,IAS_CARD_LASTTX,REASON_SUB_TYPE,VARCHAR,REASON_SUB_TYPE 항목,IAS_CARD_LASTTX 테이블,N
IAS,IAS_CARD_LASTTX,OWNER_DCT_AMT,BIGINT,OWNER_DCT_AMT (금액),IAS_CARD_LASTTX 테이블,N
IAS,IAS_CARD_LASTTX,OWNER_TR_AMT,BIGINT,OWNER_TR_AMT (금액),IAS_CARD_LASTTX 테이블,N
IAS,IAS_CARD_LASTTX,DELAYED_AMT,BIGINT,DELAYED_AMT (금액),IAS_CARD_LASTTX 테이블,N
IAS,IAS_CARD_LASTTX,HOLDING_AMT,BIGINT,HOLDING_AMT (금액),IAS_CARD_LASTTX 테이블,N
IAS,IAS_CARD_PAN,PAN,VARCHAR,PAN 항목,IAS_CARD_PAN 테이블,N
IAS,IAS_CARD_PAN,DELETED_YN,CHAR,DELETED_YN (여부),IAS_CARD_PAN 테이블,N
IAS,IAS_CARD_PAN,PAR,VARCHAR,PAR 항목,IAS_CARD_PAN 테이블,N
IAS,IAS_CARD_PAN,EXPIRE_DATE,TIMESTAMP,EXPIRE_DATE 항목,IAS_CARD_PAN 테이블,N
IAS,IAS_CARD_PAN,EXPIRE_YEAR,VARCHAR,EXPIRE_YEAR 항목,IAS_CARD_PAN 테이블,N
IAS,IAS_CARD_PAN,PSN,VARCHAR,PSN 항목,IAS_CARD_PAN 테이블,N
IAS,IAS_COMPLEX_TRAN,APPROVAL_DATE,TIMESTAMP,APPROVAL_DATE 항목,IAS_COMPLEX_TRAN 테이블,N
IAS,IAS_COMPLEX_TRAN,NR_NUMBER,VARCHAR,NR_NUMBER 항목,IAS_COMPLEX_TRAN 테이블,N
IAS,IAS_COMPLEX_TRAN,PAR,VARCHAR,PAR 항목,IAS_COMPLEX_TRAN 테이블,N
IAS,IAS_COMPLEX_TRAN,PRIORITY,VARCHAR,PRIORITY 항목,IAS_COMPLEX_TRAN 테이블,N
IAS,IAS_COMPLEX_TRAN,COMPLEX_TYPE,VARCHAR,COMPLEX_TYPE 항목,IAS_COMPLEX_TRAN 테이블,N
IAS,IAS_COMPLEX_TRAN,COMPLEX_SUB_TYPE,VARCHAR,COMPLEX_SUB_TYPE 항목,IAS_COMPLEX_TRAN 테이블,N
IAS,IAS_COMPLEX_TRAN,COMPLEX_KEY,VARCHAR,COMPLEX_KEY 항목,IAS_COMPLEX_TRAN 테이블,N
IAS,IAS_COMPLEX_TRAN,TR_AMT,BIGINT,TR_AMT (금액),IAS_COMPLEX_TRAN 테이블,N
IAS,IAS_COMPLEX_TRAN,AMT,BIGINT,AMT (금액),IAS_COMPLEX_TRAN 테이블,N
IAS,IAS_COMPLEX_TRAN,CANCEL_TR_AMT,BIGINT,CANCEL_TR_AMT (금액),IAS_COMPLEX_TRAN 테이블,N
IAS,IAS_COMPLEX_TRAN,INCLUDE_PREV_CONDITION,VARCHAR,INCLUDE_PREV_CONDITION 항목,IAS_COMPLEX_TRAN 테이블,N
IAS,IAS_COMPLEX_TRAN,EXP_AMT,BIGINT,EXP_AMT (금액),IAS_COMPLEX_TRAN 테이블,N
IAS,ias_contract_dct_amt,CONTRACT_ID,VARCHAR,CONTRACT_ID (식별자),ias_contract_dct_amt 테이블,N
IAS,ias_contract_dct_amt,USED_AMT,BIGINT,USED_AMT (금액),ias_contract_dct_amt 테이블,N
IAS,ias_contract_dct_amt,USED_COUNT,VARCHAR,USED_COUNT 항목,ias_contract_dct_amt 테이블,N
IAS,IAS_DISCOUNT_AMT,PAR,VARCHAR,PAR 항목,IAS_DISCOUNT_AMT 테이블,N
IAS,IAS_DISCOUNT_AMT,DISCOUNT_TYPE,VARCHAR,DISCOUNT_TYPE 항목,IAS_DISCOUNT_AMT 테이블,N
IAS,IAS_DISCOUNT_AMT,DISCOUNT_SEQ,VARCHAR,DISCOUNT_SEQ 항목,IAS_DISCOUNT_AMT 테이블,N
IAS,IAS_DISCOUNT_AMT,DISCOUNT_SUB_TYPE,VARCHAR,DISCOUNT_SUB_TYPE 항목,IAS_DISCOUNT_AMT 테이블,N
IAS,IAS_DISCOUNT_AMT,USED_AMT,BIGINT,USED_AMT (금액),IAS_DISCOUNT_AMT 테이블,N
IAS,IAS_DISCOUNT_AMT,USED_COUNT,VARCHAR,USED_COUNT 항목,IAS_DISCOUNT_AMT 테이블,N
IAS,IAS_DISCOUNT_AMT_D,PAR,VARCHAR,PAR 항목,IAS_DISCOUNT_AMT_D 테이블,N
IAS,IAS_DISCOUNT_AMT_D,DISCOUNT_YMD,VARCHAR,DISCOUNT_YMD 항목,IAS_DISCOUNT_AMT_D 테이블,N
IAS,IAS_DISCOUNT_AMT_D,DISCOUNT_TYPE,VARCHAR,DISCOUNT_TYPE 항목,IAS_DISCOUNT_AMT_D 테이블,N
IAS,IAS_DISCOUNT_AMT_D,DISCOUNT_SEQ,VARCHAR,DISCOUNT_SEQ 항목,IAS_DISCOUNT_AMT_D 테이블,N
IAS,IAS_DISCOUNT_AMT_D,USED_AMT,BIGINT,USED_AMT (금액),IAS_DISCOUNT_AMT_D 테이블,N
IAS,IAS_DISCOUNT_AMT_D,USED_COUNT,VARCHAR,USED_COUNT 항목,IAS_DISCOUNT_AMT_D 테이블,N
IAS,IAS_DISCOUNT_AMT_D,DISCOUNT_SUB_TYPE,VARCHAR,DISCOUNT_SUB_TYPE 항목,IAS_DISCOUNT_AMT_D 테이블,N
IAS,IAS_DISCOUNT_AMT_M,PAR,VARCHAR,PAR 항목,IAS_DISCOUNT_AMT_M 테이블,N
IAS,IAS_DISCOUNT_AMT_M,DISCOUNT_YM,VARCHAR,DISCOUNT_YM 항목,IAS_DISCOUNT_AMT_M 테이블,N
IAS,IAS_DISCOUNT_AMT_M,DISCOUNT_TYPE,VARCHAR,DISCOUNT_TYPE 항목,IAS_DISCOUNT_AMT_M 테이블,N
IAS,IAS_DISCOUNT_AMT_M,DISCOUNT_SEQ,VARCHAR,DISCOUNT_SEQ 항목,IAS_DISCOUNT_AMT_M 테이블,N
IAS,IAS_DISCOUNT_AMT_M,USED_AMT,BIGINT,USED_AMT (금액),IAS_DISCOUNT_AMT_M 테이블,N
IAS,IAS_DISCOUNT_AMT_M,USED_COUNT,VARCHAR,USED_COUNT 항목,IAS_DISCOUNT_AMT_M 테이블,N
IAS,IAS_DISCOUNT_AMT_M,DISCOUNT_SUB_TYPE,VARCHAR,DISCOUNT_SUB_TYPE 항목,IAS_DISCOUNT_AMT_M 테이블,N
IAS,ias_info,KEY1,VARCHAR,KEY1 항목,ias_info 테이블,N
IAS,ias_info,KEY2,VARCHAR,KEY2 항목,ias_info 테이블,N
IAS,ias_info,KEY3,VARCHAR,KEY3 항목,ias_info 테이블,N
IAS,ias_info,VALUE1,VARCHAR,VALUE1 항목,ias_info 테이블,N
IAS,ias_info,VALUE2,VARCHAR,VALUE2 항목,ias_info 테이블,N
IAS,ias_info,VALUE3,VARCHAR,VALUE3 항목,ias_info 테이블,N
IAS,IAS_KONA_DCT_AMT_D,DISCOUNT_YMD,VARCHAR,DISCOUNT_YMD 항목,IAS_KONA_DCT_AMT_D 테이블,N
IAS,IAS_KONA_DCT_AMT_D,PAR,VARCHAR,PAR 항목,IAS_KONA_DCT_AMT_D 테이블,N
IAS,IAS_KONA_DCT_AMT_D,USED_AMT,BIGINT,USED_AMT (금액),IAS_KONA_DCT_AMT_D 테이블,N
IAS,IAS_KONA_DCT_AMT_D,USED_COUNT,VARCHAR,USED_COUNT 항목,IAS_KONA_DCT_AMT_D 테이블,N
IAS,IAS_KONA_DCT_AMT_D,POINT_AMT,BIGINT,POINT_AMT (금액),IAS_KONA_DCT_AMT_D 테이블,N
IAS,IAS_KONA_DCT_AMT_D,POINT_COUNT,VARCHAR,POINT_COUNT 항목,IAS_KONA_DCT_AMT_D 테이블,N
IAS,IAS_KONA_DCT_AMT_M,DISCOUNT_YM,VARCHAR,DISCOUNT_YM 항목,IAS_KONA_DCT_AMT_M 테이블,N
IAS,IAS_KONA_DCT_AMT_M,PAR,VARCHAR,PAR 항목,IAS_KONA_DCT_AMT_M 테이블,N
IAS,IAS_KONA_DCT_AMT_M,USED_AMT,BIGINT,USED_AMT (금액),IAS_KONA_DCT_AMT_M 테이블,N
IAS,IAS_KONA_DCT_AMT_M,USED_COUNT,VARCHAR,USED_COUNT 항목,IAS_KONA_DCT_AMT_M 테이블,N
IAS,IAS_KONA_DCT_AMT_M,POINT_AMT,BIGINT,POINT_AMT (금액),IAS_KONA_DCT_AMT_M 테이블,N
IAS,IAS_KONA_DCT_AMT_M,POINT_COUNT,VARCHAR,POINT_COUNT 항목,IAS_KONA_DCT_AMT_M 테이블,N
IAS,IAS_MERCHANT_AMT_RULE,APPROVAL_DATE,TIMESTAMP,APPROVAL_DATE 항목,IAS_MERCHANT_AMT_RULE 테이블,N
IAS,IAS_MERCHANT_AMT_RULE,ASP_ID,VARCHAR,ASP_ID (식별자),IAS_MERCHANT_AMT_RULE 테이블,N
IAS,IAS_MERCHANT_AMT_RULE,MERCHANT_ID,VARCHAR,MERCHANT_ID (식별자),IAS_MERCHANT_AMT_RULE 테이블,N
IAS,IAS_MERCHANT_AMT_RULE,CNT,BIGINT,CNT (건수),IAS_MERCHANT_AMT_RULE 테이블,N
IAS,IAS_MERCHANT_AMT_RULE,AMT,BIGINT,AMT (금액),IAS_MERCHANT_AMT_RULE 테이블,N
IAS,IAS_OVRS_TR_DTLS,NR_NO,BIGINT,NR_NO (번호),IAS_OVRS_TR_DTLS 테이블,N
IAS,IAS_OVRS_TR_DTLS,APV_DT,TIMESTAMP,APV_DT (일자),IAS_OVRS_TR_DTLS 테이블,N
IAS,IAS_OVRS_TR_DTLS,PAR_NO,BIGINT,PAR_NO (번호),IAS_OVRS_TR_DTLS 테이블,N
IAS,IAS_OVRS_TR_DTLS,PCS_CD,VARCHAR,PCS_CD (코드),IAS_OVRS_TR_DTLS 테이블,N
IAS,IAS_OVRS_TR_DTLS,ACQR_PCS_CD,VARCHAR,ACQR_PCS_CD (코드),IAS_OVRS_TR_DTLS 테이블,N
IAS,IAS_OVRS_TR_DTLS,MC_NM,VARCHAR,MC_NM (명),IAS_OVRS_TR_DTLS 테이블,N
IAS,IAS_OVRS_TR_DTLS,BZTP_CD,VARCHAR,BZTP_CD (코드),IAS_OVRS_TR_DTLS 테이블,N
IAS,IAS_OVRS_TR_DTLS,NAT_DV_NO,BIGINT,NAT_DV_NO (번호),IAS_OVRS_TR_DTLS 테이블,N
IAS,IAS_OVRS_TR_DTLS,NAT_CD,VARCHAR,NAT_CD (코드),IAS_OVRS_TR_DTLS 테이블,N
IAS,IAS_OVRS_TR_DTLS,TR_CUR_CD,VARCHAR,TR_CUR_CD (코드),IAS_OVRS_TR_DTLS 테이블,N
IAS,IAS_OVRS_TR_DTLS,STLM_CUR_CD,VARCHAR,STLM_CUR_CD (코드),IAS_OVRS_TR_DTLS 테이블,N
IAS,IAS_OVRS_TR_DTLS,ACPL_TR_AMT,BIGINT,ACPL_TR_AMT (금액),IAS_OVRS_TR_DTLS 테이블,N
IAS,IAS_OVRS_TR_DTLS,USD_DEFRAY_AMT,BIGINT,USD_DEFRAY_AMT (금액),IAS_OVRS_TR_DTLS 테이블,N
IAS,IAS_OVRS_TR_DTLS,USD_TR_AMT,BIGINT,USD_TR_AMT (금액),IAS_OVRS_TR_DTLS 테이블,N
IAS,IAS_OVRS_TR_DTLS,USD_U_FEE,VARCHAR,USD_U_FEE 항목,IAS_OVRS_TR_DTLS 테이블,N
IAS,IAS_OVRS_TR_DTLS,USD_STLM_FEE,VARCHAR,USD_STLM_FEE 항목,IAS_OVRS_TR_DTLS 테이블,N
IAS,IAS_OVRS_TR_DTLS,WC_DEFRAY_AMT,BIGINT,WC_DEFRAY_AMT (금액),IAS_OVRS_TR_DTLS 테이블,N
IAS,IAS_OVRS_TR_DTLS,WC_TR_AMT,BIGINT,WC_TR_AMT (금액),IAS_OVRS_TR_DTLS 테이블,N
IAS,IAS_OVRS_TR_DTLS,WC_U_FEE,VARCHAR,WC_U_FEE 항목,IAS_OVRS_TR_DTLS 테이블,N
IAS,IAS_OVRS_TR_DTLS,WC_STLM_FEE,VARCHAR,WC_STLM_FEE 항목,IAS_OVRS_TR_DTLS 테이블,N
IAS,IAS_OVRS_TR_DTLS,TLTP_SELL_EXRT,VARCHAR,TLTP_SELL_EXRT 항목,IAS_OVRS_TR_DTLS 테이블,N
IAS,IAS_OVRS_TR_DTLS,TLTP_SELL_EXRT_NTFC_DT,TIMESTAMP,TLTP_SELL_EXRT_NTFC_DT (일자),IAS_OVRS_TR_DTLS 테이블,N
IAS,IAS_OVRS_TR_DTLS,TLTP_SELL_EXRT_NTFC_TMRD,VARCHAR,TLTP_SELL_EXRT_NTFC_TMRD 항목,IAS_OVRS_TR_DTLS 테이블,N
IAS,IAS_OVRS_TR_DTLS,TRAN_ID,VARCHAR,TRAN_ID (식별자),IAS_OVRS_TR_DTLS 테이블,N
IAS,IAS_OVRS_TR_DTLS,DPSTS_DV_CD,VARCHAR,DPSTS_DV_CD (코드),IAS_OVRS_TR_DTLS 테이블,N
IAS,IAS_OVRS_TR_DTLS,POS_INS_TYPE_CD,VARCHAR,POS_INS_TYPE_CD (코드),IAS_OVRS_TR_DTLS 테이블,N
IAS,IAS_OVRS_TR_DTLS,TMN_ID,VARCHAR,TMN_ID (식별자),IAS_OVRS_TR_DTLS 테이블,N
IAS,IAS_OVRS_TR_DTLS,MC_ID,VARCHAR,MC_ID (식별자),IAS_OVRS_TR_DTLS 테이블,N
IAS,IAS_OVRS_TR_DTLS,ACQR_ID,VARCHAR,ACQR_ID (식별자),IAS_OVRS_TR_DTLS 테이블,N
IAS,IAS_OVRS_TR_DTLS,ACPL_CUR_DECPNT_LENG,VARCHAR,ACPL_CUR_DECPNT_LENG 항목,IAS_OVRS_TR_DTLS 테이블,N
IAS,IAS_OVRS_TR_DTLS,DEAL_CRRT,VARCHAR,DEAL_CRRT 항목,IAS_OVRS_TR_DTLS 테이블,N
IAS,IAS_OVRS_TR_DTLS,FEE_DC_AMT,BIGINT,FEE_DC_AMT (금액),IAS_OVRS_TR_DTLS 테이블,N
IAS,IAS_OVRS_TR_DTLS,FEE_DC_APY_YN,CHAR,FEE_DC_APY_YN (여부),IAS_OVRS_TR_DTLS 테이블,N
IAS,IAS_OVRS_TR_DTLS,FEE_EXMP_AMT,BIGINT,FEE_EXMP_AMT (금액),IAS_OVRS_TR_DTLS 테이블,N
IAS,IAS_OVRS_TR_DTLS,EXRT_PRIM_AMT,BIGINT,EXRT_PRIM_AMT (금액),IAS_OVRS_TR_DTLS 테이블,N
IAS,IAS_PAY_AMT_D,TR_DATE,TIMESTAMP,TR_DATE 항목,IAS_PAY_AMT_D 테이블,N
IAS,IAS_PAY_AMT_D,PAR,VARCHAR,PAR 항목,IAS_PAY_AMT_D 테이블,N
IAS,IAS_PAY_AMT_D,USED_AMT,BIGINT,USED_AMT (금액),IAS_PAY_AMT_D 테이블,N
IAS,IAS_PAY_AMT_D,ORG_AMT,BIGINT,ORG_AMT (금액),IAS_PAY_AMT_D 테이블,N
IAS,IAS_PAY_AMT_D,TR_AMT,BIGINT,TR_AMT (금액),IAS_PAY_AMT_D 테이블,N
IAS,IAS_PAY_AMT_D,POINT_AMT,BIGINT,POINT_AMT (금액),IAS_PAY_AMT_D 테이블,N
IAS,IAS_PAY_AMT_M,TR_YM,VARCHAR,TR_YM 항목,IAS_PAY_AMT_M 테이블,N
IAS,IAS_PAY_AMT_M,PAR,VARCHAR,PAR 항목,IAS_PAY_AMT_M 테이블,N
IAS,IAS_PAY_AMT_M,USED_AMT,BIGINT,USED_AMT (금액),IAS_PAY_AMT_M 테이블,N
IAS,IAS_PAY_AMT_M,PERF_AMT,BIGINT,PERF_AMT (금액),IAS_PAY_AMT_M 테이블,N
IAS,IAS_PAY_AMT_M,ORG_AMT,BIGINT,ORG_AMT (금액),IAS_PAY_AMT_M 테이블,N
IAS,IAS_PAY_AMT_M,TR_AMT,BIGINT,TR_AMT (금액),IAS_PAY_AMT_M 테이블,N
IAS,IAS_PAY_AMT_M,POINT_AMT,BIGINT,POINT_AMT (금액),IAS_PAY_AMT_M 테이블,N
IAS,IAS_RCG_AMT_M,TR_YM,VARCHAR,TR_YM 항목,IAS_RCG_AMT_M 테이블,N
IAS,IAS_RCG_AMT_M,PAR,VARCHAR,PAR 항목,IAS_RCG_AMT_M 테이블,N
IAS,IAS_RCG_AMT_M,SUM_AMT,BIGINT,SUM_AMT (금액),IAS_RCG_AMT_M 테이블,N
IAS,IAS_REFUND,NR_NUMBER,VARCHAR,NR_NUMBER 항목,IAS_REFUND 테이블,N
IAS,IAS_REFUND,PAR,VARCHAR,PAR 항목,IAS_REFUND 테이블,N
IAS,IAS_REFUND,EXPIRE_DATE,TIMESTAMP,EXPIRE_DATE 항목,IAS_REFUND 테이블,N
IAS,IAS_REFUND,CARD_SVC_ID,VARCHAR,CARD_SVC_ID (식별자),IAS_REFUND 테이블,N
IAS,IAS_REFUND,ISSUER_ID,VARCHAR,ISSUER_ID (식별자),IAS_REFUND 테이블,N
IAS,IAS_REFUND,REQ_DT,TIMESTAMP,REQ_DT (일자),IAS_REFUND 테이블,N
IAS,IAS_REFUND,REFUND_RESULT,VARCHAR,REFUND_RESULT 항목,IAS_REFUND 테이블,N
IAS,IAS_REFUND,BAL,VARCHAR,BAL 항목,IAS_REFUND 테이블,N
IAS,IAS_REFUND,REFUND_BAL,VARCHAR,REFUND_BAL 항목,IAS_REFUND 테이블,N
IAS,IAS_REFUND,TR_DATE,TIMESTAMP,TR_DATE 항목,IAS_REFUND 테이블,N
IAS,IAS_REFUND,BANK_CD,VARCHAR,BANK_CD (코드),IAS_REFUND 테이블,N
IAS,IAS_REFUND,BANK_ERROR_CD,VARCHAR,BANK_ERROR_CD (코드),IAS_REFUND 테이블,N
IAS,IAS_REFUND,CLEAR_DATE,TIMESTAMP,CLEAR_DATE 항목,IAS_REFUND 테이블,N
IAS,IAS_REFUND,SETTLE_DATE,TIMESTAMP,SETTLE_DATE 항목,IAS_REFUND 테이블,N
IAS,IAS_REFUND,USER_ID,VARCHAR,USER_ID (식별자),IAS_REFUND 테이블,N
IAS,IAS_REFUND,EXPIRE_YEAR,VARCHAR,EXPIRE_YEAR 항목,IAS_REFUND 테이블,N
IAS,IAS_REFUND,FEE,VARCHAR,FEE 항목,IAS_REFUND 테이블,N
IAS,IAS_REFUND,REFUND_TYPE,VARCHAR,REFUND_TYPE 항목,IAS_REFUND 테이블,N
IAS,IAS_REFUND,REFUND_DEDUCT,VARCHAR,REFUND_DEDUCT 항목,IAS_REFUND 테이블,N
IAS,IAS_REP_MERCHANT_AMT,REP_MERCHANT_ID,VARCHAR,REP_MERCHANT_ID (식별자),IAS_REP_MERCHANT_AMT 테이블,N
IAS,IAS_REP_MERCHANT_AMT,USED_AMT,BIGINT,USED_AMT (금액),IAS_REP_MERCHANT_AMT 테이블,N
IAS,IAS_REP_MERCHANT_AMT,ASP_ID,VARCHAR,ASP_ID (식별자),IAS_REP_MERCHANT_AMT 테이블,N
IAS,IAS_REP_MERCHANT_AMT,DELETED_CARD_AMT,BIGINT,DELETED_CARD_AMT (금액),IAS_REP_MERCHANT_AMT 테이블,N
IAS,IAS_REP_MERCHANT_TMN,DEPOSIT_MCT_ID,VARCHAR,DEPOSIT_MCT_ID (식별자),IAS_REP_MERCHANT_TMN 테이블,N
IAS,IAS_REP_MERCHANT_TMN,PAR,VARCHAR,PAR 항목,IAS_REP_MERCHANT_TMN 테이블,N
IAS,IAS_REP_MERCHANT_TMN,ASP_ID,VARCHAR,ASP_ID (식별자),IAS_REP_MERCHANT_TMN 테이블,N
IAS,IAS_REP_MERCHANT_TMN,CARD_BLC,VARCHAR,CARD_BLC 항목,IAS_REP_MERCHANT_TMN 테이블,N
IAS,IAS_REP_MERCHANT_TMN,FST_NR_NUMBER,VARCHAR,FST_NR_NUMBER 항목,IAS_REP_MERCHANT_TMN 테이블,N
IAS,IAS_TRANSACTION,APPROVAL_DATE,TIMESTAMP,APPROVAL_DATE 항목,IAS_TRANSACTION 테이블,N
IAS,IAS_TRANSACTION,NR_NUMBER,VARCHAR,NR_NUMBER 항목,IAS_TRANSACTION 테이블,N
IAS,IAS_TRANSACTION,PAR,VARCHAR,PAR 항목,IAS_TRANSACTION 테이블,N
IAS,IAS_TRANSACTION,EXPIRE_DATE,TIMESTAMP,EXPIRE_DATE 항목,IAS_TRANSACTION 테이블,N
IAS,IAS_TRANSACTION,ISSUER_ID,VARCHAR,ISSUER_ID (식별자),IAS_TRANSACTION 테이블,N
IAS,IAS_TRANSACTION,CARD_BLC,VARCHAR,CARD_BLC 항목,IAS_TRANSACTION 테이블,N
IAS,IAS_TRANSACTION,CARD_BLC_BEFORE,VARCHAR,CARD_BLC_BEFORE 항목,IAS_TRANSACTION 테이블,N
IAS,IAS_TRANSACTION,TR_TYPE,VARCHAR,TR_TYPE 항목,IAS_TRANSACTION 테이블,N
IAS,IAS_TRANSACTION,MERCHANT_ID,VARCHAR,MERCHANT_ID (식별자),IAS_TRANSACTION 테이블,N
IAS,IAS_TRANSACTION,ACQUIRER_ID,VARCHAR,ACQUIRER_ID (식별자),IAS_TRANSACTION 테이블,N
IAS,IAS_TRANSACTION,TR_AMT,BIGINT,TR_AMT (금액),IAS_TRANSACTION 테이블,N
IAS,IAS_TRANSACTION,TRANS_DT,TIMESTAMP,TRANS_DT (일자),IAS_TRANSACTION 테이블,N
IAS,IAS_TRANSACTION,STAN,VARCHAR,STAN 항목,IAS_TRANSACTION 테이블,N
IAS,IAS_TRANSACTION,APPROVAL_TIME,VARCHAR,APPROVAL_TIME 항목,IAS_TRANSACTION 테이블,N
IAS,IAS_TRANSACTION,APPROVAL_CODE,VARCHAR,APPROVAL_CODE 항목,IAS_TRANSACTION 테이블,N
IAS,IAS_TRANSACTION,SETTLE_DATE,TIMESTAMP,SETTLE_DATE 항목,IAS_TRANSACTION 테이블,N
IAS,IAS_TRANSACTION,RESPONSE_CODE,VARCHAR,RESPONSE_CODE 항목,IAS_TRANSACTION 테이블,N
IAS,IAS_TRANSACTION,MTI,VARCHAR,MTI 항목,IAS_TRANSACTION 테이블,N
IAS,IAS_TRANSACTION,PROCESSING_CODE,VARCHAR,PROCESSING_CODE 항목,IAS_TRANSACTION 테이블,N
IAS,IAS_TRANSACTION,PREPAID_TYPE,VARCHAR,PREPAID_TYPE 항목,IAS_TRANSACTION 테이블,N
IAS,IAS_TRANSACTION,REVERSAL_STATUS,VARCHAR,REVERSAL_STATUS 항목,IAS_TRANSACTION 테이블,N
IAS,IAS_TRANSACTION,ACCOUNT_ID1,VARCHAR,ACCOUNT_ID1 항목,IAS_TRANSACTION 테이블,N
IAS,IAS_TRANSACTION,MERCHANT_NM,VARCHAR,MERCHANT_NM (명),IAS_TRANSACTION 테이블,N
IAS,IAS_TRANSACTION,ORG_NR_NUMBER,VARCHAR,ORG_NR_NUMBER 항목,IAS_TRANSACTION 테이블,N
IAS,IAS_TRANSACTION,CARD_SVC_ID,VARCHAR,CARD_SVC_ID (식별자),IAS_TRANSACTION 테이블,N
IAS,IAS_TRANSACTION,SETTLE_RATE,VARCHAR,SETTLE_RATE 항목,IAS_TRANSACTION 테이블,N
IAS,IAS_TRANSACTION,ORG_AMT,BIGINT,ORG_AMT (금액),IAS_TRANSACTION 테이블,N
IAS,IAS_TRANSACTION,SETTLE_AMT,BIGINT,SETTLE_AMT (금액),IAS_TRANSACTION 테이블,N
IAS,IAS_TRANSACTION,TOKEN,VARCHAR,TOKEN 항목,IAS_TRANSACTION 테이블,N
IAS,IAS_TRANSACTION,CLIENT_DATE,TIMESTAMP,CLIENT_DATE 항목,IAS_TRANSACTION 테이블,N
IAS,IAS_TRANSACTION,DISCOUNT_AMT,BIGINT,DISCOUNT_AMT (금액),IAS_TRANSACTION 테이블,N
IAS,IAS_TRANSACTION,CANCEL_ORG_AMT,BIGINT,CANCEL_ORG_AMT (금액),IAS_TRANSACTION 테이블,N
IAS,IAS_TRANSACTION,FEE,VARCHAR,FEE 항목,IAS_TRANSACTION 테이블,N
IAS,IAS_TRANSACTION,FEE_SUPPLY,VARCHAR,FEE_SUPPLY 항목,IAS_TRANSACTION 테이블,N
IAS,IAS_TRANSACTION,EXPIRE_FEE,VARCHAR,EXPIRE_FEE 항목,IAS_TRANSACTION 테이블,N
IAS,IAS_TRANSACTION,EXPIRE_SUPPLY_FEE,VARCHAR,EXPIRE_SUPPLY_FEE 항목,IAS_TRANSACTION 테이블,N
IAS,IAS_TRANSACTION,EXPIRE_VAT,VARCHAR,EXPIRE_VAT 항목,IAS_TRANSACTION 테이블,N
IAS,IAS_TRANSACTION,FEE_VAT,VARCHAR,FEE_VAT 항목,IAS_TRANSACTION 테이블,N
IAS,IAS_TRANSACTION,RCG_TYPE,VARCHAR,RCG_TYPE 항목,IAS_TRANSACTION 테이블,N
IAS,IAS_TRANSACTION,CARD_TYPE,VARCHAR,CARD_TYPE 항목,IAS_TRANSACTION 테이블,N
IAS,IAS_TRANSACTION,REFUND_DISCOUNT_AMT,BIGINT,REFUND_DISCOUNT_AMT (금액),IAS_TRANSACTION 테이블,N
IAS,IAS_TRANSACTION,TR_PROCESSING_CODE,VARCHAR,TR_PROCESSING_CODE 항목,IAS_TRANSACTION 테이블,N
IAS,IAS_TRANSACTION,TARGET_PAR,VARCHAR,TARGET_PAR 항목,IAS_TRANSACTION 테이블,N
IAS,IAS_TRANSACTION,TARGET_CARD_SVC_ID,VARCHAR,TARGET_CARD_SVC_ID (식별자),IAS_TRANSACTION 테이블,N
IAS,IAS_TRANSACTION,REFUNDABLE_DATE,TIMESTAMP,REFUNDABLE_DATE 항목,IAS_TRANSACTION 테이블,N
IAS,IAS_TRANSACTION,ASP_ID,VARCHAR,ASP_ID (식별자),IAS_TRANSACTION 테이블,N
IAS,IAS_TRANSACTION,TR_VAT,VARCHAR,TR_VAT 항목,IAS_TRANSACTION 테이블,N
IAS,IAS_TRANSACTION,TR_SUPPLY,VARCHAR,TR_SUPPLY 항목,IAS_TRANSACTION 테이블,N
IAS,IAS_TRANSACTION,TR_TIPS,VARCHAR,TR_TIPS 항목,IAS_TRANSACTION 테이블,N
IAS,IAS_TRANSACTION,NAMED_YN,CHAR,NAMED_YN (여부),IAS_TRANSACTION 테이블,N
IAS,IAS_TRANSACTION,APPROVAL_CODE_SEQ,VARCHAR,APPROVAL_CODE_SEQ 항목,IAS_TRANSACTION 테이블,N
IAS,IAS_TRANSACTION,PARTNER_ID,VARCHAR,PARTNER_ID (식별자),IAS_TRANSACTION 테이블,N
IAS,IAS_TRANSACTION,PARTNER_SEQ,VARCHAR,PARTNER_SEQ 항목,IAS_TRANSACTION 테이블,N
IAS,IAS_TRANSACTION,ACQUIRER_SEQ,VARCHAR,ACQUIRER_SEQ 항목,IAS_TRANSACTION 테이블,N
IAS,IAS_TRANSACTION,POS_ENTRY_MODE,VARCHAR,POS_ENTRY_MODE 항목,IAS_TRANSACTION 테이블,N
IAS,IAS_TRANSACTION,MP_ID,VARCHAR,MP_ID (식별자),IAS_TRANSACTION 테이블,N
IAS,IAS_TRANSACTION,PARENT_MCT_ID,VARCHAR,PARENT_MCT_ID (식별자),IAS_TRANSACTION 테이블,N
IAS,IAS_TRANSACTION,ACQUIRER_AUTH_CODE,VARCHAR,ACQUIRER_AUTH_CODE 항목,IAS_TRANSACTION 테이블,N
IAS,IAS_TRANSACTION,ACQUIRER_TYPE,VARCHAR,ACQUIRER_TYPE 항목,IAS_TRANSACTION 테이블,N
IAS,IAS_TRANSACTION,TERMINAL_ID,VARCHAR,TERMINAL_ID (식별자),IAS_TRANSACTION 테이블,N
IAS,IAS_TRANSACTION,DISCOUNT_TYPE,VARCHAR,DISCOUNT_TYPE 항목,IAS_TRANSACTION 테이블,N
IAS,IAS_TRANSACTION,DISCOUNT_SEQ,VARCHAR,DISCOUNT_SEQ 항목,IAS_TRANSACTION 테이블,N
IAS,IAS_TRANSACTION,PCANCEL_ORG_AMT,BIGINT,PCANCEL_ORG_AMT (금액),IAS_TRANSACTION 테이블,N
IAS,IAS_TRANSACTION,PCANCEL_SETTLE_AMT,BIGINT,PCANCEL_SETTLE_AMT (금액),IAS_TRANSACTION 테이블,N
IAS,IAS_TRANSACTION,DISCOUNT_RESULT,VARCHAR,DISCOUNT_RESULT 항목,IAS_TRANSACTION 테이블,N
IAS,IAS_TRANSACTION,DCT_CONTRACT_ID,VARCHAR,DCT_CONTRACT_ID (식별자),IAS_TRANSACTION 테이블,N
IAS,IAS_TRANSACTION,ORG_DISCOUNT_AMT,BIGINT,ORG_DISCOUNT_AMT (금액),IAS_TRANSACTION 테이블,N
IAS,IAS_TRANSACTION,ORG_DISCOUNT_RATE,VARCHAR,ORG_DISCOUNT_RATE 항목,IAS_TRANSACTION 테이블,N
IAS,IAS_TRANSACTION,ACQUIRER_SALE_LIMIT,VARCHAR,ACQUIRER_SALE_LIMIT 항목,IAS_TRANSACTION 테이블,N
IAS,IAS_TRANSACTION,USER_ID,VARCHAR,USER_ID (식별자),IAS_TRANSACTION 테이블,N
IAS,IAS_TRANSACTION,DEDUCT_DCT_LIMIT,VARCHAR,DEDUCT_DCT_LIMIT 항목,IAS_TRANSACTION 테이블,N
IAS,IAS_TRANSACTION,HIST_DEL_YN,CHAR,HIST_DEL_YN (여부),IAS_TRANSACTION 테이블,N
IAS,IAS_TRANSACTION,RCG_TR_NO,BIGINT,RCG_TR_NO (번호),IAS_TRANSACTION 테이블,N
IAS,IAS_TRANSACTION,ADVICE_REASON_CODE,VARCHAR,ADVICE_REASON_CODE 항목,IAS_TRANSACTION 테이블,N
IAS,IAS_TRANSACTION,DEPOSIT_MCT_ID,VARCHAR,DEPOSIT_MCT_ID (식별자),IAS_TRANSACTION 테이블,N
IAS,IAS_TRANSACTION,DISCOUNT_SUB_TYPE,VARCHAR,DISCOUNT_SUB_TYPE 항목,IAS_TRANSACTION 테이블,N
IAS,IAS_TRANSACTION,USER_USED_POINT,VARCHAR,USER_USED_POINT 항목,IAS_TRANSACTION 테이블,N
IAS,IAS_TRANSACTION,CARD_USED_POINT,VARCHAR,CARD_USED_POINT 항목,IAS_TRANSACTION 테이블,N
IAS,IAS_TRANSACTION,USER_USED_TR_POINT,VARCHAR,USER_USED_TR_POINT 항목,IAS_TRANSACTION 테이블,N
IAS,IAS_TRANSACTION,CARD_USED_TR_POINT,VARCHAR,CARD_USED_TR_POINT 항목,IAS_TRANSACTION 테이블,N
IAS,IAS_TRANSACTION,USER_SAVED_POINT,VARCHAR,USER_SAVED_POINT 항목,IAS_TRANSACTION 테이블,N
IAS,IAS_TRANSACTION,CARD_SAVED_POINT,VARCHAR,CARD_SAVED_POINT 항목,IAS_TRANSACTION 테이블,N
IAS,IAS_TRANSACTION,INCLUDE_PREV_CONDITION,VARCHAR,INCLUDE_PREV_CONDITION 항목,IAS_TRANSACTION 테이블,N
IAS,IAS_TRANSACTION,TR_SUB_STATUS,VARCHAR,TR_SUB_STATUS 항목,IAS_TRANSACTION 테이블,N
IAS,IAS_TRANSACTION,COUPON_ID,VARCHAR,COUPON_ID (식별자),IAS_TRANSACTION 테이블,N
IAS,IAS_TRANSACTION,COUPON_NO,BIGINT,COUPON_NO (번호),IAS_TRANSACTION 테이블,N
IAS,IAS_TRANSACTION,PCANCEL_DISCOUNT_AMT,BIGINT,PCANCEL_DISCOUNT_AMT (금액),IAS_TRANSACTION 테이블,N
IAS,IAS_TRANSACTION,REFUND_POINT,VARCHAR,REFUND_POINT 항목,IAS_TRANSACTION 테이블,N
IAS,IAS_TRANSACTION,BIZ_STATUS,VARCHAR,BIZ_STATUS 항목,IAS_TRANSACTION 테이블,N
IAS,IAS_TRANSACTION,POINT_POLICY_ID,VARCHAR,POINT_POLICY_ID (식별자),IAS_TRANSACTION 테이블,N
IAS,IAS_TRANSACTION,USED_POINT_POLICY_ID,VARCHAR,USED_POINT_POLICY_ID (식별자),IAS_TRANSACTION 테이블,N
IAS,IAS_TRANSACTION,POINT_TYPE,VARCHAR,POINT_TYPE 항목,IAS_TRANSACTION 테이블,N
IAS,IAS_TRANSACTION,USED_POINT_TYPE,VARCHAR,USED_POINT_TYPE 항목,IAS_TRANSACTION 테이블,N
IAS,IAS_TRANSACTION,POINT_POLICY_TYPE,VARCHAR,POINT_POLICY_TYPE 항목,IAS_TRANSACTION 테이블,N
IAS,IAS_TRANSACTION,TR_MERCHANT_ID,VARCHAR,TR_MERCHANT_ID (식별자),IAS_TRANSACTION 테이블,N
IAS,IAS_TRANSACTION,ACQUIRER_MERCHANT_TYPE,VARCHAR,ACQUIRER_MERCHANT_TYPE 항목,IAS_TRANSACTION 테이블,N
IAS,IAS_TRANSACTION,FAIL_CODE,VARCHAR,FAIL_CODE 항목,IAS_TRANSACTION 테이블,N
IAS,IAS_TRANSACTION,PAYMENT_POLICY_TYPE,VARCHAR,PAYMENT_POLICY_TYPE 항목,IAS_TRANSACTION 테이블,N
IAS,IAS_TRANSACTION,PAYMENT_BANK_NAME,VARCHAR,PAYMENT_BANK_NAME 항목,IAS_TRANSACTION 테이블,N
IAS,IAS_TRANSACTION,PAYMENT_BANK_ACCOUNT_NO,BIGINT,PAYMENT_BANK_ACCOUNT_NO (번호),IAS_TRANSACTION 테이블,N
IAS,IAS_TRANSACTION,AUDIT_ID,VARCHAR,AUDIT_ID (식별자),IAS_TRANSACTION 테이블,N
IAS,IAS_TRANSACTION,OWNER_KA,VARCHAR,OWNER_KA 항목,IAS_TRANSACTION 테이블,N
IAS,IAS_TRANSACTION,EXP_AMT,BIGINT,EXP_AMT (금액),IAS_TRANSACTION 테이블,N
IAS,IAS_TRANSACTION,EXP_TR_AMT,BIGINT,EXP_TR_AMT (금액),IAS_TRANSACTION 테이블,N
IAS,IAS_TRANSACTION,EXP_POINT_AMT,BIGINT,EXP_POINT_AMT (금액),IAS_TRANSACTION 테이블,N
IAS,IAS_TRANSACTION,TR_PAR,VARCHAR,TR_PAR 항목,IAS_TRANSACTION 테이블,N
IAS,IAS_TRANSACTION,TR_TOKEN,VARCHAR,TR_TOKEN 항목,IAS_TRANSACTION 테이블,N
IAS,IAS_TRANSACTION,LINKED_PAR,VARCHAR,LINKED_PAR 항목,IAS_TRANSACTION 테이블,N
IAS,IAS_TRANSACTION,FEE_SHR_KA_ID,VARCHAR,FEE_SHR_KA_ID (식별자),IAS_TRANSACTION 테이블,N
IAS,IAS_TRANSACTION,MKTN_FEE,VARCHAR,MKTN_FEE 항목,IAS_TRANSACTION 테이블,N
IAS,IAS_TRANSACTION,MKTN_FEE_PLCY_SNO,BIGINT,MKTN_FEE_PLCY_SNO (번호),IAS_TRANSACTION 테이블,N
IAS,IAS_TRANSACTION,ACN_DEFRAY_AMT,BIGINT,ACN_DEFRAY_AMT (금액),IAS_TRANSACTION 테이블,N
IBF,IBF_BYKA_CRD,BYKA_CRD_SNO,BIGINT,BYKA_CRD_SNO (번호),IBF_BYKA_CRD 테이블,N
IBF,IBF_BYKA_CRD,IBF_ORDR_SNO,BIGINT,IBF_ORDR_SNO (번호),IBF_BYKA_CRD 테이블,N
IBF,IBF_BYKA_CRD,KA_ID,VARCHAR,KA_ID (식별자),IBF_BYKA_CRD 테이블,N
IBF,IBF_BYKA_CRD,PAR_NO,BIGINT,PAR_NO (번호),IBF_BYKA_CRD 테이블,N
IBF,IBF_BYKA_CRD,SVC_ID,VARCHAR,SVC_ID (식별자),IBF_BYKA_CRD 테이블,N
IBF,IBF_BYKA_CRD,CRD_TAK_YN,CHAR,CRD_TAK_YN (여부),IBF_BYKA_CRD 테이블,N
IBF,IBF_BYKA_CRD,MGMT_ITM_DV_NM,VARCHAR,MGMT_ITM_DV_NM (명),IBF_BYKA_CRD 테이블,N
IBF,IBF_EXRT,IBF_EXRT_SNO,BIGINT,IBF_EXRT_SNO (번호),IBF_EXRT 테이블,N
IBF,IBF_EXRT,CUR_CD,VARCHAR,CUR_CD (코드),IBF_EXRT 테이블,N
IBF,IBF_EXRT,APY_EXRT,VARCHAR,APY_EXRT 항목,IBF_EXRT 테이블,N
KBC,KBC_WPTL_CRD_CASH,WPTL_PRD_NO,BIGINT,WPTL_PRD_NO (번호),KBC_WPTL_CRD_CASH 테이블,N
KBC,KBC_WPTL_CRD_CASH,CRD_CASH_ID,VARCHAR,CRD_CASH_ID (식별자),KBC_WPTL_CRD_CASH 테이블,N
KBC,KBC_WPTL_CRD_CASH,CRD_CASH_NM,VARCHAR,CRD_CASH_NM (명),KBC_WPTL_CRD_CASH 테이블,N
KBC,KBC_WPTL_CRD_CASH,CRD_CASH_DV_CD,VARCHAR,CRD_CASH_DV_CD (코드),KBC_WPTL_CRD_CASH 테이블,N
KBC,KBC_WPTL_CRD_CASH,BZTP_GRANT_GRP_ID,VARCHAR,BZTP_GRANT_GRP_ID (식별자),KBC_WPTL_CRD_CASH 테이블,N
KBC,KBC_WPTL_CRD_CASH,BZTP_BLOCK_GRP_ID,VARCHAR,BZTP_BLOCK_GRP_ID (식별자),KBC_WPTL_CRD_CASH 테이블,N
KBC,KBC_WPTL_CRD_CASH,CRD_CASH_PV_ID,VARCHAR,CRD_CASH_PV_ID (식별자),KBC_WPTL_CRD_CASH 테이블,N
KBC,KBC_WPTL_CRD_ORDR,WPTL_CRD_ORDR_NO,BIGINT,WPTL_CRD_ORDR_NO (번호),KBC_WPTL_CRD_ORDR 테이블,N
KBC,KBC_WPTL_CRD_ORDR,WPTL_ENTP_NO,BIGINT,WPTL_ENTP_NO (번호),KBC_WPTL_CRD_ORDR 테이블,N
KBC,KBC_WPTL_CRD_ORDR,WPTL_PRD_NO,BIGINT,WPTL_PRD_NO (번호),KBC_WPTL_CRD_ORDR 테이블,N
KBC,KBC_WPTL_CRD_ORDR,WPTL_CRD_ORDR_ST_CD,VARCHAR,WPTL_CRD_ORDR_ST_CD (코드),KBC_WPTL_CRD_ORDR 테이블,N
KBC,KBC_WPTL_CRD_ORDR,APL_QTY,BIGINT,APL_QTY 항목,KBC_WPTL_CRD_ORDR 테이블,N
KBC,KBC_WPTL_CRD_ORDR,TAKL_ADDR,VARCHAR,TAKL_ADDR 항목,KBC_WPTL_CRD_ORDR 테이블,N
KBC,KBC_WPTL_CRD_ORDR,PRD_SLL_UPRC,VARCHAR,PRD_SLL_UPRC 항목,KBC_WPTL_CRD_ORDR 테이블,N
KBC,KBC_WPTL_CRD_ORDR,ORDR_AMT,BIGINT,ORDR_AMT (금액),KBC_WPTL_CRD_ORDR 테이블,N
KBC,KBC_WPTL_CRD_ORDR,DLVM,VARCHAR,DLVM 항목,KBC_WPTL_CRD_ORDR 테이블,N
KBC,KBC_WPTL_CRD_ORDR,STLM_TOT_AMT,BIGINT,STLM_TOT_AMT (금액),KBC_WPTL_CRD_ORDR 테이블,N
KBC,KBC_WPTL_CRD_ORDR,STLM_MTHD_CD,VARCHAR,STLM_MTHD_CD (코드),KBC_WPTL_CRD_ORDR 테이블,N
KBC,KBC_WPTL_CRD_ORDR,TX_SOA_PBL_YN,CHAR,TX_SOA_PBL_YN (여부),KBC_WPTL_CRD_ORDR 테이블,N
KBC,KBC_WPTL_CRD_ORDR,PSRC_NM,VARCHAR,PSRC_NM (명),KBC_WPTL_CRD_ORDR 테이블,N
KBC,KBC_WPTL_CRD_ORDR,TX_SOA_PBL_ST_YN,CHAR,TX_SOA_PBL_ST_YN (여부),KBC_WPTL_CRD_ORDR 테이블,N
KBC,KBC_WPTL_CRD_ORDR,ORDR_NO,BIGINT,ORDR_NO (번호),KBC_WPTL_CRD_ORDR 테이블,N
KBC,KBC_WPTL_CRD_ORDR,CRD_DSG_TYPE_CD,VARCHAR,CRD_DSG_TYPE_CD (코드),KBC_WPTL_CRD_ORDR 테이블,N
KBC,KBC_WPTL_CRD_ORDR,PMON_STLM_LMT_AMT,BIGINT,PMON_STLM_LMT_AMT (금액),KBC_WPTL_CRD_ORDR 테이블,N
KBC,KBC_WPTL_CRD_ORDR,BYDT_STLM_LMT_AMT,BIGINT,BYDT_STLM_LMT_AMT (금액),KBC_WPTL_CRD_ORDR 테이블,N
KBC,KBC_WPTL_CRD_ORDR,ONCE_STLM_LMT_AMT,BIGINT,ONCE_STLM_LMT_AMT (금액),KBC_WPTL_CRD_ORDR 테이블,N
KBC,KBC_WPTL_ENTP,WPTL_ENTP_NO,BIGINT,WPTL_ENTP_NO (번호),KBC_WPTL_ENTP 테이블,N
KBC,KBC_WPTL_ENTP,ASP_ID,VARCHAR,ASP_ID (식별자),KBC_WPTL_ENTP 테이블,N
KBC,KBC_WPTL_ENTP,KA_ID,VARCHAR,KA_ID (식별자),KBC_WPTL_ENTP 테이블,N
KBC,KBC_WPTL_ENTP,WPTL_ENTP_ST_CD,VARCHAR,WPTL_ENTP_ST_CD (코드),KBC_WPTL_ENTP 테이블,N
KBC,KBC_WPTL_ENTP,ENTP_NM,VARCHAR,ENTP_NM (명),KBC_WPTL_ENTP 테이블,N
KBC,KBC_WPTL_ENTP,PSNL_CORP_BZNM_DV_CD,VARCHAR,PSNL_CORP_BZNM_DV_CD (코드),KBC_WPTL_ENTP 테이블,N
KBC,KBC_WPTL_ENTP,BZCT_NM,VARCHAR,BZCT_NM (명),KBC_WPTL_ENTP 테이블,N
KBC,KBC_WPTL_ENTP,ITEM_NM,VARCHAR,ITEM_NM (명),KBC_WPTL_ENTP 테이블,N
KBC,KBC_WPTL_ENTP,ADDR,VARCHAR,ADDR 항목,KBC_WPTL_ENTP 테이블,N
KBC,KBC_WPTL_ENTP,CORP_REGNO,BIGINT,CORP_REGNO (번호),KBC_WPTL_ENTP 테이블,N
KBC,KBC_WPTL_ENTP,REPP_BIRTH_DT,TIMESTAMP,REPP_BIRTH_DT (일자),KBC_WPTL_ENTP 테이블,N
KBC,KBC_WPTL_ENTP,REPP_NLTY_CD,VARCHAR,REPP_NLTY_CD (코드),KBC_WPTL_ENTP 테이블,N
KBC,KBC_WPTL_ENTP,BANK_CD,VARCHAR,BANK_CD (코드),KBC_WPTL_ENTP 테이블,N
KBC,KBC_WPTL_ENTP,BANK_NM,VARCHAR,BANK_NM (명),KBC_WPTL_ENTP 테이블,N
KBC,KBC_WPTL_ENTP,BZNO,BIGINT,BZNO (번호),KBC_WPTL_ENTP 테이블,N
KBC,KBC_WPTL_ENTP,APRV_WPTL_USER_NO,BIGINT,APRV_WPTL_USER_NO (번호),KBC_WPTL_ENTP 테이블,N
KBC,KBC_WPTL_ENTP,RJ_RSN_CD,VARCHAR,RJ_RSN_CD (코드),KBC_WPTL_ENTP 테이블,N
KBC,KBC_WPTL_ENTP,RJ_RSN_CN,VARCHAR,RJ_RSN_CN (내용),KBC_WPTL_ENTP 테이블,N
KBC,KBC_WPTL_ENTP,CON_SNO,BIGINT,CON_SNO (번호),KBC_WPTL_ENTP 테이블,N
KBC,KBC_WPTL_ENTP,REPP_ZIP_CD,VARCHAR,REPP_ZIP_CD (코드),KBC_WPTL_ENTP 테이블,N
KBC,KBC_WPTL_ENTP,REPP_SEX_CD,VARCHAR,REPP_SEX_CD (코드),KBC_WPTL_ENTP 테이블,N
KBC,KBC_WPTL_ENTP,ZIP_CD,VARCHAR,ZIP_CD (코드),KBC_WPTL_ENTP 테이블,N
KBC,KBC_WPTL_ENTP,REPP_ADDR,VARCHAR,REPP_ADDR 항목,KBC_WPTL_ENTP 테이블,N
KBC,KBC_WPTL_PRD,WPTL_PRD_NO,BIGINT,WPTL_PRD_NO (번호),KBC_WPTL_PRD 테이블,N
KBC,KBC_WPTL_PRD,PRD_ID,VARCHAR,PRD_ID (식별자),KBC_WPTL_PRD 테이블,N
KBC,KBC_WPTL_PRD,PRD_SNO,BIGINT,PRD_SNO (번호),KBC_WPTL_PRD 테이블,N
KBC,KBC_WPTL_PRD,WPTL_PRD_ST_CD,VARCHAR,WPTL_PRD_ST_CD (코드),KBC_WPTL_PRD 테이블,N
KBC,KBC_WPTL_PRD,PRD_NM,VARCHAR,PRD_NM (명),KBC_WPTL_PRD 테이블,N
KBC,KBC_WPTL_PRD,WPTL_PRD_TYPE_CD,VARCHAR,WPTL_PRD_TYPE_CD (코드),KBC_WPTL_PRD 테이블,N
KBC,KBC_WPTL_PRD,PRD_SLL_UPRC,VARCHAR,PRD_SLL_UPRC 항목,KBC_WPTL_PRD 테이블,N
KBC,KBC_WPTL_PRD,WPTL_PRD_CRD_TYPE_CD,VARCHAR,WPTL_PRD_CRD_TYPE_CD (코드),KBC_WPTL_PRD 테이블,N
KBC,KBC_WPTL_PRD,WPTL_CRD_DSG_TYPE_CD,VARCHAR,WPTL_CRD_DSG_TYPE_CD (코드),KBC_WPTL_PRD 테이블,N
KBC,KBC_WPTL_PRD,WPTL_BSC_DSG_TPL_NO,BIGINT,WPTL_BSC_DSG_TPL_NO (번호),KBC_WPTL_PRD 테이블,N
KBC,KBC_WPTL_PRD,WPTL_CSTZ_CRD_DSG_NO,BIGINT,WPTL_CSTZ_CRD_DSG_NO (번호),KBC_WPTL_PRD 테이블,N
KBC,KBC_WPTL_PRD,WPTL_CRD_ADN_FNC_AC_YN,CHAR,WPTL_CRD_ADN_FNC_AC_YN (여부),KBC_WPTL_PRD 테이블,N
KBC,KBC_WPTL_PRD,WPTL_CRD_ADN_FNC_TC_YN,CHAR,WPTL_CRD_ADN_FNC_TC_YN (여부),KBC_WPTL_PRD 테이블,N
KBC,KBC_WPTL_PRD,WPTL_USER_NO,BIGINT,WPTL_USER_NO (번호),KBC_WPTL_PRD 테이블,N
KBC,KBC_WPTL_PRD,WPTL_ENTP_NO,BIGINT,WPTL_ENTP_NO (번호),KBC_WPTL_PRD 테이블,N
KBC,KBC_WPTL_PRD,WLPO_CRD_NM_WRTE_TYPE_CD,VARCHAR,WLPO_CRD_NM_WRTE_TYPE_CD (코드),KBC_WPTL_PRD 테이블,N
KBC,KBC_WPTL_PRD,WLPO_CORP_ENM,VARCHAR,WLPO_CORP_ENM (명),KBC_WPTL_PRD 테이블,N
KBC,KBC_WPTL_PRD,LMT_OVR_NFCT_YN,CHAR,LMT_OVR_NFCT_YN (여부),KBC_WPTL_PRD 테이블,N
KBC,KBC_WPTL_PRD,MB_RLTG_CRD_DV_CD,VARCHAR,MB_RLTG_CRD_DV_CD (코드),KBC_WPTL_PRD 테이블,N
KBC,KBC_WPTL_PRD,MM_USE_LMT_AMT,BIGINT,MM_USE_LMT_AMT (금액),KBC_WPTL_PRD 테이블,N
KBC,KBC_WPTL_PRD,RC_ID,VARCHAR,RC_ID (식별자),KBC_WPTL_PRD 테이블,N
KBC,KBC_WPTL_RCG,WPTL_RCG_NO,BIGINT,WPTL_RCG_NO (번호),KBC_WPTL_RCG 테이블,N
KBC,KBC_WPTL_RCG,RCG_ID,VARCHAR,RCG_ID (식별자),KBC_WPTL_RCG 테이블,N
KBC,KBC_WPTL_RCG,WPTL_ENTP_NO,BIGINT,WPTL_ENTP_NO (번호),KBC_WPTL_RCG 테이블,N
KBC,KBC_WPTL_RCG,WPTL_RCG_ST_CD,VARCHAR,WPTL_RCG_ST_CD (코드),KBC_WPTL_RCG 테이블,N
KCPS,COUPON_ACQUIRER_MAPPING,ASP_ID,VARCHAR,ASP_ID (식별자),COUPON_ACQUIRER_MAPPING 테이블,N
KCPS,COUPON_ACQUIRER_MAPPING,COUPON_ID,VARCHAR,COUPON_ID (식별자),COUPON_ACQUIRER_MAPPING 테이블,N
KCPS,COUPON_ACQUIRER_MAPPING,ACQUIRER_ID,VARCHAR,ACQUIRER_ID (식별자),COUPON_ACQUIRER_MAPPING 테이블,N
KCPS,COUPON_GROUP_INFO,ASP_ID,VARCHAR,ASP_ID (식별자),COUPON_GROUP_INFO 테이블,N
KCPS,COUPON_GROUP_INFO,GROUP_ID,VARCHAR,GROUP_ID (식별자),COUPON_GROUP_INFO 테이블,N
KCPS,COUPON_GROUP_INFO,ALLOCATE_CYCLE_TYPE,VARCHAR,ALLOCATE_CYCLE_TYPE 항목,COUPON_GROUP_INFO 테이블,N
KCPS,COUPON_GROUP_INFO,NAME,VARCHAR,NAME 항목,COUPON_GROUP_INFO 테이블,N
KCPS,COUPON_GROUP_INFO,DESTINATION,VARCHAR,DESTINATION 항목,COUPON_GROUP_INFO 테이블,N
KCPS,COUPON_GROUPING,ASP_ID,VARCHAR,ASP_ID (식별자),COUPON_GROUPING 테이블,N
KCPS,COUPON_GROUPING,COUPON_ID,VARCHAR,COUPON_ID (식별자),COUPON_GROUPING 테이블,N
KCPS,COUPON_GROUPING,GROUP_ID,VARCHAR,GROUP_ID (식별자),COUPON_GROUPING 테이블,N
KCPS,COUPON_GROUPING,USER_ALLOCATE_COUNT,VARCHAR,USER_ALLOCATE_COUNT 항목,COUPON_GROUPING 테이블,N
KCPS,CUSTOM_POLICY,COUPON_ID,VARCHAR,COUPON_ID (식별자),CUSTOM_POLICY 테이블,N
KCPS,CUSTOM_POLICY,ASP_ID,VARCHAR,ASP_ID (식별자),CUSTOM_POLICY 테이블,N
KCPS,CUSTOM_POLICY,MAX_LIMIT_VALUE,VARCHAR,MAX_LIMIT_VALUE 항목,CUSTOM_POLICY 테이블,N
KCPS,CUSTOM_POLICY,MIN_LIMIT_VALUE,VARCHAR,MIN_LIMIT_VALUE 항목,CUSTOM_POLICY 테이블,N
KCPS,KCON_ISU,KCON_ID,VARCHAR,KCON_ID (식별자),KCON_ISU 테이블,N
KCPS,KCON_ISU,KCON_NO,BIGINT,KCON_NO (번호),KCON_ISU 테이블,N
KCPS,KCON_ISU,MBR_ID,VARCHAR,MBR_ID (식별자),KCON_ISU 테이블,N
KCPS,KCON_ISU,KCON_TR_ID,VARCHAR,KCON_TR_ID (식별자),KCON_ISU 테이블,N
KCPS,KCON_ISU,FCVAL,VARCHAR,FCVAL 항목,KCON_ISU 테이블,N
KCPS,KCON_ISU,BALA,VARCHAR,BALA 항목,KCON_ISU 테이블,N
KCPS,KCON_ISU,VL_PRID_EXN_DT,TIMESTAMP,VL_PRID_EXN_DT (일자),KCON_ISU 테이블,N
KCPS,KCON_ISU,VL_PRID_EXTS_YN,CHAR,VL_PRID_EXTS_YN (여부),KCON_ISU 테이블,N
KCPS,KCON_ISU,KCON_ST_CD,VARCHAR,KCON_ST_CD (코드),KCON_ISU 테이블,N
KCPS,KCON_ISU,KCON_DTL_ST_CD,VARCHAR,KCON_DTL_ST_CD (코드),KCON_ISU 테이블,N
KCPS,KCON_ISU,OUTS_TR_NO,BIGINT,OUTS_TR_NO (번호),KCON_ISU 테이블,N
KCPS,KCON_PBLS_PRD_PLCY,PBLS_PRD_ID,VARCHAR,PBLS_PRD_ID (식별자),KCON_PBLS_PRD_PLCY 테이블,N
KCPS,KCON_PBLS_PRD_PLCY,OUTS_PBLS_DV_CD,VARCHAR,OUTS_PBLS_DV_CD (코드),KCON_PBLS_PRD_PLCY 테이블,N
KCPS,KCON_PBLS_PRD_PLCY,PBLS_BRAN_ID,VARCHAR,PBLS_BRAN_ID (식별자),KCON_PBLS_PRD_PLCY 테이블,N
KCPS,KCON_PBLS_PRD_PLCY,BRAN_NM,VARCHAR,BRAN_NM (명),KCON_PBLS_PRD_PLCY 테이블,N
KCPS,KCON_PBLS_PRD_PLCY,PRD_NM,VARCHAR,PRD_NM (명),KCON_PBLS_PRD_PLCY 테이블,N
KCPS,KCON_PBLS_PRD_PLCY,FCVAL,VARCHAR,FCVAL 항목,KCON_PBLS_PRD_PLCY 테이블,N
KCPS,KCON_PBLS_PRD_PLCY,SLPC,VARCHAR,SLPC 항목,KCON_PBLS_PRD_PLCY 테이블,N
KCPS,KCON_PBLS_PRD_PLCY,SPRC,VARCHAR,SPRC 항목,KCON_PBLS_PRD_PLCY 테이블,N
KCPS,KCON_PBLS_PRD_PLCY,VL_PRID_DCNT,BIGINT,VL_PRID_DCNT (건수),KCON_PBLS_PRD_PLCY 테이블,N
KCPS,KCON_PBLS_PRD_PLCY,TXN_YN,CHAR,TXN_YN (여부),KCON_PBLS_PRD_PLCY 테이블,N
KCPS,KCON_PBLS_PRD_PLCY,VAT_INCL_YN,CHAR,VAT_INCL_YN (여부),KCON_PBLS_PRD_PLCY 테이블,N
KCPS,KCON_PBLS_PRD_PLCY,SLL_PSBL_YN,CHAR,SLL_PSBL_YN (여부),KCON_PBLS_PRD_PLCY 테이블,N
KCPS,KCON_PBLS_PRD_PLCY,DATA_INFW_PTH_NM,VARCHAR,DATA_INFW_PTH_NM (명),KCON_PBLS_PRD_PLCY 테이블,N
KCPS,KCON_PLCY,KCON_ID,VARCHAR,KCON_ID (식별자),KCON_PLCY 테이블,N
KCPS,KCON_PLCY,ASP_ID,VARCHAR,ASP_ID (식별자),KCON_PLCY 테이블,N
KCPS,KCON_PLCY,OUTS_PBLS_DV_CD,VARCHAR,OUTS_PBLS_DV_CD (코드),KCON_PLCY 테이블,N
KCPS,KCON_PLCY,PBLS_BRAN_ID,VARCHAR,PBLS_BRAN_ID (식별자),KCON_PLCY 테이블,N
KCPS,KCON_PLCY,PBLS_PRD_ID,VARCHAR,PBLS_PRD_ID (식별자),KCON_PLCY 테이블,N
KCPS,KCON_PLCY,MB_GFCT_BRAN_PLCY_ID,VARCHAR,MB_GFCT_BRAN_PLCY_ID (식별자),KCON_PLCY 테이블,N
KCPS,KCON_PLCY,SLL_PSBL_YN,CHAR,SLL_PSBL_YN (여부),KCON_PLCY 테이블,N
KCPS,KCON_PLCY,PRD_SLL_DCRT,VARCHAR,PRD_SLL_DCRT 항목,KCON_PLCY 테이블,N
KCPS,KCON_PLCY,RAL_SLPC,VARCHAR,RAL_SLPC 항목,KCON_PLCY 테이블,N
KCPS,KCON_PLCY,STC_PSBL_DCNT,BIGINT,STC_PSBL_DCNT (건수),KCON_PLCY 테이블,N
KCPS,KCON_PLCY,CNCL_PSBL_YN,CHAR,CNCL_PSBL_YN (여부),KCON_PLCY 테이블,N
KCPS,KCON_PLCY,VL_PRID_EXTS_PSBL_YN,CHAR,VL_PRID_EXTS_PSBL_YN (여부),KCON_PLCY 테이블,N
KCPS,KCON_PLCY,ONCE_BUY_LMT_QTY,BIGINT,ONCE_BUY_LMT_QTY 항목,KCON_PLCY 테이블,N
KCPS,KCON_PLCY,DD_BUY_LMT_QTY,BIGINT,DD_BUY_LMT_QTY 항목,KCON_PLCY 테이블,N
KCPS,KCON_PLCY,MM_BUY_LMT_QTY,BIGINT,MM_BUY_LMT_QTY 항목,KCON_PLCY 테이블,N
KCPS,KCON_PLCY,TOT_BUY_LMT_QTY,BIGINT,TOT_BUY_LMT_QTY 항목,KCON_PLCY 테이블,N
KCPS,KCON_PLCY,TG_NM,VARCHAR,TG_NM (명),KCON_PLCY 테이블,N
KCPS,KCON_PLCY,KWD_NM,VARCHAR,KWD_NM (명),KCON_PLCY 테이블,N
KCPS,KCON_PLCY,ADM_CHCE_LNUP_ODE,VARCHAR,ADM_CHCE_LNUP_ODE 항목,KCON_PLCY 테이블,N
KCPS,KCON_PLCY,KCON_PRD_DV_CD,VARCHAR,KCON_PRD_DV_CD (코드),KCON_PLCY 테이블,N
KCPS,KCON_PLCY,TG_CLOR_TYPE_CD,VARCHAR,TG_CLOR_TYPE_CD (코드),KCON_PLCY 테이블,N
KCPS,KCPS_ADMIN_HISTORY,SEQ,VARCHAR,SEQ 항목,KCPS_ADMIN_HISTORY 테이블,N
KCPS,KCPS_ADMIN_HISTORY,ASP_ID,VARCHAR,ASP_ID (식별자),KCPS_ADMIN_HISTORY 테이블,N
KCPS,KCPS_ADMIN_HISTORY,BATCH_ID,VARCHAR,BATCH_ID (식별자),KCPS_ADMIN_HISTORY 테이블,N
KCPS,KCPS_ADMIN_HISTORY,COUPON_NO,BIGINT,COUPON_NO (번호),KCPS_ADMIN_HISTORY 테이블,N
KCPS,KCPS_ADMIN_HISTORY,TR_TYPE,VARCHAR,TR_TYPE 항목,KCPS_ADMIN_HISTORY 테이블,N
KCPS,KCPS_ADMIN_HISTORY,RESULT,VARCHAR,RESULT 항목,KCPS_ADMIN_HISTORY 테이블,N
KCPS,KCPS_ADMIN_HISTORY,TARGET_USER_ID,VARCHAR,TARGET_USER_ID (식별자),KCPS_ADMIN_HISTORY 테이블,N
KCPS,KCPS_ADMIN_HISTORY,NOTIFICATION_TYPE,VARCHAR,NOTIFICATION_TYPE 항목,KCPS_ADMIN_HISTORY 테이블,N
KCPS,KCPS_ADMIN_HISTORY_DISABLED,KEY,VARCHAR,KEY 항목,KCPS_ADMIN_HISTORY_DISABLED 테이블,N
KCPS,KCPS_ADMIN_HISTORY_DISABLED,USER_ID,VARCHAR,USER_ID (식별자),KCPS_ADMIN_HISTORY_DISABLED 테이블,N
KCPS,KCPS_ADMIN_HISTORY_DISABLED,ASP_ID,VARCHAR,ASP_ID (식별자),KCPS_ADMIN_HISTORY_DISABLED 테이블,N
KCPS,KCPS_COUPON_ISSUE,COUPON_ID,VARCHAR,COUPON_ID (식별자),KCPS_COUPON_ISSUE 테이블,N
KCPS,KCPS_COUPON_ISSUE,COUPON_NO,BIGINT,COUPON_NO (번호),KCPS_COUPON_ISSUE 테이블,N
KCPS,KCPS_COUPON_ISSUE,USER_ID,VARCHAR,USER_ID (식별자),KCPS_COUPON_ISSUE 테이블,N
KCPS,KCPS_COUPON_ISSUE,ISSUED_DATE,TIMESTAMP,ISSUED_DATE 항목,KCPS_COUPON_ISSUE 테이블,N
KCPS,KCPS_COUPON_ISSUE,EXPIRY_DATE,TIMESTAMP,EXPIRY_DATE 항목,KCPS_COUPON_ISSUE 테이블,N
KCPS,KCPS_COUPON_ISSUE,NR_NUMBER,VARCHAR,NR_NUMBER 항목,KCPS_COUPON_ISSUE 테이블,N
KCPS,KCPS_COUPON_ISSUE,GIFT_ID,VARCHAR,GIFT_ID (식별자),KCPS_COUPON_ISSUE 테이블,N
KCPS,KCPS_COUPON_ISSUE,PROCESSING_CODE,VARCHAR,PROCESSING_CODE 항목,KCPS_COUPON_ISSUE 테이블,N
KCPS,KCPS_COUPON_ISSUE,SOURCE_PAR,VARCHAR,SOURCE_PAR 항목,KCPS_COUPON_ISSUE 테이블,N
KCPS,KCPS_COUPON_ISSUE,TARGET_PAR,VARCHAR,TARGET_PAR 항목,KCPS_COUPON_ISSUE 테이블,N
KCPS,KCPS_COUPON_ISSUE,REQUEST_TYPE,VARCHAR,REQUEST_TYPE 항목,KCPS_COUPON_ISSUE 테이블,N
KCPS,KCPS_COUPON_ISSUE,VALIDITY_EXTENSION_COUNT,VARCHAR,VALIDITY_EXTENSION_COUNT 항목,KCPS_COUPON_ISSUE 테이블,N
KCPS,KCPS_COUPON_ISSUE,RESERVATION_DURATION,VARCHAR,RESERVATION_DURATION 항목,KCPS_COUPON_ISSUE 테이블,N
KCPS,KCPS_COUPON_ISSUE,ISSUE_STATUS,VARCHAR,ISSUE_STATUS 항목,KCPS_COUPON_ISSUE 테이블,N
KCPS,KCPS_COUPON_ISSUE,USAGE_STATUS,VARCHAR,USAGE_STATUS 항목,KCPS_COUPON_ISSUE 테이블,N
KCPS,KCPS_COUPON_ISSUE,SHOP_PURCHASE_ID,VARCHAR,SHOP_PURCHASE_ID (식별자),KCPS_COUPON_ISSUE 테이블,N
KCPS,KCPS_COUPON_ISSUE,COUPON_TYPE,VARCHAR,COUPON_TYPE 항목,KCPS_COUPON_ISSUE 테이블,N
KCPS,KCPS_COUPON_ISSUE,COUPON_SALES_TYPE,VARCHAR,COUPON_SALES_TYPE 항목,KCPS_COUPON_ISSUE 테이블,N
KCPS,KCPS_COUPON_ISSUE,COUPON_SUB_TYPE,VARCHAR,COUPON_SUB_TYPE 항목,KCPS_COUPON_ISSUE 테이블,N
KCPS,KCPS_COUPON_ISSUE,ASP_ID,VARCHAR,ASP_ID (식별자),KCPS_COUPON_ISSUE 테이블,N
KCPS,KCPS_COUPON_ISSUE,PROMOTION_ID,VARCHAR,PROMOTION_ID (식별자),KCPS_COUPON_ISSUE 테이블,N
KCPS,KCPS_COUPON_ISSUE,STATUS,VARCHAR,STATUS 항목,KCPS_COUPON_ISSUE 테이블,N
KCPS,KCPS_COUPON_ISSUE,STATUS_CODE,VARCHAR,STATUS_CODE 항목,KCPS_COUPON_ISSUE 테이블,N
KCPS,KCPS_COUPON_ISSUE,EXTINCTION_DATE,TIMESTAMP,EXTINCTION_DATE 항목,KCPS_COUPON_ISSUE 테이블,N
KCPS,KCPS_COUPON_ISSUE,PREV_OWNER_ID,VARCHAR,PREV_OWNER_ID (식별자),KCPS_COUPON_ISSUE 테이블,N
KCPS,KCPS_COUPON_ISSUE,UNIT_SALES_PRICE,VARCHAR,UNIT_SALES_PRICE 항목,KCPS_COUPON_ISSUE 테이블,N
KCPS,KCPS_COUPON_ISSUE,DELETE_YN,CHAR,DELETE_YN (여부),KCPS_COUPON_ISSUE 테이블,N
KCPS,KCPS_COUPON_ISSUE,OWNER_ID,VARCHAR,OWNER_ID (식별자),KCPS_COUPON_ISSUE 테이블,N
KCPS,KCPS_COUPON_ISSUE,RT_NUMBER,VARCHAR,RT_NUMBER 항목,KCPS_COUPON_ISSUE 테이블,N
KCPS,KCPS_COUPON_ISSUE,PROMOTION_ID_V2,VARCHAR,PROMOTION_ID_V2 항목,KCPS_COUPON_ISSUE 테이블,N
KCPS,KCPS_COUPON_ISSUE,ISSUE_REMIND_PERIOD,VARCHAR,ISSUE_REMIND_PERIOD 항목,KCPS_COUPON_ISSUE 테이블,N
KCPS,KCPS_COUPON_ISSUE,CUSTOM_YN,CHAR,CUSTOM_YN (여부),KCPS_COUPON_ISSUE 테이블,N
KCPS,KCPS_COUPON_ISSUE,CUSTOM_VALUE,VARCHAR,CUSTOM_VALUE 항목,KCPS_COUPON_ISSUE 테이블,N
KCPS,KCPS_COUPON_ISSUE,ISSUE_CODE,VARCHAR,ISSUE_CODE 항목,KCPS_COUPON_ISSUE 테이블,N
KCPS,KCPS_COUPON_ISSUE,SETTLE_TYPE,VARCHAR,SETTLE_TYPE 항목,KCPS_COUPON_ISSUE 테이블,N
KCPS,KCPS_COUPON_USAGE_HISTORY,SEQ,VARCHAR,SEQ 항목,KCPS_COUPON_USAGE_HISTORY 테이블,N
KCPS,KCPS_COUPON_USAGE_HISTORY,USER_ID,VARCHAR,USER_ID (식별자),KCPS_COUPON_USAGE_HISTORY 테이블,N
KCPS,KCPS_COUPON_USAGE_HISTORY,COUPON_ID,VARCHAR,COUPON_ID (식별자),KCPS_COUPON_USAGE_HISTORY 테이블,N
KCPS,KCPS_COUPON_USAGE_HISTORY,COUPON_NO,BIGINT,COUPON_NO (번호),KCPS_COUPON_USAGE_HISTORY 테이블,N
KCPS,KCPS_COUPON_USAGE_HISTORY,COUPON_TYPE,VARCHAR,COUPON_TYPE 항목,KCPS_COUPON_USAGE_HISTORY 테이블,N
KCPS,KCPS_COUPON_USAGE_HISTORY,COUPON_SUB_TYPE,VARCHAR,COUPON_SUB_TYPE 항목,KCPS_COUPON_USAGE_HISTORY 테이블,N
KCPS,KCPS_COUPON_USAGE_HISTORY,MTI,VARCHAR,MTI 항목,KCPS_COUPON_USAGE_HISTORY 테이블,N
KCPS,KCPS_COUPON_USAGE_HISTORY,NR_NUMBER,VARCHAR,NR_NUMBER 항목,KCPS_COUPON_USAGE_HISTORY 테이블,N
KCPS,KCPS_COUPON_USAGE_HISTORY,PAR,VARCHAR,PAR 항목,KCPS_COUPON_USAGE_HISTORY 테이블,N
KCPS,KCPS_COUPON_USAGE_HISTORY,ORG_NR_NUMBER,VARCHAR,ORG_NR_NUMBER 항목,KCPS_COUPON_USAGE_HISTORY 테이블,N
KCPS,KCPS_COUPON_USAGE_HISTORY,REVERSAL_STATUS,VARCHAR,REVERSAL_STATUS 항목,KCPS_COUPON_USAGE_HISTORY 테이블,N
KCPS,KCPS_COUPON_USAGE_HISTORY,MERCHANT_ID,VARCHAR,MERCHANT_ID (식별자),KCPS_COUPON_USAGE_HISTORY 테이블,N
KCPS,KCPS_COUPON_USAGE_HISTORY,MERCHANT_TYPE,VARCHAR,MERCHANT_TYPE 항목,KCPS_COUPON_USAGE_HISTORY 테이블,N
KCPS,KCPS_COUPON_USAGE_HISTORY,DISCOUNT_SEQ,VARCHAR,DISCOUNT_SEQ 항목,KCPS_COUPON_USAGE_HISTORY 테이블,N
KCPS,KCPS_COUPON_USAGE_HISTORY,DISCOUNT_TYPE,VARCHAR,DISCOUNT_TYPE 항목,KCPS_COUPON_USAGE_HISTORY 테이블,N
KCPS,KCPS_COUPON_USAGE_HISTORY,DISCOUNT_VALUE_TYPE,VARCHAR,DISCOUNT_VALUE_TYPE 항목,KCPS_COUPON_USAGE_HISTORY 테이블,N
KCPS,KCPS_COUPON_USAGE_HISTORY,DISCOUNT_VALUE,VARCHAR,DISCOUNT_VALUE 항목,KCPS_COUPON_USAGE_HISTORY 테이블,N
KCPS,KCPS_COUPON_USAGE_HISTORY,DISCOUNT_AMT,BIGINT,DISCOUNT_AMT (금액),KCPS_COUPON_USAGE_HISTORY 테이블,N
KCPS,KCPS_COUPON_USAGE_HISTORY,ORG_AMT,BIGINT,ORG_AMT (금액),KCPS_COUPON_USAGE_HISTORY 테이블,N
KCPS,KCPS_COUPON_USAGE_HISTORY,COUPON_SALES_TYPE,VARCHAR,COUPON_SALES_TYPE 항목,KCPS_COUPON_USAGE_HISTORY 테이블,N
KCPS,KCPS_COUPON_USAGE_HISTORY,BEFORE_USAGE_STATUS,VARCHAR,BEFORE_USAGE_STATUS 항목,KCPS_COUPON_USAGE_HISTORY 테이블,N
KCPS,KCPS_COUPON_USAGE_HISTORY,AFTER_USAGE_STATUS,VARCHAR,AFTER_USAGE_STATUS 항목,KCPS_COUPON_USAGE_HISTORY 테이블,N
KCPS,KCPS_COUPON_USAGE_HISTORY,ASP_ID,VARCHAR,ASP_ID (식별자),KCPS_COUPON_USAGE_HISTORY 테이블,N
KCPS,KCPS_COUPON_USAGE_HISTORY,DISCOUNT_CONTRACT_ID,VARCHAR,DISCOUNT_CONTRACT_ID (식별자),KCPS_COUPON_USAGE_HISTORY 테이블,N
KCPS,KCPS_COUPON_USAGE_HISTORY,DISCOUNT_RATE,VARCHAR,DISCOUNT_RATE 항목,KCPS_COUPON_USAGE_HISTORY 테이블,N
KCPS,POLICY_CONDITION_MAPPING,SEQ,VARCHAR,SEQ 항목,POLICY_CONDITION_MAPPING 테이블,N
KCPS,POLICY_CONDITION_MAPPING,ASP_ID,VARCHAR,ASP_ID (식별자),POLICY_CONDITION_MAPPING 테이블,N
KCPS,POLICY_CONDITION_MAPPING,COUPON_ID,VARCHAR,COUPON_ID (식별자),POLICY_CONDITION_MAPPING 테이블,N
KCPS,POLICY_CONDITION_MAPPING,CONDITION_ID,VARCHAR,CONDITION_ID (식별자),POLICY_CONDITION_MAPPING 테이블,N
KCPS,POLICY_CONDITION_MAPPING,CONDITION_TYPE,VARCHAR,CONDITION_TYPE 항목,POLICY_CONDITION_MAPPING 테이블,N
KCPS,POLICY_ISSUE_CONDITION,SEQ,VARCHAR,SEQ 항목,POLICY_ISSUE_CONDITION 테이블,N
KCPS,POLICY_ISSUE_CONDITION,CONDITION_ID,VARCHAR,CONDITION_ID (식별자),POLICY_ISSUE_CONDITION 테이블,N
KCPS,POLICY_ISSUE_CONDITION,CONDITION_INDEX,VARCHAR,CONDITION_INDEX 항목,POLICY_ISSUE_CONDITION 테이블,N
KCPS,POLICY_ISSUE_CONDITION,VALUE,VARCHAR,VALUE 항목,POLICY_ISSUE_CONDITION 테이블,N
KCPS,POLICY_ISSUE_CONDITION,CONDITION_FIELD,VARCHAR,CONDITION_FIELD 항목,POLICY_ISSUE_CONDITION 테이블,N
KCPS,PROMOTION_INFO,SEQ,VARCHAR,SEQ 항목,PROMOTION_INFO 테이블,N
KCPS,PROMOTION_INFO,ASP_ID,VARCHAR,ASP_ID (식별자),PROMOTION_INFO 테이블,N
KCPS,PROMOTION_INFO,COUPON_ID,VARCHAR,COUPON_ID (식별자),PROMOTION_INFO 테이블,N
KCPS,PROMOTION_INFO,PROMO_CODE,VARCHAR,PROMO_CODE 항목,PROMOTION_INFO 테이블,N
KNOTIFY,KAKAO_SMS_TEMPLATE,ID,VARCHAR,ID (식별자),KAKAO_SMS_TEMPLATE 테이블,N
KNOTIFY,KAKAO_SMS_TEMPLATE,TEMPLATE_CODE,VARCHAR,TEMPLATE_CODE 항목,KAKAO_SMS_TEMPLATE 테이블,N
KNOTIFY,KAKAO_SMS_TEMPLATE,KAKAO_TEMPLATE_CODE,VARCHAR,KAKAO_TEMPLATE_CODE 항목,KAKAO_SMS_TEMPLATE 테이블,N
KNOTIFY,KAKAO_SMS_TEMPLATE,RESEND_MT_TITLE,VARCHAR,RESEND_MT_TITLE 항목,KAKAO_SMS_TEMPLATE 테이블,N
KNOTIFY,KAKAO_SMS_TEMPLATE,MESSAGE_TEMPLATE_CODE,VARCHAR,MESSAGE_TEMPLATE_CODE 항목,KAKAO_SMS_TEMPLATE 테이블,N
KNOTIFY,KAKAO_SMS_TEMPLATE,VERSION,VARCHAR,VERSION 항목,KAKAO_SMS_TEMPLATE 테이블,N
KNOTIFY,SMS_NOTIFICATION_DETAILS,ID,VARCHAR,ID (식별자),SMS_NOTIFICATION_DETAILS 테이블,N
KNOTIFY,SMS_NOTIFICATION_DETAILS,ASP_ID,VARCHAR,ASP_ID (식별자),SMS_NOTIFICATION_DETAILS 테이블,N
KNOTIFY,SMS_NOTIFICATION_DETAILS,USER_ID,VARCHAR,USER_ID (식별자),SMS_NOTIFICATION_DETAILS 테이블,N
KNOTIFY,SMS_NOTIFICATION_DETAILS,PAR,VARCHAR,PAR 항목,SMS_NOTIFICATION_DETAILS 테이블,N
KNOTIFY,SMS_NOTIFICATION_DETAILS,NOTIFICATION_TYPE,VARCHAR,NOTIFICATION_TYPE 항목,SMS_NOTIFICATION_DETAILS 테이블,N
KNOTIFY,SMS_NOTIFICATION_DETAILS,TEMPLATE_ID,VARCHAR,TEMPLATE_ID (식별자),SMS_NOTIFICATION_DETAILS 테이블,N
KNOTIFY,SMS_NOTIFICATION_DETAILS,LOCALE,VARCHAR,LOCALE 항목,SMS_NOTIFICATION_DETAILS 테이블,N
KNOTIFY,SMS_NOTIFICATION_DETAILS,TITLE,VARCHAR,TITLE 항목,SMS_NOTIFICATION_DETAILS 테이블,N
KNOTIFY,SMS_NOTIFICATION_DETAILS,SENDER,VARCHAR,SENDER 항목,SMS_NOTIFICATION_DETAILS 테이블,N
KNOTIFY,SMS_NOTIFICATION_DETAILS,REQUESTED_ID_TYPE,VARCHAR,REQUESTED_ID_TYPE 항목,SMS_NOTIFICATION_DETAILS 테이블,N
KNOTIFY,SMS_NOTIFICATION_DETAILS,VERSION,VARCHAR,VERSION 항목,SMS_NOTIFICATION_DETAILS 테이블,N
KNOTIFY,SMS_NOTIFICATION_DETAILS,KAKAO_SMS_TEMPLATE_ID,VARCHAR,KAKAO_SMS_TEMPLATE_ID (식별자),SMS_NOTIFICATION_DETAILS 테이블,N
KNOTIFY,SMS_NOTIFICATION_DETAILS,ITNC_TEL_ZON_CD,VARCHAR,ITNC_TEL_ZON_CD (코드),SMS_NOTIFICATION_DETAILS 테이블,N
KODASP,AFFILIATE,PLAYER_ID,VARCHAR,PLAYER_ID (식별자),AFFILIATE 테이블,N
KODASP,AFFILIATE,ROLE_CD,VARCHAR,ROLE_CD (코드),AFFILIATE 테이블,N
KODASP,AFFILIATE,RECHARGER_ID,VARCHAR,RECHARGER_ID (식별자),AFFILIATE 테이블,N
KODASP,AFFILIATE,STATUS,VARCHAR,STATUS 항목,AFFILIATE 테이블,N
KODASP,AFFILIATE,MAX_POINT_LIMIT_AMT,BIGINT,MAX_POINT_LIMIT_AMT (금액),AFFILIATE 테이블,N
KODASP,AFFILIATE_ASP,KA_ID,VARCHAR,KA_ID (식별자),AFFILIATE_ASP 테이블,N
KODASP,AFFILIATE_ASP,KA_ROLE_CD,VARCHAR,KA_ROLE_CD (코드),AFFILIATE_ASP 테이블,N
KODASP,AFFILIATE_ASP,PLAYER_ID,VARCHAR,PLAYER_ID (식별자),AFFILIATE_ASP 테이블,N
KODASP,AFFILIATE_ASP,ROLE_CD,VARCHAR,ROLE_CD (코드),AFFILIATE_ASP 테이블,N
KODASP,AFFILIATE_RECHARGER,KA_ID,VARCHAR,KA_ID (식별자),AFFILIATE_RECHARGER 테이블,N
KODASP,AFFILIATE_RECHARGER,KA_ROLE_CD,VARCHAR,KA_ROLE_CD (코드),AFFILIATE_RECHARGER 테이블,N
KODASP,AFFILIATE_RECHARGER,PLAYER_ID,VARCHAR,PLAYER_ID (식별자),AFFILIATE_RECHARGER 테이블,N
KODASP,AFFILIATE_RECHARGER,ROLE_CD,VARCHAR,ROLE_CD (코드),AFFILIATE_RECHARGER 테이블,N
KODASP,AFFILIATE_RECHARGER,SEQ,VARCHAR,SEQ 항목,AFFILIATE_RECHARGER 테이블,N
KODASP,AFFILIATE_SVC_MAPPING,KA_ID,VARCHAR,KA_ID (식별자),AFFILIATE_SVC_MAPPING 테이블,N
KODASP,AFFILIATE_SVC_MAPPING,SVC_ID,VARCHAR,SVC_ID (식별자),AFFILIATE_SVC_MAPPING 테이블,N
KODASP,AUTO_RECHARGE_POLICY,ASP_ID,VARCHAR,ASP_ID (식별자),AUTO_RECHARGE_POLICY 테이블,N
KODASP,AUTO_RECHARGE_POLICY,THRESHOLD_BALANCES,VARCHAR,THRESHOLD_BALANCES 항목,AUTO_RECHARGE_POLICY 테이블,N
KODASP,AUTO_RECHARGE_POLICY,RELOAD_DATES,TIMESTAMP,RELOAD_DATES 항목,AUTO_RECHARGE_POLICY 테이블,N
KODASP,AUTO_RECHARGE_POLICY,RELOAD_AMOUNTS,BIGINT,RELOAD_AMOUNTS 항목,AUTO_RECHARGE_POLICY 테이블,N
KODASP,AUTO_RECHARGE_POLICY,MIN_RELOAD_AMOUNT,BIGINT,MIN_RELOAD_AMOUNT 항목,AUTO_RECHARGE_POLICY 테이블,N
KODASP,BC_MERCHANT,SEQ,VARCHAR,SEQ 항목,BC_MERCHANT 테이블,N
KODASP,BC_MERCHANT,MCT_MNG_NO,BIGINT,MCT_MNG_NO (번호),BC_MERCHANT 테이블,N
KODASP,BC_MERCHANT,DATA_TYPE,VARCHAR,DATA_TYPE 항목,BC_MERCHANT 테이블,N
KODASP,BC_MERCHANT,REG_TYPE,VARCHAR,REG_TYPE 항목,BC_MERCHANT 테이블,N
KODASP,BC_MERCHANT,MCT_REG_DATE,TIMESTAMP,MCT_REG_DATE 항목,BC_MERCHANT 테이블,N
KODASP,BC_MERCHANT,BIZ_LICENSE_NO,BIGINT,BIZ_LICENSE_NO (번호),BC_MERCHANT 테이블,N
KODASP,BC_MERCHANT,SIMPLE_NM,VARCHAR,SIMPLE_NM (명),BC_MERCHANT 테이블,N
KODASP,BC_MERCHANT,SIMPLE_ENG_NM,VARCHAR,SIMPLE_ENG_NM (명),BC_MERCHANT 테이블,N
KODASP,BC_MERCHANT,SECURITY_NO,BIGINT,SECURITY_NO (번호),BC_MERCHANT 테이블,N
KODASP,BC_MERCHANT,BIZ_TYPE,VARCHAR,BIZ_TYPE 항목,BC_MERCHANT 테이블,N
KODASP,BC_MERCHANT,SUB_CD,VARCHAR,SUB_CD (코드),BC_MERCHANT 테이블,N
KODASP,BC_MERCHANT,ZIP_CD,VARCHAR,ZIP_CD (코드),BC_MERCHANT 테이블,N
KODASP,BC_MERCHANT,ADDR,VARCHAR,ADDR 항목,BC_MERCHANT 테이블,N
KODASP,BC_MERCHANT,TEMNT_DATE,TIMESTAMP,TEMNT_DATE 항목,BC_MERCHANT 테이블,N
KODASP,BC_MERCHANT,SALES_CD,VARCHAR,SALES_CD (코드),BC_MERCHANT 테이블,N
KODASP,BC_MERCHANT,KEY_IN_APP_LMT_TYPE,VARCHAR,KEY_IN_APP_LMT_TYPE 항목,BC_MERCHANT 테이블,N
KODASP,BC_MERCHANT,EDC_YN,CHAR,EDC_YN (여부),BC_MERCHANT 테이블,N
KODASP,BC_MERCHANT,PAY_PERIOD,VARCHAR,PAY_PERIOD 항목,BC_MERCHANT 테이블,N
KODASP,BC_MERCHANT,FEE_RATE,VARCHAR,FEE_RATE 항목,BC_MERCHANT 테이블,N
KODASP,BC_MERCHANT,CHK_FEE_RATE,VARCHAR,CHK_FEE_RATE 항목,BC_MERCHANT 테이블,N
KODASP,BC_MERCHANT,GIRO_NO,BIGINT,GIRO_NO (번호),BC_MERCHANT 테이블,N
KODASP,BC_MERCHANT,PAY_ACC_MEBER_CD,VARCHAR,PAY_ACC_MEBER_CD (코드),BC_MERCHANT 테이블,N
KODASP,BC_MERCHANT,SUSPENDED_YN,CHAR,SUSPENDED_YN (여부),BC_MERCHANT 테이블,N
KODASP,BC_MERCHANT,SUSPENDED_DATE,TIMESTAMP,SUSPENDED_DATE 항목,BC_MERCHANT 테이블,N
KODASP,BC_MERCHANT,RELEASE_SUSPEND,VARCHAR,RELEASE_SUSPEND 항목,BC_MERCHANT 테이블,N
KODASP,BC_MERCHANT,INST_MONTHS,VARCHAR,INST_MONTHS 항목,BC_MERCHANT 테이블,N
KODASP,BC_MERCHANT,ADDR_NEW_OLD_TYPE,VARCHAR,ADDR_NEW_OLD_TYPE 항목,BC_MERCHANT 테이블,N
KODASP,BC_MERCHANT,ADDR1,VARCHAR,ADDR1 항목,BC_MERCHANT 테이블,N
KODASP,BC_MERCHANT,ADDR2,VARCHAR,ADDR2 항목,BC_MERCHANT 테이블,N
KODASP,BC_MERCHANT,ROAD_NM_MNG_CD,VARCHAR,ROAD_NM_MNG_CD (코드),BC_MERCHANT 테이블,N
KODASP,BC_MERCHANT,MERCHANT_FEE_RATE,VARCHAR,MERCHANT_FEE_RATE 항목,BC_MERCHANT 테이블,N
KODASP,BC_MERCHANT,INCOME_DEDUCTION_YN,CHAR,INCOME_DEDUCTION_YN (여부),BC_MERCHANT 테이블,N
KODASP,BC_MERCHANT,INCOME_DEDUCTION_TYPE,VARCHAR,INCOME_DEDUCTION_TYPE 항목,BC_MERCHANT 테이블,N
KODASP,BC_MERCHANT,UNIFORM_YN,CHAR,UNIFORM_YN (여부),BC_MERCHANT 테이블,N
KODASP,BC_MERCHANT,SALES_TYPE,VARCHAR,SALES_TYPE 항목,BC_MERCHANT 테이블,N
KODASP,BC_MERCHANT,LATITUDE,VARCHAR,LATITUDE 항목,BC_MERCHANT 테이블,N
KODASP,BC_MERCHANT,LONGITUDE,VARCHAR,LONGITUDE 항목,BC_MERCHANT 테이블,N
KODASP,BC_MERCHANT,ONLINE_YN,CHAR,ONLINE_YN (여부),BC_MERCHANT 테이블,N
KODASP,BC_MERCHANT,SI_DO_NM,VARCHAR,SI_DO_NM (명),BC_MERCHANT 테이블,N
KODASP,BC_MERCHANT,SI_GUN_GU_NM,VARCHAR,SI_GUN_GU_NM (명),BC_MERCHANT 테이블,N
KODASP,BC_MERCHANT,EUP_MYUN_DONG_NM,VARCHAR,EUP_MYUN_DONG_NM (명),BC_MERCHANT 테이블,N
KODASP,BC_MERCHANT,ADMIN_DONG_NAME,VARCHAR,ADMIN_DONG_NAME 항목,BC_MERCHANT 테이블,N
KODASP,BC_MERCHANT,ADMIN_DONG_CODE,VARCHAR,ADMIN_DONG_CODE 항목,BC_MERCHANT 테이블,N
KODASP,BC_MERCHANT,LEGAL_DONG_NAME,VARCHAR,LEGAL_DONG_NAME 항목,BC_MERCHANT 테이블,N
KODASP,BC_MERCHANT,LEGAL_DONG_CODE,VARCHAR,LEGAL_DONG_CODE 항목,BC_MERCHANT 테이블,N
KODASP,BC_MERCHANT,ROAD_NM_CODE,VARCHAR,ROAD_NM_CODE 항목,BC_MERCHANT 테이블,N
KODASP,BC_MERCHANT,ONL_TYPE_CD,VARCHAR,ONL_TYPE_CD (코드),BC_MERCHANT 테이블,N
KODASP,BC_MERCHANT,TEL_NO,BIGINT,TEL_NO (번호),BC_MERCHANT 테이블,N
KODASP,BC_MERCHANT,BIZ_NAME,VARCHAR,BIZ_NAME 항목,BC_MERCHANT 테이블,N
KODASP,BC_MERCHANT,repr_nm,VARCHAR,repr_nm (명),BC_MERCHANT 테이블,N
KODASP,BC_MERCHANT_HISTORY,TYPE,VARCHAR,TYPE 항목,BC_MERCHANT_HISTORY 테이블,N
KODASP,BC_MERCHANT_HISTORY,REVISION_SEQ,VARCHAR,REVISION_SEQ 항목,BC_MERCHANT_HISTORY 테이블,N
KODASP,BC_MERCHANT_HISTORY,SEQ,VARCHAR,SEQ 항목,BC_MERCHANT_HISTORY 테이블,N
KODASP,BC_MERCHANT_HISTORY,DATA_TYPE,VARCHAR,DATA_TYPE 항목,BC_MERCHANT_HISTORY 테이블,N
KODASP,BC_MERCHANT_HISTORY,REG_TYPE,VARCHAR,REG_TYPE 항목,BC_MERCHANT_HISTORY 테이블,N
KODASP,BC_MERCHANT_HISTORY,MCT_REG_DATE,TIMESTAMP,MCT_REG_DATE 항목,BC_MERCHANT_HISTORY 테이블,N
KODASP,BC_MERCHANT_HISTORY,MCT_MNG_NO,BIGINT,MCT_MNG_NO (번호),BC_MERCHANT_HISTORY 테이블,N
KODASP,BC_MERCHANT_HISTORY,BIZ_LICENSE_NO,BIGINT,BIZ_LICENSE_NO (번호),BC_MERCHANT_HISTORY 테이블,N
KODASP,BC_MERCHANT_HISTORY,SIMPLE_NM,VARCHAR,SIMPLE_NM (명),BC_MERCHANT_HISTORY 테이블,N
KODASP,BC_MERCHANT_HISTORY,SIMPLE_ENG_NM,VARCHAR,SIMPLE_ENG_NM (명),BC_MERCHANT_HISTORY 테이블,N
KODASP,BC_MERCHANT_HISTORY,SECURITY_NO,BIGINT,SECURITY_NO (번호),BC_MERCHANT_HISTORY 테이블,N
KODASP,BC_MERCHANT_HISTORY,REPR_NM,VARCHAR,REPR_NM (명),BC_MERCHANT_HISTORY 테이블,N
KODASP,BC_MERCHANT_HISTORY,BIZ_TYPE,VARCHAR,BIZ_TYPE 항목,BC_MERCHANT_HISTORY 테이블,N
KODASP,BC_MERCHANT_HISTORY,SUB_CD,VARCHAR,SUB_CD (코드),BC_MERCHANT_HISTORY 테이블,N
KODASP,BC_MERCHANT_HISTORY,DDD_NO,BIGINT,DDD_NO (번호),BC_MERCHANT_HISTORY 테이블,N
KODASP,BC_MERCHANT_HISTORY,TEL,VARCHAR,TEL 항목,BC_MERCHANT_HISTORY 테이블,N
KODASP,BC_MERCHANT_HISTORY,TEL_SEQ,VARCHAR,TEL_SEQ 항목,BC_MERCHANT_HISTORY 테이블,N
KODASP,BC_MERCHANT_HISTORY,ZIP_CD,VARCHAR,ZIP_CD (코드),BC_MERCHANT_HISTORY 테이블,N
KODASP,BC_MERCHANT_HISTORY,ADDR,VARCHAR,ADDR 항목,BC_MERCHANT_HISTORY 테이블,N
KODASP,BC_MERCHANT_HISTORY,TEMNT_DATE,TIMESTAMP,TEMNT_DATE 항목,BC_MERCHANT_HISTORY 테이블,N
KODASP,BC_MERCHANT_HISTORY,SALES_TYPE,VARCHAR,SALES_TYPE 항목,BC_MERCHANT_HISTORY 테이블,N
KODASP,BC_MERCHANT_HISTORY,KEY_IN_APP_LMT_TYPE,VARCHAR,KEY_IN_APP_LMT_TYPE 항목,BC_MERCHANT_HISTORY 테이블,N
KODASP,BC_MERCHANT_HISTORY,EDC_YN,CHAR,EDC_YN (여부),BC_MERCHANT_HISTORY 테이블,N
KODASP,BC_MERCHANT_HISTORY,PAY_PERIOD,VARCHAR,PAY_PERIOD 항목,BC_MERCHANT_HISTORY 테이블,N
KODASP,BC_MERCHANT_HISTORY,FEE_RATE,VARCHAR,FEE_RATE 항목,BC_MERCHANT_HISTORY 테이블,N
KODASP,BC_MERCHANT_HISTORY,CHK_FEE_RATE,VARCHAR,CHK_FEE_RATE 항목,BC_MERCHANT_HISTORY 테이블,N
KODASP,BC_MERCHANT_HISTORY,GIRO_NO,BIGINT,GIRO_NO (번호),BC_MERCHANT_HISTORY 테이블,N
KODASP,BC_MERCHANT_HISTORY,PAY_ACC_MEBER_CD,VARCHAR,PAY_ACC_MEBER_CD (코드),BC_MERCHANT_HISTORY 테이블,N
KODASP,BC_MERCHANT_HISTORY,SUSPENDED_YN,CHAR,SUSPENDED_YN (여부),BC_MERCHANT_HISTORY 테이블,N
KODASP,BC_MERCHANT_HISTORY,SUSPENDED_DATE,TIMESTAMP,SUSPENDED_DATE 항목,BC_MERCHANT_HISTORY 테이블,N
KODASP,BC_MERCHANT_HISTORY,RELEASE_SUSPEND,VARCHAR,RELEASE_SUSPEND 항목,BC_MERCHANT_HISTORY 테이블,N
KODASP,BC_MERCHANT_HISTORY,INST_MONTHS,VARCHAR,INST_MONTHS 항목,BC_MERCHANT_HISTORY 테이블,N
KODASP,BC_MERCHANT_HISTORY,ADDR_NEW_OLD_TYPE,VARCHAR,ADDR_NEW_OLD_TYPE 항목,BC_MERCHANT_HISTORY 테이블,N
KODASP,BC_MERCHANT_HISTORY,ADDR1,VARCHAR,ADDR1 항목,BC_MERCHANT_HISTORY 테이블,N
KODASP,BC_MERCHANT_HISTORY,ADDR2,VARCHAR,ADDR2 항목,BC_MERCHANT_HISTORY 테이블,N
KODASP,BC_MERCHANT_HISTORY,ROAD_NM_MNG_CD,VARCHAR,ROAD_NM_MNG_CD (코드),BC_MERCHANT_HISTORY 테이블,N
KODASP,BC_MERCHANT_HISTORY,MERCHANT_FEE_RATE,VARCHAR,MERCHANT_FEE_RATE 항목,BC_MERCHANT_HISTORY 테이블,N
KODASP,BC_MERCHANT_HISTORY,INCOME_DEDUCTION_YN,CHAR,INCOME_DEDUCTION_YN (여부),BC_MERCHANT_HISTORY 테이블,N
KODASP,BC_MERCHANT_HISTORY,INCOME_DEDUCTION_TYPE,VARCHAR,INCOME_DEDUCTION_TYPE 항목,BC_MERCHANT_HISTORY 테이블,N
KODASP,BC_MERCHANT_HISTORY,UNIFORM_YN,CHAR,UNIFORM_YN (여부),BC_MERCHANT_HISTORY 테이블,N
KODASP,BC_MERCHANT_HISTORY,SALES_CD,VARCHAR,SALES_CD (코드),BC_MERCHANT_HISTORY 테이블,N
KODASP,BC_MERCHANT_HISTORY,LATITUDE,VARCHAR,LATITUDE 항목,BC_MERCHANT_HISTORY 테이블,N
KODASP,BC_MERCHANT_HISTORY,LONGITUDE,VARCHAR,LONGITUDE 항목,BC_MERCHANT_HISTORY 테이블,N
KODASP,BC_MERCHANT_HISTORY,ONLINE_YN,CHAR,ONLINE_YN (여부),BC_MERCHANT_HISTORY 테이블,N
KODASP,BC_MERCHANT_HISTORY,SI_DO_NM,VARCHAR,SI_DO_NM (명),BC_MERCHANT_HISTORY 테이블,N
KODASP,BC_MERCHANT_HISTORY,SI_GUN_GU_NM,VARCHAR,SI_GUN_GU_NM (명),BC_MERCHANT_HISTORY 테이블,N
KODASP,BC_MERCHANT_HISTORY,EUP_MYUN_DONG_NM,VARCHAR,EUP_MYUN_DONG_NM (명),BC_MERCHANT_HISTORY 테이블,N
KODASP,BC_MERCHANT_HISTORY,ADMIN_DONG_NAME,VARCHAR,ADMIN_DONG_NAME 항목,BC_MERCHANT_HISTORY 테이블,N
KODASP,BC_MERCHANT_HISTORY,ADMIN_DONG_CODE,VARCHAR,ADMIN_DONG_CODE 항목,BC_MERCHANT_HISTORY 테이블,N
KODASP,BC_MERCHANT_HISTORY,LEGAL_DONG_NAME,VARCHAR,LEGAL_DONG_NAME 항목,BC_MERCHANT_HISTORY 테이블,N
KODASP,BC_MERCHANT_HISTORY,LEGAL_DONG_CODE,VARCHAR,LEGAL_DONG_CODE 항목,BC_MERCHANT_HISTORY 테이블,N
KODASP,BC_MERCHANT_HISTORY,ROAD_NM_CODE,VARCHAR,ROAD_NM_CODE 항목,BC_MERCHANT_HISTORY 테이블,N
KODASP,BC_MERCHANT_HISTORY,ONL_TYPE_CD,VARCHAR,ONL_TYPE_CD (코드),BC_MERCHANT_HISTORY 테이블,N
KODASP,BC_MERCHANT_HISTORY,BIZ_NAME,VARCHAR,BIZ_NAME 항목,BC_MERCHANT_HISTORY 테이블,N
KODASP,BC_MERCHANT_HISTORY,TEL_NO,BIGINT,TEL_NO (번호),BC_MERCHANT_HISTORY 테이블,N
KODASP,BC_ONLINE_MERCHANT,SEQ,VARCHAR,SEQ 항목,BC_ONLINE_MERCHANT 테이블,N
KODASP,BC_ONLINE_MERCHANT,DATA_TYPE,VARCHAR,DATA_TYPE 항목,BC_ONLINE_MERCHANT 테이블,N
KODASP,BC_ONLINE_MERCHANT,BIZ_LICENSE_NO,BIGINT,BIZ_LICENSE_NO (번호),BC_ONLINE_MERCHANT 테이블,N
KODASP,BC_ONLINE_MERCHANT,MCT_REG_DATE,TIMESTAMP,MCT_REG_DATE 항목,BC_ONLINE_MERCHANT 테이블,N
KODASP,BC_ONLINE_MERCHANT,MCT_NAME,VARCHAR,MCT_NAME 항목,BC_ONLINE_MERCHANT 테이블,N
KODASP,BC_ONLINE_MERCHANT,BIZ_TYPE,VARCHAR,BIZ_TYPE 항목,BC_ONLINE_MERCHANT 테이블,N
KODASP,BC_ONLINE_MERCHANT,ONLINE_BIZ_NAME,VARCHAR,ONLINE_BIZ_NAME 항목,BC_ONLINE_MERCHANT 테이블,N
KODASP,BC_ONLINE_MERCHANT,DDD_NO,BIGINT,DDD_NO (번호),BC_ONLINE_MERCHANT 테이블,N
KODASP,BC_ONLINE_MERCHANT,TEL_NO1,VARCHAR,TEL_NO1 항목,BC_ONLINE_MERCHANT 테이블,N
KODASP,BC_ONLINE_MERCHANT,TEL_NO2,VARCHAR,TEL_NO2 항목,BC_ONLINE_MERCHANT 테이블,N
KODASP,BC_ONLINE_MERCHANT,ZIP_CD,VARCHAR,ZIP_CD (코드),BC_ONLINE_MERCHANT 테이블,N
KODASP,BC_ONLINE_MERCHANT,ADDR,VARCHAR,ADDR 항목,BC_ONLINE_MERCHANT 테이블,N
KODASP,BC_ONLINE_MERCHANT,REPR_NO,BIGINT,REPR_NO (번호),BC_ONLINE_MERCHANT 테이블,N
KODASP,BC_ONLINE_MERCHANT,TEMNT_DATE,TIMESTAMP,TEMNT_DATE 항목,BC_ONLINE_MERCHANT 테이블,N
KODASP,BIZ_TYPE_GROUP,GRP_ID,VARCHAR,GRP_ID (식별자),BIZ_TYPE_GROUP 테이블,N
KODASP,BIZ_TYPE_GROUP,GRP_NAME,VARCHAR,GRP_NAME 항목,BIZ_TYPE_GROUP 테이블,N
KODASP,BIZ_TYPE_GROUP,CHANNEL,VARCHAR,CHANNEL 항목,BIZ_TYPE_GROUP 테이블,N
KODASP,BIZ_TYPE_GROUP,GRP_MAPPING_TYPE,VARCHAR,GRP_MAPPING_TYPE 항목,BIZ_TYPE_GROUP 테이블,N
KODASP,BIZ_TYPE_GROUP,SIBLING_GRP_ID,VARCHAR,SIBLING_GRP_ID (식별자),BIZ_TYPE_GROUP 테이블,N
KODASP,BIZ_TYPE_GROUP,CREATED_BY,VARCHAR,CREATED_BY 항목,BIZ_TYPE_GROUP 테이블,N
KODASP,BIZ_TYPE_GROUP,MODIFIED_BY,VARCHAR,MODIFIED_BY 항목,BIZ_TYPE_GROUP 테이블,N
KODASP,BIZ_TYPE_GROUP_MAPPING,ID,VARCHAR,ID (식별자),BIZ_TYPE_GROUP_MAPPING 테이블,N
KODASP,BIZ_TYPE_GROUP_MAPPING,GRP_ID,VARCHAR,GRP_ID (식별자),BIZ_TYPE_GROUP_MAPPING 테이블,N
KODASP,BIZ_TYPE_GROUP_MAPPING,BIZ_TYPE,VARCHAR,BIZ_TYPE 항목,BIZ_TYPE_GROUP_MAPPING 테이블,N
KODASP,BIZ_TYPE_GROUP_MAPPING,SUB_CODE,VARCHAR,SUB_CODE 항목,BIZ_TYPE_GROUP_MAPPING 테이블,N
KODASP,BIZ_TYPE_GROUP_MAPPING,CHANNEL,VARCHAR,CHANNEL 항목,BIZ_TYPE_GROUP_MAPPING 테이블,N
KODASP,CARD_DEREGISTRATION_POLICY,ASP_ID,VARCHAR,ASP_ID (식별자),CARD_DEREGISTRATION_POLICY 테이블,N
KODASP,CARD_DEREGISTRATION_POLICY,PAYMENT,VARCHAR,PAYMENT 항목,CARD_DEREGISTRATION_POLICY 테이블,N
KODASP,CARD_DEREGISTRATION_POLICY,NAMED_CARD,VARCHAR,NAMED_CARD 항목,CARD_DEREGISTRATION_POLICY 테이블,N
KODASP,CARD_DEREGISTRATION_POLICY,INCOME_DEDUCTION,VARCHAR,INCOME_DEDUCTION 항목,CARD_DEREGISTRATION_POLICY 테이블,N
KODASP,CARD_DEREGISTRATION_POLICY,PERSONALIZED_DISCOUNT,VARCHAR,PERSONALIZED_DISCOUNT 항목,CARD_DEREGISTRATION_POLICY 테이블,N
KODASP,CARD_DEREGISTRATION_POLICY,INCORPORATION_CARD,VARCHAR,INCORPORATION_CARD 항목,CARD_DEREGISTRATION_POLICY 테이블,N
KODASP,CARD_DEREGISTRATION_POLICY,BC_CREDIT_ABROAD,VARCHAR,BC_CREDIT_ABROAD 항목,CARD_DEREGISTRATION_POLICY 테이블,N
KODASP,CARD_DEREGISTRATION_POLICY,REMITTANCE,VARCHAR,REMITTANCE 항목,CARD_DEREGISTRATION_POLICY 테이블,N
KODASP,CARD_POINT_POLICY,ID,VARCHAR,ID (식별자),CARD_POINT_POLICY 테이블,N
KODASP,CARD_POINT_POLICY,ASP_ID,VARCHAR,ASP_ID (식별자),CARD_POINT_POLICY 테이블,N
KODASP,CARD_POINT_POLICY,NAME,VARCHAR,NAME 항목,CARD_POINT_POLICY 테이블,N
KODASP,CARD_POINT_POLICY,VALUE_PER_POINT,VARCHAR,VALUE_PER_POINT 항목,CARD_POINT_POLICY 테이블,N
KODASP,CARD_POINT_POLICY,MAX_POSSESSION_LIMIT,VARCHAR,MAX_POSSESSION_LIMIT 항목,CARD_POINT_POLICY 테이블,N
KODASP,CARD_POINT_POLICY,MIN_CONDITION_AMT,BIGINT,MIN_CONDITION_AMT (금액),CARD_POINT_POLICY 테이블,N
KODASP,CARD_POINT_POLICY,MIN_CONDITION_PAY_AMT,BIGINT,MIN_CONDITION_PAY_AMT (금액),CARD_POINT_POLICY 테이블,N
KODASP,CARD_POINT_POLICY,MAX_AMT_ONETIME,VARCHAR,MAX_AMT_ONETIME 항목,CARD_POINT_POLICY 테이블,N
KODASP,CARD_POINT_POLICY,MAX_RATE_ONETIME,VARCHAR,MAX_RATE_ONETIME 항목,CARD_POINT_POLICY 테이블,N
KODASP,CARD_POINT_POLICY,MAX_AMT_DAY,VARCHAR,MAX_AMT_DAY 항목,CARD_POINT_POLICY 테이블,N
KODASP,CARD_POINT_POLICY,MAX_AMT_MONTH,VARCHAR,MAX_AMT_MONTH 항목,CARD_POINT_POLICY 테이블,N
KODASP,CARD_POINT_POLICY,GRANT_GRP_ID,VARCHAR,GRANT_GRP_ID (식별자),CARD_POINT_POLICY 테이블,N
KODASP,CARD_POINT_POLICY,EXCEPT_GRP_ID,VARCHAR,EXCEPT_GRP_ID (식별자),CARD_POINT_POLICY 테이블,N
KODASP,CARD_POINT_POLICY,BIZTYPE_GRP_ID,VARCHAR,BIZTYPE_GRP_ID (식별자),CARD_POINT_POLICY 테이블,N
KODASP,CARD_POINT_POLICY,PERIOD_TYPE,VARCHAR,PERIOD_TYPE 항목,CARD_POINT_POLICY 테이블,N
KODASP,CARD_POINT_POLICY,CANCELLED_VALIDITY_PERIOD,VARCHAR,CANCELLED_VALIDITY_PERIOD 항목,CARD_POINT_POLICY 테이블,N
KODASP,CARD_POINT_POLICY,REWARD_LIMIT_YEAR,VARCHAR,REWARD_LIMIT_YEAR 항목,CARD_POINT_POLICY 테이블,N
KODASP,CARD_POINT_POLICY,REWARD_LIMIT_MONTH,VARCHAR,REWARD_LIMIT_MONTH 항목,CARD_POINT_POLICY 테이블,N
KODASP,CARD_POINT_POLICY,AUTO_USE_YN,CHAR,AUTO_USE_YN (여부),CARD_POINT_POLICY 테이블,N
KODASP,CARD_POINT_POLICY,REFUND_EXTINCT_TYPE,VARCHAR,REFUND_EXTINCT_TYPE 항목,CARD_POINT_POLICY 테이블,N
KODASP,CARD_POINT_POLICY,REFUND_EXTINCT_VALUE,VARCHAR,REFUND_EXTINCT_VALUE 항목,CARD_POINT_POLICY 테이블,N
KODASP,CARD_POINT_POLICY,INCOME_DEDUCTION_YN,CHAR,INCOME_DEDUCTION_YN (여부),CARD_POINT_POLICY 테이블,N
KODASP,CARD_POINT_POLICY,POLICY_TYPE,VARCHAR,POLICY_TYPE 항목,CARD_POINT_POLICY 테이블,N
KODASP,CARD_POINT_POLICY,POLICY_SUB_TYPE,VARCHAR,POLICY_SUB_TYPE 항목,CARD_POINT_POLICY 테이블,N
KODASP,CARD_POINT_POLICY,BUDGET_YEAR,VARCHAR,BUDGET_YEAR 항목,CARD_POINT_POLICY 테이블,N
KODASP,CARD_POINT_POLICY,DISPLAY_NAME,VARCHAR,DISPLAY_NAME 항목,CARD_POINT_POLICY 테이블,N
KODASP,CARD_POINT_POLICY,BIZTYPE_GRANT_GRP_ID,VARCHAR,BIZTYPE_GRANT_GRP_ID (식별자),CARD_POINT_POLICY 테이블,N
KODASP,CARD_POINT_POLICY,SETL_TYPE,VARCHAR,SETL_TYPE 항목,CARD_POINT_POLICY 테이블,N
KODASP,CARD_POINT_POLICY,SETL_POLICY_CD,VARCHAR,SETL_POLICY_CD (코드),CARD_POINT_POLICY 테이블,N
KODASP,CARD_POINT_POLICY,USE_GRADE_YN,CHAR,USE_GRADE_YN (여부),CARD_POINT_POLICY 테이블,N
KODASP,CARD_POINT_POLICY,INCLUDE_PREV_CONDITION,VARCHAR,INCLUDE_PREV_CONDITION 항목,CARD_POINT_POLICY 테이블,N
KODASP,CARD_POINT_POLICY,MEMO,VARCHAR,MEMO 항목,CARD_POINT_POLICY 테이블,N
KODASP,CARD_POINT_POLICY,REGISTRANT,VARCHAR,REGISTRANT 항목,CARD_POINT_POLICY 테이블,N
KODASP,CARD_POINT_POLICY,POINT_TO_BALANCE,VARCHAR,POINT_TO_BALANCE 항목,CARD_POINT_POLICY 테이블,N
KODASP,CARD_POINT_POLICY,COMPOSITE_PAY_TYPE,VARCHAR,COMPOSITE_PAY_TYPE 항목,CARD_POINT_POLICY 테이블,N
KODASP,CARD_POINT_POLICY,TERMINAL_RECHARGE,VARCHAR,TERMINAL_RECHARGE 항목,CARD_POINT_POLICY 테이블,N
KODASP,CARD_POINT_POLICY,PERIOD_TYPE_AT_PAYMENT,VARCHAR,PERIOD_TYPE_AT_PAYMENT 항목,CARD_POINT_POLICY 테이블,N
KODASP,CARD_POINT_POLICY,VALIDITY_PERIOD_AT_PAYMENT,VARCHAR,VALIDITY_PERIOD_AT_PAYMENT 항목,CARD_POINT_POLICY 테이블,N
KODASP,CARD_POINT_POLICY,TAG,VARCHAR,TAG 항목,CARD_POINT_POLICY 테이블,N
KODASP,CARD_POINT_POLICY,CUSTOM_YN,CHAR,CUSTOM_YN (여부),CARD_POINT_POLICY 테이블,N
KODASP,CARD_POINT_POLICY,REMITTANCE_YN,CHAR,REMITTANCE_YN (여부),CARD_POINT_POLICY 테이블,N
KODASP,CARD_POINT_POLICY,BUDGET_MONTH,VARCHAR,BUDGET_MONTH 항목,CARD_POINT_POLICY 테이블,N
KODASP,CARD_POINT_POLICY,SETTLE_KA,VARCHAR,SETTLE_KA 항목,CARD_POINT_POLICY 테이블,N
KODASP,CARD_POINT_SVC_MAPPING,SVC_ID,VARCHAR,SVC_ID (식별자),CARD_POINT_SVC_MAPPING 테이블,N
KODASP,CARD_POINT_SVC_MAPPING,POLICY_ID,VARCHAR,POLICY_ID (식별자),CARD_POINT_SVC_MAPPING 테이블,N
KODASP,CLEARING_TRANSACTION,CLR_TRSN_ID,VARCHAR,CLR_TRSN_ID (식별자),CLEARING_TRANSACTION 테이블,N
KODASP,CLEARING_TRANSACTION,CLR_CD,VARCHAR,CLR_CD (코드),CLEARING_TRANSACTION 테이블,N
KODASP,CLEARING_TRANSACTION,PROCESSING_CD,VARCHAR,PROCESSING_CD (코드),CLEARING_TRANSACTION 테이블,N
KODASP,CLEARING_TRANSACTION,SVC_ID,VARCHAR,SVC_ID (식별자),CLEARING_TRANSACTION 테이블,N
KODASP,CLEARING_TRANSACTION,ROLE_CD,VARCHAR,ROLE_CD (코드),CLEARING_TRANSACTION 테이블,N
KODASP,CLEARING_TRANSACTION,PLAYER_ID,VARCHAR,PLAYER_ID (식별자),CLEARING_TRANSACTION 테이블,N
KODASP,CLEARING_TRANSACTION,SETL_POLICY_CD,VARCHAR,SETL_POLICY_CD (코드),CLEARING_TRANSACTION 테이블,N
KODASP,CLEARING_TRANSACTION,TAKE_IN_ADVC_YN,CHAR,TAKE_IN_ADVC_YN (여부),CLEARING_TRANSACTION 테이블,N
KODASP,CLEARING_TRANSACTION,TAXATION_CD,VARCHAR,TAXATION_CD (코드),CLEARING_TRANSACTION 테이블,N
KODASP,CLEARING_TRANSACTION,REF_CD,VARCHAR,REF_CD (코드),CLEARING_TRANSACTION 테이블,N
KODASP,CLEARING_TRANSACTION,ASP_ID,VARCHAR,ASP_ID (식별자),CLEARING_TRANSACTION 테이블,N
KODASP,CLEARING_TRANSACTION,ACQUIRER_ID,VARCHAR,ACQUIRER_ID (식별자),CLEARING_TRANSACTION 테이블,N
KODASP,CLEARING_TRANSACTION,SALES_CD,VARCHAR,SALES_CD (코드),CLEARING_TRANSACTION 테이블,N
KODASP,CLEARING_TRANSACTION,KA_ID,VARCHAR,KA_ID (식별자),CLEARING_TRANSACTION 테이블,N
KODASP,CLEARING_TRANSACTION,BIZ_LICENSE_TYPE,VARCHAR,BIZ_LICENSE_TYPE 항목,CLEARING_TRANSACTION 테이블,N
KODASP,COMPOSITE_PAYMENT_PRIORITY,SVC_ID,VARCHAR,SVC_ID (식별자),COMPOSITE_PAYMENT_PRIORITY 테이블,N
KODASP,COMPOSITE_PAYMENT_PRIORITY,POLICY_ID,VARCHAR,POLICY_ID (식별자),COMPOSITE_PAYMENT_PRIORITY 테이블,N
KODASP,COMPOSITE_PAYMENT_PRIORITY,PRIORITY,VARCHAR,PRIORITY 항목,COMPOSITE_PAYMENT_PRIORITY 테이블,N
KODASP,CONTRACT,ROLE_CD,VARCHAR,ROLE_CD (코드),CONTRACT 테이블,N
KODASP,CONTRACT,PLAYER_ID,VARCHAR,PLAYER_ID (식별자),CONTRACT 테이블,N
KODASP,CONTRACT,ADDITIONAL_INFO_YN,CHAR,ADDITIONAL_INFO_YN (여부),CONTRACT 테이블,N
KODASP,CONTRACT,STATUS,VARCHAR,STATUS 항목,CONTRACT 테이블,N
KODASP,CONTRACT,STMT_TYPE,VARCHAR,STMT_TYPE 항목,CONTRACT 테이블,N
KODASP,CONTRACT,SETL_PLAYER_ID,VARCHAR,SETL_PLAYER_ID (식별자),CONTRACT 테이블,N
KODASP,CONTRACT,NAME,VARCHAR,NAME 항목,CONTRACT 테이블,N
KODASP,CONTRACT,PORTAL_ID,VARCHAR,PORTAL_ID (식별자),CONTRACT 테이블,N
KODASP,CONTRACT,BIZLICENSE_NO,BIGINT,BIZLICENSE_NO (번호),CONTRACT 테이블,N
KODASP,CONTRACT,CORP_NO,BIGINT,CORP_NO (번호),CONTRACT 테이블,N
KODASP,CONTRACT,SETL_ROLE_CD,VARCHAR,SETL_ROLE_CD (코드),CONTRACT 테이블,N
KODASP,CONTRACT,HIDE_FROM_LIST,VARCHAR,HIDE_FROM_LIST (상태),CONTRACT 테이블,N
KODASP,CONTRACT,STORE_NAME,VARCHAR,STORE_NAME 항목,CONTRACT 테이블,N
KODASP,CONTRACT,BIZ_LICENSE_TYPE,VARCHAR,BIZ_LICENSE_TYPE 항목,CONTRACT 테이블,N
KODASP,COUPON_POLICY,ASP_ID,VARCHAR,ASP_ID (식별자),COUPON_POLICY 테이블,N
KODASP,COUPON_POLICY,USE_YN,CHAR,USE_YN (여부),COUPON_POLICY 테이블,N
KODASP,COUPON_POLICY,EXPIRY_HOUR,VARCHAR,EXPIRY_HOUR 항목,COUPON_POLICY 테이블,N
KODASP,COUPON_POLICY,EXTEND_PERIOD_MONTH,VARCHAR,EXTEND_PERIOD_MONTH 항목,COUPON_POLICY 테이블,N
KODASP,COUPON_POLICY,CANCELABLE_DAY,VARCHAR,CANCELABLE_DAY 항목,COUPON_POLICY 테이블,N
KODASP,COUPON_POLICY,NOTI_INTERVAL_DAY,VARCHAR,NOTI_INTERVAL_DAY 항목,COUPON_POLICY 테이블,N
KODASP,COUPON_POLICY,RFND_FEE,VARCHAR,RFND_FEE 항목,COUPON_POLICY 테이블,N
KODASP,COUPON_POLICY,RFND_EXTENDED_FEE,VARCHAR,RFND_EXTENDED_FEE 항목,COUPON_POLICY 테이블,N
KODASP,COUPON_POLICY,RFND_EXPIRY_FEE,VARCHAR,RFND_EXPIRY_FEE 항목,COUPON_POLICY 테이블,N
KODASP,COUPON_POLICY,RFND_EXTINCT_FEE,VARCHAR,RFND_EXTINCT_FEE 항목,COUPON_POLICY 테이블,N
KODASP,CUSTOM_DISCOUNT,DCNT_TYPE,VARCHAR,DCNT_TYPE 항목,CUSTOM_DISCOUNT 테이블,N
KODASP,CUSTOM_DISCOUNT,SVC_ID,VARCHAR,SVC_ID (식별자),CUSTOM_DISCOUNT 테이블,N
KODASP,CUSTOM_DISCOUNT,DCNT_SEQ,VARCHAR,DCNT_SEQ 항목,CUSTOM_DISCOUNT 테이블,N
KODASP,CUSTOM_DISCOUNT,HAS_BIZ_TYPE_DCNT_YN,CHAR,HAS_BIZ_TYPE_DCNT_YN (여부),CUSTOM_DISCOUNT 테이블,N
KODASP,CUSTOM_DISCOUNT,MAX_REGISTRABLE_MERCHANT,VARCHAR,MAX_REGISTRABLE_MERCHANT 항목,CUSTOM_DISCOUNT 테이블,N
KODASP,CUSTOM_DISCOUNT,UNCHANGEABLE_PERIOD,VARCHAR,UNCHANGEABLE_PERIOD 항목,CUSTOM_DISCOUNT 테이블,N
KODASP,DCNT_BUNDLE_MAPPING,dcnt_bundle_id,VARCHAR,dcnt_bundle_id (식별자),DCNT_BUNDLE_MAPPING 테이블,N
KODASP,DCNT_BUNDLE_MAPPING,dcnt_type,VARCHAR,dcnt_type 항목,DCNT_BUNDLE_MAPPING 테이블,N
KODASP,DCNT_BUNDLE_MAPPING,dcnt_seq,VARCHAR,dcnt_seq 항목,DCNT_BUNDLE_MAPPING 테이블,N
KODASP,DCNT_BUNDLE_MAPPING,bundle_type,VARCHAR,bundle_type 항목,DCNT_BUNDLE_MAPPING 테이블,N
KODASP,DCNT_BUNDLE_PRODUCT_MAPPING,DCNT_BUNDLE_ID,VARCHAR,DCNT_BUNDLE_ID (식별자),DCNT_BUNDLE_PRODUCT_MAPPING 테이블,N
KODASP,DCNT_BUNDLE_PRODUCT_MAPPING,SVC_ID,VARCHAR,SVC_ID (식별자),DCNT_BUNDLE_PRODUCT_MAPPING 테이블,N
KODASP,DCNT_BUNDLE_PRODUCT_MAPPING,BUNDLE_TYPE,VARCHAR,BUNDLE_TYPE 항목,DCNT_BUNDLE_PRODUCT_MAPPING 테이블,N
KODASP,DCNT_GROUP_MAPPING,DCNT_TYPE,VARCHAR,DCNT_TYPE 항목,DCNT_GROUP_MAPPING 테이블,N
KODASP,DCNT_GROUP_MAPPING,SVC_ID,VARCHAR,SVC_ID (식별자),DCNT_GROUP_MAPPING 테이블,N
KODASP,DCNT_GROUP_MAPPING,DCNT_SEQ,VARCHAR,DCNT_SEQ 항목,DCNT_GROUP_MAPPING 테이블,N
KODASP,DCNT_GROUP_MAPPING,MAPPING_TYPE,VARCHAR,MAPPING_TYPE 항목,DCNT_GROUP_MAPPING 테이블,N
KODASP,DCNT_GROUP_MAPPING,CHANNEL,VARCHAR,CHANNEL 항목,DCNT_GROUP_MAPPING 테이블,N
KODASP,DISCOUNT_BUNDLE,DCNT_BUNDLE_ID,VARCHAR,DCNT_BUNDLE_ID (식별자),DISCOUNT_BUNDLE 테이블,N
KODASP,DISCOUNT_BUNDLE,BUNDLE_NAME,VARCHAR,BUNDLE_NAME 항목,DISCOUNT_BUNDLE 테이블,N
KODASP,DISCOUNT_BUNDLE,ASP_ID,VARCHAR,ASP_ID (식별자),DISCOUNT_BUNDLE 테이블,N
KODASP,DISCOUNT_BUNDLE,BUNDLE_TYPE,VARCHAR,BUNDLE_TYPE 항목,DISCOUNT_BUNDLE 테이블,N
KODASP,DISCOUNT_PROVIDER,PROVIDER_ID,VARCHAR,PROVIDER_ID (식별자),DISCOUNT_PROVIDER 테이블,N
KODASP,DISCOUNT_PROVIDER,ROLE_CD,VARCHAR,ROLE_CD (코드),DISCOUNT_PROVIDER 테이블,N
KODASP,DISCOUNT_PROVIDER,RATE_TYPE,VARCHAR,RATE_TYPE 항목,DISCOUNT_PROVIDER 테이블,N
KODASP,DISCOUNT_PROVIDER,RATE_VALUE,VARCHAR,RATE_VALUE 항목,DISCOUNT_PROVIDER 테이블,N
KODASP,DISCOUNT_PROVIDER,DCNT_TYPE,VARCHAR,DCNT_TYPE 항목,DISCOUNT_PROVIDER 테이블,N
KODASP,DISCOUNT_PROVIDER,SVC_ID,VARCHAR,SVC_ID (식별자),DISCOUNT_PROVIDER 테이블,N
KODASP,DISCOUNT_PROVIDER,DCNT_SEQ,VARCHAR,DCNT_SEQ 항목,DISCOUNT_PROVIDER 테이블,N
KODASP,EPAY_SVC_CODE,SVC_ID,VARCHAR,SVC_ID (식별자),EPAY_SVC_CODE 테이블,N
KODASP,EPAY_SVC_CODE,CHANNEL,VARCHAR,CHANNEL 항목,EPAY_SVC_CODE 테이블,N
KODASP,EPAY_SVC_CODE,SVC_CODE,VARCHAR,SVC_CODE 항목,EPAY_SVC_CODE 테이블,N
KODASP,EXTERNAL_SERVICE,SEQ,VARCHAR,SEQ 항목,EXTERNAL_SERVICE 테이블,N
KODASP,EXTERNAL_SERVICE,SERVICE_TYPE,VARCHAR,SERVICE_TYPE 항목,EXTERNAL_SERVICE 테이블,N
KODASP,EXTERNAL_SERVICE,PROVIDER_ROLE,VARCHAR,PROVIDER_ROLE 항목,EXTERNAL_SERVICE 테이블,N
KODASP,EXTERNAL_SERVICE,PROVIDER_PLAYER_ID,VARCHAR,PROVIDER_PLAYER_ID (식별자),EXTERNAL_SERVICE 테이블,N
KODASP,EXTERNAL_SERVICE,ASP_ID,VARCHAR,ASP_ID (식별자),EXTERNAL_SERVICE 테이블,N
KODASP,EXTERNAL_SERVICE,EXTERNAL_SERVICE_NAME,VARCHAR,EXTERNAL_SERVICE_NAME 항목,EXTERNAL_SERVICE 테이블,N
KODASP,FEE_RATE,SEQ,VARCHAR,SEQ 항목,FEE_RATE 테이블,N
KODASP,FEE_RATE,CLR_CD,VARCHAR,CLR_CD (코드),FEE_RATE 테이블,N
KODASP,FEE_RATE,FEE_RANGE_MIN,VARCHAR,FEE_RANGE_MIN 항목,FEE_RATE 테이블,N
KODASP,FEE_RATE,FEE_RANGE_MAX,VARCHAR,FEE_RANGE_MAX 항목,FEE_RATE 테이블,N
KODASP,FEE_RATE,FEE_VAL_TYPE,VARCHAR,FEE_VAL_TYPE 항목,FEE_RATE 테이블,N
KODASP,FEE_RATE,FEE_VAL,VARCHAR,FEE_VAL 항목,FEE_RATE 테이블,N
KODASP,FRAUD_DETECTION_POLICY,ASP_ID,VARCHAR,ASP_ID (식별자),FRAUD_DETECTION_POLICY 테이블,N
KODASP,FRAUD_DETECTION_POLICY,RECHARGE_RULE_CD,VARCHAR,RECHARGE_RULE_CD (코드),FRAUD_DETECTION_POLICY 테이블,N
KODASP,FRAUD_DETECTION_POLICY,ID_TYPE,VARCHAR,ID_TYPE 항목,FRAUD_DETECTION_POLICY 테이블,N
KODASP,FRAUD_DETECTION_POLICY,PAYMENT_RULE_CD,VARCHAR,PAYMENT_RULE_CD (코드),FRAUD_DETECTION_POLICY 테이블,N
KODASP,FRAUD_DETECTION_POLICY,ACT_ID_TYPE,VARCHAR,ACT_ID_TYPE 항목,FRAUD_DETECTION_POLICY 테이블,N
KODASP,FRAUD_DETECTION_POLICY,SEMI_ACT_ID_TYPE,VARCHAR,SEMI_ACT_ID_TYPE 항목,FRAUD_DETECTION_POLICY 테이블,N
KODASP,FUNDAMENTAL_PLAYER,BIZ_TYPE,VARCHAR,BIZ_TYPE 항목,FUNDAMENTAL_PLAYER 테이블,N
KODASP,FUNDAMENTAL_PLAYER,STATUS,VARCHAR,STATUS 항목,FUNDAMENTAL_PLAYER 테이블,N
KODASP,FUNDAMENTAL_PLAYER,ADVC_MONEY_YN,CHAR,ADVC_MONEY_YN (여부),FUNDAMENTAL_PLAYER 테이블,N
KODASP,FUNDAMENTAL_PLAYER,ROLE_CD,VARCHAR,ROLE_CD (코드),FUNDAMENTAL_PLAYER 테이블,N
KODASP,FUNDAMENTAL_PLAYER,PLAYER_ID,VARCHAR,PLAYER_ID (식별자),FUNDAMENTAL_PLAYER 테이블,N
KODASP,FUNDAMENTAL_PLAYER,ACQ_TYPE,VARCHAR,ACQ_TYPE 항목,FUNDAMENTAL_PLAYER 테이블,N
KODASP,FUNDAMENTAL_PLAYER,ACQ_CLS,VARCHAR,ACQ_CLS 항목,FUNDAMENTAL_PLAYER 테이블,N
KODASP,GIFT_POLICY,ASP_ID,VARCHAR,ASP_ID (식별자),GIFT_POLICY 테이블,N
KODASP,GIFT_POLICY,EXPIRY_HOUR,VARCHAR,EXPIRY_HOUR 항목,GIFT_POLICY 테이블,N
KODASP,GROUP_MAPPING,ID,VARCHAR,ID (식별자),GROUP_MAPPING 테이블,N
KODASP,GROUP_MAPPING,PLAYER_ID,VARCHAR,PLAYER_ID (식별자),GROUP_MAPPING 테이블,N
KODASP,GROUP_MAPPING,GRP_ID,VARCHAR,GRP_ID (식별자),GROUP_MAPPING 테이블,N
KODASP,GROUP_MAPPING,ROLE_CD,VARCHAR,ROLE_CD (코드),GROUP_MAPPING 테이블,N
KODASP,GROUP_MAPPING,CHANNEL,VARCHAR,CHANNEL 항목,GROUP_MAPPING 테이블,N
KODASP,GROUP_MAPPING_HISTORY,ID,VARCHAR,ID (식별자),GROUP_MAPPING_HISTORY 테이블,N
KODASP,GROUP_MAPPING_HISTORY,PLAYER_ID,VARCHAR,PLAYER_ID (식별자),GROUP_MAPPING_HISTORY 테이블,N
KODASP,GROUP_MAPPING_HISTORY,GRP_ID,VARCHAR,GRP_ID (식별자),GROUP_MAPPING_HISTORY 테이블,N
KODASP,GROUP_MAPPING_HISTORY,GROUP_CD,VARCHAR,GROUP_CD (코드),GROUP_MAPPING_HISTORY 테이블,N
KODASP,GROUP_MAPPING_HISTORY,ROLE_CD,VARCHAR,ROLE_CD (코드),GROUP_MAPPING_HISTORY 테이블,N
KODASP,GROUP_MAPPING_HISTORY,CHANNEL,VARCHAR,CHANNEL 항목,GROUP_MAPPING_HISTORY 테이블,N
KODASP,GROUP_MAPPING_HISTORY,STATUS,VARCHAR,STATUS 항목,GROUP_MAPPING_HISTORY 테이블,N
KODASP,GROUP_MAPPING_HISTORY,REGISTRANT,VARCHAR,REGISTRANT 항목,GROUP_MAPPING_HISTORY 테이블,N
KODASP,HANA_MERCHANT,SEQ,VARCHAR,SEQ 항목,HANA_MERCHANT 테이블,N
KODASP,HANA_MERCHANT,REVISION_SEQ,VARCHAR,REVISION_SEQ 항목,HANA_MERCHANT 테이블,N
KODASP,HANA_MERCHANT,DATA_TYPE,VARCHAR,DATA_TYPE 항목,HANA_MERCHANT 테이블,N
KODASP,HANA_MERCHANT,MCT_MNG_NO,BIGINT,MCT_MNG_NO (번호),HANA_MERCHANT 테이블,N
KODASP,HANA_MERCHANT,SIMPLE_NM,VARCHAR,SIMPLE_NM (명),HANA_MERCHANT 테이블,N
KODASP,HANA_MERCHANT,BIZ_LICENSE_NO,BIGINT,BIZ_LICENSE_NO (번호),HANA_MERCHANT 테이블,N
KODASP,HANA_MERCHANT,TEL_NO,BIGINT,TEL_NO (번호),HANA_MERCHANT 테이블,N
KODASP,HANA_MERCHANT,ZIP_CD,VARCHAR,ZIP_CD (코드),HANA_MERCHANT 테이블,N
KODASP,HANA_MERCHANT,ADDR1,VARCHAR,ADDR1 항목,HANA_MERCHANT 테이블,N
KODASP,HANA_MERCHANT,ADDR2,VARCHAR,ADDR2 항목,HANA_MERCHANT 테이블,N
KODASP,HANA_MERCHANT,MCT_REG_DATE,TIMESTAMP,MCT_REG_DATE 항목,HANA_MERCHANT 테이블,N
KODASP,HANA_MERCHANT,TEMNT_DATE,TIMESTAMP,TEMNT_DATE 항목,HANA_MERCHANT 테이블,N
KODASP,HANA_MERCHANT,SUSPENDED_YN,CHAR,SUSPENDED_YN (여부),HANA_MERCHANT 테이블,N
KODASP,HANA_MERCHANT,BIZ_TYPE,VARCHAR,BIZ_TYPE 항목,HANA_MERCHANT 테이블,N
KODASP,HANA_MERCHANT,BIZ_NAME,VARCHAR,BIZ_NAME 항목,HANA_MERCHANT 테이블,N
KODASP,HANA_MERCHANT,ADDR_NEW_OLD_TYPE,VARCHAR,ADDR_NEW_OLD_TYPE 항목,HANA_MERCHANT 테이블,N
KODASP,HANA_MERCHANT,SALES_CD,VARCHAR,SALES_CD (코드),HANA_MERCHANT 테이블,N
KODASP,HANA_MERCHANT,SI_DO_NM,VARCHAR,SI_DO_NM (명),HANA_MERCHANT 테이블,N
KODASP,HANA_MERCHANT,SI_GUN_GU_NM,VARCHAR,SI_GUN_GU_NM (명),HANA_MERCHANT 테이블,N
KODASP,HANA_MERCHANT,ADMIN_DONG_NAME,VARCHAR,ADMIN_DONG_NAME 항목,HANA_MERCHANT 테이블,N
KODASP,HANA_MERCHANT,ADMIN_DONG_CODE,VARCHAR,ADMIN_DONG_CODE 항목,HANA_MERCHANT 테이블,N
KODASP,HANA_MERCHANT,LEGAL_DONG_NAME,VARCHAR,LEGAL_DONG_NAME 항목,HANA_MERCHANT 테이블,N
KODASP,HANA_MERCHANT,LEGAL_DONG_CODE,VARCHAR,LEGAL_DONG_CODE 항목,HANA_MERCHANT 테이블,N
KODASP,HANA_MERCHANT,ROAD_NM,VARCHAR,ROAD_NM (명),HANA_MERCHANT 테이블,N
KODASP,HANA_MERCHANT,BUILDING_NO,BIGINT,BUILDING_NO (번호),HANA_MERCHANT 테이블,N
KODASP,HANA_MERCHANT,SUB_BUILDING_NO,BIGINT,SUB_BUILDING_NO (번호),HANA_MERCHANT 테이블,N
KODASP,HANA_MERCHANT,LATITUDE,VARCHAR,LATITUDE 항목,HANA_MERCHANT 테이블,N
KODASP,HANA_MERCHANT,LONGITUDE,VARCHAR,LONGITUDE 항목,HANA_MERCHANT 테이블,N
KODASP,HANA_MERCHANT,MERCHANT_FEE_RATE,VARCHAR,MERCHANT_FEE_RATE 항목,HANA_MERCHANT 테이블,N
KODASP,HANA_MERCHANT,repr_nm,VARCHAR,repr_nm (명),HANA_MERCHANT 테이블,N
KODASP,HANA_MERCHANT,DEBIT_MERCHANT_FEE_RATE,VARCHAR,DEBIT_MERCHANT_FEE_RATE 항목,HANA_MERCHANT 테이블,N
KODASP,HANA_MERCHANT,CREDIT_MERCHANT_FEE_RATE,VARCHAR,CREDIT_MERCHANT_FEE_RATE 항목,HANA_MERCHANT 테이블,N
KODASP,HANA_MERCHANT,BIZ_TXTN_DVCD,VARCHAR,BIZ_TXTN_DVCD (코드),HANA_MERCHANT 테이블,N
KODASP,HANA_MERCHANT,BIZ_TXTN_TYPE,VARCHAR,BIZ_TXTN_TYPE 항목,HANA_MERCHANT 테이블,N
KODASP,HANA_MERCHANT,CORP_REGISTER_NO,BIGINT,CORP_REGISTER_NO (번호),HANA_MERCHANT 테이블,N
KODASP,HANA_MERCHANT,TMNL_YN,CHAR,TMNL_YN (여부),HANA_MERCHANT 테이블,N
KODASP,HANA_MERCHANT,KEY_IN_BLK_YN,CHAR,KEY_IN_BLK_YN (여부),HANA_MERCHANT 테이블,N
KODASP,HANA_MERCHANT,INCOME_DEDUCTION_YN,CHAR,INCOME_DEDUCTION_YN (여부),HANA_MERCHANT 테이블,N
KODASP,HANA_MERCHANT,SUSPENDED_CODE,VARCHAR,SUSPENDED_CODE 항목,HANA_MERCHANT 테이블,N
KODASP,HANA_MERCHANT_HISTORY,SEQ,VARCHAR,SEQ 항목,HANA_MERCHANT_HISTORY 테이블,N
KODASP,HANA_MERCHANT_HISTORY,TYPE,VARCHAR,TYPE 항목,HANA_MERCHANT_HISTORY 테이블,N
KODASP,HANA_MERCHANT_HISTORY,REVISION_SEQ,VARCHAR,REVISION_SEQ 항목,HANA_MERCHANT_HISTORY 테이블,N
KODASP,HANA_MERCHANT_HISTORY,DATA_TYPE,VARCHAR,DATA_TYPE 항목,HANA_MERCHANT_HISTORY 테이블,N
KODASP,HANA_MERCHANT_HISTORY,MCT_MNG_NO,BIGINT,MCT_MNG_NO (번호),HANA_MERCHANT_HISTORY 테이블,N
KODASP,HANA_MERCHANT_HISTORY,SIMPLE_NM,VARCHAR,SIMPLE_NM (명),HANA_MERCHANT_HISTORY 테이블,N
KODASP,HANA_MERCHANT_HISTORY,BIZ_LICENSE_NO,BIGINT,BIZ_LICENSE_NO (번호),HANA_MERCHANT_HISTORY 테이블,N
KODASP,HANA_MERCHANT_HISTORY,REPR_NM,VARCHAR,REPR_NM (명),HANA_MERCHANT_HISTORY 테이블,N
KODASP,HANA_MERCHANT_HISTORY,TEL_NO,BIGINT,TEL_NO (번호),HANA_MERCHANT_HISTORY 테이블,N
KODASP,HANA_MERCHANT_HISTORY,ZIP_CD,VARCHAR,ZIP_CD (코드),HANA_MERCHANT_HISTORY 테이블,N
KODASP,HANA_MERCHANT_HISTORY,ADDR1,VARCHAR,ADDR1 항목,HANA_MERCHANT_HISTORY 테이블,N
KODASP,HANA_MERCHANT_HISTORY,ADDR2,VARCHAR,ADDR2 항목,HANA_MERCHANT_HISTORY 테이블,N
KODASP,HANA_MERCHANT_HISTORY,MCT_REG_DATE,TIMESTAMP,MCT_REG_DATE 항목,HANA_MERCHANT_HISTORY 테이블,N
KODASP,HANA_MERCHANT_HISTORY,TEMNT_DATE,TIMESTAMP,TEMNT_DATE 항목,HANA_MERCHANT_HISTORY 테이블,N
KODASP,HANA_MERCHANT_HISTORY,SUSPENDED_YN,CHAR,SUSPENDED_YN (여부),HANA_MERCHANT_HISTORY 테이블,N
KODASP,HANA_MERCHANT_HISTORY,BIZ_TYPE,VARCHAR,BIZ_TYPE 항목,HANA_MERCHANT_HISTORY 테이블,N
KODASP,HANA_MERCHANT_HISTORY,BIZ_NAME,VARCHAR,BIZ_NAME 항목,HANA_MERCHANT_HISTORY 테이블,N
KODASP,HANA_MERCHANT_HISTORY,ADDR_NEW_OLD_TYPE,VARCHAR,ADDR_NEW_OLD_TYPE 항목,HANA_MERCHANT_HISTORY 테이블,N
KODASP,HANA_MERCHANT_HISTORY,SALES_CD,VARCHAR,SALES_CD (코드),HANA_MERCHANT_HISTORY 테이블,N
KODASP,HANA_MERCHANT_HISTORY,SI_DO_NM,VARCHAR,SI_DO_NM (명),HANA_MERCHANT_HISTORY 테이블,N
KODASP,HANA_MERCHANT_HISTORY,SI_GUN_GU_NM,VARCHAR,SI_GUN_GU_NM (명),HANA_MERCHANT_HISTORY 테이블,N
KODASP,HANA_MERCHANT_HISTORY,ADMIN_DONG_NAME,VARCHAR,ADMIN_DONG_NAME 항목,HANA_MERCHANT_HISTORY 테이블,N
KODASP,HANA_MERCHANT_HISTORY,ADMIN_DONG_CODE,VARCHAR,ADMIN_DONG_CODE 항목,HANA_MERCHANT_HISTORY 테이블,N
KODASP,HANA_MERCHANT_HISTORY,LEGAL_DONG_NAME,VARCHAR,LEGAL_DONG_NAME 항목,HANA_MERCHANT_HISTORY 테이블,N
KODASP,HANA_MERCHANT_HISTORY,LEGAL_DONG_CODE,VARCHAR,LEGAL_DONG_CODE 항목,HANA_MERCHANT_HISTORY 테이블,N
KODASP,HANA_MERCHANT_HISTORY,ROAD_NM,VARCHAR,ROAD_NM (명),HANA_MERCHANT_HISTORY 테이블,N
KODASP,HANA_MERCHANT_HISTORY,BUILDING_NO,BIGINT,BUILDING_NO (번호),HANA_MERCHANT_HISTORY 테이블,N
KODASP,HANA_MERCHANT_HISTORY,SUB_BUILDING_NO,BIGINT,SUB_BUILDING_NO (번호),HANA_MERCHANT_HISTORY 테이블,N
KODASP,HANA_MERCHANT_HISTORY,LATITUDE,VARCHAR,LATITUDE 항목,HANA_MERCHANT_HISTORY 테이블,N
KODASP,HANA_MERCHANT_HISTORY,LONGITUDE,VARCHAR,LONGITUDE 항목,HANA_MERCHANT_HISTORY 테이블,N
KODASP,HANA_MERCHANT_HISTORY,MERCHANT_FEE_RATE,VARCHAR,MERCHANT_FEE_RATE 항목,HANA_MERCHANT_HISTORY 테이블,N
KODASP,KB_MERCHANT,SEQ,VARCHAR,SEQ 항목,KB_MERCHANT 테이블,N
KODASP,KB_MERCHANT,DATA_TYPE,VARCHAR,DATA_TYPE 항목,KB_MERCHANT 테이블,N
KODASP,KB_MERCHANT,REVISION_SEQ,VARCHAR,REVISION_SEQ 항목,KB_MERCHANT 테이블,N
KODASP,KB_MERCHANT,BIZ_LICENSE_NO,BIGINT,BIZ_LICENSE_NO (번호),KB_MERCHANT 테이블,N
KODASP,KB_MERCHANT,MCT_MNG_NO,BIGINT,MCT_MNG_NO (번호),KB_MERCHANT 테이블,N
KODASP,KB_MERCHANT,SIMPLE_NM,VARCHAR,SIMPLE_NM (명),KB_MERCHANT 테이블,N
KODASP,KB_MERCHANT,TEL_NO,BIGINT,TEL_NO (번호),KB_MERCHANT 테이블,N
KODASP,KB_MERCHANT,ZIP_CD,VARCHAR,ZIP_CD (코드),KB_MERCHANT 테이블,N
KODASP,KB_MERCHANT,ADDR1,VARCHAR,ADDR1 항목,KB_MERCHANT 테이블,N
KODASP,KB_MERCHANT,ADDR2,VARCHAR,ADDR2 항목,KB_MERCHANT 테이블,N
KODASP,KB_MERCHANT,MCT_REG_DATE,TIMESTAMP,MCT_REG_DATE 항목,KB_MERCHANT 테이블,N
KODASP,KB_MERCHANT,TEMNT_DATE,TIMESTAMP,TEMNT_DATE 항목,KB_MERCHANT 테이블,N
KODASP,KB_MERCHANT,SUSPENDED_YN,CHAR,SUSPENDED_YN (여부),KB_MERCHANT 테이블,N
KODASP,KB_MERCHANT,BIZ_TYPE,VARCHAR,BIZ_TYPE 항목,KB_MERCHANT 테이블,N
KODASP,KB_MERCHANT,SUB_CD,VARCHAR,SUB_CD (코드),KB_MERCHANT 테이블,N
KODASP,KB_MERCHANT,BIZ_NAME,VARCHAR,BIZ_NAME 항목,KB_MERCHANT 테이블,N
KODASP,KB_MERCHANT,CHK_FEE_RATE,VARCHAR,CHK_FEE_RATE 항목,KB_MERCHANT 테이블,N
KODASP,KB_MERCHANT,CRD_FEE_RATE,VARCHAR,CRD_FEE_RATE 항목,KB_MERCHANT 테이블,N
KODASP,KB_MERCHANT,ADDR_NEW_OLD_TYPE,VARCHAR,ADDR_NEW_OLD_TYPE 항목,KB_MERCHANT 테이블,N
KODASP,KB_MERCHANT,BIZ_TXTN_TYPE,VARCHAR,BIZ_TXTN_TYPE 항목,KB_MERCHANT 테이블,N
KODASP,KB_MERCHANT,BIZ_TXTN_DVCD,VARCHAR,BIZ_TXTN_DVCD (코드),KB_MERCHANT 테이블,N
KODASP,KB_MERCHANT,MCT_RENTRY_DT,TIMESTAMP,MCT_RENTRY_DT (일자),KB_MERCHANT 테이블,N
KODASP,KB_MERCHANT,INST_YN,CHAR,INST_YN (여부),KB_MERCHANT 테이블,N
KODASP,KB_MERCHANT,INST_MONTHS,VARCHAR,INST_MONTHS 항목,KB_MERCHANT 테이블,N
KODASP,KB_MERCHANT,MCT_ABR_FERT,VARCHAR,MCT_ABR_FERT 항목,KB_MERCHANT 테이블,N
KODASP,KB_MERCHANT,MONTHLY_APV_LIMIT,VARCHAR,MONTHLY_APV_LIMIT 항목,KB_MERCHANT 테이블,N
KODASP,KB_MERCHANT,DAILY_APV_LIMIT,VARCHAR,DAILY_APV_LIMIT 항목,KB_MERCHANT 테이블,N
KODASP,KB_MERCHANT,KEY_IN_BLK_YN,CHAR,KEY_IN_BLK_YN (여부),KB_MERCHANT 테이블,N
KODASP,KB_MERCHANT,KEY_IN_BLK_LIMIT,VARCHAR,KEY_IN_BLK_LIMIT 항목,KB_MERCHANT 테이블,N
KODASP,KB_MERCHANT,SMAC_BANK_CD,VARCHAR,SMAC_BANK_CD (코드),KB_MERCHANT 테이블,N
KODASP,KB_MERCHANT,SMAC_BANK_CD_NM,VARCHAR,SMAC_BANK_CD_NM (명),KB_MERCHANT 테이블,N
KODASP,KB_MERCHANT,REG_TMNL_INSL_YN,CHAR,REG_TMNL_INSL_YN (여부),KB_MERCHANT 테이블,N
KODASP,KB_MERCHANT,TMNL_ID_NO,BIGINT,TMNL_ID_NO (번호),KB_MERCHANT 테이블,N
KODASP,KB_MERCHANT,MERC_FEE_DVCD,VARCHAR,MERC_FEE_DVCD (코드),KB_MERCHANT 테이블,N
KODASP,KB_MERCHANT,VAN_FEE_DVCD,VARCHAR,VAN_FEE_DVCD (코드),KB_MERCHANT 테이블,N
KODASP,KB_MERCHANT,INCOME_DEDUCTION_YN,CHAR,INCOME_DEDUCTION_YN (여부),KB_MERCHANT 테이블,N
KODASP,KB_MERCHANT,INCOME_DEDUCTION_TYPE,VARCHAR,INCOME_DEDUCTION_TYPE 항목,KB_MERCHANT 테이블,N
KODASP,KB_MERCHANT,UNIFORM_YN,CHAR,UNIFORM_YN (여부),KB_MERCHANT 테이블,N
KODASP,KB_MERCHANT,MERCHANT_FEE_RATE,VARCHAR,MERCHANT_FEE_RATE 항목,KB_MERCHANT 테이블,N
KODASP,KB_MERCHANT,LATITUDE,VARCHAR,LATITUDE 항목,KB_MERCHANT 테이블,N
KODASP,KB_MERCHANT,LONGITUDE,VARCHAR,LONGITUDE 항목,KB_MERCHANT 테이블,N
KODASP,KB_MERCHANT,SALES_CD,VARCHAR,SALES_CD (코드),KB_MERCHANT 테이블,N
KODASP,KB_MERCHANT,SI_DO_NM,VARCHAR,SI_DO_NM (명),KB_MERCHANT 테이블,N
KODASP,KB_MERCHANT,SI_GUN_GU_NM,VARCHAR,SI_GUN_GU_NM (명),KB_MERCHANT 테이블,N
KODASP,KB_MERCHANT,EUP_MYUN_DONG_NM,VARCHAR,EUP_MYUN_DONG_NM (명),KB_MERCHANT 테이블,N
KODASP,KB_MERCHANT,ADMIN_DONG_NAME,VARCHAR,ADMIN_DONG_NAME 항목,KB_MERCHANT 테이블,N
KODASP,KB_MERCHANT,ADMIN_DONG_CODE,VARCHAR,ADMIN_DONG_CODE 항목,KB_MERCHANT 테이블,N
KODASP,KB_MERCHANT,LEGAL_DONG_NAME,VARCHAR,LEGAL_DONG_NAME 항목,KB_MERCHANT 테이블,N
KODASP,KB_MERCHANT,LEGAL_DONG_CODE,VARCHAR,LEGAL_DONG_CODE 항목,KB_MERCHANT 테이블,N
KODASP,KB_MERCHANT,ROAD_NM_CODE,VARCHAR,ROAD_NM_CODE 항목,KB_MERCHANT 테이블,N
KODASP,KB_MERCHANT,repr_nm,VARCHAR,repr_nm (명),KB_MERCHANT 테이블,N
KODASP,KB_MERCHANT_HISTORY,SEQ,VARCHAR,SEQ 항목,KB_MERCHANT_HISTORY 테이블,N
KODASP,KB_MERCHANT_HISTORY,TYPE,VARCHAR,TYPE 항목,KB_MERCHANT_HISTORY 테이블,N
KODASP,KB_MERCHANT_HISTORY,REVISION_SEQ,VARCHAR,REVISION_SEQ 항목,KB_MERCHANT_HISTORY 테이블,N
KODASP,KB_MERCHANT_HISTORY,DATA_TYPE,VARCHAR,DATA_TYPE 항목,KB_MERCHANT_HISTORY 테이블,N
KODASP,KB_MERCHANT_HISTORY,BIZ_LICENSE_NO,BIGINT,BIZ_LICENSE_NO (번호),KB_MERCHANT_HISTORY 테이블,N
KODASP,KB_MERCHANT_HISTORY,MCT_MNG_NO,BIGINT,MCT_MNG_NO (번호),KB_MERCHANT_HISTORY 테이블,N
KODASP,KB_MERCHANT_HISTORY,SIMPLE_NM,VARCHAR,SIMPLE_NM (명),KB_MERCHANT_HISTORY 테이블,N
KODASP,KB_MERCHANT_HISTORY,REPR_NM,VARCHAR,REPR_NM (명),KB_MERCHANT_HISTORY 테이블,N
KODASP,KB_MERCHANT_HISTORY,TEL_NO,BIGINT,TEL_NO (번호),KB_MERCHANT_HISTORY 테이블,N
KODASP,KB_MERCHANT_HISTORY,ZIP_CD,VARCHAR,ZIP_CD (코드),KB_MERCHANT_HISTORY 테이블,N
KODASP,KB_MERCHANT_HISTORY,ADDR1,VARCHAR,ADDR1 항목,KB_MERCHANT_HISTORY 테이블,N
KODASP,KB_MERCHANT_HISTORY,ADDR2,VARCHAR,ADDR2 항목,KB_MERCHANT_HISTORY 테이블,N
KODASP,KB_MERCHANT_HISTORY,MCT_REG_DATE,TIMESTAMP,MCT_REG_DATE 항목,KB_MERCHANT_HISTORY 테이블,N
KODASP,KB_MERCHANT_HISTORY,TEMNT_DATE,TIMESTAMP,TEMNT_DATE 항목,KB_MERCHANT_HISTORY 테이블,N
KODASP,KB_MERCHANT_HISTORY,SUSPENDED_YN,CHAR,SUSPENDED_YN (여부),KB_MERCHANT_HISTORY 테이블,N
KODASP,KB_MERCHANT_HISTORY,BIZ_TYPE,VARCHAR,BIZ_TYPE 항목,KB_MERCHANT_HISTORY 테이블,N
KODASP,KB_MERCHANT_HISTORY,SUB_CD,VARCHAR,SUB_CD (코드),KB_MERCHANT_HISTORY 테이블,N
KODASP,KB_MERCHANT_HISTORY,BIZ_NAME,VARCHAR,BIZ_NAME 항목,KB_MERCHANT_HISTORY 테이블,N
KODASP,KB_MERCHANT_HISTORY,CHK_FEE_RATE,VARCHAR,CHK_FEE_RATE 항목,KB_MERCHANT_HISTORY 테이블,N
KODASP,KB_MERCHANT_HISTORY,CRD_FEE_RATE,VARCHAR,CRD_FEE_RATE 항목,KB_MERCHANT_HISTORY 테이블,N
KODASP,KB_MERCHANT_HISTORY,ADDR_NEW_OLD_TYPE,VARCHAR,ADDR_NEW_OLD_TYPE 항목,KB_MERCHANT_HISTORY 테이블,N
KODASP,KB_MERCHANT_HISTORY,BIZ_TXTN_TYPE,VARCHAR,BIZ_TXTN_TYPE 항목,KB_MERCHANT_HISTORY 테이블,N
KODASP,KB_MERCHANT_HISTORY,BIZ_TXTN_DVCD,VARCHAR,BIZ_TXTN_DVCD (코드),KB_MERCHANT_HISTORY 테이블,N
KODASP,KB_MERCHANT_HISTORY,MCT_RENTRY_DT,TIMESTAMP,MCT_RENTRY_DT (일자),KB_MERCHANT_HISTORY 테이블,N
KODASP,KB_MERCHANT_HISTORY,INST_YN,CHAR,INST_YN (여부),KB_MERCHANT_HISTORY 테이블,N
KODASP,KB_MERCHANT_HISTORY,INST_MONTHS,VARCHAR,INST_MONTHS 항목,KB_MERCHANT_HISTORY 테이블,N
KODASP,KB_MERCHANT_HISTORY,MCT_ABR_FERT,VARCHAR,MCT_ABR_FERT 항목,KB_MERCHANT_HISTORY 테이블,N
KODASP,KB_MERCHANT_HISTORY,MONTHLY_APV_LIMIT,VARCHAR,MONTHLY_APV_LIMIT 항목,KB_MERCHANT_HISTORY 테이블,N
KODASP,KB_MERCHANT_HISTORY,DAILY_APV_LIMIT,VARCHAR,DAILY_APV_LIMIT 항목,KB_MERCHANT_HISTORY 테이블,N
KODASP,KB_MERCHANT_HISTORY,KEY_IN_BLK_YN,CHAR,KEY_IN_BLK_YN (여부),KB_MERCHANT_HISTORY 테이블,N
KODASP,KB_MERCHANT_HISTORY,KEY_IN_BLK_LIMIT,VARCHAR,KEY_IN_BLK_LIMIT 항목,KB_MERCHANT_HISTORY 테이블,N
KODASP,KB_MERCHANT_HISTORY,SMAC_BANK_CD,VARCHAR,SMAC_BANK_CD (코드),KB_MERCHANT_HISTORY 테이블,N
KODASP,KB_MERCHANT_HISTORY,SMAC_BANK_CD_NM,VARCHAR,SMAC_BANK_CD_NM (명),KB_MERCHANT_HISTORY 테이블,N
KODASP,KB_MERCHANT_HISTORY,REG_TMNL_INSL_YN,CHAR,REG_TMNL_INSL_YN (여부),KB_MERCHANT_HISTORY 테이블,N
KODASP,KB_MERCHANT_HISTORY,TMNL_ID_NO,BIGINT,TMNL_ID_NO (번호),KB_MERCHANT_HISTORY 테이블,N
KODASP,KB_MERCHANT_HISTORY,MERC_FEE_DVCD,VARCHAR,MERC_FEE_DVCD (코드),KB_MERCHANT_HISTORY 테이블,N
KODASP,KB_MERCHANT_HISTORY,VAN_FEE_DVCD,VARCHAR,VAN_FEE_DVCD (코드),KB_MERCHANT_HISTORY 테이블,N
KODASP,KB_MERCHANT_HISTORY,INCOME_DEDUCTION_YN,CHAR,INCOME_DEDUCTION_YN (여부),KB_MERCHANT_HISTORY 테이블,N
KODASP,KB_MERCHANT_HISTORY,INCOME_DEDUCTION_TYPE,VARCHAR,INCOME_DEDUCTION_TYPE 항목,KB_MERCHANT_HISTORY 테이블,N
KODASP,KB_MERCHANT_HISTORY,UNIFORM_YN,CHAR,UNIFORM_YN (여부),KB_MERCHANT_HISTORY 테이블,N
KODASP,KB_MERCHANT_HISTORY,MERCHANT_FEE_RATE,VARCHAR,MERCHANT_FEE_RATE 항목,KB_MERCHANT_HISTORY 테이블,N
KODASP,KB_MERCHANT_HISTORY,LATITUDE,VARCHAR,LATITUDE 항목,KB_MERCHANT_HISTORY 테이블,N
KODASP,KB_MERCHANT_HISTORY,LONGITUDE,VARCHAR,LONGITUDE 항목,KB_MERCHANT_HISTORY 테이블,N
KODASP,KB_MERCHANT_HISTORY,SALES_CD,VARCHAR,SALES_CD (코드),KB_MERCHANT_HISTORY 테이블,N
KODASP,KB_MERCHANT_HISTORY,SI_DO_NM,VARCHAR,SI_DO_NM (명),KB_MERCHANT_HISTORY 테이블,N
KODASP,KB_MERCHANT_HISTORY,SI_GUN_GU_NM,VARCHAR,SI_GUN_GU_NM (명),KB_MERCHANT_HISTORY 테이블,N
KODASP,KB_MERCHANT_HISTORY,EUP_MYUN_DONG_NM,VARCHAR,EUP_MYUN_DONG_NM (명),KB_MERCHANT_HISTORY 테이블,N
KODASP,KB_MERCHANT_HISTORY,ADMIN_DONG_NAME,VARCHAR,ADMIN_DONG_NAME 항목,KB_MERCHANT_HISTORY 테이블,N
KODASP,KB_MERCHANT_HISTORY,ADMIN_DONG_CODE,VARCHAR,ADMIN_DONG_CODE 항목,KB_MERCHANT_HISTORY 테이블,N
KODASP,KB_MERCHANT_HISTORY,LEGAL_DONG_NAME,VARCHAR,LEGAL_DONG_NAME 항목,KB_MERCHANT_HISTORY 테이블,N
KODASP,KB_MERCHANT_HISTORY,LEGAL_DONG_CODE,VARCHAR,LEGAL_DONG_CODE 항목,KB_MERCHANT_HISTORY 테이블,N
KODASP,KB_MERCHANT_HISTORY,ROAD_NM_CODE,VARCHAR,ROAD_NM_CODE 항목,KB_MERCHANT_HISTORY 테이블,N
KODASP,KOD_AFC_BRCD_BRAN,AFC_BRCD_BRAN_SNO,BIGINT,AFC_BRCD_BRAN_SNO (번호),KOD_AFC_BRCD_BRAN 테이블,N
KODASP,KOD_AFC_BRCD_BRAN,AFC_BRCD_BRAN_NM,VARCHAR,AFC_BRCD_BRAN_NM (명),KOD_AFC_BRCD_BRAN 테이블,N
KODASP,KOD_AFC_BRCD_BRAN,AFC_BRCD_BRAN_ID,VARCHAR,AFC_BRCD_BRAN_ID (식별자),KOD_AFC_BRCD_BRAN 테이블,N
KODASP,KOD_AFC_BRCD_BRAN,AFC_BRCD_SLL_PRD_ID,VARCHAR,AFC_BRCD_SLL_PRD_ID (식별자),KOD_AFC_BRCD_BRAN 테이블,N
KODASP,KOD_AFC_BRCD_BRAN,MC_ID,VARCHAR,MC_ID (식별자),KOD_AFC_BRCD_BRAN 테이블,N
KODASP,KOD_AFC_BRCD_BRAN,MC_NM,VARCHAR,MC_NM (명),KOD_AFC_BRCD_BRAN 테이블,N
KODASP,KOD_AFC_BRCD_BRAN,AFC_BRCD_BRAN_CTG_NM,VARCHAR,AFC_BRCD_BRAN_CTG_NM (명),KOD_AFC_BRCD_BRAN 테이블,N
KODASP,KOD_AFC_BRCD_BRAN,KSK_GUD_PHR_EXPS_YN,CHAR,KSK_GUD_PHR_EXPS_YN (여부),KOD_AFC_BRCD_BRAN 테이블,N
KODASP,KOD_MB_GFCT_BRAN_PLCY,MB_GFCT_BRAN_PLCY_ID,VARCHAR,MB_GFCT_BRAN_PLCY_ID (식별자),KOD_MB_GFCT_BRAN_PLCY 테이블,N
KODASP,KOD_MB_GFCT_BRAN_PLCY,ASP_ID,VARCHAR,ASP_ID (식별자),KOD_MB_GFCT_BRAN_PLCY 테이블,N
KODASP,KOD_MB_GFCT_BRAN_PLCY,BRAN_NM,VARCHAR,BRAN_NM (명),KOD_MB_GFCT_BRAN_PLCY 테이블,N
KODASP,KOD_MB_GFCT_BRAN_PLCY,MB_GFCT_BRAN_CTG_ID,VARCHAR,MB_GFCT_BRAN_CTG_ID (식별자),KOD_MB_GFCT_BRAN_PLCY 테이블,N
KODASP,KOD_MB_GFCT_BRAN_PLCY,CLR_DV_CD,VARCHAR,CLR_DV_CD (코드),KOD_MB_GFCT_BRAN_PLCY 테이블,N
KODASP,KOD_MB_GFCT_BRAN_PLCY,PPH_PRD_CON_ID,VARCHAR,PPH_PRD_CON_ID (식별자),KOD_MB_GFCT_BRAN_PLCY 테이블,N
KODASP,KOD_MB_GFCT_BRAN_PLCY,MC_BU_FEE_TYPE_CD,VARCHAR,MC_BU_FEE_TYPE_CD (코드),KOD_MB_GFCT_BRAN_PLCY 테이블,N
KODASP,KOD_MB_GFCT_BRAN_PLCY,FEE_FAMT_FRTE_DV_CD,VARCHAR,FEE_FAMT_FRTE_DV_CD (코드),KOD_MB_GFCT_BRAN_PLCY 테이블,N
KODASP,KOD_MB_GFCT_BRAN_PLCY,FEERT,VARCHAR,FEERT 항목,KOD_MB_GFCT_BRAN_PLCY 테이블,N
KODASP,KOD_MB_GFCT_BRAN_PLCY,MAX_HLD_LMT_AMT,BIGINT,MAX_HLD_LMT_AMT (금액),KOD_MB_GFCT_BRAN_PLCY 테이블,N
KODASP,KOD_MB_GFCT_BRAN_PLCY,BYMN_BUY_LMT_AMT,BIGINT,BYMN_BUY_LMT_AMT (금액),KOD_MB_GFCT_BRAN_PLCY 테이블,N
KODASP,KOD_MB_GFCT_BRAN_PLCY,BYDT_BUY_LMT_AMT,BIGINT,BYDT_BUY_LMT_AMT (금액),KOD_MB_GFCT_BRAN_PLCY 테이블,N
KODASP,KOD_MB_GFCT_BRAN_PLCY,EXPS_WGHT,VARCHAR,EXPS_WGHT 항목,KOD_MB_GFCT_BRAN_PLCY 테이블,N
KODASP,KOD_MB_GFCT_BRAN_PLCY,BRAN_ORT_DV_CD,VARCHAR,BRAN_ORT_DV_CD (코드),KOD_MB_GFCT_BRAN_PLCY 테이블,N
KODASP,KOD_MB_GFCT_BRAN_PLCY,OUTS_PBLS_DV_CD,VARCHAR,OUTS_PBLS_DV_CD (코드),KOD_MB_GFCT_BRAN_PLCY 테이블,N
KODASP,KOD_MB_GFCT_BRAN_PLCY,PBLS_BRAN_ID,VARCHAR,PBLS_BRAN_ID (식별자),KOD_MB_GFCT_BRAN_PLCY 테이블,N
KODASP,KOD_MB_GFCT_BRAN_PLCY,STLM_MC_ID,VARCHAR,STLM_MC_ID (식별자),KOD_MB_GFCT_BRAN_PLCY 테이블,N
KODASP,KOD_MB_GFCT_BRAN_PLCY,STLM_MC_NM,VARCHAR,STLM_MC_NM (명),KOD_MB_GFCT_BRAN_PLCY 테이블,N
KODASP,KOD_MB_GFCT_BRAN_PLCY,EXPS_YN,CHAR,EXPS_YN (여부),KOD_MB_GFCT_BRAN_PLCY 테이블,N
KODASP,KOD_MB_GFCT_PLCY,MB_GFCT_PLCY_ID,VARCHAR,MB_GFCT_PLCY_ID (식별자),KOD_MB_GFCT_PLCY 테이블,N
KODASP,KOD_MB_GFCT_PLCY,MB_GFCT_BRAN_PLCY_ID,VARCHAR,MB_GFCT_BRAN_PLCY_ID (식별자),KOD_MB_GFCT_PLCY 테이블,N
KODASP,KOD_MB_GFCT_PLCY,ASP_ID,VARCHAR,ASP_ID (식별자),KOD_MB_GFCT_PLCY 테이블,N
KODASP,KOD_MB_GFCT_PLCY,KA_ID,VARCHAR,KA_ID (식별자),KOD_MB_GFCT_PLCY 테이블,N
KODASP,KOD_MB_GFCT_PLCY,PNT_PLCY_ID,VARCHAR,PNT_PLCY_ID (식별자),KOD_MB_GFCT_PLCY 테이블,N
KODASP,KOD_MB_GFCT_PLCY,STLM_MC_ID,VARCHAR,STLM_MC_ID (식별자),KOD_MB_GFCT_PLCY 테이블,N
KODASP,KOD_MB_GFCT_PLCY,PLCY_NM,VARCHAR,PLCY_NM (명),KOD_MB_GFCT_PLCY 테이블,N
KODASP,KOD_MB_GFCT_PLCY,TG_NM,VARCHAR,TG_NM (명),KOD_MB_GFCT_PLCY 테이블,N
KODASP,KOD_MB_GFCT_PLCY,BNF_MHD_CD,VARCHAR,BNF_MHD_CD (코드),KOD_MB_GFCT_PLCY 테이블,N
KODASP,KOD_MB_GFCT_PLCY,BNFR,VARCHAR,BNFR 항목,KOD_MB_GFCT_PLCY 테이블,N
KODASP,KOD_MB_GFCT_PLCY,FCVAL,VARCHAR,FCVAL 항목,KOD_MB_GFCT_PLCY 테이블,N
KODASP,KOD_MB_GFCT_PLCY,SLPC,VARCHAR,SLPC 항목,KOD_MB_GFCT_PLCY 테이블,N
KODASP,KOD_MB_GFCT_PLCY,ONCE_BUY_LMT_QTY,BIGINT,ONCE_BUY_LMT_QTY 항목,KOD_MB_GFCT_PLCY 테이블,N
KODASP,KOD_MB_GFCT_PLCY,PMBR_MAX_BUY_QTY,BIGINT,PMBR_MAX_BUY_QTY 항목,KOD_MB_GFCT_PLCY 테이블,N
KODASP,KOD_MB_GFCT_PLCY,VL_PRID_DCNT,BIGINT,VL_PRID_DCNT (건수),KOD_MB_GFCT_PLCY 테이블,N
KODASP,KOD_MB_GFCT_PLCY,VL_PRID_EXTS_PSBL_YN,CHAR,VL_PRID_EXTS_PSBL_YN (여부),KOD_MB_GFCT_PLCY 테이블,N
KODASP,KOD_MB_GFCT_PLCY,VL_PRID_EXTS_PSBL_DCNT,BIGINT,VL_PRID_EXTS_PSBL_DCNT (건수),KOD_MB_GFCT_PLCY 테이블,N
KODASP,KOD_MB_GFCT_PLCY,VL_PRID_MAX_DCNT,BIGINT,VL_PRID_MAX_DCNT (건수),KOD_MB_GFCT_PLCY 테이블,N
KODASP,KOD_MB_GFCT_PLCY,STC_PSBL_DCNT,BIGINT,STC_PSBL_DCNT (건수),KOD_MB_GFCT_PLCY 테이블,N
KODASP,KOD_MB_GFCT_PLCY,XNG_IPSB_YN,CHAR,XNG_IPSB_YN (여부),KOD_MB_GFCT_PLCY 테이블,N
KODASP,KOD_MB_GFCT_PLCY,RFND_FEE_CD,VARCHAR,RFND_FEE_CD (코드),KOD_MB_GFCT_PLCY 테이블,N
KODASP,KOD_MB_GFCT_PLCY,VL_PRID_EXN_AF_FEE_CD,VARCHAR,VL_PRID_EXN_AF_FEE_CD (코드),KOD_MB_GFCT_PLCY 테이블,N
KODASP,KOD_MB_GFCT_PLCY,PBL_QTY,BIGINT,PBL_QTY 항목,KOD_MB_GFCT_PLCY 테이블,N
KODASP,KOD_MB_GFCT_PLCY,EXPS_YN,CHAR,EXPS_YN (여부),KOD_MB_GFCT_PLCY 테이블,N
KODASP,KOD_MB_GFCT_PLCY,MB_GFCT_ST_CD,VARCHAR,MB_GFCT_ST_CD (코드),KOD_MB_GFCT_PLCY 테이블,N
KODASP,KOMSCO_MERCHANT,BASE_DATE,TIMESTAMP,BASE_DATE 항목,KOMSCO_MERCHANT 테이블,N
KODASP,KOMSCO_MERCHANT,MERCHANT_TYPE,VARCHAR,MERCHANT_TYPE 항목,KOMSCO_MERCHANT 테이블,N
KODASP,KOMSCO_MERCHANT,MCT_MNG_NO,BIGINT,MCT_MNG_NO (번호),KOMSCO_MERCHANT 테이블,N
KODASP,KOMSCO_MERCHANT,BIZ_LICENSE_NO,BIGINT,BIZ_LICENSE_NO (번호),KOMSCO_MERCHANT 테이블,N
KODASP,KOMSCO_MERCHANT,REG_TYPE,VARCHAR,REG_TYPE 항목,KOMSCO_MERCHANT 테이블,N
KODASP,KOMSCO_MERCHANT,SIMPLE_NM,VARCHAR,SIMPLE_NM (명),KOMSCO_MERCHANT 테이블,N
KODASP,KOMSCO_MERCHANT,AREA_CD,VARCHAR,AREA_CD (코드),KOMSCO_MERCHANT 테이블,N
KODASP,KOMSCO_MERCHANT,ADDR_NEW_OLD_TYPE,VARCHAR,ADDR_NEW_OLD_TYPE 항목,KOMSCO_MERCHANT 테이블,N
KODASP,KOMSCO_MERCHANT,ZIP_CD,VARCHAR,ZIP_CD (코드),KOMSCO_MERCHANT 테이블,N
KODASP,KOMSCO_MERCHANT,ADDR1,VARCHAR,ADDR1 항목,KOMSCO_MERCHANT 테이블,N
KODASP,KOMSCO_MERCHANT,ADDR2,VARCHAR,ADDR2 항목,KOMSCO_MERCHANT 테이블,N
KODASP,KOMSCO_MERCHANT,INDUSTRY_CD,VARCHAR,INDUSTRY_CD (코드),KOMSCO_MERCHANT 테이블,N
KODASP,KOMSCO_MERCHANT,CODE_NAME,VARCHAR,CODE_NAME 항목,KOMSCO_MERCHANT 테이블,N
KODASP,KOMSCO_MERCHANT,PAYMENT_TYPE,VARCHAR,PAYMENT_TYPE 항목,KOMSCO_MERCHANT 테이블,N
KODASP,KOMSCO_MERCHANT,TEMNT_YN,CHAR,TEMNT_YN (여부),KOMSCO_MERCHANT 테이블,N
KODASP,KOMSCO_MERCHANT,SYS_CRE_ID,VARCHAR,SYS_CRE_ID (식별자),KOMSCO_MERCHANT 테이블,N
KODASP,KOMSCO_MERCHANT,SYS_UPD_ID,VARCHAR,SYS_UPD_ID (식별자),KOMSCO_MERCHANT 테이블,N
KODASP,KOMSCO_MERCHANT,tel_no,BIGINT,tel_no (번호),KOMSCO_MERCHANT 테이블,N
KODASP,MEMBER_POLICY,ASP_ID,VARCHAR,ASP_ID (식별자),MEMBER_POLICY 테이블,N
KODASP,MEMBER_POLICY,REJOIN_AFTER_LEAVING,VARCHAR,REJOIN_AFTER_LEAVING 항목,MEMBER_POLICY 테이블,N
KODASP,MERCHANT,PLAYER_ID,VARCHAR,PLAYER_ID (식별자),MERCHANT 테이블,N
KODASP,MERCHANT,ROLE_CD,VARCHAR,ROLE_CD (코드),MERCHANT 테이블,N
KODASP,MERCHANT,MCT_TYPE,VARCHAR,MCT_TYPE 항목,MERCHANT 테이블,N
KODASP,MERCHANT,STATUS,VARCHAR,STATUS 항목,MERCHANT 테이블,N
KODASP,MERCHANT,ALIAS_ID,VARCHAR,ALIAS_ID (식별자),MERCHANT 테이블,N
KODASP,MERCHANT,ALIAS_USE_YN,CHAR,ALIAS_USE_YN (여부),MERCHANT 테이블,N
KODASP,MERCHANT,PMNT_SETL_POLICY,VARCHAR,PMNT_SETL_POLICY 항목,MERCHANT 테이블,N
KODASP,MERCHANT,PARENT_MCT_ID,VARCHAR,PARENT_MCT_ID (식별자),MERCHANT 테이블,N
KODASP,MERCHANT,MA_PORTAL_ID,VARCHAR,MA_PORTAL_ID (식별자),MERCHANT 테이블,N
KODASP,MERCHANT,MAX_PAYMENT,VARCHAR,MAX_PAYMENT 항목,MERCHANT 테이블,N
KODASP,MERCHANT,MAX_REFUND,VARCHAR,MAX_REFUND 항목,MERCHANT 테이블,N
KODASP,MERCHANT,EXTERNAL_ID,VARCHAR,EXTERNAL_ID (식별자),MERCHANT 테이블,N
KODASP,MERCHANT,SALES_CD,VARCHAR,SALES_CD (코드),MERCHANT 테이블,N
KODASP,MERCHANT_ASP,MCT_ID,VARCHAR,MCT_ID (식별자),MERCHANT_ASP 테이블,N
KODASP,MERCHANT_ASP,ROLE_CD,VARCHAR,ROLE_CD (코드),MERCHANT_ASP 테이블,N
KODASP,MERCHANT_ASP,MCT_ROLE_CD,VARCHAR,MCT_ROLE_CD (코드),MERCHANT_ASP 테이블,N
KODASP,MERCHANT_ASP,PLAYER_ID,VARCHAR,PLAYER_ID (식별자),MERCHANT_ASP 테이블,N
KODASP,MERCHANT_CHANGE_NOTICE,BASE_DATE,TIMESTAMP,BASE_DATE 항목,MERCHANT_CHANGE_NOTICE 테이블,N
KODASP,MERCHANT_CHANGE_NOTICE,MCT_MNG_NO,BIGINT,MCT_MNG_NO (번호),MERCHANT_CHANGE_NOTICE 테이블,N
KODASP,MERCHANT_CHANGE_NOTICE,MERCHANT_TYPE,VARCHAR,MERCHANT_TYPE 항목,MERCHANT_CHANGE_NOTICE 테이블,N
KODASP,MERCHANT_CHANGE_NOTICE,SIMPLE_NM,VARCHAR,SIMPLE_NM (명),MERCHANT_CHANGE_NOTICE 테이블,N
KODASP,MERCHANT_CHANGE_NOTICE,OLD_BIZ_TYPE,VARCHAR,OLD_BIZ_TYPE 항목,MERCHANT_CHANGE_NOTICE 테이블,N
KODASP,MERCHANT_CHANGE_NOTICE,NEW_BIZ_TYPE,VARCHAR,NEW_BIZ_TYPE 항목,MERCHANT_CHANGE_NOTICE 테이블,N
KODASP,MERCHANT_CHANGE_NOTICE,OLD_ADDR,VARCHAR,OLD_ADDR 항목,MERCHANT_CHANGE_NOTICE 테이블,N
KODASP,MERCHANT_CHANGE_NOTICE,NEW_ADDR,VARCHAR,NEW_ADDR 항목,MERCHANT_CHANGE_NOTICE 테이블,N
KODASP,MERCHANT_CHANGE_NOTICE,OLD_TEMNT_YN,CHAR,OLD_TEMNT_YN (여부),MERCHANT_CHANGE_NOTICE 테이블,N
KODASP,MERCHANT_CHANGE_NOTICE,NEW_TEMNT_YN,CHAR,NEW_TEMNT_YN (여부),MERCHANT_CHANGE_NOTICE 테이블,N
KODASP,MERCHANT_CHANGE_NOTICE,SYS_CRE_ID,VARCHAR,SYS_CRE_ID (식별자),MERCHANT_CHANGE_NOTICE 테이블,N
KODASP,MERCHANT_CHANGE_NOTICE,SYS_UPD_ID,VARCHAR,SYS_UPD_ID (식별자),MERCHANT_CHANGE_NOTICE 테이블,N
KODASP,NH_MERCHANT,SEQ,VARCHAR,SEQ 항목,NH_MERCHANT 테이블,N
KODASP,NH_MERCHANT,DATA_TYPE,VARCHAR,DATA_TYPE 항목,NH_MERCHANT 테이블,N
KODASP,NH_MERCHANT,REVISION_SEQ,VARCHAR,REVISION_SEQ 항목,NH_MERCHANT 테이블,N
KODASP,NH_MERCHANT,BIZ_LICENSE_NO,BIGINT,BIZ_LICENSE_NO (번호),NH_MERCHANT 테이블,N
KODASP,NH_MERCHANT,MCT_MNG_NO,BIGINT,MCT_MNG_NO (번호),NH_MERCHANT 테이블,N
KODASP,NH_MERCHANT,SIMPLE_NM,VARCHAR,SIMPLE_NM (명),NH_MERCHANT 테이블,N
KODASP,NH_MERCHANT,ZIP_CD,VARCHAR,ZIP_CD (코드),NH_MERCHANT 테이블,N
KODASP,NH_MERCHANT,ADDR1,VARCHAR,ADDR1 항목,NH_MERCHANT 테이블,N
KODASP,NH_MERCHANT,ADDR2,VARCHAR,ADDR2 항목,NH_MERCHANT 테이블,N
KODASP,NH_MERCHANT,MCT_REG_DATE,TIMESTAMP,MCT_REG_DATE 항목,NH_MERCHANT 테이블,N
KODASP,NH_MERCHANT,TEMNT_DATE,TIMESTAMP,TEMNT_DATE 항목,NH_MERCHANT 테이블,N
KODASP,NH_MERCHANT,SUSPENDED_YN,CHAR,SUSPENDED_YN (여부),NH_MERCHANT 테이블,N
KODASP,NH_MERCHANT,BIZ_TYPE,VARCHAR,BIZ_TYPE 항목,NH_MERCHANT 테이블,N
KODASP,NH_MERCHANT,BIZ_NAME,VARCHAR,BIZ_NAME 항목,NH_MERCHANT 테이블,N
KODASP,NH_MERCHANT,ADDR_NEW_OLD_TYPE,VARCHAR,ADDR_NEW_OLD_TYPE 항목,NH_MERCHANT 테이블,N
KODASP,NH_MERCHANT,SALES_CD,VARCHAR,SALES_CD (코드),NH_MERCHANT 테이블,N
KODASP,NH_MERCHANT,SI_DO_NM,VARCHAR,SI_DO_NM (명),NH_MERCHANT 테이블,N
KODASP,NH_MERCHANT,SI_GUN_GU_NM,VARCHAR,SI_GUN_GU_NM (명),NH_MERCHANT 테이블,N
KODASP,NH_MERCHANT,ADMIN_DONG_NAME,VARCHAR,ADMIN_DONG_NAME 항목,NH_MERCHANT 테이블,N
KODASP,NH_MERCHANT,ADMIN_DONG_CODE,VARCHAR,ADMIN_DONG_CODE 항목,NH_MERCHANT 테이블,N
KODASP,NH_MERCHANT,LEGAL_DONG_NAME,VARCHAR,LEGAL_DONG_NAME 항목,NH_MERCHANT 테이블,N
KODASP,NH_MERCHANT,LEGAL_DONG_CODE,VARCHAR,LEGAL_DONG_CODE 항목,NH_MERCHANT 테이블,N
KODASP,NH_MERCHANT,ROAD_NM,VARCHAR,ROAD_NM (명),NH_MERCHANT 테이블,N
KODASP,NH_MERCHANT,BUILDING_NO,BIGINT,BUILDING_NO (번호),NH_MERCHANT 테이블,N
KODASP,NH_MERCHANT,SUB_BUILDING_NO,BIGINT,SUB_BUILDING_NO (번호),NH_MERCHANT 테이블,N
KODASP,NH_MERCHANT,LATITUDE,VARCHAR,LATITUDE 항목,NH_MERCHANT 테이블,N
KODASP,NH_MERCHANT,LONGITUDE,VARCHAR,LONGITUDE 항목,NH_MERCHANT 테이블,N
KODASP,NH_MERCHANT,MERCHANT_FEE_RATE,VARCHAR,MERCHANT_FEE_RATE 항목,NH_MERCHANT 테이블,N
KODASP,NH_MERCHANT,REPR_NM,VARCHAR,REPR_NM (명),NH_MERCHANT 테이블,N
KODASP,NH_MERCHANT,TEL_NO,BIGINT,TEL_NO (번호),NH_MERCHANT 테이블,N
KODASP,NH_MERCHANT_HISTORY,SEQ,VARCHAR,SEQ 항목,NH_MERCHANT_HISTORY 테이블,N
KODASP,NH_MERCHANT_HISTORY,TYPE,VARCHAR,TYPE 항목,NH_MERCHANT_HISTORY 테이블,N
KODASP,NH_MERCHANT_HISTORY,REVISION_SEQ,VARCHAR,REVISION_SEQ 항목,NH_MERCHANT_HISTORY 테이블,N
KODASP,NH_MERCHANT_HISTORY,TRIGGER_REG_DATE,TIMESTAMP,TRIGGER_REG_DATE 항목,NH_MERCHANT_HISTORY 테이블,N
KODASP,NH_MERCHANT_HISTORY,DATA_TYPE,VARCHAR,DATA_TYPE 항목,NH_MERCHANT_HISTORY 테이블,N
KODASP,NH_MERCHANT_HISTORY,BIZ_LICENSE_NO,BIGINT,BIZ_LICENSE_NO (번호),NH_MERCHANT_HISTORY 테이블,N
KODASP,NH_MERCHANT_HISTORY,MCT_MNG_NO,BIGINT,MCT_MNG_NO (번호),NH_MERCHANT_HISTORY 테이블,N
KODASP,NH_MERCHANT_HISTORY,SIMPLE_NM,VARCHAR,SIMPLE_NM (명),NH_MERCHANT_HISTORY 테이블,N
KODASP,NH_MERCHANT_HISTORY,ZIP_CD,VARCHAR,ZIP_CD (코드),NH_MERCHANT_HISTORY 테이블,N
KODASP,NH_MERCHANT_HISTORY,ADDR1,VARCHAR,ADDR1 항목,NH_MERCHANT_HISTORY 테이블,N
KODASP,NH_MERCHANT_HISTORY,ADDR2,VARCHAR,ADDR2 항목,NH_MERCHANT_HISTORY 테이블,N
KODASP,NH_MERCHANT_HISTORY,MCT_REG_DATE,TIMESTAMP,MCT_REG_DATE 항목,NH_MERCHANT_HISTORY 테이블,N
KODASP,NH_MERCHANT_HISTORY,TEMNT_DATE,TIMESTAMP,TEMNT_DATE 항목,NH_MERCHANT_HISTORY 테이블,N
KODASP,NH_MERCHANT_HISTORY,SUSPENDED_YN,CHAR,SUSPENDED_YN (여부),NH_MERCHANT_HISTORY 테이블,N
KODASP,NH_MERCHANT_HISTORY,BIZ_TYPE,VARCHAR,BIZ_TYPE 항목,NH_MERCHANT_HISTORY 테이블,N
KODASP,NH_MERCHANT_HISTORY,BIZ_NAME,VARCHAR,BIZ_NAME 항목,NH_MERCHANT_HISTORY 테이블,N
KODASP,NH_MERCHANT_HISTORY,ADDR_NEW_OLD_TYPE,VARCHAR,ADDR_NEW_OLD_TYPE 항목,NH_MERCHANT_HISTORY 테이블,N
KODASP,NH_MERCHANT_HISTORY,SALES_CD,VARCHAR,SALES_CD (코드),NH_MERCHANT_HISTORY 테이블,N
KODASP,NH_MERCHANT_HISTORY,SI_DO_NM,VARCHAR,SI_DO_NM (명),NH_MERCHANT_HISTORY 테이블,N
KODASP,NH_MERCHANT_HISTORY,SI_GUN_GU_NM,VARCHAR,SI_GUN_GU_NM (명),NH_MERCHANT_HISTORY 테이블,N
KODASP,NH_MERCHANT_HISTORY,ADMIN_DONG_NAME,VARCHAR,ADMIN_DONG_NAME 항목,NH_MERCHANT_HISTORY 테이블,N
KODASP,NH_MERCHANT_HISTORY,ADMIN_DONG_CODE,VARCHAR,ADMIN_DONG_CODE 항목,NH_MERCHANT_HISTORY 테이블,N
KODASP,NH_MERCHANT_HISTORY,LEGAL_DONG_NAME,VARCHAR,LEGAL_DONG_NAME 항목,NH_MERCHANT_HISTORY 테이블,N
KODASP,NH_MERCHANT_HISTORY,LEGAL_DONG_CODE,VARCHAR,LEGAL_DONG_CODE 항목,NH_MERCHANT_HISTORY 테이블,N
KODASP,NH_MERCHANT_HISTORY,ROAD_NM,VARCHAR,ROAD_NM (명),NH_MERCHANT_HISTORY 테이블,N
KODASP,NH_MERCHANT_HISTORY,BUILDING_NO,BIGINT,BUILDING_NO (번호),NH_MERCHANT_HISTORY 테이블,N
KODASP,NH_MERCHANT_HISTORY,SUB_BUILDING_NO,BIGINT,SUB_BUILDING_NO (번호),NH_MERCHANT_HISTORY 테이블,N
KODASP,NH_MERCHANT_HISTORY,LATITUDE,VARCHAR,LATITUDE 항목,NH_MERCHANT_HISTORY 테이블,N
KODASP,NH_MERCHANT_HISTORY,LONGITUDE,VARCHAR,LONGITUDE 항목,NH_MERCHANT_HISTORY 테이블,N
KODASP,NH_MERCHANT_HISTORY,MERCHANT_FEE_RATE,VARCHAR,MERCHANT_FEE_RATE 항목,NH_MERCHANT_HISTORY 테이블,N
KODASP,PAYCO_MERCHANT,SEQ,VARCHAR,SEQ 항목,PAYCO_MERCHANT 테이블,N
KODASP,PAYCO_MERCHANT,MCT_MNG_NO,BIGINT,MCT_MNG_NO (번호),PAYCO_MERCHANT 테이블,N
KODASP,PAYCO_MERCHANT,DATA_TYPE,VARCHAR,DATA_TYPE 항목,PAYCO_MERCHANT 테이블,N
KODASP,PAYCO_MERCHANT,REVISION_SEQ,VARCHAR,REVISION_SEQ 항목,PAYCO_MERCHANT 테이블,N
KODASP,PAYCO_MERCHANT,SIMPLE_NM,VARCHAR,SIMPLE_NM (명),PAYCO_MERCHANT 테이블,N
KODASP,PAYCO_MERCHANT,BIZ_LICENSE_NO,BIGINT,BIZ_LICENSE_NO (번호),PAYCO_MERCHANT 테이블,N
KODASP,PAYCO_MERCHANT,TEL_NO,BIGINT,TEL_NO (번호),PAYCO_MERCHANT 테이블,N
KODASP,PAYCO_MERCHANT,ZIP_CD,VARCHAR,ZIP_CD (코드),PAYCO_MERCHANT 테이블,N
KODASP,PAYCO_MERCHANT,ADDR1,VARCHAR,ADDR1 항목,PAYCO_MERCHANT 테이블,N
KODASP,PAYCO_MERCHANT,ADDR2,VARCHAR,ADDR2 항목,PAYCO_MERCHANT 테이블,N
KODASP,PAYCO_MERCHANT,MCT_REG_DATE,TIMESTAMP,MCT_REG_DATE 항목,PAYCO_MERCHANT 테이블,N
KODASP,PAYCO_MERCHANT,TEMNT_DATE,TIMESTAMP,TEMNT_DATE 항목,PAYCO_MERCHANT 테이블,N
KODASP,PAYCO_MERCHANT,MERCHANT_FEE_RATE,VARCHAR,MERCHANT_FEE_RATE 항목,PAYCO_MERCHANT 테이블,N
KODASP,PAYCO_MERCHANT,BIZ_TYPE,VARCHAR,BIZ_TYPE 항목,PAYCO_MERCHANT 테이블,N
KODASP,PAYCO_MERCHANT,BIZ_NAME,VARCHAR,BIZ_NAME 항목,PAYCO_MERCHANT 테이블,N
KODASP,PAYCO_MERCHANT,SALES_CD,VARCHAR,SALES_CD (코드),PAYCO_MERCHANT 테이블,N
KODASP,PAYCO_MERCHANT,SI_DO_NM,VARCHAR,SI_DO_NM (명),PAYCO_MERCHANT 테이블,N
KODASP,PAYCO_MERCHANT,SI_GUN_GU_NM,VARCHAR,SI_GUN_GU_NM (명),PAYCO_MERCHANT 테이블,N
KODASP,PAYCO_MERCHANT,EUP_MYUN_DONG_NM,VARCHAR,EUP_MYUN_DONG_NM (명),PAYCO_MERCHANT 테이블,N
KODASP,PAYCO_MERCHANT,ROAD_NM_CODE,VARCHAR,ROAD_NM_CODE 항목,PAYCO_MERCHANT 테이블,N
KODASP,PAYCO_MERCHANT,ADMIN_DONG_NAME,VARCHAR,ADMIN_DONG_NAME 항목,PAYCO_MERCHANT 테이블,N
KODASP,PAYCO_MERCHANT,ADMIN_DONG_CODE,VARCHAR,ADMIN_DONG_CODE 항목,PAYCO_MERCHANT 테이블,N
KODASP,PAYCO_MERCHANT,LEGAL_DONG_NAME,VARCHAR,LEGAL_DONG_NAME 항목,PAYCO_MERCHANT 테이블,N
KODASP,PAYCO_MERCHANT,LEGAL_DONG_CODE,VARCHAR,LEGAL_DONG_CODE 항목,PAYCO_MERCHANT 테이블,N
KODASP,PAYCO_MERCHANT,LATITUDE,VARCHAR,LATITUDE 항목,PAYCO_MERCHANT 테이블,N
KODASP,PAYCO_MERCHANT,LONGITUDE,VARCHAR,LONGITUDE 항목,PAYCO_MERCHANT 테이블,N
KODASP,PAYCO_MERCHANT,REPR_NM,VARCHAR,REPR_NM (명),PAYCO_MERCHANT 테이블,N
KODASP,PAYCO_MERCHANT_HISTORY,SEQ,VARCHAR,SEQ 항목,PAYCO_MERCHANT_HISTORY 테이블,N
KODASP,PAYCO_MERCHANT_HISTORY,TYPE,VARCHAR,TYPE 항목,PAYCO_MERCHANT_HISTORY 테이블,N
KODASP,PAYCO_MERCHANT_HISTORY,DATA_TYPE,VARCHAR,DATA_TYPE 항목,PAYCO_MERCHANT_HISTORY 테이블,N
KODASP,PAYCO_MERCHANT_HISTORY,REVISION_SEQ,VARCHAR,REVISION_SEQ 항목,PAYCO_MERCHANT_HISTORY 테이블,N
KODASP,PAYCO_MERCHANT_HISTORY,MCT_MNG_NO,BIGINT,MCT_MNG_NO (번호),PAYCO_MERCHANT_HISTORY 테이블,N
KODASP,PAYCO_MERCHANT_HISTORY,SIMPLE_NM,VARCHAR,SIMPLE_NM (명),PAYCO_MERCHANT_HISTORY 테이블,N
KODASP,PAYCO_MERCHANT_HISTORY,BIZ_LICENSE_NO,BIGINT,BIZ_LICENSE_NO (번호),PAYCO_MERCHANT_HISTORY 테이블,N
KODASP,PAYCO_MERCHANT_HISTORY,REPR_NM,VARCHAR,REPR_NM (명),PAYCO_MERCHANT_HISTORY 테이블,N
KODASP,PAYCO_MERCHANT_HISTORY,TEL_NO,BIGINT,TEL_NO (번호),PAYCO_MERCHANT_HISTORY 테이블,N
KODASP,PAYCO_MERCHANT_HISTORY,ZIP_CD,VARCHAR,ZIP_CD (코드),PAYCO_MERCHANT_HISTORY 테이블,N
KODASP,PAYCO_MERCHANT_HISTORY,ADDR1,VARCHAR,ADDR1 항목,PAYCO_MERCHANT_HISTORY 테이블,N
KODASP,PAYCO_MERCHANT_HISTORY,ADDR2,VARCHAR,ADDR2 항목,PAYCO_MERCHANT_HISTORY 테이블,N
KODASP,PAYCO_MERCHANT_HISTORY,MCT_REG_DATE,TIMESTAMP,MCT_REG_DATE 항목,PAYCO_MERCHANT_HISTORY 테이블,N
KODASP,PAYCO_MERCHANT_HISTORY,TEMNT_DATE,TIMESTAMP,TEMNT_DATE 항목,PAYCO_MERCHANT_HISTORY 테이블,N
KODASP,PAYCO_MERCHANT_HISTORY,MERCHANT_FEE_RATE,VARCHAR,MERCHANT_FEE_RATE 항목,PAYCO_MERCHANT_HISTORY 테이블,N
KODASP,PAYCO_MERCHANT_HISTORY,BIZ_TYPE,VARCHAR,BIZ_TYPE 항목,PAYCO_MERCHANT_HISTORY 테이블,N
KODASP,PAYCO_MERCHANT_HISTORY,BIZ_NAME,VARCHAR,BIZ_NAME 항목,PAYCO_MERCHANT_HISTORY 테이블,N
KODASP,PAYCO_MERCHANT_HISTORY,SALES_CD,VARCHAR,SALES_CD (코드),PAYCO_MERCHANT_HISTORY 테이블,N
KODASP,PAYCO_MERCHANT_HISTORY,SI_DO_NM,VARCHAR,SI_DO_NM (명),PAYCO_MERCHANT_HISTORY 테이블,N
KODASP,PAYCO_MERCHANT_HISTORY,SI_GUN_GU_NM,VARCHAR,SI_GUN_GU_NM (명),PAYCO_MERCHANT_HISTORY 테이블,N
KODASP,PAYCO_MERCHANT_HISTORY,EUP_MYUN_DONG_NM,VARCHAR,EUP_MYUN_DONG_NM (명),PAYCO_MERCHANT_HISTORY 테이블,N
KODASP,PAYCO_MERCHANT_HISTORY,ROAD_NM_CODE,VARCHAR,ROAD_NM_CODE 항목,PAYCO_MERCHANT_HISTORY 테이블,N
KODASP,PAYCO_MERCHANT_HISTORY,ADMIN_DONG_NAME,VARCHAR,ADMIN_DONG_NAME 항목,PAYCO_MERCHANT_HISTORY 테이블,N
KODASP,PAYCO_MERCHANT_HISTORY,ADMIN_DONG_CODE,VARCHAR,ADMIN_DONG_CODE 항목,PAYCO_MERCHANT_HISTORY 테이블,N
KODASP,PAYCO_MERCHANT_HISTORY,LEGAL_DONG_NAME,VARCHAR,LEGAL_DONG_NAME 항목,PAYCO_MERCHANT_HISTORY 테이블,N
KODASP,PAYCO_MERCHANT_HISTORY,LEGAL_DONG_CODE,VARCHAR,LEGAL_DONG_CODE 항목,PAYCO_MERCHANT_HISTORY 테이블,N
KODASP,PAYCO_MERCHANT_HISTORY,LATITUDE,VARCHAR,LATITUDE 항목,PAYCO_MERCHANT_HISTORY 테이블,N
KODASP,PAYCO_MERCHANT_HISTORY,LONGITUDE,VARCHAR,LONGITUDE 항목,PAYCO_MERCHANT_HISTORY 테이블,N
KODASP,PAYMENT_POLICY,ASP_ID,VARCHAR,ASP_ID (식별자),PAYMENT_POLICY 테이블,N
KODASP,PAYMENT_POLICY,CANCELABLE_DAY,VARCHAR,CANCELABLE_DAY 항목,PAYMENT_POLICY 테이블,N
KODASP,PAYMENT_POLICY,CHECK_MERCHANT_MAXPAYMENT_YN,CHAR,CHECK_MERCHANT_MAXPAYMENT_YN (여부),PAYMENT_POLICY 테이블,N
KODASP,PAYMENT_POLICY,REALNAME_MAX_AMT,BIGINT,REALNAME_MAX_AMT (금액),PAYMENT_POLICY 테이블,N
KODASP,PAYMENT_POLICY,NON_REALNAME_MAX_AMT,BIGINT,NON_REALNAME_MAX_AMT (금액),PAYMENT_POLICY 테이블,N
KODASP,PAYMENT_POLICY,COUPON_CANCELABLE_DAY,VARCHAR,COUPON_CANCELABLE_DAY 항목,PAYMENT_POLICY 테이블,N
KODASP,PAYMENT_POLICY,PARTIAL_CANCEL_ORDER,VARCHAR,PARTIAL_CANCEL_ORDER 항목,PAYMENT_POLICY 테이블,N
KODASP,PAYMENT_POLICY,MAKE_UP_POINT,VARCHAR,MAKE_UP_POINT 항목,PAYMENT_POLICY 테이블,N
KODASP,PAYMENT_POLICY,MIN_AUTO_RECHARGE_AMT,BIGINT,MIN_AUTO_RECHARGE_AMT (금액),PAYMENT_POLICY 테이블,N
KODASP,PAYMENT_POLICY,EXCEPT_TAX_DEDUCTION,VARCHAR,EXCEPT_TAX_DEDUCTION 항목,PAYMENT_POLICY 테이블,N
KODASP,PLATFORM_POLICY,POLICY_KEY,VARCHAR,POLICY_KEY 항목,PLATFORM_POLICY 테이블,N
KODASP,PLATFORM_POLICY,POLICY_VALUE,VARCHAR,POLICY_VALUE 항목,PLATFORM_POLICY 테이블,N
KODASP,PLAYER_DETAIL_INFO,PLAYER_ID,VARCHAR,PLAYER_ID (식별자),PLAYER_DETAIL_INFO 테이블,N
KODASP,PLAYER_DETAIL_INFO,ROLE_CD,VARCHAR,ROLE_CD (코드),PLAYER_DETAIL_INFO 테이블,N
KODASP,PLAYER_DETAIL_INFO,TAXATION_TYPE,VARCHAR,TAXATION_TYPE 항목,PLAYER_DETAIL_INFO 테이블,N
KODASP,PLAYER_DETAIL_INFO,INCOME_DEDUCTION_TYPE,VARCHAR,INCOME_DEDUCTION_TYPE 항목,PLAYER_DETAIL_INFO 테이블,N
KODASP,PLAYER_DETAIL_INFO,TAX_BIZ_TYPE1,VARCHAR,TAX_BIZ_TYPE1 항목,PLAYER_DETAIL_INFO 테이블,N
KODASP,PLAYER_DETAIL_INFO,TAX_BIZ_TYPE2,VARCHAR,TAX_BIZ_TYPE2 항목,PLAYER_DETAIL_INFO 테이블,N
KODASP,PLAYER_DETAIL_INFO,REPR_NM,VARCHAR,REPR_NM (명),PLAYER_DETAIL_INFO 테이블,N
KODASP,PLAYER_DETAIL_INFO,TEL_NO,BIGINT,TEL_NO (번호),PLAYER_DETAIL_INFO 테이블,N
KODASP,PLAYER_DETAIL_INFO,ADDR,VARCHAR,ADDR 항목,PLAYER_DETAIL_INFO 테이블,N
KODASP,PLAYER_DETAIL_INFO,ADDR_DETAIL,VARCHAR,ADDR_DETAIL 항목,PLAYER_DETAIL_INFO 테이블,N
KODASP,PLAYER_DETAIL_INFO,TAX_AGENT_NT,VARCHAR,TAX_AGENT_NT 항목,PLAYER_DETAIL_INFO 테이블,N
KODASP,PLAYER_DETAIL_INFO,TAX_AGENT_DEPT,VARCHAR,TAX_AGENT_DEPT 항목,PLAYER_DETAIL_INFO 테이블,N
KODASP,PLAYER_DETAIL_INFO,ZIP_CODE,VARCHAR,ZIP_CODE 항목,PLAYER_DETAIL_INFO 테이블,N
KODASP,PLAYER_DETAIL_INFO,LATITUDE,VARCHAR,LATITUDE 항목,PLAYER_DETAIL_INFO 테이블,N
KODASP,PLAYER_DETAIL_INFO,LONGITUDE,VARCHAR,LONGITUDE 항목,PLAYER_DETAIL_INFO 테이블,N
KODASP,PLAYER_GROUP,GRP_ID,VARCHAR,GRP_ID (식별자),PLAYER_GROUP 테이블,N
KODASP,PLAYER_GROUP,GRP_NAME,VARCHAR,GRP_NAME 항목,PLAYER_GROUP 테이블,N
KODASP,PLAYER_GROUP,GRP_TYPE,VARCHAR,GRP_TYPE 항목,PLAYER_GROUP 테이블,N
KODASP,PLAYER_GROUP,GRP_OWNER_ID,VARCHAR,GRP_OWNER_ID (식별자),PLAYER_GROUP 테이블,N
KODASP,PLAYER_GROUP,PARENT_GRP_ID,VARCHAR,PARENT_GRP_ID (식별자),PLAYER_GROUP 테이블,N
KODASP,PLAYER_GROUP,ASP_ID,VARCHAR,ASP_ID (식별자),PLAYER_GROUP 테이블,N
KODASP,PLAYER_GROUP,CHANNEL,VARCHAR,CHANNEL 항목,PLAYER_GROUP 테이블,N
KODASP,PLAYER_GROUP,GRP_MAPPING_TYPE,VARCHAR,GRP_MAPPING_TYPE 항목,PLAYER_GROUP 테이블,N
KODASP,PLAYER_GROUP,SIBLING_GRP_ID,VARCHAR,SIBLING_GRP_ID (식별자),PLAYER_GROUP 테이블,N
KODASP,PLAYER_GROUP,CREATED_BY,VARCHAR,CREATED_BY 항목,PLAYER_GROUP 테이블,N
KODASP,PLAYER_GROUP,MODIFIED_BY,VARCHAR,MODIFIED_BY 항목,PLAYER_GROUP 테이블,N
KODASP,PNT_DPSTS_AGG,CRI_DT,TIMESTAMP,CRI_DT (일자),PNT_DPSTS_AGG 테이블,N
KODASP,PNT_DPSTS_AGG,ASP_ID,VARCHAR,ASP_ID (식별자),PNT_DPSTS_AGG 테이블,N
KODASP,PNT_DPSTS_AGG,PNT_PLCY_ID,VARCHAR,PNT_PLCY_ID (식별자),PNT_DPSTS_AGG 테이블,N
KODASP,PNT_DPSTS_AGG,PNT_BOWR_GRP_ID,VARCHAR,PNT_BOWR_GRP_ID (식별자),PNT_DPSTS_AGG 테이블,N
KODASP,PNT_DPSTS_AGG,PNT_BOWR_ID,VARCHAR,PNT_BOWR_ID (식별자),PNT_DPSTS_AGG 테이블,N
KODASP,PNT_DPSTS_AGG,ROLE_CD,VARCHAR,ROLE_CD (코드),PNT_DPSTS_AGG 테이블,N
KODASP,PNT_DPSTS_AGG,PNT_DPSTS_BALA,VARCHAR,PNT_DPSTS_BALA 항목,PNT_DPSTS_AGG 테이블,N
KODASP,PNT_DPSTS_AGG,PNT_DPSTS_DEPS_AMT,BIGINT,PNT_DPSTS_DEPS_AMT (금액),PNT_DPSTS_AGG 테이블,N
KODASP,PNT_DPSTS_AGG,PNT_DPSTS_RFND_AMT,BIGINT,PNT_DPSTS_RFND_AMT (금액),PNT_DPSTS_AGG 테이블,N
KODASP,PNT_DPSTS_AGG,PNT_DPSTS_ADJS_DEPS_AMT,BIGINT,PNT_DPSTS_ADJS_DEPS_AMT (금액),PNT_DPSTS_AGG 테이블,N
KODASP,PNT_DPSTS_AGG,PNT_DPSTS_ADJS_RFND_AMT,BIGINT,PNT_DPSTS_ADJS_RFND_AMT (금액),PNT_DPSTS_AGG 테이블,N
KODASP,PNT_DPSTS_AGG,PNT_DSB_AMT,BIGINT,PNT_DSB_AMT (금액),PNT_DPSTS_AGG 테이블,N
KODASP,PNT_DPSTS_AGG,PNT_DSB_CNCL_AMT,BIGINT,PNT_DSB_CNCL_AMT (금액),PNT_DPSTS_AGG 테이블,N
KODASP,PNT_DPSTS_AGG,PNT_RTRV_AMT,BIGINT,PNT_RTRV_AMT (금액),PNT_DPSTS_AGG 테이블,N
KODASP,PNT_DPSTS_AGG,PNT_EXTN_AMT,BIGINT,PNT_EXTN_AMT (금액),PNT_DPSTS_AGG 테이블,N
KODASP,POINT_DISPLAY_INFO_D,EXHB_INFO_SNO,BIGINT,EXHB_INFO_SNO (번호),POINT_DISPLAY_INFO_D 테이블,N
KODASP,POINT_DISPLAY_INFO_D,EXHB_INFO_DTL_SNO,BIGINT,EXHB_INFO_DTL_SNO (번호),POINT_DISPLAY_INFO_D 테이블,N
KODASP,POINT_DISPLAY_INFO_D,SCT_MINM_VAL,VARCHAR,SCT_MINM_VAL 항목,POINT_DISPLAY_INFO_D 테이블,N
KODASP,POINT_DISPLAY_INFO_D,SCT_MAX_VAL,VARCHAR,SCT_MAX_VAL 항목,POINT_DISPLAY_INFO_D 테이블,N
KODASP,POINT_DISPLAY_INFO_D,CLOR_VAL,VARCHAR,CLOR_VAL 항목,POINT_DISPLAY_INFO_D 테이블,N
KODASP,POINT_DISPLAY_INFO_D,RES_BUGT_RATE_EXPS_YN,CHAR,RES_BUGT_RATE_EXPS_YN (여부),POINT_DISPLAY_INFO_D 테이블,N
KODASP,POINT_DISPLAY_INFO_D,RES_BUGT_RATE_GUD_CN,VARCHAR,RES_BUGT_RATE_GUD_CN (내용),POINT_DISPLAY_INFO_D 테이블,N
KODASP,POINT_DISPLAY_INFO_D,DSB_ST_GUD_CN,VARCHAR,DSB_ST_GUD_CN (내용),POINT_DISPLAY_INFO_D 테이블,N
KODASP,POINT_DISPLAY_INFO_D,SYS_CRE_ID,VARCHAR,SYS_CRE_ID (식별자),POINT_DISPLAY_INFO_D 테이블,N
KODASP,POINT_DISPLAY_INFO_D,SYS_UPD_ID,VARCHAR,SYS_UPD_ID (식별자),POINT_DISPLAY_INFO_D 테이블,N
KODASP,POINT_POLICY,ASP_ID,VARCHAR,ASP_ID (식별자),POINT_POLICY 테이블,N
KODASP,POINT_POLICY,USE_YN,CHAR,USE_YN (여부),POINT_POLICY 테이블,N
KODASP,POINT_POLICY,VALUE_PER_POINT,VARCHAR,VALUE_PER_POINT 항목,POINT_POLICY 테이블,N
KODASP,POINT_POLICY,MAX_POSSESSION_LIMIT,VARCHAR,MAX_POSSESSION_LIMIT 항목,POINT_POLICY 테이블,N
KODASP,POINT_POLICY,MIN_CONDITION_AMT,BIGINT,MIN_CONDITION_AMT (금액),POINT_POLICY 테이블,N
KODASP,POINT_POLICY,MAX_AMT_ONETIME,VARCHAR,MAX_AMT_ONETIME 항목,POINT_POLICY 테이블,N
KODASP,POINT_POLICY,MAX_RATE_ONETIME,VARCHAR,MAX_RATE_ONETIME 항목,POINT_POLICY 테이블,N
KODASP,POINT_POLICY,MAX_AMT_DAY,VARCHAR,MAX_AMT_DAY 항목,POINT_POLICY 테이블,N
KODASP,POINT_POLICY,MAX_AMT_MONTH,VARCHAR,MAX_AMT_MONTH 항목,POINT_POLICY 테이블,N
KODASP,POINT_POLICY,EXCEPT_GRP_ID,VARCHAR,EXCEPT_GRP_ID (식별자),POINT_POLICY 테이블,N
KODASP,POINT_POLICY,TIME_DURATION,VARCHAR,TIME_DURATION 항목,POINT_POLICY 테이블,N
KODASP,POINT_POLICY,ANNOUNCE_DAY,VARCHAR,ANNOUNCE_DAY 항목,POINT_POLICY 테이블,N
KODASP,POINT_POLICY,CANCELLED_VALIDITY_PERIOD,VARCHAR,CANCELLED_VALIDITY_PERIOD 항목,POINT_POLICY 테이블,N
KODASP,POINT_POLICY,PERIOD_TYPE,VARCHAR,PERIOD_TYPE 항목,POINT_POLICY 테이블,N
KODASP,POINT_POLICY,REWARD_LIMIT_YEAR,VARCHAR,REWARD_LIMIT_YEAR 항목,POINT_POLICY 테이블,N
KODASP,POINT_POLICY,REWARD_LIMIT_MONTH,VARCHAR,REWARD_LIMIT_MONTH 항목,POINT_POLICY 테이블,N
KODASP,POINT_POLICY,AUTO_USE_YN,CHAR,AUTO_USE_YN (여부),POINT_POLICY 테이블,N
KODASP,POINT_POLICY,REFUND_EXTINCT_TYPE,VARCHAR,REFUND_EXTINCT_TYPE 항목,POINT_POLICY 테이블,N
KODASP,POINT_POLICY,REFUND_EXTINCT_VALUE,VARCHAR,REFUND_EXTINCT_VALUE 항목,POINT_POLICY 테이블,N
KODASP,POINT_POLICY,BIZTYPE_GRP_ID,VARCHAR,BIZTYPE_GRP_ID (식별자),POINT_POLICY 테이블,N
KODASP,POINT_POLICY,INCOME_DEDUCTION_YN,CHAR,INCOME_DEDUCTION_YN (여부),POINT_POLICY 테이블,N
KODASP,POINT_POLICY,POLICY_TYPE,VARCHAR,POLICY_TYPE 항목,POINT_POLICY 테이블,N
KODASP,POINT_POLICY,BUDGET_YEAR,VARCHAR,BUDGET_YEAR 항목,POINT_POLICY 테이블,N
KODASP,POINT_POLICY,MIN_CONDITION_PAY_AMT,BIGINT,MIN_CONDITION_PAY_AMT (금액),POINT_POLICY 테이블,N
KODASP,POINT_POLICY,DISPLAY_NAME,VARCHAR,DISPLAY_NAME 항목,POINT_POLICY 테이블,N
KODASP,POINT_POLICY,GRANT_GRP_ID,VARCHAR,GRANT_GRP_ID (식별자),POINT_POLICY 테이블,N
KODASP,POINT_POLICY,BIZTYPE_GRANT_GRP_ID,VARCHAR,BIZTYPE_GRANT_GRP_ID (식별자),POINT_POLICY 테이블,N
KODASP,POINT_POLICY,SETL_TYPE,VARCHAR,SETL_TYPE 항목,POINT_POLICY 테이블,N
KODASP,POINT_POLICY,SETL_POLICY_CD,VARCHAR,SETL_POLICY_CD (코드),POINT_POLICY 테이블,N
KODASP,POINT_POLICY,USE_GRADE_YN,CHAR,USE_GRADE_YN (여부),POINT_POLICY 테이블,N
KODASP,POINT_POLICY,INCLUDE_PREV_CONDITION,VARCHAR,INCLUDE_PREV_CONDITION 항목,POINT_POLICY 테이블,N
KODASP,POINT_POLICY,MEMO,VARCHAR,MEMO 항목,POINT_POLICY 테이블,N
KODASP,POINT_POLICY,REGISTRANT,VARCHAR,REGISTRANT 항목,POINT_POLICY 테이블,N
KODASP,POINT_POLICY,POINT_TO_BALANCE,VARCHAR,POINT_TO_BALANCE 항목,POINT_POLICY 테이블,N
KODASP,POINT_POLICY,COMPOSITE_PAY_TYPE,VARCHAR,COMPOSITE_PAY_TYPE 항목,POINT_POLICY 테이블,N
KODASP,POINT_POLICY,TERMINAL_RECHARGE,VARCHAR,TERMINAL_RECHARGE 항목,POINT_POLICY 테이블,N
KODASP,POINT_POLICY,PERIOD_TYPE_AT_PAYMENT,VARCHAR,PERIOD_TYPE_AT_PAYMENT 항목,POINT_POLICY 테이블,N
KODASP,POINT_POLICY,VALIDITY_PERIOD_AT_PAYMENT,VARCHAR,VALIDITY_PERIOD_AT_PAYMENT 항목,POINT_POLICY 테이블,N
KODASP,POINT_POLICY,TAG,VARCHAR,TAG 항목,POINT_POLICY 테이블,N
KODASP,POINT_POLICY,CUSTOM_YN,CHAR,CUSTOM_YN (여부),POINT_POLICY 테이블,N
KODASP,POINT_POLICY,REMITTANCE_YN,CHAR,REMITTANCE_YN (여부),POINT_POLICY 테이블,N
KODASP,POINT_POLICY,BUDGET_MONTH,VARCHAR,BUDGET_MONTH 항목,POINT_POLICY 테이블,N
KODASP,POINT_POLICY,SETTLE_KA,VARCHAR,SETTLE_KA 항목,POINT_POLICY 테이블,N
KODASP,POINT_POLICY_ALLOWANCE,SUB_TYPE,VARCHAR,SUB_TYPE 항목,POINT_POLICY_ALLOWANCE 테이블,N
KODASP,POINT_POLICY_ALLOWANCE,NAME,VARCHAR,NAME 항목,POINT_POLICY_ALLOWANCE 테이블,N
KODASP,POINT_POLICY_GROUP_MAPPING,POLICY_ID,VARCHAR,POLICY_ID (식별자),POINT_POLICY_GROUP_MAPPING 테이블,N
KODASP,POINT_POLICY_GROUP_MAPPING,MAPPING_TYPE,VARCHAR,MAPPING_TYPE 항목,POINT_POLICY_GROUP_MAPPING 테이블,N
KODASP,POINT_POLICY_GROUP_MAPPING,CHANNEL,VARCHAR,CHANNEL 항목,POINT_POLICY_GROUP_MAPPING 테이블,N
KODASP,POINT_POLICY_GROUP_MAPPING,GROUP_ID,VARCHAR,GROUP_ID (식별자),POINT_POLICY_GROUP_MAPPING 테이블,N
KODASP,POINT_PROVIDER,PROVIDER_ID,VARCHAR,PROVIDER_ID (식별자),POINT_PROVIDER 테이블,N
KODASP,POINT_PROVIDER,ROLE_CD,VARCHAR,ROLE_CD (코드),POINT_PROVIDER 테이블,N
KODASP,POINT_PROVIDER,POLICY_ID,VARCHAR,POLICY_ID (식별자),POINT_PROVIDER 테이블,N
KODASP,POINT_PROVIDER,RATE_TYPE,VARCHAR,RATE_TYPE 항목,POINT_PROVIDER 테이블,N
KODASP,POINT_PROVIDER,RATE_VALUE,VARCHAR,RATE_VALUE 항목,POINT_PROVIDER 테이블,N
KODASP,POINT_PROVIDER,SETL_POLICY_CD,VARCHAR,SETL_POLICY_CD (코드),POINT_PROVIDER 테이블,N
KODASP,POINT_PROVIDER,ACNT_TYPE,VARCHAR,ACNT_TYPE 항목,POINT_PROVIDER 테이블,N
KODASP,POINT_PROVIDER,SETL_TYPE,VARCHAR,SETL_TYPE 항목,POINT_PROVIDER 테이블,N
KODASP,POINT_PROVIDER,PROVIDER_GRP_ID,VARCHAR,PROVIDER_GRP_ID (식별자),POINT_PROVIDER 테이블,N
KODASP,POINT_PROVIDER,MEMO,VARCHAR,MEMO 항목,POINT_PROVIDER 테이블,N
KODASP,POINT_PROVIDER,GRADE_ID,VARCHAR,GRADE_ID (식별자),POINT_PROVIDER 테이블,N
KODASP,POLICY_LOG,SEQ,VARCHAR,SEQ 항목,POLICY_LOG 테이블,N
KODASP,POLICY_LOG,POLICY_ID,VARCHAR,POLICY_ID (식별자),POLICY_LOG 테이블,N
KODASP,POLICY_LOG,POLICY_TYPE,VARCHAR,POLICY_TYPE 항목,POLICY_LOG 테이블,N
KODASP,POLICY_LOG,POLICY_DATA,VARCHAR,POLICY_DATA 항목,POLICY_LOG 테이블,N
KODASP,PREPURCHASE_INFO,PREPURCHASE_INFO_ID,VARCHAR,PREPURCHASE_INFO_ID (식별자),PREPURCHASE_INFO 테이블,N
KODASP,PREPURCHASE_INFO,TOTAL_PREPURCHASE_AMT,BIGINT,TOTAL_PREPURCHASE_AMT (금액),PREPURCHASE_INFO 테이블,N
KODASP,PREPURCHASE_INFO,PROVIDER_NAME,VARCHAR,PROVIDER_NAME 항목,PREPURCHASE_INFO 테이블,N
KODASP,PREPURCHASE_INFO,PREPURCHASE_NAME,VARCHAR,PREPURCHASE_NAME 항목,PREPURCHASE_INFO 테이블,N
KODASP,PREPURCHASE_INFO,PREPURCHASE_RATE,VARCHAR,PREPURCHASE_RATE 항목,PREPURCHASE_INFO 테이블,N
KODASP,PREPURCHASE_INFO,CONTRACT_TYPE,VARCHAR,CONTRACT_TYPE 항목,PREPURCHASE_INFO 테이블,N
KODASP,PREPURCHASE_INFO,YIELD_BASIS,VARCHAR,YIELD_BASIS 항목,PREPURCHASE_INFO 테이블,N
KODASP,PREPURCHASE_INFO,GRP_ID,VARCHAR,GRP_ID (식별자),PREPURCHASE_INFO 테이블,N
KODASP,PREPURCHASE_INFO,ROLE_CD,VARCHAR,ROLE_CD (코드),PREPURCHASE_INFO 테이블,N
KODASP,PREPURCHASE_INFO,PTN_ID,VARCHAR,PTN_ID (식별자),PREPURCHASE_INFO 테이블,N
KODASP,PREPURCHASE_INFO,PACQ_CLR_TYPE_CD,VARCHAR,PACQ_CLR_TYPE_CD (코드),PREPURCHASE_INFO 테이블,N
KODASP,RC_DPSTS_AGG,CRI_DT,TIMESTAMP,CRI_DT (일자),RC_DPSTS_AGG 테이블,N
KODASP,RC_DPSTS_AGG,ASP_ID,VARCHAR,ASP_ID (식별자),RC_DPSTS_AGG 테이블,N
KODASP,RC_DPSTS_AGG,PLYR_ID,VARCHAR,PLYR_ID (식별자),RC_DPSTS_AGG 테이블,N
KODASP,RC_DPSTS_AGG,DPSTS_BALA_AMT,BIGINT,DPSTS_BALA_AMT (금액),RC_DPSTS_AGG 테이블,N
KODASP,RC_DPSTS_AGG,DPSTS_DEPS_AMT,BIGINT,DPSTS_DEPS_AMT (금액),RC_DPSTS_AGG 테이블,N
KODASP,RC_DPSTS_AGG,DPSTS_RFND_AMT,BIGINT,DPSTS_RFND_AMT (금액),RC_DPSTS_AGG 테이블,N
KODASP,RC_DPSTS_AGG,DPSTS_ADJS_DEPS_AMT,BIGINT,DPSTS_ADJS_DEPS_AMT (금액),RC_DPSTS_AGG 테이블,N
KODASP,RC_DPSTS_AGG,DPSTS_ADJS_RFND_AMT,BIGINT,DPSTS_ADJS_RFND_AMT (금액),RC_DPSTS_AGG 테이블,N
KODASP,RC_DPSTS_AGG,CHRG_AMT,BIGINT,CHRG_AMT (금액),RC_DPSTS_AGG 테이블,N
KODASP,RC_DPSTS_AGG,CHRGC_AMT,BIGINT,CHRGC_AMT (금액),RC_DPSTS_AGG 테이블,N
KODASP,RC_DPSTS_AGG,RTRV_AMT,BIGINT,RTRV_AMT (금액),RC_DPSTS_AGG 테이블,N
KODASP,RECHARGE_POLICY,FEE_CD,VARCHAR,FEE_CD (코드),RECHARGE_POLICY 테이블,N
KODASP,RECHARGE_POLICY,ROLE_CD,VARCHAR,ROLE_CD (코드),RECHARGE_POLICY 테이블,N
KODASP,RECHARGE_POLICY,PLAYER_ID,VARCHAR,PLAYER_ID (식별자),RECHARGE_POLICY 테이블,N
KODASP,RECHARGE_POLICY,ASP_ID,VARCHAR,ASP_ID (식별자),RECHARGE_POLICY 테이블,N
KODASP,RECHARGE_POLICY,LIMIT_AMT_PER,VARCHAR,LIMIT_AMT_PER 항목,RECHARGE_POLICY 테이블,N
KODASP,RECHARGE_POLICY,MAX_AMT_ONETIME,VARCHAR,MAX_AMT_ONETIME 항목,RECHARGE_POLICY 테이블,N
KODASP,RECHARGE_POLICY,MAX_AMT_DAY,VARCHAR,MAX_AMT_DAY 항목,RECHARGE_POLICY 테이블,N
KODASP,RECHARGE_POLICY,MAX_AMT_MONTH,VARCHAR,MAX_AMT_MONTH 항목,RECHARGE_POLICY 테이블,N
KODASP,RECHARGER_POINT_POLICY,ASP_ID,VARCHAR,ASP_ID (식별자),RECHARGER_POINT_POLICY 테이블,N
KODASP,RECHARGER_POINT_POLICY,RECHARGER_ID,VARCHAR,RECHARGER_ID (식별자),RECHARGER_POINT_POLICY 테이블,N
KODASP,RECHARGER_POINT_POLICY,POLICY_ID,VARCHAR,POLICY_ID (식별자),RECHARGER_POINT_POLICY 테이블,N
KODASP,RECHARGER_POINT_POLICY,PRIORITY,VARCHAR,PRIORITY 항목,RECHARGER_POINT_POLICY 테이블,N
KODASP,REFUND_POLICY,SEQ,VARCHAR,SEQ 항목,REFUND_POLICY 테이블,N
KODASP,REFUND_POLICY,CANCELABLE_DAY,VARCHAR,CANCELABLE_DAY 항목,REFUND_POLICY 테이블,N
KODASP,REFUND_POLICY,REALNAME_RFND_LIMIT_AMT,BIGINT,REALNAME_RFND_LIMIT_AMT (금액),REFUND_POLICY 테이블,N
KODASP,REFUND_POLICY,NON_REALNAME_RFND_LIMIT_AMT,BIGINT,NON_REALNAME_RFND_LIMIT_AMT (금액),REFUND_POLICY 테이블,N
KODASP,REFUND_POLICY,MONTHLY_LIMIT_CNT,BIGINT,MONTHLY_LIMIT_CNT (건수),REFUND_POLICY 테이블,N
KODASP,REFUND_POLICY,CREDIT_RFND_BNDR_DAY,VARCHAR,CREDIT_RFND_BNDR_DAY 항목,REFUND_POLICY 테이블,N
KODASP,REFUND_POLICY,DFLT_BNDR_AMT,BIGINT,DFLT_BNDR_AMT (금액),REFUND_POLICY 테이블,N
KODASP,REFUND_POLICY,DFLT_BELOW_BNDR_FEE,VARCHAR,DFLT_BELOW_BNDR_FEE 항목,REFUND_POLICY 테이블,N
KODASP,REFUND_POLICY,DFLT_ABOVE_BNDR_FEE,VARCHAR,DFLT_ABOVE_BNDR_FEE 항목,REFUND_POLICY 테이블,N
KODASP,REFUND_POLICY,DFLT_KONAMONEY_RFND_FEE,VARCHAR,DFLT_KONAMONEY_RFND_FEE 항목,REFUND_POLICY 테이블,N
KODASP,REFUND_POLICY,DFLT_EXP_RFND_FEE,VARCHAR,DFLT_EXP_RFND_FEE 항목,REFUND_POLICY 테이블,N
KODASP,REFUND_POLICY,ROLE_CD,VARCHAR,ROLE_CD (코드),REFUND_POLICY 테이블,N
KODASP,REFUND_POLICY,PLAYER_ID,VARCHAR,PLAYER_ID (식별자),REFUND_POLICY 테이블,N
KODASP,REFUND_POLICY,RFND_LIMIT_AMT_PER,VARCHAR,RFND_LIMIT_AMT_PER 항목,REFUND_POLICY 테이블,N
KODASP,REFUND_POLICY,RFND_LIMIT_CNT_PER,VARCHAR,RFND_LIMIT_CNT_PER 항목,REFUND_POLICY 테이블,N
KODASP,REFUND_POLICY,CONDITION_UNMET_PROCESS,VARCHAR,CONDITION_UNMET_PROCESS 항목,REFUND_POLICY 테이블,N
KODASP,REFUND_POLICY,CONDITION_BASE_DATE_TYPE,TIMESTAMP,CONDITION_BASE_DATE_TYPE 항목,REFUND_POLICY 테이블,N
KODASP,REFUND_POLICY,USE_CHECKED_BALANCE,VARCHAR,USE_CHECKED_BALANCE 항목,REFUND_POLICY 테이블,N
KODASP,REFUND_POLICY,CC_BNDR_AMT,BIGINT,CC_BNDR_AMT (금액),REFUND_POLICY 테이블,N
KODASP,REFUND_POLICY,CC_BELOW_BNDR_FEE,VARCHAR,CC_BELOW_BNDR_FEE 항목,REFUND_POLICY 테이블,N
KODASP,REFUND_POLICY,CC_ABOVE_BNDR_FEE,VARCHAR,CC_ABOVE_BNDR_FEE 항목,REFUND_POLICY 테이블,N
KODASP,REFUND_POLICY,CC_MAX_AMT_MONTH,VARCHAR,CC_MAX_AMT_MONTH 항목,REFUND_POLICY 테이블,N
KODASP,REISSUANCE_POLICY,ASP_ID,VARCHAR,ASP_ID (식별자),REISSUANCE_POLICY 테이블,N
KODASP,REISSUANCE_POLICY,LIMIT_CNT,BIGINT,LIMIT_CNT (건수),REISSUANCE_POLICY 테이블,N
KODASP,REISSUANCE_POLICY,LIMIT_CNT_PER,VARCHAR,LIMIT_CNT_PER 항목,REISSUANCE_POLICY 테이블,N
KODASP,REISSUANCE_POLICY,ISSUANCE_COST,VARCHAR,ISSUANCE_COST (상태),REISSUANCE_POLICY 테이블,N
KODASP,REISSUANCE_POLICY,PAYMENT_TYPE,VARCHAR,PAYMENT_TYPE 항목,REISSUANCE_POLICY 테이블,N
KODASP,REISSUANCE_POLICY,CHARGE_CONDITION_CNT_PER,VARCHAR,CHARGE_CONDITION_CNT_PER 항목,REISSUANCE_POLICY 테이블,N
KODASP,REISSUANCE_POLICY,CHARGE_CONDITION_AT,VARCHAR,CHARGE_CONDITION_AT 항목,REISSUANCE_POLICY 테이블,N
KODASP,REISSUANCE_POLICY,CHARGE_CONDITION_CNT,BIGINT,CHARGE_CONDITION_CNT (건수),REISSUANCE_POLICY 테이블,N
KODASP,REISSUANCE_POLICY,CHARGE_TRY_CNT,BIGINT,CHARGE_TRY_CNT (건수),REISSUANCE_POLICY 테이블,N
KODASP,REISSUANCE_POLICY,REISSUE_CONTEXT,VARCHAR,REISSUE_CONTEXT 항목,REISSUANCE_POLICY 테이블,N
KODASP,REMITTANCE_POLICY,ASP_ID,VARCHAR,ASP_ID (식별자),REMITTANCE_POLICY 테이블,N
KODASP,REMITTANCE_POLICY,MAX_REMIT_AMT_ONETIME,VARCHAR,MAX_REMIT_AMT_ONETIME 항목,REMITTANCE_POLICY 테이블,N
KODASP,REMITTANCE_POLICY,MAX_REMIT_CNT_DAY,VARCHAR,MAX_REMIT_CNT_DAY 항목,REMITTANCE_POLICY 테이블,N
KODASP,REMITTANCE_POLICY,MAX_REMIT_AMT_DAY,VARCHAR,MAX_REMIT_AMT_DAY 항목,REMITTANCE_POLICY 테이블,N
KODASP,REMITTANCE_POLICY,MAX_REMIT_CNT_MONTH,VARCHAR,MAX_REMIT_CNT_MONTH 항목,REMITTANCE_POLICY 테이블,N
KODASP,REMITTANCE_POLICY,MAX_REMIT_AMT_MONTH,VARCHAR,MAX_REMIT_AMT_MONTH 항목,REMITTANCE_POLICY 테이블,N
KODASP,REMITTANCE_POLICY,EXPIRY_HOUR,VARCHAR,EXPIRY_HOUR 항목,REMITTANCE_POLICY 테이블,N
KODASP,REMITTANCE_POLICY,CONTEXT,VARCHAR,CONTEXT 항목,REMITTANCE_POLICY 테이블,N
KODASP,SAMSUNG_MERCHANT,SEQ,VARCHAR,SEQ 항목,SAMSUNG_MERCHANT 테이블,N
KODASP,SAMSUNG_MERCHANT,REVISION_SEQ,VARCHAR,REVISION_SEQ 항목,SAMSUNG_MERCHANT 테이블,N
KODASP,SAMSUNG_MERCHANT,DATA_TYPE,VARCHAR,DATA_TYPE 항목,SAMSUNG_MERCHANT 테이블,N
KODASP,SAMSUNG_MERCHANT,MCT_MNG_NO,BIGINT,MCT_MNG_NO (번호),SAMSUNG_MERCHANT 테이블,N
KODASP,SAMSUNG_MERCHANT,SIMPLE_NM,VARCHAR,SIMPLE_NM (명),SAMSUNG_MERCHANT 테이블,N
KODASP,SAMSUNG_MERCHANT,BIZ_LICENSE_NO,BIGINT,BIZ_LICENSE_NO (번호),SAMSUNG_MERCHANT 테이블,N
KODASP,SAMSUNG_MERCHANT,ZIP_CD,VARCHAR,ZIP_CD (코드),SAMSUNG_MERCHANT 테이블,N
KODASP,SAMSUNG_MERCHANT,ADDR1,VARCHAR,ADDR1 항목,SAMSUNG_MERCHANT 테이블,N
KODASP,SAMSUNG_MERCHANT,ADDR2,VARCHAR,ADDR2 항목,SAMSUNG_MERCHANT 테이블,N
KODASP,SAMSUNG_MERCHANT,MCT_REG_DATE,TIMESTAMP,MCT_REG_DATE 항목,SAMSUNG_MERCHANT 테이블,N
KODASP,SAMSUNG_MERCHANT,TEMNT_DATE,TIMESTAMP,TEMNT_DATE 항목,SAMSUNG_MERCHANT 테이블,N
KODASP,SAMSUNG_MERCHANT,SUSPENDED_YN,CHAR,SUSPENDED_YN (여부),SAMSUNG_MERCHANT 테이블,N
KODASP,SAMSUNG_MERCHANT,BIZ_TYPE,VARCHAR,BIZ_TYPE 항목,SAMSUNG_MERCHANT 테이블,N
KODASP,SAMSUNG_MERCHANT,BIZ_NAME,VARCHAR,BIZ_NAME 항목,SAMSUNG_MERCHANT 테이블,N
KODASP,SAMSUNG_MERCHANT,MERCHANT_FEE_RATE,VARCHAR,MERCHANT_FEE_RATE 항목,SAMSUNG_MERCHANT 테이블,N
KODASP,SAMSUNG_MERCHANT,ADDR_NEW_OLD_TYPE,VARCHAR,ADDR_NEW_OLD_TYPE 항목,SAMSUNG_MERCHANT 테이블,N
KODASP,SAMSUNG_MERCHANT,MCT_RE_REG_DATE,TIMESTAMP,MCT_RE_REG_DATE 항목,SAMSUNG_MERCHANT 테이블,N
KODASP,SAMSUNG_MERCHANT,CORP_REGISTER_NO,BIGINT,CORP_REGISTER_NO (번호),SAMSUNG_MERCHANT 테이블,N
KODASP,SAMSUNG_MERCHANT,SALES_CD,VARCHAR,SALES_CD (코드),SAMSUNG_MERCHANT 테이블,N
KODASP,SAMSUNG_MERCHANT,SI_DO_NM,VARCHAR,SI_DO_NM (명),SAMSUNG_MERCHANT 테이블,N
KODASP,SAMSUNG_MERCHANT,SI_GUN_GU_NM,VARCHAR,SI_GUN_GU_NM (명),SAMSUNG_MERCHANT 테이블,N
KODASP,SAMSUNG_MERCHANT,ADMIN_DONG_NAME,VARCHAR,ADMIN_DONG_NAME 항목,SAMSUNG_MERCHANT 테이블,N
KODASP,SAMSUNG_MERCHANT,ADMIN_DONG_CODE,VARCHAR,ADMIN_DONG_CODE 항목,SAMSUNG_MERCHANT 테이블,N
KODASP,SAMSUNG_MERCHANT,LEGAL_DONG_NAME,VARCHAR,LEGAL_DONG_NAME 항목,SAMSUNG_MERCHANT 테이블,N
KODASP,SAMSUNG_MERCHANT,LEGAL_DONG_CODE,VARCHAR,LEGAL_DONG_CODE 항목,SAMSUNG_MERCHANT 테이블,N
KODASP,SAMSUNG_MERCHANT,ROAD_NM,VARCHAR,ROAD_NM (명),SAMSUNG_MERCHANT 테이블,N
KODASP,SAMSUNG_MERCHANT,BUILDING_NO,BIGINT,BUILDING_NO (번호),SAMSUNG_MERCHANT 테이블,N
KODASP,SAMSUNG_MERCHANT,SUB_BUILDING_NO,BIGINT,SUB_BUILDING_NO (번호),SAMSUNG_MERCHANT 테이블,N
KODASP,SAMSUNG_MERCHANT,LATITUDE,VARCHAR,LATITUDE 항목,SAMSUNG_MERCHANT 테이블,N
KODASP,SAMSUNG_MERCHANT,LONGITUDE,VARCHAR,LONGITUDE 항목,SAMSUNG_MERCHANT 테이블,N
KODASP,SAMSUNG_MERCHANT,REPR_NM,VARCHAR,REPR_NM (명),SAMSUNG_MERCHANT 테이블,N
KODASP,SAMSUNG_MERCHANT,TEL_NO,BIGINT,TEL_NO (번호),SAMSUNG_MERCHANT 테이블,N
KODASP,SAMSUNG_MERCHANT_HISTORY,SEQ,VARCHAR,SEQ 항목,SAMSUNG_MERCHANT_HISTORY 테이블,N
KODASP,SAMSUNG_MERCHANT_HISTORY,TYPE,VARCHAR,TYPE 항목,SAMSUNG_MERCHANT_HISTORY 테이블,N
KODASP,SAMSUNG_MERCHANT_HISTORY,REVISION_SEQ,VARCHAR,REVISION_SEQ 항목,SAMSUNG_MERCHANT_HISTORY 테이블,N
KODASP,SAMSUNG_MERCHANT_HISTORY,DATA_TYPE,VARCHAR,DATA_TYPE 항목,SAMSUNG_MERCHANT_HISTORY 테이블,N
KODASP,SAMSUNG_MERCHANT_HISTORY,MCT_MNG_NO,BIGINT,MCT_MNG_NO (번호),SAMSUNG_MERCHANT_HISTORY 테이블,N
KODASP,SAMSUNG_MERCHANT_HISTORY,SIMPLE_NM,VARCHAR,SIMPLE_NM (명),SAMSUNG_MERCHANT_HISTORY 테이블,N
KODASP,SAMSUNG_MERCHANT_HISTORY,BIZ_LICENSE_NO,BIGINT,BIZ_LICENSE_NO (번호),SAMSUNG_MERCHANT_HISTORY 테이블,N
KODASP,SAMSUNG_MERCHANT_HISTORY,ZIP_CD,VARCHAR,ZIP_CD (코드),SAMSUNG_MERCHANT_HISTORY 테이블,N
KODASP,SAMSUNG_MERCHANT_HISTORY,ADDR1,VARCHAR,ADDR1 항목,SAMSUNG_MERCHANT_HISTORY 테이블,N
KODASP,SAMSUNG_MERCHANT_HISTORY,ADDR2,VARCHAR,ADDR2 항목,SAMSUNG_MERCHANT_HISTORY 테이블,N
KODASP,SAMSUNG_MERCHANT_HISTORY,MCT_REG_DATE,TIMESTAMP,MCT_REG_DATE 항목,SAMSUNG_MERCHANT_HISTORY 테이블,N
KODASP,SAMSUNG_MERCHANT_HISTORY,TEMNT_DATE,TIMESTAMP,TEMNT_DATE 항목,SAMSUNG_MERCHANT_HISTORY 테이블,N
KODASP,SAMSUNG_MERCHANT_HISTORY,SUSPENDED_YN,CHAR,SUSPENDED_YN (여부),SAMSUNG_MERCHANT_HISTORY 테이블,N
KODASP,SAMSUNG_MERCHANT_HISTORY,BIZ_TYPE,VARCHAR,BIZ_TYPE 항목,SAMSUNG_MERCHANT_HISTORY 테이블,N
KODASP,SAMSUNG_MERCHANT_HISTORY,BIZ_NAME,VARCHAR,BIZ_NAME 항목,SAMSUNG_MERCHANT_HISTORY 테이블,N
KODASP,SAMSUNG_MERCHANT_HISTORY,MERCHANT_FEE_RATE,VARCHAR,MERCHANT_FEE_RATE 항목,SAMSUNG_MERCHANT_HISTORY 테이블,N
KODASP,SAMSUNG_MERCHANT_HISTORY,ADDR_NEW_OLD_TYPE,VARCHAR,ADDR_NEW_OLD_TYPE 항목,SAMSUNG_MERCHANT_HISTORY 테이블,N
KODASP,SAMSUNG_MERCHANT_HISTORY,MCT_RE_REG_DATE,TIMESTAMP,MCT_RE_REG_DATE 항목,SAMSUNG_MERCHANT_HISTORY 테이블,N
KODASP,SAMSUNG_MERCHANT_HISTORY,CORP_REGISTER_NO,BIGINT,CORP_REGISTER_NO (번호),SAMSUNG_MERCHANT_HISTORY 테이블,N
KODASP,SAMSUNG_MERCHANT_HISTORY,SALES_CD,VARCHAR,SALES_CD (코드),SAMSUNG_MERCHANT_HISTORY 테이블,N
KODASP,SAMSUNG_MERCHANT_HISTORY,SI_DO_NM,VARCHAR,SI_DO_NM (명),SAMSUNG_MERCHANT_HISTORY 테이블,N
KODASP,SAMSUNG_MERCHANT_HISTORY,SI_GUN_GU_NM,VARCHAR,SI_GUN_GU_NM (명),SAMSUNG_MERCHANT_HISTORY 테이블,N
KODASP,SAMSUNG_MERCHANT_HISTORY,ADMIN_DONG_NAME,VARCHAR,ADMIN_DONG_NAME 항목,SAMSUNG_MERCHANT_HISTORY 테이블,N
KODASP,SAMSUNG_MERCHANT_HISTORY,ADMIN_DONG_CODE,VARCHAR,ADMIN_DONG_CODE 항목,SAMSUNG_MERCHANT_HISTORY 테이블,N
KODASP,SAMSUNG_MERCHANT_HISTORY,LEGAL_DONG_NAME,VARCHAR,LEGAL_DONG_NAME 항목,SAMSUNG_MERCHANT_HISTORY 테이블,N
KODASP,SAMSUNG_MERCHANT_HISTORY,LEGAL_DONG_CODE,VARCHAR,LEGAL_DONG_CODE 항목,SAMSUNG_MERCHANT_HISTORY 테이블,N
KODASP,SAMSUNG_MERCHANT_HISTORY,ROAD_NM,VARCHAR,ROAD_NM (명),SAMSUNG_MERCHANT_HISTORY 테이블,N
KODASP,SAMSUNG_MERCHANT_HISTORY,BUILDING_NO,BIGINT,BUILDING_NO (번호),SAMSUNG_MERCHANT_HISTORY 테이블,N
KODASP,SAMSUNG_MERCHANT_HISTORY,SUB_BUILDING_NO,BIGINT,SUB_BUILDING_NO (번호),SAMSUNG_MERCHANT_HISTORY 테이블,N
KODASP,SAMSUNG_MERCHANT_HISTORY,LATITUDE,VARCHAR,LATITUDE 항목,SAMSUNG_MERCHANT_HISTORY 테이블,N
KODASP,SAMSUNG_MERCHANT_HISTORY,LONGITUDE,VARCHAR,LONGITUDE 항목,SAMSUNG_MERCHANT_HISTORY 테이블,N
KODASP,SERVICE,SVC_ID,VARCHAR,SVC_ID (식별자),SERVICE 테이블,N
KODASP,SERVICE,ISSUER_ID,VARCHAR,ISSUER_ID (식별자),SERVICE 테이블,N
KODASP,SERVICE,ASP_ID,VARCHAR,ASP_ID (식별자),SERVICE 테이블,N
KODASP,SERVICE,SVC_NAME,VARCHAR,SVC_NAME 항목,SERVICE 테이블,N
KODASP,SERVICE,SVC_TYPE,VARCHAR,SVC_TYPE 항목,SERVICE 테이블,N
KODASP,SERVICE,RECHARGEABLE_YN,CHAR,RECHARGEABLE_YN (여부),SERVICE 테이블,N
KODASP,SERVICE,BRAND_TYPE,VARCHAR,BRAND_TYPE 항목,SERVICE 테이블,N
KODASP,SERVICE,PMNT_NW_NAME,VARCHAR,PMNT_NW_NAME 항목,SERVICE 테이블,N
KODASP,SERVICE,USE_CNT,BIGINT,USE_CNT (건수),SERVICE 테이블,N
KODASP,SERVICE,FACE_AMT,BIGINT,FACE_AMT (금액),SERVICE 테이블,N
KODASP,SERVICE,ISSUE_LIMIT_CNT,BIGINT,ISSUE_LIMIT_CNT (건수),SERVICE 테이블,N
KODASP,SERVICE,RESALE_YN,CHAR,RESALE_YN (여부),SERVICE 테이블,N
KODASP,SERVICE,PREPURCHASE_AMT,BIGINT,PREPURCHASE_AMT (금액),SERVICE 테이블,N
KODASP,SERVICE,IMAGE_URL,VARCHAR,IMAGE_URL 항목,SERVICE 테이블,N
KODASP,SERVICE,CURRENCY,VARCHAR,CURRENCY 항목,SERVICE 테이블,N
KODASP,SERVICE,CARD_TYPE,VARCHAR,CARD_TYPE 항목,SERVICE 테이블,N
KODASP,SERVICE,REFUNDABLE_YN,CHAR,REFUNDABLE_YN (여부),SERVICE 테이블,N
KODASP,SERVICE,COPYABLE_YN,CHAR,COPYABLE_YN (여부),SERVICE 테이블,N
KODASP,SERVICE,EXTENDABLE_YN,CHAR,EXTENDABLE_YN (여부),SERVICE 테이블,N
KODASP,SERVICE,EFTV_PERIOD_TYPE,VARCHAR,EFTV_PERIOD_TYPE 항목,SERVICE 테이블,N
KODASP,SERVICE,EFTV_DURATION,VARCHAR,EFTV_DURATION 항목,SERVICE 테이블,N
KODASP,SERVICE,STATUS,VARCHAR,STATUS 항목,SERVICE 테이블,N
KODASP,SERVICE,PRODUCT_TYPE_CD,VARCHAR,PRODUCT_TYPE_CD (코드),SERVICE 테이블,N
KODASP,SERVICE,THUMBNAIL_URL,VARCHAR,THUMBNAIL_URL 항목,SERVICE 테이블,N
KODASP,SERVICE,TAGS,VARCHAR,TAGS 항목,SERVICE 테이블,N
KODASP,SERVICE,SIBLING_PRODUCT_ID,VARCHAR,SIBLING_PRODUCT_ID (식별자),SERVICE 테이블,N
KODASP,SERVICE,SHORT_DESC,VARCHAR,SHORT_DESC 항목,SERVICE 테이블,N
KODASP,SERVICE,USER_ISSUE_LIMIT_CNT,BIGINT,USER_ISSUE_LIMIT_CNT (건수),SERVICE 테이블,N
KODASP,SERVICE,MERCHANT_TYPE,VARCHAR,MERCHANT_TYPE 항목,SERVICE 테이블,N
KODASP,SERVICE,RECHARGER_TYPE,VARCHAR,RECHARGER_TYPE 항목,SERVICE 테이블,N
KODASP,SERVICE,PARTNER_NAME,VARCHAR,PARTNER_NAME 항목,SERVICE 테이블,N
KODASP,SERVICE,EXTERNAL_BIN,VARCHAR,EXTERNAL_BIN 항목,SERVICE 테이블,N
KODASP,SERVICE,PARTNERSHIP_TYPE,VARCHAR,PARTNERSHIP_TYPE 항목,SERVICE 테이블,N
KODASP,SERVICE,SALES_TYPE,VARCHAR,SALES_TYPE 항목,SERVICE 테이블,N
KODASP,SERVICE,CARD_DCNT_LIMIT,VARCHAR,CARD_DCNT_LIMIT 항목,SERVICE 테이블,N
KODASP,SERVICE,CARD_DCNT_LIMIT_TYPE,VARCHAR,CARD_DCNT_LIMIT_TYPE 항목,SERVICE 테이블,N
KODASP,SERVICE,CONDITION_GRACE_PERIOD,VARCHAR,CONDITION_GRACE_PERIOD 항목,SERVICE 테이블,N
KODASP,SERVICE,PREV_CONDITION_AMT,BIGINT,PREV_CONDITION_AMT (금액),SERVICE 테이블,N
KODASP,SERVICE,PREV_CONDITION_RECHARGE_AMT,BIGINT,PREV_CONDITION_RECHARGE_AMT (금액),SERVICE 테이블,N
KODASP,SERVICE,ISP_IMAGE_URL,VARCHAR,ISP_IMAGE_URL 항목,SERVICE 테이블,N
KODASP,SERVICE,TRANSFER_TO_OPTION,VARCHAR,TRANSFER_TO_OPTION 항목,SERVICE 테이블,N
KODASP,SERVICE,TRANSFER_TO_BASIC,VARCHAR,TRANSFER_TO_BASIC 항목,SERVICE 테이블,N
KODASP,SERVICE,COUPON_TYPE,VARCHAR,COUPON_TYPE 항목,SERVICE 테이블,N
KODASP,SERVICE,SHOW_IN_SHOP,VARCHAR,SHOW_IN_SHOP 항목,SERVICE 테이블,N
KODASP,SERVICE,ONLINE_SUPPORT,VARCHAR,ONLINE_SUPPORT 항목,SERVICE 테이블,N
KODASP,SERVICE,SERVICE_GROUP_NAME,VARCHAR,SERVICE_GROUP_NAME 항목,SERVICE 테이블,N
KODASP,SERVICE,REMITTABLE_YN,CHAR,REMITTABLE_YN (여부),SERVICE 테이블,N
KODASP,SERVICE,SALE_DISCOUNT_RATE,VARCHAR,SALE_DISCOUNT_RATE 항목,SERVICE 테이블,N
KODASP,SERVICE,COMMODITY_COST,VARCHAR,COMMODITY_COST (상태),SERVICE 테이블,N
KODASP,SERVICE,AFFILIATE_TYPE,VARCHAR,AFFILIATE_TYPE 항목,SERVICE 테이블,N
KODASP,SERVICE,MULTI_AFFILIATE_YN,CHAR,MULTI_AFFILIATE_YN (여부),SERVICE 테이블,N
KODASP,SERVICE,CARD_POINT_POLICY_ID,VARCHAR,CARD_POINT_POLICY_ID (식별자),SERVICE 테이블,N
KODASP,SERVICE,USE_CARD_POINT_YN,CHAR,USE_CARD_POINT_YN (여부),SERVICE 테이블,N
KODASP,SERVICE,REALTIME_ACCUMULATE_YN,CHAR,REALTIME_ACCUMULATE_YN (여부),SERVICE 테이블,N
KODASP,SERVICE,OPERATION_TYPE,VARCHAR,OPERATION_TYPE 항목,SERVICE 테이블,N
KODASP,SERVICE,PERSONAL_RECHARGEABLE_YN,CHAR,PERSONAL_RECHARGEABLE_YN (여부),SERVICE 테이블,N
KODASP,SERVICE,REISSUANCE_YN,CHAR,REISSUANCE_YN (여부),SERVICE 테이블,N
KODASP,SERVICE,TOKEN_BIN_NO,BIGINT,TOKEN_BIN_NO (번호),SERVICE 테이블,N
KODASP,SERVICE,AUTO_REALNAME_YN,CHAR,AUTO_REALNAME_YN (여부),SERVICE 테이블,N
KODASP,SERVICE,AUTO_COMPOSITE_PAYMENT_YN,CHAR,AUTO_COMPOSITE_PAYMENT_YN (여부),SERVICE 테이블,N
KODASP,SERVICE,AUTO_INCOMEDEDUCTION_YN,CHAR,AUTO_INCOMEDEDUCTION_YN (여부),SERVICE 테이블,N
KODASP,SERVICE,ORG_TR_AMT_YN,CHAR,ORG_TR_AMT_YN (여부),SERVICE 테이블,N
KODASP,SERVICE,TC_YN,CHAR,TC_YN (여부),SERVICE 테이블,N
KODASP,SERVICE,COUPON_TOKEN_TYPE,VARCHAR,COUPON_TOKEN_TYPE 항목,SERVICE 테이블,N
KODASP,SERVICE,COUPON_CODE,VARCHAR,COUPON_CODE 항목,SERVICE 테이블,N
KODASP,SERVICE,CHARGE_CARD_COST,VARCHAR,CHARGE_CARD_COST (상태),SERVICE 테이블,N
KODASP,SERVICE,MIN_RECHARGE_AMT,BIGINT,MIN_RECHARGE_AMT (금액),SERVICE 테이블,N
KODASP,SERVICE,RECHARGE_UNIT_AMT,BIGINT,RECHARGE_UNIT_AMT (금액),SERVICE 테이블,N
KODASP,SERVICE,CHARGE_CARD_COST_AMT,BIGINT,CHARGE_CARD_COST_AMT (금액),SERVICE 테이블,N
KODASP,SERVICE,FACE_AMT_TYPE,VARCHAR,FACE_AMT_TYPE 항목,SERVICE 테이블,N
KODASP,SERVICE,REISSUE_GROUP_ID,VARCHAR,REISSUE_GROUP_ID (식별자),SERVICE 테이블,N
KODASP,SERVICE,OWNER_KA,VARCHAR,OWNER_KA 항목,SERVICE 테이블,N
KODASP,SERVICE,MULTI_DCNT_COUPON,VARCHAR,MULTI_DCNT_COUPON 항목,SERVICE 테이블,N
KODASP,SERVICE,COUPON_CANCEL_RULE,VARCHAR,COUPON_CANCEL_RULE 항목,SERVICE 테이블,N
KODASP,SERVICE,COUPON_GIFT_YN,CHAR,COUPON_GIFT_YN (여부),SERVICE 테이블,N
KODASP,SERVICE,COUPON_REMIND_PERIOD,VARCHAR,COUPON_REMIND_PERIOD 항목,SERVICE 테이블,N
KODASP,SERVICE,TRANSACTION_TYPE,VARCHAR,TRANSACTION_TYPE 항목,SERVICE 테이블,N
KODASP,SERVICE,USE_MOBILITY,VARCHAR,USE_MOBILITY 항목,SERVICE 테이블,N
KODASP,SERVICE,CUSTOM_COUPON_YN,CHAR,CUSTOM_COUPON_YN (여부),SERVICE 테이블,N
KODASP,SERVICE,KEYIN_YN,CHAR,KEYIN_YN (여부),SERVICE 테이블,N
KODASP,SERVICE,PAYCO_YN,CHAR,PAYCO_YN (여부),SERVICE 테이블,N
KODASP,SERVICE,MOBILE_PRE_ISSUE_YN,CHAR,MOBILE_PRE_ISSUE_YN (여부),SERVICE 테이블,N
KODASP,SERVICE,USE_BAR_CODE,VARCHAR,USE_BAR_CODE 항목,SERVICE 테이블,N
KODASP,SERVICE,ATTRIBUTES,VARCHAR,ATTRIBUTES 항목,SERVICE 테이블,N
KODASP,SERVICE,E_PAY,VARCHAR,E_PAY 항목,SERVICE 테이블,N
KODASP,SERVICE,REISSUE_COST,VARCHAR,REISSUE_COST (상태),SERVICE 테이블,N
KODASP,SERVICE,EXTERNAL_APPROVE_TYPE,VARCHAR,EXTERNAL_APPROVE_TYPE 항목,SERVICE 테이블,N
KODASP,SERVICE,RANDOM_NO_COUPON,VARCHAR,RANDOM_NO_COUPON 항목,SERVICE 테이블,N
KODASP,SERVICE,EXPIRY_REISSUE_COST,VARCHAR,EXPIRY_REISSUE_COST (상태),SERVICE 테이블,N
KODASP,SERVICE,OVRS_STLM_PSBL_YN,CHAR,OVRS_STLM_PSBL_YN (여부),SERVICE 테이블,N
KODASP,SERVICE,OVRS_STLM_BRDC_NM,VARCHAR,OVRS_STLM_BRDC_NM (명),SERVICE 테이블,N
KODASP,SERVICE,CARD_EXTEND_PERIOD,VARCHAR,CARD_EXTEND_PERIOD 항목,SERVICE 테이블,N
KODASP,SERVICE,BANK_ACN_RMT_PSBL_YN,CHAR,BANK_ACN_RMT_PSBL_YN (여부),SERVICE 테이블,N
KODASP,SERVICE,CNVG_CRD_EXCU_CD,VARCHAR,CNVG_CRD_EXCU_CD (코드),SERVICE 테이블,N
KODASP,SERVICE,MBR_HLD_LMT_INCL_YN,CHAR,MBR_HLD_LMT_INCL_YN (여부),SERVICE 테이블,N
KODASP,SERVICE,BNF_ARSL_CND_CD,VARCHAR,BNF_ARSL_CND_CD (코드),SERVICE 테이블,N
KODASP,SERVICE_CATEGORY,SVC_CATEGORY_CD,VARCHAR,SVC_CATEGORY_CD (코드),SERVICE_CATEGORY 테이블,N
KODASP,SERVICE_CATEGORY,ASP_ID,VARCHAR,ASP_ID (식별자),SERVICE_CATEGORY 테이블,N
KODASP,SERVICE_CATEGORY,CATEGORY_NAME,VARCHAR,CATEGORY_NAME 항목,SERVICE_CATEGORY 테이블,N
KODASP,SERVICE_CATEGORY,CATEGORY_TYPE,VARCHAR,CATEGORY_TYPE 항목,SERVICE_CATEGORY 테이블,N
KODASP,SERVICE_DETAIL,SVC_ID,VARCHAR,SVC_ID (식별자),SERVICE_DETAIL 테이블,N
KODASP,SERVICE_DETAIL,SEQ,VARCHAR,SEQ 항목,SERVICE_DETAIL 테이블,N
KODASP,SERVICE_DETAIL,TITLE,VARCHAR,TITLE 항목,SERVICE_DETAIL 테이블,N
KODASP,SERVICE_DETAIL,CONTENT,VARCHAR,CONTENT 항목,SERVICE_DETAIL 테이블,N
KODASP,SERVICE_DETAIL,TYPE,VARCHAR,TYPE 항목,SERVICE_DETAIL 테이블,N
KODASP,SERVICE_DISCOUNT,DCNT_TYPE,VARCHAR,DCNT_TYPE 항목,SERVICE_DISCOUNT 테이블,N
KODASP,SERVICE_DISCOUNT,DCNT_UNDER_UNIT_PRCS,VARCHAR,DCNT_UNDER_UNIT_PRCS 항목,SERVICE_DISCOUNT 테이블,N
KODASP,SERVICE_DISCOUNT,DCNT_MIN_UNIT,VARCHAR,DCNT_MIN_UNIT 항목,SERVICE_DISCOUNT 테이블,N
KODASP,SERVICE_DISCOUNT,RATE_TYPE,VARCHAR,RATE_TYPE 항목,SERVICE_DISCOUNT 테이블,N
KODASP,SERVICE_DISCOUNT,RATE_VAL,VARCHAR,RATE_VAL 항목,SERVICE_DISCOUNT 테이블,N
KODASP,SERVICE_DISCOUNT,TIMESLOT_ID,VARCHAR,TIMESLOT_ID (식별자),SERVICE_DISCOUNT 테이블,N
KODASP,SERVICE_DISCOUNT,SVC_ID,VARCHAR,SVC_ID (식별자),SERVICE_DISCOUNT 테이블,N
KODASP,SERVICE_DISCOUNT,DCNT_SEQ,VARCHAR,DCNT_SEQ 항목,SERVICE_DISCOUNT 테이블,N
KODASP,SERVICE_DISCOUNT,GRP_ID,VARCHAR,GRP_ID (식별자),SERVICE_DISCOUNT 테이블,N
KODASP,SERVICE_DISCOUNT,PRIORITY,VARCHAR,PRIORITY 항목,SERVICE_DISCOUNT 테이블,N
KODASP,SERVICE_DISCOUNT,DCNT_LIMIT,VARCHAR,DCNT_LIMIT 항목,SERVICE_DISCOUNT 테이블,N
KODASP,SERVICE_DISCOUNT,DCNT_LIMIT_TYPE,VARCHAR,DCNT_LIMIT_TYPE 항목,SERVICE_DISCOUNT 테이블,N
KODASP,SERVICE_DISCOUNT,MIN_CONDITION_AMT,BIGINT,MIN_CONDITION_AMT (금액),SERVICE_DISCOUNT 테이블,N
KODASP,SERVICE_DISCOUNT,PREV_CONDITION_AMT,BIGINT,PREV_CONDITION_AMT (금액),SERVICE_DISCOUNT 테이블,N
KODASP,SERVICE_DISCOUNT,PREPURCHASE_AMT,BIGINT,PREPURCHASE_AMT (금액),SERVICE_DISCOUNT 테이블,N
KODASP,SERVICE_DISCOUNT,PREPURCHASE_INFO_ID,VARCHAR,PREPURCHASE_INFO_ID (식별자),SERVICE_DISCOUNT 테이블,N
KODASP,SERVICE_DISCOUNT,CONDITION_GRACE_PERIOD,VARCHAR,CONDITION_GRACE_PERIOD 항목,SERVICE_DISCOUNT 테이블,N
KODASP,SERVICE_DISCOUNT,DCNT_ID,VARCHAR,DCNT_ID (식별자),SERVICE_DISCOUNT 테이블,N
KODASP,SERVICE_DISCOUNT,NAME,VARCHAR,NAME 항목,SERVICE_DISCOUNT 테이블,N
KODASP,SERVICE_DISCOUNT,EXCEPT_GRP_ID,VARCHAR,EXCEPT_GRP_ID (식별자),SERVICE_DISCOUNT 테이블,N
KODASP,SERVICE_DISCOUNT,POINT_VALIDITY_PERIOD,VARCHAR,POINT_VALIDITY_PERIOD 항목,SERVICE_DISCOUNT 테이블,N
KODASP,SERVICE_DISCOUNT,PREV_CONDITION_RECHARGE_AMT,BIGINT,PREV_CONDITION_RECHARGE_AMT (금액),SERVICE_DISCOUNT 테이블,N
KODASP,SERVICE_DISCOUNT,SUB_TYPE,VARCHAR,SUB_TYPE 항목,SERVICE_DISCOUNT 테이블,N
KODASP,SERVICE_DISCOUNT,INCLUDE_PREV_CONDITION,VARCHAR,INCLUDE_PREV_CONDITION 항목,SERVICE_DISCOUNT 테이블,N
KODASP,SERVICE_DISCOUNT,ONETIME_DCNT_LIMIT,VARCHAR,ONETIME_DCNT_LIMIT 항목,SERVICE_DISCOUNT 테이블,N
KODASP,SERVICE_DISCOUNT,DISCOUNT_PLACE,VARCHAR,DISCOUNT_PLACE 항목,SERVICE_DISCOUNT 테이블,N
KODASP,SERVICE_DISCOUNT,BIZTYPE_GRP_ID,VARCHAR,BIZTYPE_GRP_ID (식별자),SERVICE_DISCOUNT 테이블,N
KODASP,SERVICE_DISCOUNT,APPLY_CARD_DCNT_LIMIT,VARCHAR,APPLY_CARD_DCNT_LIMIT 항목,SERVICE_DISCOUNT 테이블,N
KODASP,SERVICE_DISCOUNT,PERIOD_TYPE,VARCHAR,PERIOD_TYPE 항목,SERVICE_DISCOUNT 테이블,N
KODASP,SERVICE_DISCOUNT,POINT_POLICY_ID,VARCHAR,POINT_POLICY_ID (식별자),SERVICE_DISCOUNT 테이블,N
KODASP,SERVICE_DISCOUNT,POINT_BUDGET,VARCHAR,POINT_BUDGET 항목,SERVICE_DISCOUNT 테이블,N
KODASP,SERVICE_DISCOUNT,POINT_TYPE,VARCHAR,POINT_TYPE 항목,SERVICE_DISCOUNT 테이블,N
KODASP,SERVICE_DISCOUNT,PROVIDER_GRP_ID,VARCHAR,PROVIDER_GRP_ID (식별자),SERVICE_DISCOUNT 테이블,N
KODASP,SERVICE_DISCOUNT,ACQUIRER_ID,VARCHAR,ACQUIRER_ID (식별자),SERVICE_DISCOUNT 테이블,N
KODASP,SERVICE_DISCOUNT,SETL_TYPE,VARCHAR,SETL_TYPE 항목,SERVICE_DISCOUNT 테이블,N
KODASP,SERVICE_GROUP,SVC_GRP_ID,VARCHAR,SVC_GRP_ID (식별자),SERVICE_GROUP 테이블,N
KODASP,SERVICE_GROUP,ASP_ID,VARCHAR,ASP_ID (식별자),SERVICE_GROUP 테이블,N
KODASP,SERVICE_GROUP,GRP_NAME,VARCHAR,GRP_NAME 항목,SERVICE_GROUP 테이블,N
KODASP,SERVICE_GROUP,GRP_TYPE,VARCHAR,GRP_TYPE 항목,SERVICE_GROUP 테이블,N
KODASP,SERVICE_PROVIDER,ROLE_TYPE,VARCHAR,ROLE_TYPE 항목,SERVICE_PROVIDER 테이블,N
KODASP,SERVICE_PROVIDER,PLAYER_ID,VARCHAR,PLAYER_ID (식별자),SERVICE_PROVIDER 테이블,N
KODASP,SERVICE_PROVIDER,SVC_ID,VARCHAR,SVC_ID (식별자),SERVICE_PROVIDER 테이블,N
KODASP,SERVICE_PROVIDER,SEQ,VARCHAR,SEQ 항목,SERVICE_PROVIDER 테이블,N
KODASP,SHINHAN_MERCHANT,SEQ,VARCHAR,SEQ 항목,SHINHAN_MERCHANT 테이블,N
KODASP,SHINHAN_MERCHANT,MCT_MNG_NO,BIGINT,MCT_MNG_NO (번호),SHINHAN_MERCHANT 테이블,N
KODASP,SHINHAN_MERCHANT,REVISION_SEQ,VARCHAR,REVISION_SEQ 항목,SHINHAN_MERCHANT 테이블,N
KODASP,SHINHAN_MERCHANT,DATA_TYPE,VARCHAR,DATA_TYPE 항목,SHINHAN_MERCHANT 테이블,N
KODASP,SHINHAN_MERCHANT,SIMPLE_NM,VARCHAR,SIMPLE_NM (명),SHINHAN_MERCHANT 테이블,N
KODASP,SHINHAN_MERCHANT,BIZ_LICENSE_NO,BIGINT,BIZ_LICENSE_NO (번호),SHINHAN_MERCHANT 테이블,N
KODASP,SHINHAN_MERCHANT,TEL_NO,BIGINT,TEL_NO (번호),SHINHAN_MERCHANT 테이블,N
KODASP,SHINHAN_MERCHANT,ZIP_CD,VARCHAR,ZIP_CD (코드),SHINHAN_MERCHANT 테이블,N
KODASP,SHINHAN_MERCHANT,ADDR1,VARCHAR,ADDR1 항목,SHINHAN_MERCHANT 테이블,N
KODASP,SHINHAN_MERCHANT,ADDR2,VARCHAR,ADDR2 항목,SHINHAN_MERCHANT 테이블,N
KODASP,SHINHAN_MERCHANT,MCT_REG_DATE,TIMESTAMP,MCT_REG_DATE 항목,SHINHAN_MERCHANT 테이블,N
KODASP,SHINHAN_MERCHANT,TEMNT_DATE,TIMESTAMP,TEMNT_DATE 항목,SHINHAN_MERCHANT 테이블,N
KODASP,SHINHAN_MERCHANT,SUSPENDED_YN,CHAR,SUSPENDED_YN (여부),SHINHAN_MERCHANT 테이블,N
KODASP,SHINHAN_MERCHANT,BIZ_TYPE,VARCHAR,BIZ_TYPE 항목,SHINHAN_MERCHANT 테이블,N
KODASP,SHINHAN_MERCHANT,BIZ_NAME,VARCHAR,BIZ_NAME 항목,SHINHAN_MERCHANT 테이블,N
KODASP,SHINHAN_MERCHANT,ADDR_NEW_OLD_TYPE,VARCHAR,ADDR_NEW_OLD_TYPE 항목,SHINHAN_MERCHANT 테이블,N
KODASP,SHINHAN_MERCHANT,SALES_CD,VARCHAR,SALES_CD (코드),SHINHAN_MERCHANT 테이블,N
KODASP,SHINHAN_MERCHANT,MERCHANT_FEE_RATE,VARCHAR,MERCHANT_FEE_RATE 항목,SHINHAN_MERCHANT 테이블,N
KODASP,SHINHAN_MERCHANT,SI_DO_NM,VARCHAR,SI_DO_NM (명),SHINHAN_MERCHANT 테이블,N
KODASP,SHINHAN_MERCHANT,SI_GUN_GU_NM,VARCHAR,SI_GUN_GU_NM (명),SHINHAN_MERCHANT 테이블,N
KODASP,SHINHAN_MERCHANT,ADMIN_DONG_NAME,VARCHAR,ADMIN_DONG_NAME 항목,SHINHAN_MERCHANT 테이블,N
KODASP,SHINHAN_MERCHANT,ADMIN_DONG_CODE,VARCHAR,ADMIN_DONG_CODE 항목,SHINHAN_MERCHANT 테이블,N
KODASP,SHINHAN_MERCHANT,LEGAL_DONG_NAME,VARCHAR,LEGAL_DONG_NAME 항목,SHINHAN_MERCHANT 테이블,N
KODASP,SHINHAN_MERCHANT,LEGAL_DONG_CODE,VARCHAR,LEGAL_DONG_CODE 항목,SHINHAN_MERCHANT 테이블,N
KODASP,SHINHAN_MERCHANT,ROAD_NM,VARCHAR,ROAD_NM (명),SHINHAN_MERCHANT 테이블,N
KODASP,SHINHAN_MERCHANT,ROAD_NM_CD,VARCHAR,ROAD_NM_CD (코드),SHINHAN_MERCHANT 테이블,N
KODASP,SHINHAN_MERCHANT,BUILDING_NO,BIGINT,BUILDING_NO (번호),SHINHAN_MERCHANT 테이블,N
KODASP,SHINHAN_MERCHANT,SUB_BUILDING_NO,BIGINT,SUB_BUILDING_NO (번호),SHINHAN_MERCHANT 테이블,N
KODASP,SHINHAN_MERCHANT,LATITUDE,VARCHAR,LATITUDE 항목,SHINHAN_MERCHANT 테이블,N
KODASP,SHINHAN_MERCHANT,LONGITUDE,VARCHAR,LONGITUDE 항목,SHINHAN_MERCHANT 테이블,N
KODASP,SHINHAN_MERCHANT,REPR_NM,VARCHAR,REPR_NM (명),SHINHAN_MERCHANT 테이블,N
KODASP,SHINHAN_MERCHANT_HISTORY,SEQ,VARCHAR,SEQ 항목,SHINHAN_MERCHANT_HISTORY 테이블,N
KODASP,SHINHAN_MERCHANT_HISTORY,TYPE,VARCHAR,TYPE 항목,SHINHAN_MERCHANT_HISTORY 테이블,N
KODASP,SHINHAN_MERCHANT_HISTORY,REVISION_SEQ,VARCHAR,REVISION_SEQ 항목,SHINHAN_MERCHANT_HISTORY 테이블,N
KODASP,SHINHAN_MERCHANT_HISTORY,DATA_TYPE,VARCHAR,DATA_TYPE 항목,SHINHAN_MERCHANT_HISTORY 테이블,N
KODASP,SHINHAN_MERCHANT_HISTORY,MCT_MNG_NO,BIGINT,MCT_MNG_NO (번호),SHINHAN_MERCHANT_HISTORY 테이블,N
KODASP,SHINHAN_MERCHANT_HISTORY,SIMPLE_NM,VARCHAR,SIMPLE_NM (명),SHINHAN_MERCHANT_HISTORY 테이블,N
KODASP,SHINHAN_MERCHANT_HISTORY,BIZ_LICENSE_NO,BIGINT,BIZ_LICENSE_NO (번호),SHINHAN_MERCHANT_HISTORY 테이블,N
KODASP,SHINHAN_MERCHANT_HISTORY,REPR_NM,VARCHAR,REPR_NM (명),SHINHAN_MERCHANT_HISTORY 테이블,N
KODASP,SHINHAN_MERCHANT_HISTORY,TEL_NO,BIGINT,TEL_NO (번호),SHINHAN_MERCHANT_HISTORY 테이블,N
KODASP,SHINHAN_MERCHANT_HISTORY,ZIP_CD,VARCHAR,ZIP_CD (코드),SHINHAN_MERCHANT_HISTORY 테이블,N
KODASP,SHINHAN_MERCHANT_HISTORY,ADDR1,VARCHAR,ADDR1 항목,SHINHAN_MERCHANT_HISTORY 테이블,N
KODASP,SHINHAN_MERCHANT_HISTORY,ADDR2,VARCHAR,ADDR2 항목,SHINHAN_MERCHANT_HISTORY 테이블,N
KODASP,SHINHAN_MERCHANT_HISTORY,MCT_REG_DATE,TIMESTAMP,MCT_REG_DATE 항목,SHINHAN_MERCHANT_HISTORY 테이블,N
KODASP,SHINHAN_MERCHANT_HISTORY,TEMNT_DATE,TIMESTAMP,TEMNT_DATE 항목,SHINHAN_MERCHANT_HISTORY 테이블,N
KODASP,SHINHAN_MERCHANT_HISTORY,SUSPENDED_YN,CHAR,SUSPENDED_YN (여부),SHINHAN_MERCHANT_HISTORY 테이블,N
KODASP,SHINHAN_MERCHANT_HISTORY,BIZ_TYPE,VARCHAR,BIZ_TYPE 항목,SHINHAN_MERCHANT_HISTORY 테이블,N
KODASP,SHINHAN_MERCHANT_HISTORY,BIZ_NAME,VARCHAR,BIZ_NAME 항목,SHINHAN_MERCHANT_HISTORY 테이블,N
KODASP,SHINHAN_MERCHANT_HISTORY,ADDR_NEW_OLD_TYPE,VARCHAR,ADDR_NEW_OLD_TYPE 항목,SHINHAN_MERCHANT_HISTORY 테이블,N
KODASP,SHINHAN_MERCHANT_HISTORY,SALES_CD,VARCHAR,SALES_CD (코드),SHINHAN_MERCHANT_HISTORY 테이블,N
KODASP,SHINHAN_MERCHANT_HISTORY,MERCHANT_FEE_RATE,VARCHAR,MERCHANT_FEE_RATE 항목,SHINHAN_MERCHANT_HISTORY 테이블,N
KODASP,SHINHAN_MERCHANT_HISTORY,SI_DO_NM,VARCHAR,SI_DO_NM (명),SHINHAN_MERCHANT_HISTORY 테이블,N
KODASP,SHINHAN_MERCHANT_HISTORY,SI_GUN_GU_NM,VARCHAR,SI_GUN_GU_NM (명),SHINHAN_MERCHANT_HISTORY 테이블,N
KODASP,SHINHAN_MERCHANT_HISTORY,ADMIN_DONG_NAME,VARCHAR,ADMIN_DONG_NAME 항목,SHINHAN_MERCHANT_HISTORY 테이블,N
KODASP,SHINHAN_MERCHANT_HISTORY,ADMIN_DONG_CODE,VARCHAR,ADMIN_DONG_CODE 항목,SHINHAN_MERCHANT_HISTORY 테이블,N
KODASP,SHINHAN_MERCHANT_HISTORY,LEGAL_DONG_NAME,VARCHAR,LEGAL_DONG_NAME 항목,SHINHAN_MERCHANT_HISTORY 테이블,N
KODASP,SHINHAN_MERCHANT_HISTORY,LEGAL_DONG_CODE,VARCHAR,LEGAL_DONG_CODE 항목,SHINHAN_MERCHANT_HISTORY 테이블,N
KODASP,SHINHAN_MERCHANT_HISTORY,ROAD_NM,VARCHAR,ROAD_NM (명),SHINHAN_MERCHANT_HISTORY 테이블,N
KODASP,SHINHAN_MERCHANT_HISTORY,ROAD_NM_CD,VARCHAR,ROAD_NM_CD (코드),SHINHAN_MERCHANT_HISTORY 테이블,N
KODASP,SHINHAN_MERCHANT_HISTORY,BUILDING_NO,BIGINT,BUILDING_NO (번호),SHINHAN_MERCHANT_HISTORY 테이블,N
KODASP,SHINHAN_MERCHANT_HISTORY,SUB_BUILDING_NO,BIGINT,SUB_BUILDING_NO (번호),SHINHAN_MERCHANT_HISTORY 테이블,N
KODASP,SHINHAN_MERCHANT_HISTORY,LATITUDE,VARCHAR,LATITUDE 항목,SHINHAN_MERCHANT_HISTORY 테이블,N
KODASP,SHINHAN_MERCHANT_HISTORY,LONGITUDE,VARCHAR,LONGITUDE 항목,SHINHAN_MERCHANT_HISTORY 테이블,N
KODASP,SSUMPASS_MERCHANT,MCT_MNG_NO,BIGINT,MCT_MNG_NO (번호),SSUMPASS_MERCHANT 테이블,N
KODASP,SSUMPASS_MERCHANT,REVISION_SEQ,VARCHAR,REVISION_SEQ 항목,SSUMPASS_MERCHANT 테이블,N
KODASP,SSUMPASS_MERCHANT,DATA_TYPE,VARCHAR,DATA_TYPE 항목,SSUMPASS_MERCHANT 테이블,N
KODASP,SSUMPASS_MERCHANT,SIMPLE_NM,VARCHAR,SIMPLE_NM (명),SSUMPASS_MERCHANT 테이블,N
KODASP,SSUMPASS_MERCHANT,BIZ_LICENSE_NO,BIGINT,BIZ_LICENSE_NO (번호),SSUMPASS_MERCHANT 테이블,N
KODASP,SSUMPASS_MERCHANT,TEL_NO,BIGINT,TEL_NO (번호),SSUMPASS_MERCHANT 테이블,N
KODASP,SSUMPASS_MERCHANT,ZIP_CD,VARCHAR,ZIP_CD (코드),SSUMPASS_MERCHANT 테이블,N
KODASP,SSUMPASS_MERCHANT,ADDR1,VARCHAR,ADDR1 항목,SSUMPASS_MERCHANT 테이블,N
KODASP,SSUMPASS_MERCHANT,ADDR2,VARCHAR,ADDR2 항목,SSUMPASS_MERCHANT 테이블,N
KODASP,SSUMPASS_MERCHANT,MCT_REG_DATE,TIMESTAMP,MCT_REG_DATE 항목,SSUMPASS_MERCHANT 테이블,N
KODASP,SSUMPASS_MERCHANT,TEMNT_DATE,TIMESTAMP,TEMNT_DATE 항목,SSUMPASS_MERCHANT 테이블,N
KODASP,SSUMPASS_MERCHANT,SUSPENDED_YN,CHAR,SUSPENDED_YN (여부),SSUMPASS_MERCHANT 테이블,N
KODASP,SSUMPASS_MERCHANT,BIZ_TYPE,VARCHAR,BIZ_TYPE 항목,SSUMPASS_MERCHANT 테이블,N
KODASP,SSUMPASS_MERCHANT,BIZ_NAME,VARCHAR,BIZ_NAME 항목,SSUMPASS_MERCHANT 테이블,N
KODASP,SSUMPASS_MERCHANT,ADDR_NEW_OLD_TYPE,VARCHAR,ADDR_NEW_OLD_TYPE 항목,SSUMPASS_MERCHANT 테이블,N
KODASP,SSUMPASS_MERCHANT,SALES_CD,VARCHAR,SALES_CD (코드),SSUMPASS_MERCHANT 테이블,N
KODASP,SSUMPASS_MERCHANT,MERCHANT_FEE_RATE,VARCHAR,MERCHANT_FEE_RATE 항목,SSUMPASS_MERCHANT 테이블,N
KODASP,SSUMPASS_MERCHANT,SI_DO_NM,VARCHAR,SI_DO_NM (명),SSUMPASS_MERCHANT 테이블,N
KODASP,SSUMPASS_MERCHANT,SI_GUN_GU_NM,VARCHAR,SI_GUN_GU_NM (명),SSUMPASS_MERCHANT 테이블,N
KODASP,SSUMPASS_MERCHANT,ADMIN_DONG_NAME,VARCHAR,ADMIN_DONG_NAME 항목,SSUMPASS_MERCHANT 테이블,N
KODASP,SSUMPASS_MERCHANT,ADMIN_DONG_CODE,VARCHAR,ADMIN_DONG_CODE 항목,SSUMPASS_MERCHANT 테이블,N
KODASP,SSUMPASS_MERCHANT,LEGAL_DONG_NAME,VARCHAR,LEGAL_DONG_NAME 항목,SSUMPASS_MERCHANT 테이블,N
KODASP,SSUMPASS_MERCHANT,LEGAL_DONG_CODE,VARCHAR,LEGAL_DONG_CODE 항목,SSUMPASS_MERCHANT 테이블,N
KODASP,SSUMPASS_MERCHANT,ROAD_NM,VARCHAR,ROAD_NM (명),SSUMPASS_MERCHANT 테이블,N
KODASP,SSUMPASS_MERCHANT,ROAD_NM_CD,VARCHAR,ROAD_NM_CD (코드),SSUMPASS_MERCHANT 테이블,N
KODASP,SSUMPASS_MERCHANT,BUILDING_NO,BIGINT,BUILDING_NO (번호),SSUMPASS_MERCHANT 테이블,N
KODASP,SSUMPASS_MERCHANT,SUB_BUILDING_NO,BIGINT,SUB_BUILDING_NO (번호),SSUMPASS_MERCHANT 테이블,N
KODASP,SSUMPASS_MERCHANT,LATITUDE,VARCHAR,LATITUDE 항목,SSUMPASS_MERCHANT 테이블,N
KODASP,SSUMPASS_MERCHANT,LONGITUDE,VARCHAR,LONGITUDE 항목,SSUMPASS_MERCHANT 테이블,N
KODASP,SSUMPASS_MERCHANT,INDUSTRY_CD,VARCHAR,INDUSTRY_CD (코드),SSUMPASS_MERCHANT 테이블,N
KODASP,SSUMPASS_MERCHANT,SSUMPASS_BIZ_TYPE,VARCHAR,SSUMPASS_BIZ_TYPE 항목,SSUMPASS_MERCHANT 테이블,N
KODASP,SSUMPASS_MERCHANT,repr_nm,VARCHAR,repr_nm (명),SSUMPASS_MERCHANT 테이블,N
KODASP,SSUMPASS_MERCHANT_HISTORY,SEQ,VARCHAR,SEQ 항목,SSUMPASS_MERCHANT_HISTORY 테이블,N
KODASP,SSUMPASS_MERCHANT_HISTORY,TYPE,VARCHAR,TYPE 항목,SSUMPASS_MERCHANT_HISTORY 테이블,N
KODASP,SSUMPASS_MERCHANT_HISTORY,REVISION_SEQ,VARCHAR,REVISION_SEQ 항목,SSUMPASS_MERCHANT_HISTORY 테이블,N
KODASP,SSUMPASS_MERCHANT_HISTORY,DATA_TYPE,VARCHAR,DATA_TYPE 항목,SSUMPASS_MERCHANT_HISTORY 테이블,N
KODASP,SSUMPASS_MERCHANT_HISTORY,MCT_MNG_NO,BIGINT,MCT_MNG_NO (번호),SSUMPASS_MERCHANT_HISTORY 테이블,N
KODASP,SSUMPASS_MERCHANT_HISTORY,SIMPLE_NM,VARCHAR,SIMPLE_NM (명),SSUMPASS_MERCHANT_HISTORY 테이블,N
KODASP,SSUMPASS_MERCHANT_HISTORY,BIZ_LICENSE_NO,BIGINT,BIZ_LICENSE_NO (번호),SSUMPASS_MERCHANT_HISTORY 테이블,N
KODASP,SSUMPASS_MERCHANT_HISTORY,REPR_NM,VARCHAR,REPR_NM (명),SSUMPASS_MERCHANT_HISTORY 테이블,N
KODASP,SSUMPASS_MERCHANT_HISTORY,TEL_NO,BIGINT,TEL_NO (번호),SSUMPASS_MERCHANT_HISTORY 테이블,N
KODASP,SSUMPASS_MERCHANT_HISTORY,ZIP_CD,VARCHAR,ZIP_CD (코드),SSUMPASS_MERCHANT_HISTORY 테이블,N
KODASP,SSUMPASS_MERCHANT_HISTORY,ADDR1,VARCHAR,ADDR1 항목,SSUMPASS_MERCHANT_HISTORY 테이블,N
KODASP,SSUMPASS_MERCHANT_HISTORY,ADDR2,VARCHAR,ADDR2 항목,SSUMPASS_MERCHANT_HISTORY 테이블,N
KODASP,SSUMPASS_MERCHANT_HISTORY,MCT_REG_DATE,TIMESTAMP,MCT_REG_DATE 항목,SSUMPASS_MERCHANT_HISTORY 테이블,N
KODASP,SSUMPASS_MERCHANT_HISTORY,TEMNT_DATE,TIMESTAMP,TEMNT_DATE 항목,SSUMPASS_MERCHANT_HISTORY 테이블,N
KODASP,SSUMPASS_MERCHANT_HISTORY,SUSPENDED_YN,CHAR,SUSPENDED_YN (여부),SSUMPASS_MERCHANT_HISTORY 테이블,N
KODASP,SSUMPASS_MERCHANT_HISTORY,BIZ_TYPE,VARCHAR,BIZ_TYPE 항목,SSUMPASS_MERCHANT_HISTORY 테이블,N
KODASP,SSUMPASS_MERCHANT_HISTORY,BIZ_NAME,VARCHAR,BIZ_NAME 항목,SSUMPASS_MERCHANT_HISTORY 테이블,N
KODASP,SSUMPASS_MERCHANT_HISTORY,ADDR_NEW_OLD_TYPE,VARCHAR,ADDR_NEW_OLD_TYPE 항목,SSUMPASS_MERCHANT_HISTORY 테이블,N
KODASP,SSUMPASS_MERCHANT_HISTORY,SALES_CD,VARCHAR,SALES_CD (코드),SSUMPASS_MERCHANT_HISTORY 테이블,N
KODASP,SSUMPASS_MERCHANT_HISTORY,MERCHANT_FEE_RATE,VARCHAR,MERCHANT_FEE_RATE 항목,SSUMPASS_MERCHANT_HISTORY 테이블,N
KODASP,SSUMPASS_MERCHANT_HISTORY,SI_DO_NM,VARCHAR,SI_DO_NM (명),SSUMPASS_MERCHANT_HISTORY 테이블,N
KODASP,SSUMPASS_MERCHANT_HISTORY,SI_GUN_GU_NM,VARCHAR,SI_GUN_GU_NM (명),SSUMPASS_MERCHANT_HISTORY 테이블,N
KODASP,SSUMPASS_MERCHANT_HISTORY,ADMIN_DONG_NAME,VARCHAR,ADMIN_DONG_NAME 항목,SSUMPASS_MERCHANT_HISTORY 테이블,N
KODASP,SSUMPASS_MERCHANT_HISTORY,ADMIN_DONG_CODE,VARCHAR,ADMIN_DONG_CODE 항목,SSUMPASS_MERCHANT_HISTORY 테이블,N
KODASP,SSUMPASS_MERCHANT_HISTORY,LEGAL_DONG_NAME,VARCHAR,LEGAL_DONG_NAME 항목,SSUMPASS_MERCHANT_HISTORY 테이블,N
KODASP,SSUMPASS_MERCHANT_HISTORY,LEGAL_DONG_CODE,VARCHAR,LEGAL_DONG_CODE 항목,SSUMPASS_MERCHANT_HISTORY 테이블,N
KODASP,SSUMPASS_MERCHANT_HISTORY,ROAD_NM,VARCHAR,ROAD_NM (명),SSUMPASS_MERCHANT_HISTORY 테이블,N
KODASP,SSUMPASS_MERCHANT_HISTORY,ROAD_NM_CD,VARCHAR,ROAD_NM_CD (코드),SSUMPASS_MERCHANT_HISTORY 테이블,N
KODASP,SSUMPASS_MERCHANT_HISTORY,BUILDING_NO,BIGINT,BUILDING_NO (번호),SSUMPASS_MERCHANT_HISTORY 테이블,N
KODASP,SSUMPASS_MERCHANT_HISTORY,SUB_BUILDING_NO,BIGINT,SUB_BUILDING_NO (번호),SSUMPASS_MERCHANT_HISTORY 테이블,N
KODASP,SSUMPASS_MERCHANT_HISTORY,LATITUDE,VARCHAR,LATITUDE 항목,SSUMPASS_MERCHANT_HISTORY 테이블,N
KODASP,SSUMPASS_MERCHANT_HISTORY,LONGITUDE,VARCHAR,LONGITUDE 항목,SSUMPASS_MERCHANT_HISTORY 테이블,N
KODASP,SSUMPASS_MERCHANT_HISTORY,INDUSTRY_CD,VARCHAR,INDUSTRY_CD (코드),SSUMPASS_MERCHANT_HISTORY 테이블,N
KODASP,SSUMPASS_MERCHANT_HISTORY,SSUMPASS_BIZ_TYPE,VARCHAR,SSUMPASS_BIZ_TYPE 항목,SSUMPASS_MERCHANT_HISTORY 테이블,N
KODASP,TIMESLOT,TIMESLOT_ID,VARCHAR,TIMESLOT_ID (식별자),TIMESLOT 테이블,N
KODASP,TIMESLOT_DEFINITION,SEQ,VARCHAR,SEQ 항목,TIMESLOT_DEFINITION 테이블,N
KODASP,TIMESLOT_DEFINITION,MON_YEAR_START,VARCHAR,MON_YEAR_START 항목,TIMESLOT_DEFINITION 테이블,N
KODASP,TIMESLOT_DEFINITION,MON_YEAR_END,VARCHAR,MON_YEAR_END 항목,TIMESLOT_DEFINITION 테이블,N
KODASP,TIMESLOT_DEFINITION,DAY_MON_START,VARCHAR,DAY_MON_START 항목,TIMESLOT_DEFINITION 테이블,N
KODASP,TIMESLOT_DEFINITION,DAY_MON_END,VARCHAR,DAY_MON_END 항목,TIMESLOT_DEFINITION 테이블,N
KODASP,TIMESLOT_DEFINITION,DAY_WEEK,VARCHAR,DAY_WEEK 항목,TIMESLOT_DEFINITION 테이블,N
KODASP,TIMESLOT_DEFINITION,TIME_START,VARCHAR,TIME_START 항목,TIMESLOT_DEFINITION 테이블,N
KODASP,TIMESLOT_DEFINITION,TIME_END,VARCHAR,TIME_END 항목,TIMESLOT_DEFINITION 테이블,N
KODASP,TIMESLOT_DEFINITION,TIMESLOT_ID,VARCHAR,TIMESLOT_ID (식별자),TIMESLOT_DEFINITION 테이블,N
KODASP,TIMESLOT_DEFINITION,ALLOW_HOLIDAY,VARCHAR,ALLOW_HOLIDAY 항목,TIMESLOT_DEFINITION 테이블,N
KPS,ADMIN_TRAN,BATCH_ID,VARCHAR,BATCH_ID (식별자),ADMIN_TRAN 테이블,N
KPS,ADMIN_TRAN,TRAN_IDX,VARCHAR,TRAN_IDX 항목,ADMIN_TRAN 테이블,N
KPS,ADMIN_TRAN,TRAN_TYPE,VARCHAR,TRAN_TYPE 항목,ADMIN_TRAN 테이블,N
KPS,ADMIN_TRAN,POINT_TYPE,VARCHAR,POINT_TYPE 항목,ADMIN_TRAN 테이블,N
KPS,ADMIN_TRAN,AMOUNT,BIGINT,AMOUNT 항목,ADMIN_TRAN 테이블,N
KPS,ADMIN_TRAN,STATUS,VARCHAR,STATUS 항목,ADMIN_TRAN 테이블,N
KPS,ADMIN_TRAN,FIXED_AMOUNT,BIGINT,FIXED_AMOUNT 항목,ADMIN_TRAN 테이블,N
KPS,ADMIN_TRAN,REASON,VARCHAR,REASON 항목,ADMIN_TRAN 테이블,N
KPS,ADMIN_TRAN,APPROVAL_TRAN_YN,CHAR,APPROVAL_TRAN_YN (여부),ADMIN_TRAN 테이블,N
KPS,ADMIN_TRAN,PROMOTION_ID,VARCHAR,PROMOTION_ID (식별자),ADMIN_TRAN 테이블,N
KPS,ADMIN_TRAN,NR_NUMBER,VARCHAR,NR_NUMBER 항목,ADMIN_TRAN 테이블,N
KPS,ADMIN_TRAN,REVERSAL_STATUS,VARCHAR,REVERSAL_STATUS 항목,ADMIN_TRAN 테이블,N
KPS,ADMIN_TRAN,USER_ID,VARCHAR,USER_ID (식별자),ADMIN_TRAN 테이블,N
KPS,ADMIN_TRAN,SVC_ID,VARCHAR,SVC_ID (식별자),ADMIN_TRAN 테이블,N
KPS,ADMIN_TRAN,KA_ID,VARCHAR,KA_ID (식별자),ADMIN_TRAN 테이블,N
KPS,ADMIN_TRAN,RT_NUMBER,VARCHAR,RT_NUMBER 항목,ADMIN_TRAN 테이블,N
KPS,ADMIN_TRAN,POLICY_ID,VARCHAR,POLICY_ID (식별자),ADMIN_TRAN 테이블,N
KPS,ADMIN_TRAN,POLICY_NAME,VARCHAR,POLICY_NAME 항목,ADMIN_TRAN 테이블,N
KPS,ADMIN_TRAN,POLICY_TYPE,VARCHAR,POLICY_TYPE 항목,ADMIN_TRAN 테이블,N
KPS,ADMIN_TRAN,ORG_NR_NUMBER,VARCHAR,ORG_NR_NUMBER 항목,ADMIN_TRAN 테이블,N
KPS,ADMIN_TRAN,PROVIDER_GROUP_ID,VARCHAR,PROVIDER_GROUP_ID (식별자),ADMIN_TRAN 테이블,N
KPS,ADMIN_TRAN,TR_PAR,VARCHAR,TR_PAR 항목,ADMIN_TRAN 테이블,N
KPS,ADMIN_TRAN,GRADE_ID,VARCHAR,GRADE_ID (식별자),ADMIN_TRAN 테이블,N
KPS,ADMIN_TRAN,TR_SVC_ID,VARCHAR,TR_SVC_ID (식별자),ADMIN_TRAN 테이블,N
KPS,ADMIN_TRAN,CANDIDATE_VALUE,TIMESTAMP,CANDIDATE_VALUE 항목,ADMIN_TRAN 테이블,N
KPS,ADMIN_TRAN,APPLIED_RATE,VARCHAR,APPLIED_RATE 항목,ADMIN_TRAN 테이블,N
KPS,ADMIN_TRAN,CHECK_IGNORE_TYPE,VARCHAR,CHECK_IGNORE_TYPE 항목,ADMIN_TRAN 테이블,N
KPS,ADMIN_TRAN,CP_NUMBER,VARCHAR,CP_NUMBER 항목,ADMIN_TRAN 테이블,N
KPS,ADMIN_TRAN,TR_AMOUNT,BIGINT,TR_AMOUNT 항목,ADMIN_TRAN 테이블,N
KPS,ADMIN_TRAN,ACC_USER_STACK,VARCHAR,ACC_USER_STACK 항목,ADMIN_TRAN 테이블,N
KPS,KPS_PNT_ITG_CLT_TR,PNT_ITG_CLT_TR_SNO,BIGINT,PNT_ITG_CLT_TR_SNO (번호),KPS_PNT_ITG_CLT_TR 테이블,N
KPS,KPS_PNT_ITG_CLT_TR,ITG_CLT_ID,VARCHAR,ITG_CLT_ID (식별자),KPS_PNT_ITG_CLT_TR 테이블,N
KPS,KPS_PNT_ITG_CLT_TR,TRAN_ID,VARCHAR,TRAN_ID (식별자),KPS_PNT_ITG_CLT_TR 테이블,N
KPS,KPS_PNT_ITG_CLT_TR,PNT_ITG_CLT_TYPE_CD,VARCHAR,PNT_ITG_CLT_TYPE_CD (코드),KPS_PNT_ITG_CLT_TR 테이블,N
KPS,KPS_PNT_ITG_CLT_TR,PNT_TR_TYPE_CD,VARCHAR,PNT_TR_TYPE_CD (코드),KPS_PNT_ITG_CLT_TR 테이블,N
KPS,KPS_PNT_ITG_CLT_TR,PNT_ITG_CLT_AMT,BIGINT,PNT_ITG_CLT_AMT (금액),KPS_PNT_ITG_CLT_TR 테이블,N
KPS,KPS_PNT_ITG_CLT_TR,MBR_ID,VARCHAR,MBR_ID (식별자),KPS_PNT_ITG_CLT_TR 테이블,N
KPS,KPS_PNT_ITG_CLT_TR,PNT_PLCY_ID,VARCHAR,PNT_PLCY_ID (식별자),KPS_PNT_ITG_CLT_TR 테이블,N
KPS,KPS_PNT_ITG_CLT_TR,PNT_PLCY_TYPE_CD,VARCHAR,PNT_PLCY_TYPE_CD (코드),KPS_PNT_ITG_CLT_TR 테이블,N
KPS,KPS_PNT_ITG_CLT_TR,PNT_PLCY_NM,VARCHAR,PNT_PLCY_NM (명),KPS_PNT_ITG_CLT_TR 테이블,N
KPS,KPS_PNT_ITG_CLT_TR,APV_TR_YN,CHAR,APV_TR_YN (여부),KPS_PNT_ITG_CLT_TR 테이블,N
KPS,KPS_PNT_ITG_CLT_TR,APV_DT,TIMESTAMP,APV_DT (일자),KPS_PNT_ITG_CLT_TR 테이블,N
KPS,KPS_PNT_ITG_CLT_TR,PNT_ITG_CLT_RS_CD,VARCHAR,PNT_ITG_CLT_RS_CD (코드),KPS_PNT_ITG_CLT_TR 테이블,N
KPS,KPS_PNT_ITG_CLT_TR,PNT_TR_ID,VARCHAR,PNT_TR_ID (식별자),KPS_PNT_ITG_CLT_TR 테이블,N
KPS,MB_GFCT,MB_GFCT_ID,VARCHAR,MB_GFCT_ID (식별자),MB_GFCT 테이블,N
KPS,MB_GFCT,MB_GFCT_BRAN_PLCY_ID,VARCHAR,MB_GFCT_BRAN_PLCY_ID (식별자),MB_GFCT 테이블,N
KPS,MB_GFCT,MB_GFCT_GPT_PLCY_ID,VARCHAR,MB_GFCT_GPT_PLCY_ID (식별자),MB_GFCT 테이블,N
KPS,MB_GFCT,MB_GFCT_GPT_PLCY_NM,VARCHAR,MB_GFCT_GPT_PLCY_NM (명),MB_GFCT 테이블,N
KPS,MB_GFCT,ASP_ID,VARCHAR,ASP_ID (식별자),MB_GFCT 테이블,N
KPS,MB_GFCT,KA_ID,VARCHAR,KA_ID (식별자),MB_GFCT 테이블,N
KPS,MB_GFCT,CRD_PNT_PLCY_ID,VARCHAR,CRD_PNT_PLCY_ID (식별자),MB_GFCT 테이블,N
KPS,MB_GFCT,NR_NO,BIGINT,NR_NO (번호),MB_GFCT 테이블,N
KPS,MB_GFCT,MB_GFCT_AMT,BIGINT,MB_GFCT_AMT (금액),MB_GFCT 테이블,N
KPS,MB_GFCT,MB_GFCT_BUY_AMT,BIGINT,MB_GFCT_BUY_AMT (금액),MB_GFCT 테이블,N
KPS,MB_GFCT,MB_GFCT_RES_AMT,BIGINT,MB_GFCT_RES_AMT (금액),MB_GFCT 테이블,N
KPS,MB_GFCT,EXN_DT,TIMESTAMP,EXN_DT (일자),MB_GFCT 테이블,N
KPS,MB_GFCT,MB_GFCT_BYR_ID,VARCHAR,MB_GFCT_BYR_ID (식별자),MB_GFCT 테이블,N
KPS,MB_GFCT,MBR_ID,VARCHAR,MBR_ID (식별자),MB_GFCT 테이블,N
KPS,MB_GFCT,PAR_NO,BIGINT,PAR_NO (번호),MB_GFCT 테이블,N
KPS,MB_GFCT,MB_GFCT_ST_CD,VARCHAR,MB_GFCT_ST_CD (코드),MB_GFCT 테이블,N
KPS,MB_GFCT,CLR_PTM_TYPE_CD,VARCHAR,CLR_PTM_TYPE_CD (코드),MB_GFCT 테이블,N
KPS,MB_GFCT,MB_GFCT_SLL_ST_CD,VARCHAR,MB_GFCT_SLL_ST_CD (코드),MB_GFCT 테이블,N
KPS,MB_GFCT,TR_TMCNT,BIGINT,TR_TMCNT (건수),MB_GFCT 테이블,N
KPS,MB_GFCT,MB_GFCT_RTN_AMT,BIGINT,MB_GFCT_RTN_AMT (금액),MB_GFCT 테이블,N
KPS,MB_GFCT,DC_BNF_SNO,BIGINT,DC_BNF_SNO (번호),MB_GFCT 테이블,N
KPS,MB_GFCT,DC_BNF_CD,VARCHAR,DC_BNF_CD (코드),MB_GFCT 테이블,N
KPS,MB_GFCT,DC_FAMT_FRTE_DV_CD,VARCHAR,DC_FAMT_FRTE_DV_CD (코드),MB_GFCT 테이블,N
KPS,MB_GFCT,DC_VAL,VARCHAR,DC_VAL 항목,MB_GFCT 테이블,N
KPS,MB_GFCT_TR,MB_GFCT_TR_SNO,BIGINT,MB_GFCT_TR_SNO (번호),MB_GFCT_TR 테이블,N
KPS,MB_GFCT_TR,TR_DT,TIMESTAMP,TR_DT (일자),MB_GFCT_TR 테이블,N
KPS,MB_GFCT_TR,ASP_ID,VARCHAR,ASP_ID (식별자),MB_GFCT_TR 테이블,N
KPS,MB_GFCT_TR,KA_ID,VARCHAR,KA_ID (식별자),MB_GFCT_TR 테이블,N
KPS,MB_GFCT_TR,MB_GFCT_ID,VARCHAR,MB_GFCT_ID (식별자),MB_GFCT_TR 테이블,N
KPS,MB_GFCT_TR,MB_GFCT_GRP_ID,VARCHAR,MB_GFCT_GRP_ID (식별자),MB_GFCT_TR 테이블,N
KPS,MB_GFCT_TR,MB_GFCT_BRAN_PLCY_ID,VARCHAR,MB_GFCT_BRAN_PLCY_ID (식별자),MB_GFCT_TR 테이블,N
KPS,MB_GFCT_TR,MB_GFCT_GPT_PLCY_ID,VARCHAR,MB_GFCT_GPT_PLCY_ID (식별자),MB_GFCT_TR 테이블,N
KPS,MB_GFCT_TR,MB_GFCT_GPT_PLCY_NM,VARCHAR,MB_GFCT_GPT_PLCY_NM (명),MB_GFCT_TR 테이블,N
KPS,MB_GFCT_TR,CRD_PNT_PLCY_ID,VARCHAR,CRD_PNT_PLCY_ID (식별자),MB_GFCT_TR 테이블,N
KPS,MB_GFCT_TR,NR_NO,BIGINT,NR_NO (번호),MB_GFCT_TR 테이블,N
KPS,MB_GFCT_TR,TRAN_ID,VARCHAR,TRAN_ID (식별자),MB_GFCT_TR 테이블,N
KPS,MB_GFCT_TR,PNT_TR_TYPE_CD,VARCHAR,PNT_TR_TYPE_CD (코드),MB_GFCT_TR 테이블,N
KPS,MB_GFCT_TR,TR_DSCR,VARCHAR,TR_DSCR 항목,MB_GFCT_TR 테이블,N
KPS,MB_GFCT_TR,APV_TR_YN,CHAR,APV_TR_YN (여부),MB_GFCT_TR 테이블,N
KPS,MB_GFCT_TR,MB_GFCT_DC_AMT,BIGINT,MB_GFCT_DC_AMT (금액),MB_GFCT_TR 테이블,N
KPS,MB_GFCT_TR,TR_AMT,BIGINT,TR_AMT (금액),MB_GFCT_TR 테이블,N
KPS,MB_GFCT_TR,TR_AF_BALA,VARCHAR,TR_AF_BALA 항목,MB_GFCT_TR 테이블,N
KPS,MB_GFCT_TR,MBR_ID,VARCHAR,MBR_ID (식별자),MB_GFCT_TR 테이블,N
KPS,MB_GFCT_TR,PAR_NO,BIGINT,PAR_NO (번호),MB_GFCT_TR 테이블,N
KPS,MB_GFCT_TR,PNT_OCCR_CRD_PAR_NO,BIGINT,PNT_OCCR_CRD_PAR_NO (번호),MB_GFCT_TR 테이블,N
KPS,MB_GFCT_TR,SVC_ID,VARCHAR,SVC_ID (식별자),MB_GFCT_TR 테이블,N
KPS,MB_GFCT_TR,SVC_NM,VARCHAR,SVC_NM (명),MB_GFCT_TR 테이블,N
KPS,MB_GFCT_TR,MC_ID,VARCHAR,MC_ID (식별자),MB_GFCT_TR 테이블,N
KPS,MB_GFCT_TR,MC_NM,VARCHAR,MC_NM (명),MB_GFCT_TR 테이블,N
KPS,MB_GFCT_TR,MC_BU_AMT,BIGINT,MC_BU_AMT (금액),MB_GFCT_TR 테이블,N
KPS,MB_GFCT_TR,AF_PRCR_CD,VARCHAR,AF_PRCR_CD (코드),MB_GFCT_TR 테이블,N
KPS,MB_GFCT_TR,ORG_TR_NR_NO,BIGINT,ORG_TR_NR_NO (번호),MB_GFCT_TR 테이블,N
KPS,PNT_CORP_TRAN,ID,VARCHAR,ID (식별자),PNT_CORP_TRAN 테이블,N
KPS,PNT_CORP_TRAN,APPROVAL_DAY,VARCHAR,APPROVAL_DAY 항목,PNT_CORP_TRAN 테이블,N
KPS,PNT_CORP_TRAN,KA_ID,VARCHAR,KA_ID (식별자),PNT_CORP_TRAN 테이블,N
KPS,PNT_CORP_TRAN,POINT_TYPE,VARCHAR,POINT_TYPE 항목,PNT_CORP_TRAN 테이블,N
KPS,PNT_CORP_TRAN,POLICY_ID,VARCHAR,POLICY_ID (식별자),PNT_CORP_TRAN 테이블,N
KPS,PNT_CORP_TRAN,POLICY_TYPE,VARCHAR,POLICY_TYPE 항목,PNT_CORP_TRAN 테이블,N
KPS,PNT_CORP_TRAN,POLICY_NAME,VARCHAR,POLICY_NAME 항목,PNT_CORP_TRAN 테이블,N
KPS,PNT_CORP_TRAN,TRAN_TYPE,VARCHAR,TRAN_TYPE 항목,PNT_CORP_TRAN 테이블,N
KPS,PNT_CORP_TRAN,POINT_AMT,BIGINT,POINT_AMT (금액),PNT_CORP_TRAN 테이블,N
KPS,PNT_CORP_TRAN,POINT_AFTER_AMT,BIGINT,POINT_AFTER_AMT (금액),PNT_CORP_TRAN 테이블,N
KPS,PNT_CORP_TRAN,APPROVAL_TRAN_YN,CHAR,APPROVAL_TRAN_YN (여부),PNT_CORP_TRAN 테이블,N
KPS,PNT_CORP_TRAN,ACC_YN,CHAR,ACC_YN (여부),PNT_CORP_TRAN 테이블,N
KPS,PNT_CORP_TRAN,NR_NUMBER,VARCHAR,NR_NUMBER 항목,PNT_CORP_TRAN 테이블,N
KPS,PNT_CORP_TRAN,ORG_NR_NUMBER,VARCHAR,ORG_NR_NUMBER 항목,PNT_CORP_TRAN 테이블,N
KPS,PNT_CORP_TRAN,PROVIDER_GROUP_ID,VARCHAR,PROVIDER_GROUP_ID (식별자),PNT_CORP_TRAN 테이블,N
KPS,PNT_CORP_TRAN,GRADE_ID,VARCHAR,GRADE_ID (식별자),PNT_CORP_TRAN 테이블,N
KPS,PNT_CORP_TRAN,REVERSAL_STATUS,VARCHAR,REVERSAL_STATUS 항목,PNT_CORP_TRAN 테이블,N
KPS,PNT_CORP_TRAN,TR_PAR,VARCHAR,TR_PAR 항목,PNT_CORP_TRAN 테이블,N
KPS,PNT_CORP_TRAN,TR_SVC_ID,VARCHAR,TR_SVC_ID (식별자),PNT_CORP_TRAN 테이블,N
KPS,PNT_CORP_TRAN,TARGET_PAR,VARCHAR,TARGET_PAR 항목,PNT_CORP_TRAN 테이블,N
KPS,PNT_CORP_TRAN,TARGET_SVC_ID,VARCHAR,TARGET_SVC_ID (식별자),PNT_CORP_TRAN 테이블,N
KPS,PNT_CORP_TRAN,DISC_TYPE,VARCHAR,DISC_TYPE 항목,PNT_CORP_TRAN 테이블,N
KPS,PNT_CORP_TRAN,DISC_SEQ,VARCHAR,DISC_SEQ 항목,PNT_CORP_TRAN 테이블,N
KPS,PNT_CORP_TRAN,MERCHANT_ID,VARCHAR,MERCHANT_ID (식별자),PNT_CORP_TRAN 테이블,N
KPS,PNT_CORP_TRAN,MERCHANT_TYPE,VARCHAR,MERCHANT_TYPE 항목,PNT_CORP_TRAN 테이블,N
KPS,PNT_CORP_TRAN,RESTRICTION_TYPE,VARCHAR,RESTRICTION_TYPE 항목,PNT_CORP_TRAN 테이블,N
KPS,PNT_CORP_TRAN,ASP_ID,VARCHAR,ASP_ID (식별자),PNT_CORP_TRAN 테이블,N
KPS,PNT_CORP_TRAN,DETAILS,VARCHAR,DETAILS 항목,PNT_CORP_TRAN 테이블,N
KPS,PNT_CORP_TRAN,ADMIN_ID,VARCHAR,ADMIN_ID (식별자),PNT_CORP_TRAN 테이블,N
KPS,PNT_CORP_TRAN,PNT_TRAN_ID,VARCHAR,PNT_TRAN_ID (식별자),PNT_CORP_TRAN 테이블,N
KPS,PNT_CORP_TRAN,DONATION_TYPE,VARCHAR,DONATION_TYPE 항목,PNT_CORP_TRAN 테이블,N
KPS,PNT_CORP_TRAN,TR_USER_ID,VARCHAR,TR_USER_ID (식별자),PNT_CORP_TRAN 테이블,N
KPS,PNT_CORP_TRAN,TRANSACTION_ID,VARCHAR,TRANSACTION_ID (식별자),PNT_CORP_TRAN 테이블,N
KPS,PNT_CORP_TRAN,ACQUIRER_ID,VARCHAR,ACQUIRER_ID (식별자),PNT_CORP_TRAN 테이블,N
KPS,PNT_CORP_TRAN,SETTLE_KA,VARCHAR,SETTLE_KA 항목,PNT_CORP_TRAN 테이블,N
KPS,PNT_CORP_TRAN,EXP_AMT,BIGINT,EXP_AMT (금액),PNT_CORP_TRAN 테이블,N
KPS,PNT_DISC_GRADE,PAR,VARCHAR,PAR 항목,PNT_DISC_GRADE 테이블,N
KPS,PNT_DISC_GRADE,NR_NUMBER,VARCHAR,NR_NUMBER 항목,PNT_DISC_GRADE 테이블,N
KPS,PNT_DISC_GRADE,ORG_NR_NUMBER,VARCHAR,ORG_NR_NUMBER 항목,PNT_DISC_GRADE 테이블,N
KPS,PNT_DISC_GRADE,APPROVAL_DAY,VARCHAR,APPROVAL_DAY 항목,PNT_DISC_GRADE 테이블,N
KPS,PNT_DISC_GRADE,APPROVAL_TRAN_YN,CHAR,APPROVAL_TRAN_YN (여부),PNT_DISC_GRADE 테이블,N
KPS,PNT_DISC_GRADE,POINT_AMT,BIGINT,POINT_AMT (금액),PNT_DISC_GRADE 테이블,N
KPS,PNT_DISC_GRADE,TR_AMT,BIGINT,TR_AMT (금액),PNT_DISC_GRADE 테이블,N
KPS,PNT_DISC_GRADE,ACUM_STLM_AMT,BIGINT,ACUM_STLM_AMT (금액),PNT_DISC_GRADE 테이블,N
KPS,PNT_DISC_GRADE,DISC_SEQ,VARCHAR,DISC_SEQ 항목,PNT_DISC_GRADE 테이블,N
KPS,PNT_DISC_GRADE,DISC_TYPE,VARCHAR,DISC_TYPE 항목,PNT_DISC_GRADE 테이블,N
KPS,PNT_DISC_GRADE,POLICY_ID,VARCHAR,POLICY_ID (식별자),PNT_DISC_GRADE 테이블,N
KPS,PNT_DISC_GRADE,PROVIDER_GROUP_ID,VARCHAR,PROVIDER_GROUP_ID (식별자),PNT_DISC_GRADE 테이블,N
KPS,PNT_DISC_GRADE,DCNT_NM,VARCHAR,DCNT_NM (명),PNT_DISC_GRADE 테이블,N
KPS,PNT_DISC_GRADE,LAST_CNCL_YN,CHAR,LAST_CNCL_YN (여부),PNT_DISC_GRADE 테이블,N
KPS,PNT_DISC_GRADE_HISTORY,PAR,VARCHAR,PAR 항목,PNT_DISC_GRADE_HISTORY 테이블,N
KPS,PNT_DISC_GRADE_HISTORY,NR_NUMBER,VARCHAR,NR_NUMBER 항목,PNT_DISC_GRADE_HISTORY 테이블,N
KPS,PNT_DISC_GRADE_HISTORY,TRAN_IDX,VARCHAR,TRAN_IDX 항목,PNT_DISC_GRADE_HISTORY 테이블,N
KPS,PNT_DISC_GRADE_HISTORY,APPROVAL_DAY,VARCHAR,APPROVAL_DAY 항목,PNT_DISC_GRADE_HISTORY 테이블,N
KPS,PNT_DISC_GRADE_HISTORY,APPROVAL_TRAN_YN,CHAR,APPROVAL_TRAN_YN (여부),PNT_DISC_GRADE_HISTORY 테이블,N
KPS,PNT_DISC_GRADE_HISTORY,POINT_AMT,BIGINT,POINT_AMT (금액),PNT_DISC_GRADE_HISTORY 테이블,N
KPS,PNT_DISC_GRADE_HISTORY,TR_AMT,BIGINT,TR_AMT (금액),PNT_DISC_GRADE_HISTORY 테이블,N
KPS,PNT_DISC_GRADE_HISTORY,ACUM_STLM_AMT,BIGINT,ACUM_STLM_AMT (금액),PNT_DISC_GRADE_HISTORY 테이블,N
KPS,PNT_DISC_GRADE_HISTORY,CANDIDATE_VALUE,TIMESTAMP,CANDIDATE_VALUE 항목,PNT_DISC_GRADE_HISTORY 테이블,N
KPS,PNT_DISC_GRADE_HISTORY,APPLIED_RATE,VARCHAR,APPLIED_RATE 항목,PNT_DISC_GRADE_HISTORY 테이블,N
KPS,PNT_DISC_GRADE_HISTORY,POLICY_ID,VARCHAR,POLICY_ID (식별자),PNT_DISC_GRADE_HISTORY 테이블,N
KPS,PNT_DISC_GRADE_HISTORY,POINT_TYPE,VARCHAR,POINT_TYPE 항목,PNT_DISC_GRADE_HISTORY 테이블,N
KPS,PNT_DISC_GRADE_HISTORY,PROVIDER_GROUP_ID,VARCHAR,PROVIDER_GROUP_ID (식별자),PNT_DISC_GRADE_HISTORY 테이블,N
KPS,PNT_DISC_GRADE_HISTORY,GRADE_ID,VARCHAR,GRADE_ID (식별자),PNT_DISC_GRADE_HISTORY 테이블,N
KPS,PNT_DISC_GRADE_HISTORY,DISC_SEQ,VARCHAR,DISC_SEQ 항목,PNT_DISC_GRADE_HISTORY 테이블,N
KPS,PNT_DISC_GRADE_HISTORY,DISC_TYPE,VARCHAR,DISC_TYPE 항목,PNT_DISC_GRADE_HISTORY 테이블,N
KPS,PNT_DISC_GRADE_HISTORY,DCNT_NM,VARCHAR,DCNT_NM (명),PNT_DISC_GRADE_HISTORY 테이블,N
KPS,PNT_TRAN,ID,VARCHAR,ID (식별자),PNT_TRAN 테이블,N
KPS,PNT_TRAN,APPROVAL_DAY,VARCHAR,APPROVAL_DAY 항목,PNT_TRAN 테이블,N
KPS,PNT_TRAN,USER_ID,VARCHAR,USER_ID (식별자),PNT_TRAN 테이블,N
KPS,PNT_TRAN,POINT_AMT,BIGINT,POINT_AMT (금액),PNT_TRAN 테이블,N
KPS,PNT_TRAN,POINT_AFTER_AMT,BIGINT,POINT_AFTER_AMT (금액),PNT_TRAN 테이블,N
KPS,PNT_TRAN,POINT_TYPE,VARCHAR,POINT_TYPE 항목,PNT_TRAN 테이블,N
KPS,PNT_TRAN,TRAN_TYPE,VARCHAR,TRAN_TYPE 항목,PNT_TRAN 테이블,N
KPS,PNT_TRAN,APPROVAL_TRAN_YN,CHAR,APPROVAL_TRAN_YN (여부),PNT_TRAN 테이블,N
KPS,PNT_TRAN,ACC_YN,CHAR,ACC_YN (여부),PNT_TRAN 테이블,N
KPS,PNT_TRAN,NR_NUMBER,VARCHAR,NR_NUMBER 항목,PNT_TRAN 테이블,N
KPS,PNT_TRAN,TR_PAR,VARCHAR,TR_PAR 항목,PNT_TRAN 테이블,N
KPS,PNT_TRAN,DISC_TYPE,VARCHAR,DISC_TYPE 항목,PNT_TRAN 테이블,N
KPS,PNT_TRAN,DISC_SEQ,VARCHAR,DISC_SEQ 항목,PNT_TRAN 테이블,N
KPS,PNT_TRAN,ASP_ID,VARCHAR,ASP_ID (식별자),PNT_TRAN 테이블,N
KPS,PNT_TRAN,SVC_ID,VARCHAR,SVC_ID (식별자),PNT_TRAN 테이블,N
KPS,PNT_TRAN,EXPIRY_DATE,TIMESTAMP,EXPIRY_DATE 항목,PNT_TRAN 테이블,N
KPS,PNT_TRAN,DETAILS,VARCHAR,DETAILS 항목,PNT_TRAN 테이블,N
KPS,PNT_TRAN,ADMIN_ID,VARCHAR,ADMIN_ID (식별자),PNT_TRAN 테이블,N
KPS,PNT_TRAN,PLAYER_ID,VARCHAR,PLAYER_ID (식별자),PNT_TRAN 테이블,N
KPS,PNT_TRAN,LOST_POINT_AMT,BIGINT,LOST_POINT_AMT (금액),PNT_TRAN 테이블,N
KPS,PNT_TRAN,POLICY_ID,VARCHAR,POLICY_ID (식별자),PNT_TRAN 테이블,N
KPS,PNT_TRAN,KA_ID,VARCHAR,KA_ID (식별자),PNT_TRAN 테이블,N
KPS,PNT_TRAN,POLICY_TYPE,VARCHAR,POLICY_TYPE 항목,PNT_TRAN 테이블,N
KPS,PNT_TRAN,POLICY_NAME,VARCHAR,POLICY_NAME 항목,PNT_TRAN 테이블,N
KPS,PNT_TRAN,PRIORITY,VARCHAR,PRIORITY 항목,PNT_TRAN 테이블,N
KPS,PNT_TRAN,VALUE_PER_POINT,VARCHAR,VALUE_PER_POINT 항목,PNT_TRAN 테이블,N
KPS,PNT_TRAN,ORG_NR_NUMBER,VARCHAR,ORG_NR_NUMBER 항목,PNT_TRAN 테이블,N
KPS,PNT_TRAN,REVERSAL_STATUS,VARCHAR,REVERSAL_STATUS 항목,PNT_TRAN 테이블,N
KPS,PNT_TRAN,PROVIDER_GROUP_ID,VARCHAR,PROVIDER_GROUP_ID (식별자),PNT_TRAN 테이블,N
KPS,PNT_TRAN,GRADE_ID,VARCHAR,GRADE_ID (식별자),PNT_TRAN 테이블,N
KPS,PNT_TRAN,TR_SVC_ID,VARCHAR,TR_SVC_ID (식별자),PNT_TRAN 테이블,N
KPS,PNT_TRAN,CANDIDATE_VALUE,TIMESTAMP,CANDIDATE_VALUE 항목,PNT_TRAN 테이블,N
KPS,PNT_TRAN,APPLIED_RATE,VARCHAR,APPLIED_RATE 항목,PNT_TRAN 테이블,N
KPS,PNT_TRAN,SETTLEMENT_YN,CHAR,SETTLEMENT_YN (여부),PNT_TRAN 테이블,N
KPS,PNT_TRAN,MERCHANT_TYPE,VARCHAR,MERCHANT_TYPE 항목,PNT_TRAN 테이블,N
KPS,PNT_TRAN,MERCHANT_ID,VARCHAR,MERCHANT_ID (식별자),PNT_TRAN 테이블,N
KPS,PNT_TRAN,RESTRICTION_TYPE,VARCHAR,RESTRICTION_TYPE 항목,PNT_TRAN 테이블,N
KPS,PNT_TRAN,CORP_TRAN_ID,VARCHAR,CORP_TRAN_ID (식별자),PNT_TRAN 테이블,N
KPS,PNT_TRAN,TRANSACTION_ID,VARCHAR,TRANSACTION_ID (식별자),PNT_TRAN 테이블,N
KPS,PNT_TRAN,ACQUIRER_ID,VARCHAR,ACQUIRER_ID (식별자),PNT_TRAN 테이블,N
KPS,PNT_TRAN,SETTLE_KA,VARCHAR,SETTLE_KA 항목,PNT_TRAN 테이블,N
KPS,PNT_TRAN,EXP_AMT,BIGINT,EXP_AMT (금액),PNT_TRAN 테이블,N
KPS,PNT_TRAN,pnt_tr_sub_type_cd,VARCHAR,pnt_tr_sub_type_cd (코드),PNT_TRAN 테이블,N
KSTS,EXPIRY_REMIND,SEQ,VARCHAR,SEQ 항목,EXPIRY_REMIND 테이블,N
KSTS,EXPIRY_REMIND,POLICY_ID,VARCHAR,POLICY_ID (식별자),EXPIRY_REMIND 테이블,N
KSTS,EXPIRY_REMIND,POLICY_TYPE,VARCHAR,POLICY_TYPE 항목,EXPIRY_REMIND 테이블,N
KSTS,EXPIRY_REMIND,USER_ID,VARCHAR,USER_ID (식별자),EXPIRY_REMIND 테이블,N
KSTS,EXPIRY_REMIND,REMIND_DATE,TIMESTAMP,REMIND_DATE 항목,EXPIRY_REMIND 테이블,N
KSTS,MC_MAPPING,SEQ,VARCHAR,SEQ 항목,MC_MAPPING 테이블,N
KSTS,MC_MAPPING,STAMP_ID,VARCHAR,STAMP_ID (식별자),MC_MAPPING 테이블,N
KSTS,MC_MAPPING,MC_ID,VARCHAR,MC_ID (식별자),MC_MAPPING 테이블,N
KSTS,MC_MAPPING,ASP_ID,VARCHAR,ASP_ID (식별자),MC_MAPPING 테이블,N
KSTS,MC_MAPPING,MC_TYPE,VARCHAR,MC_TYPE 항목,MC_MAPPING 테이블,N
KSTS,MC_MAPPING,MC_NAME,VARCHAR,MC_NAME 항목,MC_MAPPING 테이블,N
KSTS,MC_MAPPING,POLICY_ID,VARCHAR,POLICY_ID (식별자),MC_MAPPING 테이블,N
KSTS,MC_MAPPING,POLICY_TYPE,VARCHAR,POLICY_TYPE 항목,MC_MAPPING 테이블,N
KSTS,MILEAGE_CARD,card_no,BIGINT,card_no (번호),MILEAGE_CARD 테이블,N
KSTS,MILEAGE_CARD,BEFORE_CARD_NO,BIGINT,BEFORE_CARD_NO (번호),MILEAGE_CARD 테이블,N
KSTS,MILEAGE_CARD,ASP_ID,VARCHAR,ASP_ID (식별자),MILEAGE_CARD 테이블,N
KSTS,MILEAGE_CARD,MILEAGE_ID,VARCHAR,MILEAGE_ID (식별자),MILEAGE_CARD 테이블,N
KSTS,MILEAGE_CARD,USER_ID,VARCHAR,USER_ID (식별자),MILEAGE_CARD 테이블,N
KSTS,MILEAGE_CARD,CURRENT_AMOUNT,BIGINT,CURRENT_AMOUNT 항목,MILEAGE_CARD 테이블,N
KSTS,MILEAGE_CARD,EXPIRY_DATE,TIMESTAMP,EXPIRY_DATE 항목,MILEAGE_CARD 테이블,N
KSTS,MILEAGE_CARD,STATUS,VARCHAR,STATUS 항목,MILEAGE_CARD 테이블,N
KSTS,MILEAGE_CARD,STATUS_CODE,VARCHAR,STATUS_CODE 항목,MILEAGE_CARD 테이블,N
KSTS,MILEAGE_CARD,REWARD_TYPE,VARCHAR,REWARD_TYPE 항목,MILEAGE_CARD 테이블,N
KSTS,MILEAGE_CARD,REWARD_ID,VARCHAR,REWARD_ID (식별자),MILEAGE_CARD 테이블,N
KSTS,MILEAGE_CARD,RT_NUMBER,VARCHAR,RT_NUMBER 항목,MILEAGE_CARD 테이블,N
KSTS,MILEAGE_CARD,REWARD_RESULT,VARCHAR,REWARD_RESULT 항목,MILEAGE_CARD 테이블,N
KSTS,MILEAGE_HISTORY,SEQ,VARCHAR,SEQ 항목,MILEAGE_HISTORY 테이블,N
KSTS,MILEAGE_HISTORY,ASP_ID,VARCHAR,ASP_ID (식별자),MILEAGE_HISTORY 테이블,N
KSTS,MILEAGE_HISTORY,MILEAGE_ID,VARCHAR,MILEAGE_ID (식별자),MILEAGE_HISTORY 테이블,N
KSTS,MILEAGE_HISTORY,USER_ID,VARCHAR,USER_ID (식별자),MILEAGE_HISTORY 테이블,N
KSTS,MILEAGE_HISTORY,RELATED_CARD_NO,BIGINT,RELATED_CARD_NO (번호),MILEAGE_HISTORY 테이블,N
KSTS,MILEAGE_HISTORY,TYPE,VARCHAR,TYPE 항목,MILEAGE_HISTORY 테이블,N
KSTS,MILEAGE_HISTORY,ACCUM_AMOUNT,BIGINT,ACCUM_AMOUNT 항목,MILEAGE_HISTORY 테이블,N
KSTS,MILEAGE_HISTORY,BEFORE_ACCUM_AMOUNT,BIGINT,BEFORE_ACCUM_AMOUNT 항목,MILEAGE_HISTORY 테이블,N
KSTS,MILEAGE_HISTORY,AFTER_ACCUM_AMOUNT,BIGINT,AFTER_ACCUM_AMOUNT 항목,MILEAGE_HISTORY 테이블,N
KSTS,MILEAGE_HISTORY,MC_ID,VARCHAR,MC_ID (식별자),MILEAGE_HISTORY 테이블,N
KSTS,MILEAGE_HISTORY,MC_TYPE,VARCHAR,MC_TYPE 항목,MILEAGE_HISTORY 테이블,N
KSTS,MILEAGE_HISTORY,NR_NUMBER,VARCHAR,NR_NUMBER 항목,MILEAGE_HISTORY 테이블,N
KSTS,MILEAGE_HISTORY,ORG_NR_NUMBER,VARCHAR,ORG_NR_NUMBER 항목,MILEAGE_HISTORY 테이블,N
KSTS,MILEAGE_HISTORY,REVERSAL_STATUS,VARCHAR,REVERSAL_STATUS 항목,MILEAGE_HISTORY 테이블,N
KSTS,MILEAGE_HISTORY,REWARD_TYPE,VARCHAR,REWARD_TYPE 항목,MILEAGE_HISTORY 테이블,N
KSTS,MILEAGE_HISTORY,REWARD_ID,VARCHAR,REWARD_ID (식별자),MILEAGE_HISTORY 테이블,N
KSTS,MILEAGE_HISTORY,RT_NUMBER,VARCHAR,RT_NUMBER 항목,MILEAGE_HISTORY 테이블,N
KSTS,MILEAGE_HISTORY,REWARD_STATUS,VARCHAR,REWARD_STATUS 항목,MILEAGE_HISTORY 테이블,N
KSTS,MILEAGE_HISTORY,REQ_AMOUNT,BIGINT,REQ_AMOUNT 항목,MILEAGE_HISTORY 테이블,N
KSTS,MILEAGE_HISTORY,CARD_STATUS,VARCHAR,CARD_STATUS 항목,MILEAGE_HISTORY 테이블,N
KSTS,MILEAGE_HISTORY,TR_AMOUNT,BIGINT,TR_AMOUNT 항목,MILEAGE_HISTORY 테이블,N
KSTS,MILEAGE_HISTORY,REQ_TYPE,VARCHAR,REQ_TYPE 항목,MILEAGE_HISTORY 테이블,N
KSTS,MILEAGE_HISTORY,REWARD_RESULT,VARCHAR,REWARD_RESULT 항목,MILEAGE_HISTORY 테이블,N
KSTS,MILEAGE_POLICY,MILEAGE_ID,VARCHAR,MILEAGE_ID (식별자),MILEAGE_POLICY 테이블,N
KSTS,MILEAGE_POLICY,NAME,VARCHAR,NAME 항목,MILEAGE_POLICY 테이블,N
KSTS,MILEAGE_POLICY,ENABLE,VARCHAR,ENABLE 항목,MILEAGE_POLICY 테이블,N
KSTS,MILEAGE_POLICY,COLLECT_TYPE,VARCHAR,COLLECT_TYPE 항목,MILEAGE_POLICY 테이블,N
KSTS,MILEAGE_POLICY,COLLECT_VALUE,VARCHAR,COLLECT_VALUE 항목,MILEAGE_POLICY 테이블,N
KSTS,MILEAGE_POLICY,REWARD_TYPE,VARCHAR,REWARD_TYPE 항목,MILEAGE_POLICY 테이블,N
KSTS,MILEAGE_POLICY,REWARD_ID,VARCHAR,REWARD_ID (식별자),MILEAGE_POLICY 테이블,N
KSTS,MILEAGE_POLICY,CUSTOM_REWARD_YN,CHAR,CUSTOM_REWARD_YN (여부),MILEAGE_POLICY 테이블,N
KSTS,MILEAGE_POLICY,TARGET_AMOUNT,BIGINT,TARGET_AMOUNT 항목,MILEAGE_POLICY 테이블,N
KSTS,MILEAGE_POLICY,EXPIRY_TYPE,VARCHAR,EXPIRY_TYPE 항목,MILEAGE_POLICY 테이블,N
KSTS,MILEAGE_POLICY,EXPIRY_VALUE,VARCHAR,EXPIRY_VALUE 항목,MILEAGE_POLICY 테이블,N
KSTS,MILEAGE_POLICY,EXPIRY_REMIND_PERIOD,VARCHAR,EXPIRY_REMIND_PERIOD 항목,MILEAGE_POLICY 테이블,N
KSTS,MILEAGE_POLICY,ASP_ID,VARCHAR,ASP_ID (식별자),MILEAGE_POLICY 테이블,N
KSTS,MILEAGE_POLICY,MC_COLLECT_LIMIT,VARCHAR,MC_COLLECT_LIMIT 항목,MILEAGE_POLICY 테이블,N
KSTS,MILEAGE_POLICY,SUB_TYPE,VARCHAR,SUB_TYPE 항목,MILEAGE_POLICY 테이블,N
KSTS,MILEAGE_POLICY,MC_LIMIT_TYPE,VARCHAR,MC_LIMIT_TYPE 항목,MILEAGE_POLICY 테이블,N
KSTS,REQ_HISTORY,SEQ,VARCHAR,SEQ 항목,REQ_HISTORY 테이블,N
KSTS,REQ_HISTORY,USER_ID,VARCHAR,USER_ID (식별자),REQ_HISTORY 테이블,N
KSTS,REQ_HISTORY,ASP_ID,VARCHAR,ASP_ID (식별자),REQ_HISTORY 테이블,N
KSTS,REQ_HISTORY,MTI,VARCHAR,MTI 항목,REQ_HISTORY 테이블,N
KSTS,REQ_HISTORY,PROCESSING_CODE,VARCHAR,PROCESSING_CODE 항목,REQ_HISTORY 테이블,N
KSTS,REQ_HISTORY,MC_ID,VARCHAR,MC_ID (식별자),REQ_HISTORY 테이블,N
KSTS,REQ_HISTORY,MC_TYPE,VARCHAR,MC_TYPE 항목,REQ_HISTORY 테이블,N
KSTS,REQ_HISTORY,NR_NUMBER,VARCHAR,NR_NUMBER 항목,REQ_HISTORY 테이블,N
KSTS,REQ_HISTORY,PAR,VARCHAR,PAR 항목,REQ_HISTORY 테이블,N
KSTS,REQ_HISTORY,ORG_NR_NUMBER,VARCHAR,ORG_NR_NUMBER 항목,REQ_HISTORY 테이블,N
KSTS,REQ_HISTORY,RESULT,VARCHAR,RESULT 항목,REQ_HISTORY 테이블,N
KSTS,REQ_HISTORY,SUPPORT_INFO,VARCHAR,SUPPORT_INFO 항목,REQ_HISTORY 테이블,N
KSTS,REQ_HISTORY,AMOUNT,BIGINT,AMOUNT 항목,REQ_HISTORY 테이블,N
KSTS,REWARD_HISTORY,SEQ,VARCHAR,SEQ 항목,REWARD_HISTORY 테이블,N
KSTS,REWARD_HISTORY,TYPE,VARCHAR,TYPE 항목,REWARD_HISTORY 테이블,N
KSTS,REWARD_HISTORY,STAMP_ID,VARCHAR,STAMP_ID (식별자),REWARD_HISTORY 테이블,N
KSTS,REWARD_HISTORY,USER_ID,VARCHAR,USER_ID (식별자),REWARD_HISTORY 테이블,N
KSTS,REWARD_HISTORY,ASP_ID,VARCHAR,ASP_ID (식별자),REWARD_HISTORY 테이블,N
KSTS,REWARD_HISTORY,REWARD_TYPE,VARCHAR,REWARD_TYPE 항목,REWARD_HISTORY 테이블,N
KSTS,REWARD_HISTORY,REWARD_ID,VARCHAR,REWARD_ID (식별자),REWARD_HISTORY 테이블,N
KSTS,REWARD_HISTORY,NR_NUMBER,VARCHAR,NR_NUMBER 항목,REWARD_HISTORY 테이블,N
KSTS,REWARD_HISTORY,RT_NUMBER,VARCHAR,RT_NUMBER 항목,REWARD_HISTORY 테이블,N
KSTS,REWARD_HISTORY,STATUS,VARCHAR,STATUS 항목,REWARD_HISTORY 테이블,N
KSTS,REWARD_HISTORY,ORG_NR_NUMBER,VARCHAR,ORG_NR_NUMBER 항목,REWARD_HISTORY 테이블,N
KSTS,REWARD_HISTORY,REVERSAL_STATUS,VARCHAR,REVERSAL_STATUS 항목,REWARD_HISTORY 테이블,N
KSTS,STAMP_CARD,card_no,BIGINT,card_no (번호),STAMP_CARD 테이블,N
KSTS,STAMP_CARD,STAMP_ID,VARCHAR,STAMP_ID (식별자),STAMP_CARD 테이블,N
KSTS,STAMP_CARD,USER_ID,VARCHAR,USER_ID (식별자),STAMP_CARD 테이블,N
KSTS,STAMP_CARD,CURRENT_COUNT,VARCHAR,CURRENT_COUNT 항목,STAMP_CARD 테이블,N
KSTS,STAMP_CARD,TARGET_COUNT,VARCHAR,TARGET_COUNT 항목,STAMP_CARD 테이블,N
KSTS,STAMP_CARD,COLLECT_TYPE,VARCHAR,COLLECT_TYPE 항목,STAMP_CARD 테이블,N
KSTS,STAMP_CARD,EXPIRY_DATE,TIMESTAMP,EXPIRY_DATE 항목,STAMP_CARD 테이블,N
KSTS,STAMP_CARD,STATUS,VARCHAR,STATUS 항목,STAMP_CARD 테이블,N
KSTS,STAMP_CARD,STATUS_CODE,VARCHAR,STATUS_CODE 항목,STAMP_CARD 테이블,N
KSTS,STAMP_CARD,REWARD_TYPE,VARCHAR,REWARD_TYPE 항목,STAMP_CARD 테이블,N
KSTS,STAMP_CARD,REWARD_ID,VARCHAR,REWARD_ID (식별자),STAMP_CARD 테이블,N
KSTS,STAMP_CARD,EXPIRY_UPDATABLE,VARCHAR,EXPIRY_UPDATABLE 항목,STAMP_CARD 테이블,N
KSTS,STAMP_CARD,RT_NUMBER,VARCHAR,RT_NUMBER 항목,STAMP_CARD 테이블,N
KSTS,STAMP_CARD,TOTAL_TR_COUNT,VARCHAR,TOTAL_TR_COUNT 항목,STAMP_CARD 테이블,N
KSTS,STAMP_CARD,CURRENT_ACCUM_AMOUNT,BIGINT,CURRENT_ACCUM_AMOUNT 항목,STAMP_CARD 테이블,N
KSTS,STAMP_CARD,REWARD_RESULT,VARCHAR,REWARD_RESULT 항목,STAMP_CARD 테이블,N
KSTS,STAMP_HISTORY,SEQ,VARCHAR,SEQ 항목,STAMP_HISTORY 테이블,N
KSTS,STAMP_HISTORY,TYPE,VARCHAR,TYPE 항목,STAMP_HISTORY 테이블,N
KSTS,STAMP_HISTORY,STAMP_ID,VARCHAR,STAMP_ID (식별자),STAMP_HISTORY 테이블,N
KSTS,STAMP_HISTORY,USER_ID,VARCHAR,USER_ID (식별자),STAMP_HISTORY 테이블,N
KSTS,STAMP_HISTORY,ASP_ID,VARCHAR,ASP_ID (식별자),STAMP_HISTORY 테이블,N
KSTS,STAMP_HISTORY,MC_ID,VARCHAR,MC_ID (식별자),STAMP_HISTORY 테이블,N
KSTS,STAMP_HISTORY,MC_TYPE,VARCHAR,MC_TYPE 항목,STAMP_HISTORY 테이블,N
KSTS,STAMP_HISTORY,BEFORE_COUNT,VARCHAR,BEFORE_COUNT 항목,STAMP_HISTORY 테이블,N
KSTS,STAMP_HISTORY,AFTER_COUNT,VARCHAR,AFTER_COUNT 항목,STAMP_HISTORY 테이블,N
KSTS,STAMP_HISTORY,NR_NUMBER,VARCHAR,NR_NUMBER 항목,STAMP_HISTORY 테이블,N
KSTS,STAMP_HISTORY,PAR,VARCHAR,PAR 항목,STAMP_HISTORY 테이블,N
KSTS,STAMP_HISTORY,AMOUNT,BIGINT,AMOUNT 항목,STAMP_HISTORY 테이블,N
KSTS,STAMP_HISTORY,REVERSAL_STATUS,VARCHAR,REVERSAL_STATUS 항목,STAMP_HISTORY 테이블,N
KSTS,STAMP_HISTORY,ORG_NR_NUMBER,VARCHAR,ORG_NR_NUMBER 항목,STAMP_HISTORY 테이블,N
KSTS,STAMP_HISTORY,REWARD_STATUS,VARCHAR,REWARD_STATUS 항목,STAMP_HISTORY 테이블,N
KSTS,STAMP_HISTORY,RT_NUMBER,VARCHAR,RT_NUMBER 항목,STAMP_HISTORY 테이블,N
KSTS,STAMP_HISTORY,BEFORE_TR_COUNT,VARCHAR,BEFORE_TR_COUNT 항목,STAMP_HISTORY 테이블,N
KSTS,STAMP_HISTORY,AFTER_TR_COUNT,VARCHAR,AFTER_TR_COUNT 항목,STAMP_HISTORY 테이블,N
KSTS,STAMP_HISTORY,AFTER_ACCUM_AMOUNT,BIGINT,AFTER_ACCUM_AMOUNT 항목,STAMP_HISTORY 테이블,N
KSTS,STAMP_HISTORY,REQ_TYPE,VARCHAR,REQ_TYPE 항목,STAMP_HISTORY 테이블,N
KSTS,STAMP_HISTORY,REWARD_RESULT,VARCHAR,REWARD_RESULT 항목,STAMP_HISTORY 테이블,N
KSTS,STAMP_POLICY,STAMP_ID,VARCHAR,STAMP_ID (식별자),STAMP_POLICY 테이블,N
KSTS,STAMP_POLICY,ASP_ID,VARCHAR,ASP_ID (식별자),STAMP_POLICY 테이블,N
KSTS,STAMP_POLICY,COLLECT_TYPE,VARCHAR,COLLECT_TYPE 항목,STAMP_POLICY 테이블,N
KSTS,STAMP_POLICY,COLLECT_VALUE,VARCHAR,COLLECT_VALUE 항목,STAMP_POLICY 테이블,N
KSTS,STAMP_POLICY,EXPIRY_TYPE,VARCHAR,EXPIRY_TYPE 항목,STAMP_POLICY 테이블,N
KSTS,STAMP_POLICY,EXPIRY_VALUE,VARCHAR,EXPIRY_VALUE 항목,STAMP_POLICY 테이블,N
KSTS,STAMP_POLICY,TARGET_COUNT,VARCHAR,TARGET_COUNT 항목,STAMP_POLICY 테이블,N
KSTS,STAMP_POLICY,REWARD_TYPE,VARCHAR,REWARD_TYPE 항목,STAMP_POLICY 테이블,N
KSTS,STAMP_POLICY,REWARD_ID,VARCHAR,REWARD_ID (식별자),STAMP_POLICY 테이블,N
KSTS,STAMP_POLICY,ENABLE,VARCHAR,ENABLE 항목,STAMP_POLICY 테이블,N
KSTS,STAMP_POLICY,EXPIRY_REMIND,VARCHAR,EXPIRY_REMIND 항목,STAMP_POLICY 테이블,N
KSTS,STAMP_POLICY,CUSTOM_REWARD_YN,CHAR,CUSTOM_REWARD_YN (여부),STAMP_POLICY 테이블,N
KSTS,STAMP_POLICY,MC_COLLECT_LIMIT,VARCHAR,MC_COLLECT_LIMIT 항목,STAMP_POLICY 테이블,N
KSTS,STAMP_POLICY,NAME,VARCHAR,NAME 항목,STAMP_POLICY 테이블,N
KSTS,STAMP_POLICY,SUB_TYPE,VARCHAR,SUB_TYPE 항목,STAMP_POLICY 테이블,N
KSTS,STAMP_POLICY,MC_LIMIT_TYPE,VARCHAR,MC_LIMIT_TYPE 항목,STAMP_POLICY 테이블,N
KSTS,STAMP_VARIOUS,KEY1,VARCHAR,KEY1 항목,STAMP_VARIOUS 테이블,N
KSTS,STAMP_VARIOUS,KEY2,VARCHAR,KEY2 항목,STAMP_VARIOUS 테이블,N
KSTS,STAMP_VARIOUS,KEY3,VARCHAR,KEY3 항목,STAMP_VARIOUS 테이블,N
KSTS,STAMP_VARIOUS,KEY4,VARCHAR,KEY4 항목,STAMP_VARIOUS 테이블,N
KSTS,STAMP_VARIOUS,KEY5,VARCHAR,KEY5 항목,STAMP_VARIOUS 테이블,N
KSTS,STAMP_VARIOUS,VALUE1,VARCHAR,VALUE1 항목,STAMP_VARIOUS 테이블,N
KSTS,STAMP_VARIOUS,VALUE2,VARCHAR,VALUE2 항목,STAMP_VARIOUS 테이블,N
KSTS,STAMP_VARIOUS,VALUE3,VARCHAR,VALUE3 항목,STAMP_VARIOUS 테이블,N
KSTS,STAMP_VARIOUS,VALUE4,VARCHAR,VALUE4 항목,STAMP_VARIOUS 테이블,N
KSTS,STAMP_VARIOUS,VALUE5,VARCHAR,VALUE5 항목,STAMP_VARIOUS 테이블,N
LGMS,GAME_ROUND,RDNUM,VARCHAR,RDNUM 항목,GAME_ROUND 테이블,N
LGMS,GAME_ROUND,GAME_ID,VARCHAR,GAME_ID (식별자),GAME_ROUND 테이블,N
LGMS,GAME_ROUND,STAT,VARCHAR,STAT 항목,GAME_ROUND 테이블,N
LGMS,GAME_ROUND,STATE_CNG_RSN,VARCHAR,STATE_CNG_RSN 항목,GAME_ROUND 테이블,N
LGMS,GAME_ROUND,HAS_BONUS_NMBR,VARCHAR,HAS_BONUS_NMBR 항목,GAME_ROUND 테이블,N
LGMS,GAME_ROUND,UNIT_PRICE,VARCHAR,UNIT_PRICE 항목,GAME_ROUND 테이블,N
LGMS,GAME_ROUND,MAX_GAME_NPTKT,VARCHAR,MAX_GAME_NPTKT 항목,GAME_ROUND 테이블,N
LGMS,GAME_ROUND,MIN_GAME_NPTKT,VARCHAR,MIN_GAME_NPTKT 항목,GAME_ROUND 테이블,N
LGMS,GAME_ROUND,VERSION,VARCHAR,VERSION 항목,GAME_ROUND 테이블,N
LOP,BRAND_HISTORY,BRAND_NAME,VARCHAR,BRAND_NAME 항목,BRAND_HISTORY 테이블,N
LOP,BRAND_HISTORY,STATUS,VARCHAR,STATUS 항목,BRAND_HISTORY 테이블,N
LOP,BRAND_HISTORY,CREATOR,VARCHAR,CREATOR 항목,BRAND_HISTORY 테이블,N
LOP,BRAND_HISTORY,UPDATER,TIMESTAMP,UPDATER 항목,BRAND_HISTORY 테이블,N
LOP,CATEGORY,ID,VARCHAR,ID (식별자),CATEGORY 테이블,N
LOP,CATEGORY,NAME,VARCHAR,NAME 항목,CATEGORY 테이블,N
LOP,EXT_RECYCLE_INFO,RECYCLE_ID,VARCHAR,RECYCLE_ID (식별자),EXT_RECYCLE_INFO 테이블,N
LOP,EXT_RECYCLE_INFO,TID,VARCHAR,TID (식별자),EXT_RECYCLE_INFO 테이블,N
LOP,EXT_RECYCLE_INFO,YYYYMMDD,VARCHAR,YYYYMMDD 항목,EXT_RECYCLE_INFO 테이블,N
LOP,EXT_RECYCLE_ORDER_INFO,ORDER_ID,VARCHAR,ORDER_ID (식별자),EXT_RECYCLE_ORDER_INFO 테이블,N
LOP,EXT_RECYCLE_ORDER_INFO,ORDER_STATUS,VARCHAR,ORDER_STATUS 항목,EXT_RECYCLE_ORDER_INFO 테이블,N
LOP,EXT_RECYCLE_ORDER_INFO,TID,VARCHAR,TID (식별자),EXT_RECYCLE_ORDER_INFO 테이블,N
LOP,EXT_RECYCLE_ORDER_INFO,YYYYMMDD,VARCHAR,YYYYMMDD 항목,EXT_RECYCLE_ORDER_INFO 테이블,N
LOP,EXT_RECYCLE_ORDER_INFO,ORDERER_DTO,VARCHAR,ORDERER_DTO 항목,EXT_RECYCLE_ORDER_INFO 테이블,N
LOP,EXT_RECYCLE_ORDER_INFO,SHORT_ORDER_ID,VARCHAR,SHORT_ORDER_ID (식별자),EXT_RECYCLE_ORDER_INFO 테이블,N
LOP,EXT_RECYCLE_ORDER_INFO,USED,VARCHAR,USED 항목,EXT_RECYCLE_ORDER_INFO 테이블,N
LOP,EXT_RECYCLE_ORDER_INFO,RECYCLE_ID,VARCHAR,RECYCLE_ID (식별자),EXT_RECYCLE_ORDER_INFO 테이블,N
LOP,MADE_IN_MEMO,MADE_IN_MEMO_TYPE,VARCHAR,MADE_IN_MEMO_TYPE 항목,MADE_IN_MEMO 테이블,N
LOP,MADE_IN_MEMO,MADE_IN_MEMO_TYPE_KEY,VARCHAR,MADE_IN_MEMO_TYPE_KEY 항목,MADE_IN_MEMO 테이블,N
LOP,MADE_IN_MEMO,MADE_IN_MEMO,VARCHAR,MADE_IN_MEMO 항목,MADE_IN_MEMO 테이블,N
LOP,MEMO_POLICY,ID,VARCHAR,ID (식별자),MEMO_POLICY 테이블,N
LOP,MEMO_POLICY,ASP_ID,VARCHAR,ASP_ID (식별자),MEMO_POLICY 테이블,N
LOP,MEMO_POLICY,IMAGE_URL,VARCHAR,IMAGE_URL 항목,MEMO_POLICY 테이블,N
LOP,MEMO_POLICY,MEMO_TO,VARCHAR,MEMO_TO 항목,MEMO_POLICY 테이블,N
LOP,MEMO_POLICY,MEMO_TYPE,VARCHAR,MEMO_TYPE 항목,MEMO_POLICY 테이블,N
LOP,MEMO_POLICY,MESSAGE,VARCHAR,MESSAGE 항목,MEMO_POLICY 테이블,N
LOP,MEMO_POLICY,MESSAGE_DETAIL,VARCHAR,MESSAGE_DETAIL 항목,MEMO_POLICY 테이블,N
LOP,MEMO_POLICY,OPERATOR,VARCHAR,OPERATOR 항목,MEMO_POLICY 테이블,N
LOP,MEMO_POLICY,PRIORITY,VARCHAR,PRIORITY 항목,MEMO_POLICY 테이블,N
LOP,MEMO_POLICY,SHORT_MESSAGE_NEGATIVE,VARCHAR,SHORT_MESSAGE_NEGATIVE 항목,MEMO_POLICY 테이블,N
LOP,MEMO_POLICY,SHORT_MESSAGE_POSITIVE,VARCHAR,SHORT_MESSAGE_POSITIVE 항목,MEMO_POLICY 테이블,N
LOP,MEMO_POLICY,SHOW,VARCHAR,SHOW 항목,MEMO_POLICY 테이블,N
LOP,MEMO_STAT,YYYYMM,VARCHAR,YYYYMM 항목,MEMO_STAT 테이블,N
LOP,MEMO_STAT,MEMO_ID,VARCHAR,MEMO_ID (식별자),MEMO_STAT 테이블,N
LOP,MEMO_STAT,ORDER_ID,VARCHAR,ORDER_ID (식별자),MEMO_STAT 테이블,N
LOP,MEMO_STAT,USER_ID,VARCHAR,USER_ID (식별자),MEMO_STAT 테이블,N
LOP,MEMO_STAT,IS_SELECT,VARCHAR,IS_SELECT 항목,MEMO_STAT 테이블,N
LOP,MEMO_STAT,CANCEL,VARCHAR,CANCEL 항목,MEMO_STAT 테이블,N
LOP,MEMO_STAT,YYYYMMDD,VARCHAR,YYYYMMDD 항목,MEMO_STAT 테이블,N
LOP,MEMO_STAT,YYYYMMDDHHMMSS,VARCHAR,YYYYMMDDHHMMSS 항목,MEMO_STAT 테이블,N
LOP,MENU_HISTORY,ID,VARCHAR,ID (식별자),MENU_HISTORY 테이블,N
LOP,MENU_HISTORY,COUNT,VARCHAR,COUNT 항목,MENU_HISTORY 테이블,N
LOP,MENU_HISTORY,GROUP_NAME,VARCHAR,GROUP_NAME 항목,MENU_HISTORY 테이블,N
LOP,MENU_HISTORY,MENU_ID,VARCHAR,MENU_ID (식별자),MENU_HISTORY 테이블,N
LOP,MENU_HISTORY,NAME,VARCHAR,NAME 항목,MENU_HISTORY 테이블,N
LOP,MENU_HISTORY,VERSION,VARCHAR,VERSION 항목,MENU_HISTORY 테이블,N
LOP,MENU_HISTORY,ORDER_ID,VARCHAR,ORDER_ID (식별자),MENU_HISTORY 테이블,N
LOP,MENU_HISTORY,TOTAL_PRICE,VARCHAR,TOTAL_PRICE 항목,MENU_HISTORY 테이블,N
LOP,MENU_HISTORY,PRICE,VARCHAR,PRICE 항목,MENU_HISTORY 테이블,N
LOP,MENU_HISTORY,ECO_FRIENDLY,VARCHAR,ECO_FRIENDLY 항목,MENU_HISTORY 테이블,N
LOP,MENU_HISTORY_OPTION,ID,VARCHAR,ID (식별자),MENU_HISTORY_OPTION 테이블,N
LOP,MENU_HISTORY_OPTION,MENU_OPTION_ID,VARCHAR,MENU_OPTION_ID (식별자),MENU_HISTORY_OPTION 테이블,N
LOP,MENU_HISTORY_OPTION,NAME,VARCHAR,NAME 항목,MENU_HISTORY_OPTION 테이블,N
LOP,MENU_HISTORY_OPTION,MENU_HISTORY_ID,VARCHAR,MENU_HISTORY_ID (식별자),MENU_HISTORY_OPTION 테이블,N
LOP,MENU_HISTORY_OPTION,PRIORITY,VARCHAR,PRIORITY 항목,MENU_HISTORY_OPTION 테이블,N
LOP,MENU_HISTORY_OPTION_ITEM,MENU_HISTORY_OPTION_ID,VARCHAR,MENU_HISTORY_OPTION_ID (식별자),MENU_HISTORY_OPTION_ITEM 테이블,N
LOP,MENU_HISTORY_OPTION_ITEM,COUNT,VARCHAR,COUNT 항목,MENU_HISTORY_OPTION_ITEM 테이블,N
LOP,MENU_HISTORY_OPTION_ITEM,MENU_OPTION_ITEM_ID,VARCHAR,MENU_OPTION_ITEM_ID (식별자),MENU_HISTORY_OPTION_ITEM 테이블,N
LOP,MENU_HISTORY_OPTION_ITEM,NAME,VARCHAR,NAME 항목,MENU_HISTORY_OPTION_ITEM 테이블,N
LOP,MENU_HISTORY_OPTION_ITEM,PRICE,VARCHAR,PRICE 항목,MENU_HISTORY_OPTION_ITEM 테이블,N
LOP,MENU_HISTORY_OPTION_ITEM,OPTION_TYPE,VARCHAR,OPTION_TYPE 항목,MENU_HISTORY_OPTION_ITEM 테이블,N
LOP,MENU_HISTORY_OPTION_ITEM,PRIORITY,VARCHAR,PRIORITY 항목,MENU_HISTORY_OPTION_ITEM 테이블,N
LOP,MENU_HISTORY_SUB_ITEM,MENU_HISTORY_ID,VARCHAR,MENU_HISTORY_ID (식별자),MENU_HISTORY_SUB_ITEM 테이블,N
LOP,MENU_HISTORY_SUB_ITEM,COUNT,VARCHAR,COUNT 항목,MENU_HISTORY_SUB_ITEM 테이블,N
LOP,MENU_HISTORY_SUB_ITEM,MENU_SUB_ITEM_ID,VARCHAR,MENU_SUB_ITEM_ID (식별자),MENU_HISTORY_SUB_ITEM 테이블,N
LOP,MENU_HISTORY_SUB_ITEM,NAME,VARCHAR,NAME 항목,MENU_HISTORY_SUB_ITEM 테이블,N
LOP,MENU_HISTORY_SUB_ITEM,PRICE,VARCHAR,PRICE 항목,MENU_HISTORY_SUB_ITEM 테이블,N
LOP,MENU_HISTORY_SUB_ITEM,PRIORITY,VARCHAR,PRIORITY 항목,MENU_HISTORY_SUB_ITEM 테이블,N
LOP,ORDER_HISTORY,ID,VARCHAR,ID (식별자),ORDER_HISTORY 테이블,N
LOP,ORDER_HISTORY,ORDER_ID,VARCHAR,ORDER_ID (식별자),ORDER_HISTORY 테이블,N
LOP,ORDER_HISTORY,DELIVERY_AGENCY,VARCHAR,DELIVERY_AGENCY 항목,ORDER_HISTORY 테이블,N
LOP,ORDER_HISTORY,DELIVERY_BASE_FEE,VARCHAR,DELIVERY_BASE_FEE 항목,ORDER_HISTORY 테이블,N
LOP,ORDER_HISTORY,DELIVERY_DISTANCE,VARCHAR,DELIVERY_DISTANCE 항목,ORDER_HISTORY 테이블,N
LOP,ORDER_HISTORY,DELIVERY_EXTRA_FEE,VARCHAR,DELIVERY_EXTRA_FEE 항목,ORDER_HISTORY 테이블,N
LOP,ORDER_HISTORY,DELIVERY_PICKUP_EXPECTED_AT,VARCHAR,DELIVERY_PICKUP_EXPECTED_AT 항목,ORDER_HISTORY 테이블,N
LOP,ORDER_HISTORY,DELIVERY_PICKUP_REQUESTED_AT,VARCHAR,DELIVERY_PICKUP_REQUESTED_AT 항목,ORDER_HISTORY 테이블,N
LOP,ORDER_HISTORY,DELIVERY_STATUS,VARCHAR,DELIVERY_STATUS 항목,ORDER_HISTORY 테이블,N
LOP,ORDER_HISTORY,DELIVERY_TOTAL_FEE,VARCHAR,DELIVERY_TOTAL_FEE 항목,ORDER_HISTORY 테이블,N
LOP,ORDER_HISTORY,DELIVERY_UPDATED_YYYYMMDD,TIMESTAMP,DELIVERY_UPDATED_YYYYMMDD 항목,ORDER_HISTORY 테이블,N
LOP,ORDER_HISTORY,EST_TIME,VARCHAR,EST_TIME 항목,ORDER_HISTORY 테이블,N
LOP,ORDER_HISTORY,STATUS,VARCHAR,STATUS 항목,ORDER_HISTORY 테이블,N
LOP,ORDER_HISTORY,STATUS_DETAILS,VARCHAR,STATUS_DETAILS 항목,ORDER_HISTORY 테이블,N
LOP,ORDER_HISTORY,DELIVERY_TYPE,VARCHAR,DELIVERY_TYPE 항목,ORDER_HISTORY 테이블,N
LOP,ORDER_HISTORY,TID,VARCHAR,TID (식별자),ORDER_HISTORY 테이블,N
LOP,ORDER_HISTORY,HOST_NAME,VARCHAR,HOST_NAME 항목,ORDER_HISTORY 테이블,N
LOP,ORDER_HISTORY,SEQ,VARCHAR,SEQ 항목,ORDER_HISTORY 테이블,N
LOP,ORDER_INFO,ID,VARCHAR,ID (식별자),ORDER_INFO 테이블,N
LOP,ORDER_INFO,ORDER_DATE_YYYYMM,TIMESTAMP,ORDER_DATE_YYYYMM 항목,ORDER_INFO 테이블,N
LOP,ORDER_INFO,ORDER_DATE_YYYYMMDD,TIMESTAMP,ORDER_DATE_YYYYMMDD 항목,ORDER_INFO 테이블,N
LOP,ORDER_INFO,CANCEL_MEMO,VARCHAR,CANCEL_MEMO 항목,ORDER_INFO 테이블,N
LOP,ORDER_INFO,EST_TIME,VARCHAR,EST_TIME 항목,ORDER_INFO 테이블,N
LOP,ORDER_INFO,MEMO,VARCHAR,MEMO 항목,ORDER_INFO 테이블,N
LOP,ORDER_INFO,MERCHANT_ID,VARCHAR,MERCHANT_ID (식별자),ORDER_INFO 테이블,N
LOP,ORDER_INFO,PLACE_ID,VARCHAR,PLACE_ID (식별자),ORDER_INFO 테이블,N
LOP,ORDER_INFO,PLACE_NAME,VARCHAR,PLACE_NAME 항목,ORDER_INFO 테이블,N
LOP,ORDER_INFO,PRINT_NAME,VARCHAR,PRINT_NAME 항목,ORDER_INFO 테이블,N
LOP,ORDER_INFO,STATUS,VARCHAR,STATUS 항목,ORDER_INFO 테이블,N
LOP,ORDER_INFO,STATUS_DETAILS,VARCHAR,STATUS_DETAILS 항목,ORDER_INFO 테이블,N
LOP,ORDER_INFO,ORDERER_ID,VARCHAR,ORDERER_ID (식별자),ORDER_INFO 테이블,N
LOP,ORDER_INFO,PAYMENT_NR_NUMBER,VARCHAR,PAYMENT_NR_NUMBER 항목,ORDER_INFO 테이블,N
LOP,ORDER_INFO,TOTAL_AMOUNT,BIGINT,TOTAL_AMOUNT 항목,ORDER_INFO 테이블,N
LOP,ORDER_INFO,DELIVERY_STATUS,VARCHAR,DELIVERY_STATUS 항목,ORDER_INFO 테이블,N
LOP,ORDER_INFO,USER_ID,VARCHAR,USER_ID (식별자),ORDER_INFO 테이블,N
LOP,ORDER_INFO,DELIVERY_PICKUP_REQUESTED_AT,VARCHAR,DELIVERY_PICKUP_REQUESTED_AT 항목,ORDER_INFO 테이블,N
LOP,ORDER_INFO,DELIVERY_PICKUP_EXPECTED_AT,VARCHAR,DELIVERY_PICKUP_EXPECTED_AT 항목,ORDER_INFO 테이블,N
LOP,ORDER_INFO,DELIVERY_DISTANCE,VARCHAR,DELIVERY_DISTANCE 항목,ORDER_INFO 테이블,N
LOP,ORDER_INFO,DELIVERY_TOTAL_FEE,VARCHAR,DELIVERY_TOTAL_FEE 항목,ORDER_INFO 테이블,N
LOP,ORDER_INFO,DELIVERY_BASE_FEE,VARCHAR,DELIVERY_BASE_FEE 항목,ORDER_INFO 테이블,N
LOP,ORDER_INFO,DELIVERY_EXTRA_FEE,VARCHAR,DELIVERY_EXTRA_FEE 항목,ORDER_INFO 테이블,N
LOP,ORDER_INFO,CANCEL_BURDEN,VARCHAR,CANCEL_BURDEN 항목,ORDER_INFO 테이블,N
LOP,ORDER_INFO,CANCEL_TYPE,VARCHAR,CANCEL_TYPE 항목,ORDER_INFO 테이블,N
LOP,ORDER_INFO,DELIVERY_AGENCY,VARCHAR,DELIVERY_AGENCY 항목,ORDER_INFO 테이블,N
LOP,ORDER_INFO,DELIVERY_CANCEL_TRY_COUNT,VARCHAR,DELIVERY_CANCEL_TRY_COUNT 항목,ORDER_INFO 테이블,N
LOP,ORDER_INFO,DELIVERY_CANCEL_TYPE,VARCHAR,DELIVERY_CANCEL_TYPE 항목,ORDER_INFO 테이블,N
LOP,ORDER_INFO,DELIVERY_CANCEL_BURDEN,VARCHAR,DELIVERY_CANCEL_BURDEN 항목,ORDER_INFO 테이블,N
LOP,ORDER_INFO,DELIVERY_UPDATED_YYYYMMDD,TIMESTAMP,DELIVERY_UPDATED_YYYYMMDD 항목,ORDER_INFO 테이블,N
LOP,ORDER_INFO,ORG_NR_NUMBER,VARCHAR,ORG_NR_NUMBER 항목,ORDER_INFO 테이블,N
LOP,ORDER_INFO,ORG_APPROVAL_DATE_YYYYMMDD,TIMESTAMP,ORG_APPROVAL_DATE_YYYYMMDD 항목,ORDER_INFO 테이블,N
LOP,ORDER_INFO,DELIVERY_CANCEL_MEMO,VARCHAR,DELIVERY_CANCEL_MEMO 항목,ORDER_INFO 테이블,N
LOP,ORDER_INFO,MGS_USERD,VARCHAR,MGS_USERD 항목,ORDER_INFO 테이블,N
LOP,ORDER_INFO,KA_ID,VARCHAR,KA_ID (식별자),ORDER_INFO 테이블,N
LOP,ORDER_INFO,DELIVERY_TYPE,VARCHAR,DELIVERY_TYPE 항목,ORDER_INFO 테이블,N
LOP,ORDER_INFO,DELIVERY_DONE,VARCHAR,DELIVERY_DONE 항목,ORDER_INFO 테이블,N
LOP,ORDER_INFO,AGENCY_ORDER_ID,VARCHAR,AGENCY_ORDER_ID (식별자),ORDER_INFO 테이블,N
LOP,ORDER_INFO,TYPE,VARCHAR,TYPE 항목,ORDER_INFO 테이블,N
LOP,ORDER_INFO,SEQ,VARCHAR,SEQ 항목,ORDER_INFO 테이블,N
LOP,ORDER_INFO,INCOMING_CATEGORY_ID,VARCHAR,INCOMING_CATEGORY_ID (식별자),ORDER_INFO 테이블,N
LOP,ORDER_INFO,ASP_ID,VARCHAR,ASP_ID (식별자),ORDER_INFO 테이블,N
LOP,ORDER_INFO,REVIEW_STATUS,VARCHAR,REVIEW_STATUS 항목,ORDER_INFO 테이블,N
LOP,ORDER_INFO,SHORT_ID,VARCHAR,SHORT_ID (식별자),ORDER_INFO 테이블,N
LOP,ORDER_INFO,MEMO_RIDER,VARCHAR,MEMO_RIDER 항목,ORDER_INFO 테이블,N
LOP,ORDER_INFO,ECO_FRIENDLY,VARCHAR,ECO_FRIENDLY 항목,ORDER_INFO 테이블,N
LOP,ORDER_INFO,ALIAS_ID,VARCHAR,ALIAS_ID (식별자),ORDER_INFO 테이블,N
LOP,ORDER_INFO,AGENCY_ORDER_LAST_STATUS,VARCHAR,AGENCY_ORDER_LAST_STATUS 항목,ORDER_INFO 테이블,N
LOP,ORDERER,ID,VARCHAR,ID (식별자),ORDERER 테이블,N
LOP,ORDERER,ADDR,VARCHAR,ADDR 항목,ORDERER 테이블,N
LOP,ORDERER,ADDR_DETAIL,VARCHAR,ADDR_DETAIL 항목,ORDERER 테이블,N
LOP,ORDERER,PAR,VARCHAR,PAR 항목,ORDERER 테이블,N
LOP,ORDERER,USER_ID,VARCHAR,USER_ID (식별자),ORDERER 테이블,N
LOP,ORDERER,ZIP_CODE,VARCHAR,ZIP_CODE 항목,ORDERER 테이블,N
LOP,ORDERER,LATITUDE,VARCHAR,LATITUDE 항목,ORDERER 테이블,N
LOP,ORDERER,LONGITUDE,VARCHAR,LONGITUDE 항목,ORDERER 테이블,N
LOP,ORDERER,LAW_ADM_NAME,VARCHAR,LAW_ADM_NAME 항목,ORDERER 테이블,N
LOP,ORDERER,HANG_ADM_NAME,VARCHAR,HANG_ADM_NAME 항목,ORDERER 테이블,N
LOP,ORDERER,LAW_ADM_CODE,VARCHAR,LAW_ADM_CODE 항목,ORDERER 테이블,N
LOP,ORDERER,HANG_ADM_CODE,VARCHAR,HANG_ADM_CODE 항목,ORDERER 테이블,N
LOP,ORDERER,OLD_ADDR,VARCHAR,OLD_ADDR 항목,ORDERER 테이블,N
LOP,ORDERER,OLD_ADDR_DETAIL,VARCHAR,OLD_ADDR_DETAIL 항목,ORDERER 테이블,N
LOP,ORDERER,INCOMING_KA_ID,VARCHAR,INCOMING_KA_ID (식별자),ORDERER 테이블,N
LOP,ORDERER,OLD,VARCHAR,OLD 항목,ORDERER 테이블,N
LOP,PAYMENT,NR_NUMBER,VARCHAR,NR_NUMBER 항목,PAYMENT 테이블,N
LOP,PAYMENT,ASP_ID,VARCHAR,ASP_ID (식별자),PAYMENT 테이블,N
LOP,PAYMENT,DE90,VARCHAR,DE90 항목,PAYMENT 테이블,N
LOP,PAYMENT,MERCHANT_ID,VARCHAR,MERCHANT_ID (식별자),PAYMENT 테이블,N
LOP,PAYMENT,ORDER_ID,VARCHAR,ORDER_ID (식별자),PAYMENT 테이블,N
LOP,PAYMENT,ORG_AMOUNT,BIGINT,ORG_AMOUNT 항목,PAYMENT 테이블,N
LOP,PAYMENT,PROCESSING_CODE,VARCHAR,PROCESSING_CODE 항목,PAYMENT 테이블,N
LOP,PAYMENT,REASON_CODE,VARCHAR,REASON_CODE 항목,PAYMENT 테이블,N
LOP,PAYMENT,TIP_AMOUNT,BIGINT,TIP_AMOUNT 항목,PAYMENT 테이블,N
LOP,PAYMENT,TOKEN,VARCHAR,TOKEN 항목,PAYMENT 테이블,N
LOP,PAYMENT,TR_AMOUNT,BIGINT,TR_AMOUNT 항목,PAYMENT 테이블,N
LOP,PAYMENT,USER_ID,VARCHAR,USER_ID (식별자),PAYMENT 테이블,N
LOP,PAYMENT,LOG_TID,VARCHAR,LOG_TID (식별자),PAYMENT 테이블,N
LOP,PAYMENT,DISCOUNT_AMOUNT,BIGINT,DISCOUNT_AMOUNT 항목,PAYMENT 테이블,N
LOP,PAYMENT,TIP_GRADE_AMOUNT,BIGINT,TIP_GRADE_AMOUNT 항목,PAYMENT 테이블,N
LOP,PAYMENT,TIP_EXTRA_DONG_AMOUNT,BIGINT,TIP_EXTRA_DONG_AMOUNT 항목,PAYMENT 테이블,N
LOP,PAYMENT,TYPE,VARCHAR,TYPE 항목,PAYMENT 테이블,N
LOP,PAYMENT,APPROVAL_CODE,VARCHAR,APPROVAL_CODE 항목,PAYMENT 테이블,N
LOP,PAYMENT,MENU_AMOUNT,BIGINT,MENU_AMOUNT 항목,PAYMENT 테이블,N
LOP,PAYMENT,PLACE_ID,VARCHAR,PLACE_ID (식별자),PAYMENT 테이블,N
LOP,PAYMENT,PLACE_NAME,VARCHAR,PLACE_NAME 항목,PAYMENT 테이블,N
LOP,PAYMENT,YYYYMMDD,VARCHAR,YYYYMMDD 항목,PAYMENT 테이블,N
LOP,PAYMENT,DISCOUNT_AMOUNT_PICKUP,BIGINT,DISCOUNT_AMOUNT_PICKUP 항목,PAYMENT 테이블,N
LOP,PAYMENT,USED_USER_POINT,VARCHAR,USED_USER_POINT 항목,PAYMENT 테이블,N
LOP,PAYMENT,TIP_EXTRA_HOUR_AMOUNT,BIGINT,TIP_EXTRA_HOUR_AMOUNT 항목,PAYMENT 테이블,N
LOP,PAYMENT,ECO_DEPOSIT_AMOUNT,BIGINT,ECO_DEPOSIT_AMOUNT 항목,PAYMENT 테이블,N
LOP,PLACE,ID,VARCHAR,ID (식별자),PLACE 테이블,N
LOP,PLACE,ADDR,VARCHAR,ADDR 항목,PLACE 테이블,N
LOP,PLACE,ASP_ID,VARCHAR,ASP_ID (식별자),PLACE 테이블,N
LOP,PLACE,BIZ_NO,BIGINT,BIZ_NO (번호),PLACE 테이블,N
LOP,PLACE,BIZ_TYPE_NAME,VARCHAR,BIZ_TYPE_NAME 항목,PLACE 테이블,N
LOP,PLACE,CATEGORY_CODE,VARCHAR,CATEGORY_CODE 항목,PLACE 테이블,N
LOP,PLACE,DELIVERY_MEMO,VARCHAR,DELIVERY_MEMO 항목,PLACE 테이블,N
LOP,PLACE,HOLIDAY_MEMO,VARCHAR,HOLIDAY_MEMO 항목,PLACE 테이블,N
LOP,PLACE,KA_ID,VARCHAR,KA_ID (식별자),PLACE 테이블,N
LOP,PLACE,MERCHANT_ID,VARCHAR,MERCHANT_ID (식별자),PLACE 테이블,N
LOP,PLACE,MIN_AMOUNT,BIGINT,MIN_AMOUNT 항목,PLACE 테이블,N
LOP,PLACE,NAME,VARCHAR,NAME 항목,PLACE 테이블,N
LOP,PLACE,OPEN,VARCHAR,OPEN 항목,PLACE 테이블,N
LOP,PLACE,ORDERABLE_TIME_MEMO,VARCHAR,ORDERABLE_TIME_MEMO 항목,PLACE 테이블,N
LOP,PLACE,SIMPLE_INTRO,VARCHAR,SIMPLE_INTRO 항목,PLACE 테이블,N
LOP,PLACE,TIP_AMOUNT,BIGINT,TIP_AMOUNT 항목,PLACE 테이블,N
LOP,PLACE,ZIP_CODE,VARCHAR,ZIP_CODE 항목,PLACE 테이블,N
LOP,PLACE,DELIVERY_AGENCY,VARCHAR,DELIVERY_AGENCY 항목,PLACE 테이블,N
LOP,PLACE,PAUSE,VARCHAR,PAUSE 항목,PLACE 테이블,N
LOP,PLACE,MADE_IN_MEMO,VARCHAR,MADE_IN_MEMO 항목,PLACE 테이블,N
LOP,PLACE,USER_ID,VARCHAR,USER_ID (식별자),PLACE 테이블,N
LOP,PLACE,MONTHLY_FEE_SKIP_COUNT,VARCHAR,MONTHLY_FEE_SKIP_COUNT 항목,PLACE 테이블,N
LOP,PLACE,REMIND_ALARM_INTERVAL,VARCHAR,REMIND_ALARM_INTERVAL 항목,PLACE 테이블,N
LOP,PLACE,ORDERABLE_DIAMETER,VARCHAR,ORDERABLE_DIAMETER 항목,PLACE 테이블,N
LOP,PLACE,SOUND_FILE_DURATION,VARCHAR,SOUND_FILE_DURATION 항목,PLACE 테이블,N
LOP,PLACE,SINCERITY,VARCHAR,SINCERITY 항목,PLACE 테이블,N
LOP,PLACE,LAST_WEEK_ORDER_COUNT,VARCHAR,LAST_WEEK_ORDER_COUNT 항목,PLACE 테이블,N
LOP,PLACE,STATUS,VARCHAR,STATUS 항목,PLACE 테이블,N
LOP,PLACE,AUTO_DELIVERY_MODE,VARCHAR,AUTO_DELIVERY_MODE 항목,PLACE 테이블,N
LOP,PLACE,TIP_EXTRA_DONG_TYPE,VARCHAR,TIP_EXTRA_DONG_TYPE 항목,PLACE 테이블,N
LOP,PLACE,CATEGORY,VARCHAR,CATEGORY 항목,PLACE 테이블,N
LOP,PLACE,TYPE,VARCHAR,TYPE 항목,PLACE 테이블,N
LOP,PLACE,PICKUP_DISCOUNT_VALUE,VARCHAR,PICKUP_DISCOUNT_VALUE 항목,PLACE 테이블,N
LOP,PLACE,PICKUP_DISCOUNT_VALUE_TYPE,VARCHAR,PICKUP_DISCOUNT_VALUE_TYPE 항목,PLACE 테이블,N
LOP,PLACE,PICKUP_STATUS,VARCHAR,PICKUP_STATUS 항목,PLACE 테이블,N
LOP,PLACE,DELIVERY_STATUS,VARCHAR,DELIVERY_STATUS 항목,PLACE 테이블,N
LOP,PLACE,PICKUP_DISCOUNT_AMOUNT_MAX,BIGINT,PICKUP_DISCOUNT_AMOUNT_MAX 항목,PLACE 테이블,N
LOP,PLACE,PICKUP_MIN_AMOUNT,BIGINT,PICKUP_MIN_AMOUNT 항목,PLACE 테이블,N
LOP,PLACE,PICKUP_DISCOUNT_MIN_AMOUNT,BIGINT,PICKUP_DISCOUNT_MIN_AMOUNT 항목,PLACE 테이블,N
LOP,PLACE,MIN_TIP_GRADE_AMOUNT,BIGINT,MIN_TIP_GRADE_AMOUNT 항목,PLACE 테이블,N
LOP,PLACE,REVIEW_COUNT,VARCHAR,REVIEW_COUNT 항목,PLACE 테이블,N
LOP,PLACE,REVIEW_SCORE,VARCHAR,REVIEW_SCORE 항목,PLACE 테이블,N
LOP,PLACE,RANK,VARCHAR,RANK 항목,PLACE 테이블,N
LOP,PLACE,SHOW,VARCHAR,SHOW 항목,PLACE 테이블,N
LOP,PLACE,STATUS_DETAIL,VARCHAR,STATUS_DETAIL 항목,PLACE 테이블,N
LOP,PLACE,BRAND_CODE,VARCHAR,BRAND_CODE 항목,PLACE 테이블,N
LOP,PLACE,IS_DUMMY,VARCHAR,IS_DUMMY 항목,PLACE 테이블,N
LOP,PLACE_CATEGORY_LIST,PLACE_ID,VARCHAR,PLACE_ID (식별자),PLACE_CATEGORY_LIST 테이블,N
LOP,PLACE_CATEGORY_LIST,CATEGORY_ID,VARCHAR,CATEGORY_ID (식별자),PLACE_CATEGORY_LIST 테이블,N
LOP,PLACE_CATEGORY_LIST,TYPE,VARCHAR,TYPE 항목,PLACE_CATEGORY_LIST 테이블,N
LOP,PLACE_CATEGORY_LIST,CATEGORY_NAME,VARCHAR,CATEGORY_NAME 항목,PLACE_CATEGORY_LIST 테이블,N
LOP,PLACE_CONVENIENCE_LIST,PLACE_ID,VARCHAR,PLACE_ID (식별자),PLACE_CONVENIENCE_LIST 테이블,N
LOP,PLACE_CONVENIENCE_LIST,CONVENIENCE_LIST,VARCHAR,CONVENIENCE_LIST (상태),PLACE_CONVENIENCE_LIST 테이블,N
LOP,PLACE_HOLIDAY_LIST,PLACE_ID,VARCHAR,PLACE_ID (식별자),PLACE_HOLIDAY_LIST 테이블,N
LOP,PLACE_HOLIDAY_LIST,HOLIDAY_LIST,VARCHAR,HOLIDAY_LIST (상태),PLACE_HOLIDAY_LIST 테이블,N
LOP,PLACE_HOLIDAY_LIST,PERIOD,VARCHAR,PERIOD 항목,PLACE_HOLIDAY_LIST 테이블,N
LOP,PLACE_HOLIDAY_LIST,TYPE,VARCHAR,TYPE 항목,PLACE_HOLIDAY_LIST 테이블,N
LOP,PLACE_INTRO_LIST,PLACE_ID,VARCHAR,PLACE_ID (식별자),PLACE_INTRO_LIST 테이블,N
LOP,PLACE_INTRO_LIST,CONTENT,VARCHAR,CONTENT 항목,PLACE_INTRO_LIST 테이블,N
LOP,PLACE_INTRO_LIST,TITLE,VARCHAR,TITLE 항목,PLACE_INTRO_LIST 테이블,N
LOP,PLACE_RANK_POLICY,ASP_ID,VARCHAR,ASP_ID (식별자),PLACE_RANK_POLICY 테이블,N
LOP,PLACE_RANK_POLICY,THRESHOLD_REVIEW_COUNT,VARCHAR,THRESHOLD_REVIEW_COUNT 항목,PLACE_RANK_POLICY 테이블,N
LOP,PLACE_RANK_POLICY_CLASS,ID,VARCHAR,ID (식별자),PLACE_RANK_POLICY_CLASS 테이블,N
LOP,PLACE_RANK_POLICY_CLASS,ASP_ID,VARCHAR,ASP_ID (식별자),PLACE_RANK_POLICY_CLASS 테이블,N
LOP,PLACE_RANK_POLICY_CLASS,RANK_LEVEL,VARCHAR,RANK_LEVEL 항목,PLACE_RANK_POLICY_CLASS 테이블,N
LOP,PLACE_RANK_POLICY_CLASS,IMAGE_URL,VARCHAR,IMAGE_URL 항목,PLACE_RANK_POLICY_CLASS 테이블,N
LOP,PLACE_RANK_POLICY_CLASS,NAME,VARCHAR,NAME 항목,PLACE_RANK_POLICY_CLASS 테이블,N
LOP,PLACE_RANK_POLICY_CLASS,DETAIL_IMAGE_URL,VARCHAR,DETAIL_IMAGE_URL 항목,PLACE_RANK_POLICY_CLASS 테이블,N
LOP,PLACE_RANK_POLICY_CLASS,PERCENTAGE,VARCHAR,PERCENTAGE 항목,PLACE_RANK_POLICY_CLASS 테이블,N
LOP,PLACE_REFRESH_HHMM,PLACE_ID,VARCHAR,PLACE_ID (식별자),PLACE_REFRESH_HHMM 테이블,N
LOP,PLACE_REFRESH_HHMM,TYPE,VARCHAR,TYPE 항목,PLACE_REFRESH_HHMM 테이블,N
LOP,PLACE_REFRESH_HHMM,HHMM,VARCHAR,HHMM 항목,PLACE_REFRESH_HHMM 테이블,N
LOP,PLACE_REVIEW_POLICY,ASP_ID,VARCHAR,ASP_ID (식별자),PLACE_REVIEW_POLICY 테이블,N
LOP,PLACE_REVIEW_POLICY,TYPE,VARCHAR,TYPE 항목,PLACE_REVIEW_POLICY 테이블,N
LOP,PLACE_REVIEW_POLICY,NAME,VARCHAR,NAME 항목,PLACE_REVIEW_POLICY 테이블,N
LOP,PLACE_REVIEW_POLICY,POSITIVE_KEYWORD,VARCHAR,POSITIVE_KEYWORD 항목,PLACE_REVIEW_POLICY 테이블,N
LOP,PLACE_REVIEW_POLICY,NEGATIVE_KEYWORD,VARCHAR,NEGATIVE_KEYWORD 항목,PLACE_REVIEW_POLICY 테이블,N
LOP,PLACE_REVIEW_POLICY,IMAGE_URL,VARCHAR,IMAGE_URL 항목,PLACE_REVIEW_POLICY 테이블,N
LOP,PLACE_REVIEW_POLICY,PRIORITY,VARCHAR,PRIORITY 항목,PLACE_REVIEW_POLICY 테이블,N
LOP,PLACE_REVIEW_POLICY,USE,VARCHAR,USE 항목,PLACE_REVIEW_POLICY 테이블,N
LOP,PLACE_SETTING_STATUS,PLACE_ID,VARCHAR,PLACE_ID (식별자),PLACE_SETTING_STATUS 테이블,N
LOP,PLACE_SETTING_STATUS,IS_DONE_DELIVERY,VARCHAR,IS_DONE_DELIVERY 항목,PLACE_SETTING_STATUS 테이블,N
LOP,PLACE_SETTING_STATUS,IS_DONE_PICKUP,VARCHAR,IS_DONE_PICKUP 항목,PLACE_SETTING_STATUS 테이블,N
LOP,PLACE_TAG_LIST,PLACE_ID,VARCHAR,PLACE_ID (식별자),PLACE_TAG_LIST 테이블,N
LOP,PLACE_TAG_LIST,TAG_LIST,VARCHAR,TAG_LIST (상태),PLACE_TAG_LIST 테이블,N
LOP,PLACE_TIME_DATA_LIST,PLACE_ID,VARCHAR,PLACE_ID (식별자),PLACE_TIME_DATA_LIST 테이블,N
LOP,PLACE_TIME_DATA_LIST,MEMO,VARCHAR,MEMO 항목,PLACE_TIME_DATA_LIST 테이블,N
LOP,PLACE_TIME_DATA_LIST,NAME,VARCHAR,NAME 항목,PLACE_TIME_DATA_LIST 테이블,N
LOP,PLACE_TIME_DATA_LIST,DAY_TYPE,VARCHAR,DAY_TYPE 항목,PLACE_TIME_DATA_LIST 테이블,N
LOP,PLACE_TIP_EXTRA_DONG,ID,VARCHAR,ID (식별자),PLACE_TIP_EXTRA_DONG 테이블,N
LOP,PLACE_TIP_EXTRA_DONG,KA_ID,VARCHAR,KA_ID (식별자),PLACE_TIP_EXTRA_DONG 테이블,N
LOP,PLACE_TIP_EXTRA_DONG,NAME,VARCHAR,NAME 항목,PLACE_TIP_EXTRA_DONG 테이블,N
LOP,PLACE_TIP_EXTRA_DONG,TIP_AMOUNT,BIGINT,TIP_AMOUNT 항목,PLACE_TIP_EXTRA_DONG 테이블,N
LOP,PLACE_TIP_EXTRA_DONG,PLACE_ID,VARCHAR,PLACE_ID (식별자),PLACE_TIP_EXTRA_DONG 테이블,N
LOP,PLACE_TIP_EXTRA_DONG,CODE,VARCHAR,CODE 항목,PLACE_TIP_EXTRA_DONG 테이블,N
LOP,PLACE_TIP_EXTRA_DONG,TYPE,VARCHAR,TYPE 항목,PLACE_TIP_EXTRA_DONG 테이블,N
LOP,PLACE_TIP_EXTRA_HOUR,ID,VARCHAR,ID (식별자),PLACE_TIP_EXTRA_HOUR 테이블,N
LOP,PLACE_TIP_EXTRA_HOUR,DAY,VARCHAR,DAY 항목,PLACE_TIP_EXTRA_HOUR 테이블,N
LOP,PLACE_TIP_EXTRA_HOUR,PLACE_ID,VARCHAR,PLACE_ID (식별자),PLACE_TIP_EXTRA_HOUR 테이블,N
LOP,PLACE_TIP_EXTRA_HOUR,AMOUNT,BIGINT,AMOUNT 항목,PLACE_TIP_EXTRA_HOUR 테이블,N
LOP,PLACE_TIP_GRADE,ID,VARCHAR,ID (식별자),PLACE_TIP_GRADE 테이블,N
LOP,PLACE_TIP_GRADE,BASE_AMOUNT,BIGINT,BASE_AMOUNT 항목,PLACE_TIP_GRADE 테이블,N
LOP,PLACE_TIP_GRADE,TIP_AMOUNT,BIGINT,TIP_AMOUNT 항목,PLACE_TIP_GRADE 테이블,N
LOP,PLACE_TIP_GRADE,PLACE_ID,VARCHAR,PLACE_ID (식별자),PLACE_TIP_GRADE 테이블,N
LOP,REVIEW_HISTORY,ORDER_ID,VARCHAR,ORDER_ID (식별자),REVIEW_HISTORY 테이블,N
LOP,REVIEW_HISTORY,TASTE,VARCHAR,TASTE 항목,REVIEW_HISTORY 테이블,N
LOP,REVIEW_HISTORY,VOLUME,VARCHAR,VOLUME 항목,REVIEW_HISTORY 테이블,N
LOP,REVIEW_HISTORY,HYGIENE,VARCHAR,HYGIENE 항목,REVIEW_HISTORY 테이블,N
LOP,REVIEW_HISTORY,PRICE,VARCHAR,PRICE 항목,REVIEW_HISTORY 테이블,N
LOP,REVIEW_HISTORY,KINDNESS,VARCHAR,KINDNESS 항목,REVIEW_HISTORY 테이블,N
LOP,REVIEW_HISTORY,SPEED,VARCHAR,SPEED 항목,REVIEW_HISTORY 테이블,N
LOP,STATISTICS_USER,USER_ID,VARCHAR,USER_ID (식별자),STATISTICS_USER 테이블,N
LOP,STATISTICS_USER,ASP_ID,VARCHAR,ASP_ID (식별자),STATISTICS_USER 테이블,N
LOP,STATISTICS_USER,PERIOD,VARCHAR,PERIOD 항목,STATISTICS_USER 테이블,N
LOP,STATISTICS_USER,ACC_DISCOUNT_AMOUNT,BIGINT,ACC_DISCOUNT_AMOUNT 항목,STATISTICS_USER 테이블,N
LOP,STATISTICS_USER,LAST_ACC_DISCOUNT_AMOUNT,BIGINT,LAST_ACC_DISCOUNT_AMOUNT 항목,STATISTICS_USER 테이블,N
LOP,STATISTICS_USER,COUNT_FOR_RANK,VARCHAR,COUNT_FOR_RANK 항목,STATISTICS_USER 테이블,N
LOP,STATISTICS_USER,RANK_LEVEL,VARCHAR,RANK_LEVEL 항목,STATISTICS_USER 테이블,N
LOP,STATISTICS_USER,RANK_NAME,VARCHAR,RANK_NAME 항목,STATISTICS_USER 테이블,N
LOP,USER_FAVORITE_FOLDER,ID,VARCHAR,ID (식별자),USER_FAVORITE_FOLDER 테이블,N
LOP,USER_FAVORITE_FOLDER,TID,VARCHAR,TID (식별자),USER_FAVORITE_FOLDER 테이블,N
LOP,USER_FAVORITE_FOLDER,YYYYMMDD,VARCHAR,YYYYMMDD 항목,USER_FAVORITE_FOLDER 테이블,N
LOP,USER_FAVORITE_FOLDER,USER_ID,VARCHAR,USER_ID (식별자),USER_FAVORITE_FOLDER 테이블,N
LOP,USER_FAVORITE_FOLDER,INCOMING_KA_ID,VARCHAR,INCOMING_KA_ID (식별자),USER_FAVORITE_FOLDER 테이블,N
LOP,USER_FAVORITE_FOLDER,NAME,VARCHAR,NAME 항목,USER_FAVORITE_FOLDER 테이블,N
LOP,USER_FAVORITE_FOLDER,PRIORITY,VARCHAR,PRIORITY 항목,USER_FAVORITE_FOLDER 테이블,N
LOP,USER_FAVORITE_PLACE,PLACE_ID,VARCHAR,PLACE_ID (식별자),USER_FAVORITE_PLACE 테이블,N
LOP,USER_FAVORITE_PLACE,USER_ID,VARCHAR,USER_ID (식별자),USER_FAVORITE_PLACE 테이블,N
LOP,USER_FAVORITE_PLACE,INCOMING_KA_ID,VARCHAR,INCOMING_KA_ID (식별자),USER_FAVORITE_PLACE 테이블,N
LOP,USER_FAVORITE_PLACE,TID,VARCHAR,TID (식별자),USER_FAVORITE_PLACE 테이블,N
LOP,USER_FAVORITE_PLACE,YYYYMMDD,VARCHAR,YYYYMMDD 항목,USER_FAVORITE_PLACE 테이블,N
LOP,USER_FAVORITE_PLACE,FOLDER_ID,VARCHAR,FOLDER_ID (식별자),USER_FAVORITE_PLACE 테이블,N
LOP,USER_INFO,USER_ID,VARCHAR,USER_ID (식별자),USER_INFO 테이블,N
LOP,USER_INFO,KA_ID,VARCHAR,KA_ID (식별자),USER_INFO 테이블,N
LOP,USER_INFO,FIRST_ORDER_ID,VARCHAR,FIRST_ORDER_ID (식별자),USER_INFO 테이블,N
LOP,USER_INFO,ORDER_COUNT,VARCHAR,ORDER_COUNT 항목,USER_INFO 테이블,N
LOP,USER_INFO,ASP_ID,VARCHAR,ASP_ID (식별자),USER_INFO 테이블,N
LOP,USER_RANK,USER_ID,VARCHAR,USER_ID (식별자),USER_RANK 테이블,N
LOP,USER_RANK,ASP_ID,VARCHAR,ASP_ID (식별자),USER_RANK 테이블,N
LOP,USER_RANK,RANK_LEVEL,VARCHAR,RANK_LEVEL 항목,USER_RANK 테이블,N
LOP,USER_RANK_POLICY,ASP_ID,VARCHAR,ASP_ID (식별자),USER_RANK_POLICY 테이블,N
LOP,USER_RANK_POLICY,THRESHOLD_AMOUNT,BIGINT,THRESHOLD_AMOUNT 항목,USER_RANK_POLICY 테이블,N
LOP,USER_RANK_POLICY_CLASS,ID,VARCHAR,ID (식별자),USER_RANK_POLICY_CLASS 테이블,N
LOP,USER_RANK_POLICY_CLASS,ASP_ID,VARCHAR,ASP_ID (식별자),USER_RANK_POLICY_CLASS 테이블,N
LOP,USER_RANK_POLICY_CLASS,RANK_LEVEL,VARCHAR,RANK_LEVEL 항목,USER_RANK_POLICY_CLASS 테이블,N
LOP,USER_RANK_POLICY_CLASS,NAME,VARCHAR,NAME 항목,USER_RANK_POLICY_CLASS 테이블,N
LOP,USER_RANK_POLICY_CLASS,IMAGE_URL,VARCHAR,IMAGE_URL 항목,USER_RANK_POLICY_CLASS 테이블,N
LOP,USER_RANK_POLICY_CLASS,DETAIL_IMAGE_URL,VARCHAR,DETAIL_IMAGE_URL 항목,USER_RANK_POLICY_CLASS 테이블,N
LOP,USER_RANK_POLICY_CLASS,THRESHOLD_COUNT,VARCHAR,THRESHOLD_COUNT 항목,USER_RANK_POLICY_CLASS 테이블,N
LOP,USER_RANK_POLICY_CLASS,COUPON_BOOK_ID,VARCHAR,COUPON_BOOK_ID (식별자),USER_RANK_POLICY_CLASS 테이블,N
LOP,USER_RANK_POLICY_CLASS,MAXIMUM_DISCOUNT_TEXT,VARCHAR,MAXIMUM_DISCOUNT_TEXT 항목,USER_RANK_POLICY_CLASS 테이블,N
LSS,LSS_BYMBR_LUCK,MBR_ID,VARCHAR,MBR_ID (식별자),LSS_BYMBR_LUCK 테이블,N
LSS,LSS_BYMBR_LUCK,ASP_ID,VARCHAR,ASP_ID (식별자),LSS_BYMBR_LUCK 테이블,N
LSS,LSS_BYMBR_LUCK,BYMBR_LUCK_RES_PCNT,BIGINT,BYMBR_LUCK_RES_PCNT (건수),LSS_BYMBR_LUCK 테이블,N
LSS,LSS_BYMBR_LUCK,LUCK_TR_DTLS_SNO,BIGINT,LUCK_TR_DTLS_SNO (번호),LSS_BYMBR_LUCK 테이블,N
LSS,LSS_LOTT_PLCY,LUCK_USE_PLCY_ID,VARCHAR,LUCK_USE_PLCY_ID (식별자),LSS_LOTT_PLCY 테이블,N
LSS,LSS_LOTT_PLCY,GAME_PLCY_NO,BIGINT,GAME_PLCY_NO (번호),LSS_LOTT_PLCY 테이블,N
LSS,LSS_LOTT_PLCY,SLR_ID,VARCHAR,SLR_ID (식별자),LSS_LOTT_PLCY 테이블,N
LSS,LSS_LOTT_PLCY,LWR_LUCK_USE_PLCY_EXHB_NM,VARCHAR,LWR_LUCK_USE_PLCY_EXHB_NM (명),LSS_LOTT_PLCY 테이블,N
LSS,LSS_LOTT_PLCY,LWR_LUCK_USE_PLCY_DSCR,VARCHAR,LWR_LUCK_USE_PLCY_DSCR 항목,LSS_LOTT_PLCY 테이블,N
LSS,LSS_LOTT_PLCY,LOTT_PLCY_LUCK_BUY_CNT,BIGINT,LOTT_PLCY_LUCK_BUY_CNT (건수),LSS_LOTT_PLCY 테이블,N
LSS,lss_luck_cash_pbl_dtls,luck_cash_tr_dtls_sno,BIGINT,luck_cash_tr_dtls_sno (번호),lss_luck_cash_pbl_dtls 테이블,N
LSS,lss_luck_cash_pbl_dtls,pmon_luck_cash_dsb_rank,VARCHAR,pmon_luck_cash_dsb_rank 항목,lss_luck_cash_pbl_dtls 테이블,N
LSS,lss_luck_cash_pbl_dtls,luck_cash_plcy_buy_cnt,BIGINT,luck_cash_plcy_buy_cnt (건수),lss_luck_cash_pbl_dtls 테이블,N
LSS,lss_luck_cash_pbl_dtls,user_cash_rv_amt,BIGINT,user_cash_rv_amt (금액),lss_luck_cash_pbl_dtls 테이블,N
LSS,lss_luck_mfct_win,luck_mfct_win_rank,VARCHAR,luck_mfct_win_rank 항목,lss_luck_mfct_win 테이블,N
LSS,LSS_LUCK_TR_DTLS,luck_tr_dtls_sno,BIGINT,luck_tr_dtls_sno (번호),LSS_LUCK_TR_DTLS 테이블,N
LSS,LSS_LUCK_TR_DTLS,org_tr_amt,BIGINT,org_tr_amt (금액),LSS_LUCK_TR_DTLS 테이블,N
LSS,LSS_LUCK_TR_DTLS,cnd_amt,BIGINT,cnd_amt (금액),LSS_LUCK_TR_DTLS 테이블,N
LSS,LSS_LUCK_TR_DTLS,luck_tr_cnt,BIGINT,luck_tr_cnt (건수),LSS_LUCK_TR_DTLS 테이블,N
LSS,LSS_LUCK_TR_DTLS,bytr_luck_res_pcnt,BIGINT,bytr_luck_res_pcnt (건수),LSS_LUCK_TR_DTLS 테이블,N
MAP,DEVICE,ID,VARCHAR,ID (식별자),DEVICE 테이블,N
MAP,DEVICE,WALLET_DEVICE_ID,VARCHAR,WALLET_DEVICE_ID (식별자),DEVICE 테이블,N
MAP,DEVICE,OS_NAME,VARCHAR,OS_NAME 항목,DEVICE 테이블,N
MAP,DEVICE,OS_VERSION,VARCHAR,OS_VERSION 항목,DEVICE 테이블,N
MAP,DEVICE,MANUFACTURER,VARCHAR,MANUFACTURER 항목,DEVICE 테이블,N
MAP,DEVICE,OS_FIRMWIRE_BUILD,VARCHAR,OS_FIRMWIRE_BUILD 항목,DEVICE 테이블,N
MAP,DEVICE,PRODUCT_NAME,VARCHAR,PRODUCT_NAME 항목,DEVICE 테이블,N
MAP,DEVICE,MODEL_NAME,VARCHAR,MODEL_NAME 항목,DEVICE 테이블,N
MAP,DEVICE,IMEI,VARCHAR,IMEI 항목,DEVICE 테이블,N
MAP,DEVICE,MAC_ADDRESS,VARCHAR,MAC_ADDRESS 항목,DEVICE 테이블,N
MAP,DEVICE,NFC_SUPPORTS,VARCHAR,NFC_SUPPORTS 항목,DEVICE 테이블,N
MAP,DEVICE,VERSION,VARCHAR,VERSION 항목,DEVICE 테이블,N
MAP,DEVICE,MOBILE_FGP,VARCHAR,MOBILE_FGP 항목,DEVICE 테이블,N
MAP,DEVICE,PROCESSOR_NAME,VARCHAR,PROCESSOR_NAME 항목,DEVICE 테이블,N
MAP,DEVICE,PROCESSOR_SPEED,VARCHAR,PROCESSOR_SPEED 항목,DEVICE 테이블,N
MAP,DEVICE,PROCESSOR_NUMBER,VARCHAR,PROCESSOR_NUMBER 항목,DEVICE 테이블,N
MAP,DEVICE,STATUS,VARCHAR,STATUS 항목,DEVICE 테이블,N
MAP,DEVICE,WALLET_ID,VARCHAR,WALLET_ID (식별자),DEVICE 테이블,N
MAP,DORMANCY_HISTORY,ID,VARCHAR,ID (식별자),DORMANCY_HISTORY 테이블,N
MAP,DORMANCY_HISTORY,USER_ID,VARCHAR,USER_ID (식별자),DORMANCY_HISTORY 테이블,N
MAP,DORMANCY_HISTORY,CHANNEL,VARCHAR,CHANNEL 항목,DORMANCY_HISTORY 테이블,N
MAP,DORMANCY_HISTORY,STATUS,VARCHAR,STATUS 항목,DORMANCY_HISTORY 테이블,N
MAP,DORMANCY_HISTORY,PROCESSING_CODE,VARCHAR,PROCESSING_CODE 항목,DORMANCY_HISTORY 테이블,N
MAP,DORMANCY_HISTORY,NR_NUMBER,VARCHAR,NR_NUMBER 항목,DORMANCY_HISTORY 테이블,N
MAP,DORMANCY_HISTORY,MTI,VARCHAR,MTI 항목,DORMANCY_HISTORY 테이블,N
MAP,DORMANCY_HISTORY,VERSION,VARCHAR,VERSION 항목,DORMANCY_HISTORY 테이블,N
MAP,MARKETING_AGREE_HISTORY,USER_ID,VARCHAR,USER_ID (식별자),MARKETING_AGREE_HISTORY 테이블,N
MAP,MARKETING_AGREE_HISTORY,TC_ID,VARCHAR,TC_ID (식별자),MARKETING_AGREE_HISTORY 테이블,N
MAP,MARKETING_AGREE_HISTORY,SEQ,VARCHAR,SEQ 항목,MARKETING_AGREE_HISTORY 테이블,N
MAP,MARKETING_AGREE_HISTORY,ASP_ID,VARCHAR,ASP_ID (식별자),MARKETING_AGREE_HISTORY 테이블,N
MAP,MARKETING_AGREE_HISTORY,AGREE_YN,CHAR,AGREE_YN (여부),MARKETING_AGREE_HISTORY 테이블,N
MAP,MARKETING_AGREE_HISTORY,PUSH,VARCHAR,PUSH 항목,MARKETING_AGREE_HISTORY 테이블,N
MAP,MARKETING_AGREE_HISTORY,EMAIL,VARCHAR,EMAIL 항목,MARKETING_AGREE_HISTORY 테이블,N
MAP,MARKETING_AGREE_HISTORY,ARS,VARCHAR,ARS 항목,MARKETING_AGREE_HISTORY 테이블,N
MAP,MARKETING_AGREE_HISTORY,SMS,VARCHAR,SMS 항목,MARKETING_AGREE_HISTORY 테이블,N
MAP,MARKETING_AGREE_HISTORY,UPDATE_CHANNEL,TIMESTAMP,UPDATE_CHANNEL 항목,MARKETING_AGREE_HISTORY 테이블,N
MAP,TC_CONTENT,ID,VARCHAR,ID (식별자),TC_CONTENT 테이블,N
MAP,TC_CONTENT,VERSION,VARCHAR,VERSION 항목,TC_CONTENT 테이블,N
MAP,TC_CONTENT,PLAIN_TEXT,VARCHAR,PLAIN_TEXT 항목,TC_CONTENT 테이블,N
MAP,TC_CONTENT,TITLE,VARCHAR,TITLE 항목,TC_CONTENT 테이블,N
MAP,TC_CONTENT,TC_ID_UNUSED,VARCHAR,TC_ID_UNUSED 항목,TC_CONTENT 테이블,N
MAP,TC_CONTENT,LOCALE_VAL,VARCHAR,LOCALE_VAL 항목,TC_CONTENT 테이블,N
MAP,TC_CONTENT,URL,VARCHAR,URL 항목,TC_CONTENT 테이블,N
MAP,TC_CONTENT,VERSION_NO_UNUSED,VARCHAR,VERSION_NO_UNUSED 항목,TC_CONTENT 테이블,N
MAP,TC_CONTENT,INPUT_TYPE,VARCHAR,INPUT_TYPE 항목,TC_CONTENT 테이블,N
MAP,TC_CONTENT,FILE_NO,BIGINT,FILE_NO (번호),TC_CONTENT 테이블,N
MAP,TC_CONTENT,FILE_SN,VARCHAR,FILE_SN 항목,TC_CONTENT 테이블,N
MAP,TC_CONTENT,VER_ID,VARCHAR,VER_ID (식별자),TC_CONTENT 테이블,N
MAP,TC_DEFINITION,ID,VARCHAR,ID (식별자),TC_DEFINITION 테이블,N
MAP,TC_DEFINITION,NAME,VARCHAR,NAME 항목,TC_DEFINITION 테이블,N
MAP,TC_DEFINITION,VERSION,VARCHAR,VERSION 항목,TC_DEFINITION 테이블,N
MAP,TC_DEFINITION,TC_ID,VARCHAR,TC_ID (식별자),TC_DEFINITION 테이블,N
MAP,TC_DEFINITION,TC_TYPE,VARCHAR,TC_TYPE 항목,TC_DEFINITION 테이블,N
MAP,TC_DEFINITION,ASP_ID,VARCHAR,ASP_ID (식별자),TC_DEFINITION 테이블,N
MAP,TC_DEFINITION,TC_ORDER,VARCHAR,TC_ORDER 항목,TC_DEFINITION 테이블,N
MAP,TC_DEFINITION,TC_GROUP_UNUSED,VARCHAR,TC_GROUP_UNUSED 항목,TC_DEFINITION 테이블,N
MAP,TC_DEFINITION,STATUS,VARCHAR,STATUS 항목,TC_DEFINITION 테이블,N
MAP,TC_DEFINITION,CUSTOM_EFFECTIVE_DATE,TIMESTAMP,CUSTOM_EFFECTIVE_DATE 항목,TC_DEFINITION 테이블,N
MAP,TC_DEFINITION,CUSTOM_VER_ID,VARCHAR,CUSTOM_VER_ID (식별자),TC_DEFINITION 테이블,N
MAP,TC_VERSION,ID,VARCHAR,ID (식별자),TC_VERSION 테이블,N
MAP,TC_VERSION,TC_ID,VARCHAR,TC_ID (식별자),TC_VERSION 테이블,N
MAP,TC_VERSION,VERSION_NO_UNUSED,VARCHAR,VERSION_NO_UNUSED 항목,TC_VERSION 테이블,N
MAP,TC_VERSION,EFFECTIVE_DATE,TIMESTAMP,EFFECTIVE_DATE 항목,TC_VERSION 테이블,N
MAP,TC_VERSION,VERSION,VARCHAR,VERSION 항목,TC_VERSION 테이블,N
MAP,TC_VERSION,VERSION_NO,BIGINT,VERSION_NO (번호),TC_VERSION 테이블,N
MAP,TERMS_AND_CONDITIONS,ID,VARCHAR,ID (식별자),TERMS_AND_CONDITIONS 테이블,N
MAP,TERMS_AND_CONDITIONS,NAME,VARCHAR,NAME 항목,TERMS_AND_CONDITIONS 테이블,N
MAP,TERMS_AND_CONDITIONS,VERSION,VARCHAR,VERSION 항목,TERMS_AND_CONDITIONS 테이블,N
MAP,TERMS_AND_CONDITIONS,STATUS,VARCHAR,STATUS 항목,TERMS_AND_CONDITIONS 테이블,N
MAP,TERMS_AND_CONDITIONS,TC_ACTION_TYPE,VARCHAR,TC_ACTION_TYPE 항목,TERMS_AND_CONDITIONS 테이블,N
MAP,TERMS_AND_CONDITIONS,BROADCASTING_YN,CHAR,BROADCASTING_YN (여부),TERMS_AND_CONDITIONS 테이블,N
MAP,TERMS_AND_CONDITIONS,BROADCASTING_TARGET,VARCHAR,BROADCASTING_TARGET 항목,TERMS_AND_CONDITIONS 테이블,N
MAP,TERMS_AND_CONDITIONS,VIEW_POSITION_TYPE,VARCHAR,VIEW_POSITION_TYPE 항목,TERMS_AND_CONDITIONS 테이블,N
MAP,USER_ADDITION_SVC_HISTORY,ID,VARCHAR,ID (식별자),USER_ADDITION_SVC_HISTORY 테이블,N
MAP,USER_ADDITION_SVC_HISTORY,ADDITION_SERVICE_ID,VARCHAR,ADDITION_SERVICE_ID (식별자),USER_ADDITION_SVC_HISTORY 테이블,N
MAP,USER_ADDITION_SVC_HISTORY,USER_ID,VARCHAR,USER_ID (식별자),USER_ADDITION_SVC_HISTORY 테이블,N
MAP,USER_ADDITION_SVC_HISTORY,CHANNEL,VARCHAR,CHANNEL 항목,USER_ADDITION_SVC_HISTORY 테이블,N
MAP,USER_ADDITION_SVC_HISTORY,STATUS,VARCHAR,STATUS 항목,USER_ADDITION_SVC_HISTORY 테이블,N
MAP,USER_ADDITION_SVC_HISTORY,VERSION,VARCHAR,VERSION 항목,USER_ADDITION_SVC_HISTORY 테이블,N
MAP,USER_BLACKLIST_POLICY_STATUS,ID,VARCHAR,ID (식별자),USER_BLACKLIST_POLICY_STATUS 테이블,N
MAP,USER_BLACKLIST_POLICY_STATUS,HASH_ID_TYPE,VARCHAR,HASH_ID_TYPE 항목,USER_BLACKLIST_POLICY_STATUS 테이블,N
MAP,USER_BLACKLIST_POLICY_STATUS,HASH_ID,VARCHAR,HASH_ID (식별자),USER_BLACKLIST_POLICY_STATUS 테이블,N
MAP,USER_BLACKLIST_POLICY_STATUS,LAST_BLACKLIST_ID,VARCHAR,LAST_BLACKLIST_ID (식별자),USER_BLACKLIST_POLICY_STATUS 테이블,N
MAP,USER_BLACKLIST_POLICY_STATUS,CURRENT_STATUS,VARCHAR,CURRENT_STATUS 항목,USER_BLACKLIST_POLICY_STATUS 테이블,N
MAP,USER_BLACKLIST_POLICY_STATUS,ASP_ID,VARCHAR,ASP_ID (식별자),USER_BLACKLIST_POLICY_STATUS 테이블,N
MAP,USER_BLACKLIST_POLICY_STATUS,VERSION,VARCHAR,VERSION 항목,USER_BLACKLIST_POLICY_STATUS 테이블,N
MAP,USER_BLACKLIST_POLICY_STATUS,TOTAL_UNBLOCK_COUNT,VARCHAR,TOTAL_UNBLOCK_COUNT 항목,USER_BLACKLIST_POLICY_STATUS 테이블,N
MAP,USER_TC_MAPPINGS,ID,VARCHAR,ID (식별자),USER_TC_MAPPINGS 테이블,N
MAP,USER_TC_MAPPINGS,TC_ID,VARCHAR,TC_ID (식별자),USER_TC_MAPPINGS 테이블,N
MAP,USER_TC_MAPPINGS,USER_ID,VARCHAR,USER_ID (식별자),USER_TC_MAPPINGS 테이블,N
MAP,USER_TC_MAPPINGS,VERSION,VARCHAR,VERSION 항목,USER_TC_MAPPINGS 테이블,N
MAP,WALLET,ID,VARCHAR,ID (식별자),WALLET 테이블,N
MAP,WALLET,MPA_ID,VARCHAR,MPA_ID (식별자),WALLET 테이블,N
MAP,WALLET,USER_ID,VARCHAR,USER_ID (식별자),WALLET 테이블,N
MAP,WALLET,VERSION,VARCHAR,VERSION 항목,WALLET 테이블,N
MAP,WALLET,PAYMENT_PIN,VARCHAR,PAYMENT_PIN 항목,WALLET 테이블,N
MAP,WALLET,STATUS,VARCHAR,STATUS 항목,WALLET 테이블,N
MAP,WALLET,WALLET_VERSION,VARCHAR,WALLET_VERSION 항목,WALLET 테이블,N
MAP,WALLET,APP_JOIN_CHANNEL,VARCHAR,APP_JOIN_CHANNEL 항목,WALLET 테이블,N
MAP,WALLET_DETAILS,ID,VARCHAR,ID (식별자),WALLET_DETAILS 테이블,N
MAP,WALLET_DETAILS,MOBILE_CONF_KEY,VARCHAR,MOBILE_CONF_KEY 항목,WALLET_DETAILS 테이블,N
MAP,WALLET_DETAILS,MOBILE_MAC_KEY,VARCHAR,MOBILE_MAC_KEY 항목,WALLET_DETAILS 테이블,N
MAP,WALLET_DETAILS,MOBILE_KEYS_TIME_TO_REPLENISH,VARCHAR,MOBILE_KEYS_TIME_TO_REPLENISH 항목,WALLET_DETAILS 테이블,N
MAP,WALLET_DETAILS,MOBILE_KEYS_GENERATION_TIME,VARCHAR,MOBILE_KEYS_GENERATION_TIME 항목,WALLET_DETAILS 테이블,N
MAP,WALLET_DETAILS,PUBLIC_KEY,VARCHAR,PUBLIC_KEY 항목,WALLET_DETAILS 테이블,N
MAP,WALLET_DETAILS,RNS_MPA_ID,VARCHAR,RNS_MPA_ID (식별자),WALLET_DETAILS 테이블,N
MAP,WALLET_DETAILS,RNS_PROVIDER_TYPE,VARCHAR,RNS_PROVIDER_TYPE 항목,WALLET_DETAILS 테이블,N
MAP,WALLET_DETAILS,WALLET_ID,VARCHAR,WALLET_ID (식별자),WALLET_DETAILS 테이블,N
MAP,WALLET_DETAILS,VERSION,VARCHAR,VERSION 항목,WALLET_DETAILS 테이블,N
MAP,WALLET_HISTORY,ID,VARCHAR,ID (식별자),WALLET_HISTORY 테이블,N
MAP,WALLET_HISTORY,STATUS,VARCHAR,STATUS 항목,WALLET_HISTORY 테이블,N
MAP,WALLET_HISTORY,INITIATOR,VARCHAR,INITIATOR 항목,WALLET_HISTORY 테이블,N
MAP,WALLET_HISTORY,VERSION,VARCHAR,VERSION 항목,WALLET_HISTORY 테이블,N
MAP,WALLET_HISTORY,PURPOSE,VARCHAR,PURPOSE 항목,WALLET_HISTORY 테이블,N
MAP,WALLET_HISTORY,USER_ID,VARCHAR,USER_ID (식별자),WALLET_HISTORY 테이블,N
MAP,WALLET_USER,ID,VARCHAR,ID (식별자),WALLET_USER 테이블,N
MAP,WALLET_USER,VERSION,VARCHAR,VERSION 항목,WALLET_USER 테이블,N
MAP,WALLET_USER,DOB,VARCHAR,DOB 항목,WALLET_USER 테이블,N
MAP,WALLET_USER,NATIONALITY,VARCHAR,NATIONALITY 항목,WALLET_USER 테이블,N
MAP,WALLET_USER,STATUS,VARCHAR,STATUS 항목,WALLET_USER 테이블,N
MAP,WALLET_USER,GENDER,VARCHAR,GENDER 항목,WALLET_USER 테이블,N
MAP,WALLET_USER,VERIFICATION_DATA,VARCHAR,VERIFICATION_DATA 항목,WALLET_USER 테이블,N
MAP,WALLET_USER,LOCALE,VARCHAR,LOCALE 항목,WALLET_USER 테이블,N
MAP,WALLET_USER,ASP_ID,VARCHAR,ASP_ID (식별자),WALLET_USER 테이블,N
MAP,WALLET_USER,LOGIN_FAIL_COUNT,VARCHAR,LOGIN_FAIL_COUNT 항목,WALLET_USER 테이블,N
MAP,WALLET_USER,USERNAME,VARCHAR,USERNAME 항목,WALLET_USER 테이블,N
MAP,WALLET_USER,USER_FLAGS,VARCHAR,USER_FLAGS 항목,WALLET_USER 테이블,N
MAP,WALLET_USER,VERIFIER_ID,VARCHAR,VERIFIER_ID (식별자),WALLET_USER 테이블,N
MAP,WALLET_USER,REWARD_ID,VARCHAR,REWARD_ID (식별자),WALLET_USER 테이블,N
MAP,WALLET_USER,USER_ACTIVITY_FLAG,VARCHAR,USER_ACTIVITY_FLAG 항목,WALLET_USER 테이블,N
MAP,WALLET_USER,DI,VARCHAR,DI 항목,WALLET_USER 테이블,N
MAP,WALLET_USER,SOCIAL_NO,BIGINT,SOCIAL_NO (번호),WALLET_USER 테이블,N
MAP,WALLET_USER,ADDRESS,VARCHAR,ADDRESS 항목,WALLET_USER 테이블,N
MAP,WALLET_USER,ZIP_CODE,VARCHAR,ZIP_CODE 항목,WALLET_USER 테이블,N
MAP,WALLET_USER,DETAIL_ADDRESS,VARCHAR,DETAIL_ADDRESS 항목,WALLET_USER 테이블,N
MAP,WALLET_USER,CI,VARCHAR,CI 항목,WALLET_USER 테이블,N
MAP,WALLET_USER,USER_TYPE,VARCHAR,USER_TYPE 항목,WALLET_USER 테이블,N
MAP,WALLET_USER,EMAIL_SUBSCRIPTION,VARCHAR,EMAIL_SUBSCRIPTION 항목,WALLET_USER 테이블,N
MAP,WALLET_USER,PUSH_SUBSCRIPTION,VARCHAR,PUSH_SUBSCRIPTION 항목,WALLET_USER 테이블,N
MAP,WALLET_USER,SMS_SUBSCRIPTION,VARCHAR,SMS_SUBSCRIPTION 항목,WALLET_USER 테이블,N
MAP,WALLET_USER,REALNAME_RENAME_YN,CHAR,REALNAME_RENAME_YN (여부),WALLET_USER 테이블,N
MAP,WALLET_USER,ARS_SUBSCRIPTION,VARCHAR,ARS_SUBSCRIPTION 항목,WALLET_USER 테이블,N
MAP,WALLET_USER,GRADE_TYPE,VARCHAR,GRADE_TYPE 항목,WALLET_USER 테이블,N
MAP,WALLET_USER,JOIN_CHANNEL,VARCHAR,JOIN_CHANNEL 항목,WALLET_USER 테이블,N
MAP,WALLET_USER,MN_ACQUIRED_STATUS,VARCHAR,MN_ACQUIRED_STATUS 항목,WALLET_USER 테이블,N
MAP,WALLET_USER,RECENT_WALLET_ID,VARCHAR,RECENT_WALLET_ID (식별자),WALLET_USER 테이블,N
MAP,WALLET_USER,PORTAL_USE_STATUS,VARCHAR,PORTAL_USE_STATUS 항목,WALLET_USER 테이블,N
MAP,WALLET_USER,PORTAL_LOGIN_TRY_COUNT,VARCHAR,PORTAL_LOGIN_TRY_COUNT 항목,WALLET_USER 테이블,N
MAP,WALLET_USER,COMM_ID,VARCHAR,COMM_ID (식별자),WALLET_USER 테이블,N
MAP,WALLET_USER,CITY_ADDRESS,VARCHAR,CITY_ADDRESS 항목,WALLET_USER 테이블,N
MAP,WALLET_USER,STATE_ADDRESS,VARCHAR,STATE_ADDRESS 항목,WALLET_USER 테이블,N
MAP,WALLET_USER,RECENT_POLICY_CARD_HISTORY_ID,VARCHAR,RECENT_POLICY_CARD_HISTORY_ID (식별자),WALLET_USER 테이블,N
MAP,WALLET_USER,HOME_ZIP_CODE,VARCHAR,HOME_ZIP_CODE 항목,WALLET_USER 테이블,N
MAP,WALLET_USER,HOME_ADDRESS,VARCHAR,HOME_ADDRESS 항목,WALLET_USER 테이블,N
MAP,WALLET_USER,HOME_DETAIL_ADDRESS,VARCHAR,HOME_DETAIL_ADDRESS 항목,WALLET_USER 테이블,N
MAP,WALLET_USER,MBR_CNVG_ASP_ID,VARCHAR,MBR_CNVG_ASP_ID (식별자),WALLET_USER 테이블,N
MAP,WALLET_USER,real_name,VARCHAR,real_name 항목,WALLET_USER 테이블,N
MAP,WALLET_USER_HISTORY,ID,VARCHAR,ID (식별자),WALLET_USER_HISTORY 테이블,N
MAP,WALLET_USER_HISTORY,REV,VARCHAR,REV 항목,WALLET_USER_HISTORY 테이블,N
MAP,WALLET_USER_HISTORY,REVTYPE,VARCHAR,REVTYPE 항목,WALLET_USER_HISTORY 테이블,N
MAP,WALLET_USER_HISTORY,ADDRESS,VARCHAR,ADDRESS 항목,WALLET_USER_HISTORY 테이블,N
MAP,WALLET_USER_HISTORY,ARS_SUBSCRIPTION,VARCHAR,ARS_SUBSCRIPTION 항목,WALLET_USER_HISTORY 테이블,N
MAP,WALLET_USER_HISTORY,ASP_ID,VARCHAR,ASP_ID (식별자),WALLET_USER_HISTORY 테이블,N
MAP,WALLET_USER_HISTORY,CI,VARCHAR,CI 항목,WALLET_USER_HISTORY 테이블,N
MAP,WALLET_USER_HISTORY,DETAIL_ADDRESS,VARCHAR,DETAIL_ADDRESS 항목,WALLET_USER_HISTORY 테이블,N
MAP,WALLET_USER_HISTORY,DI,VARCHAR,DI 항목,WALLET_USER_HISTORY 테이블,N
MAP,WALLET_USER_HISTORY,DOB,VARCHAR,DOB 항목,WALLET_USER_HISTORY 테이블,N
MAP,WALLET_USER_HISTORY,EMAIL_SUBSCRIPTION,VARCHAR,EMAIL_SUBSCRIPTION 항목,WALLET_USER_HISTORY 테이블,N
MAP,WALLET_USER_HISTORY,GENDER,VARCHAR,GENDER 항목,WALLET_USER_HISTORY 테이블,N
MAP,WALLET_USER_HISTORY,GRADE_TYPE,VARCHAR,GRADE_TYPE 항목,WALLET_USER_HISTORY 테이블,N
MAP,WALLET_USER_HISTORY,JOIN_CHANNEL,VARCHAR,JOIN_CHANNEL 항목,WALLET_USER_HISTORY 테이블,N
MAP,WALLET_USER_HISTORY,LOCALE,VARCHAR,LOCALE 항목,WALLET_USER_HISTORY 테이블,N
MAP,WALLET_USER_HISTORY,LOGIN_FAIL_COUNT,VARCHAR,LOGIN_FAIL_COUNT 항목,WALLET_USER_HISTORY 테이블,N
MAP,WALLET_USER_HISTORY,MN_ACQUIRED_STATUS,VARCHAR,MN_ACQUIRED_STATUS 항목,WALLET_USER_HISTORY 테이블,N
MAP,WALLET_USER_HISTORY,NATIONALITY,VARCHAR,NATIONALITY 항목,WALLET_USER_HISTORY 테이블,N
MAP,WALLET_USER_HISTORY,PORTAL_LOGIN_TRY_COUNT,VARCHAR,PORTAL_LOGIN_TRY_COUNT 항목,WALLET_USER_HISTORY 테이블,N
MAP,WALLET_USER_HISTORY,PORTAL_USE_STATUS,VARCHAR,PORTAL_USE_STATUS 항목,WALLET_USER_HISTORY 테이블,N
MAP,WALLET_USER_HISTORY,PUSH_SUBSCRIPTION,VARCHAR,PUSH_SUBSCRIPTION 항목,WALLET_USER_HISTORY 테이블,N
MAP,WALLET_USER_HISTORY,REALNAME_RENAME_YN,CHAR,REALNAME_RENAME_YN (여부),WALLET_USER_HISTORY 테이블,N
MAP,WALLET_USER_HISTORY,REWARD_ID,VARCHAR,REWARD_ID (식별자),WALLET_USER_HISTORY 테이블,N
MAP,WALLET_USER_HISTORY,SMS_SUBSCRIPTION,VARCHAR,SMS_SUBSCRIPTION 항목,WALLET_USER_HISTORY 테이블,N
MAP,WALLET_USER_HISTORY,SOCIAL_NO,BIGINT,SOCIAL_NO (번호),WALLET_USER_HISTORY 테이블,N
MAP,WALLET_USER_HISTORY,STATUS,VARCHAR,STATUS 항목,WALLET_USER_HISTORY 테이블,N
MAP,WALLET_USER_HISTORY,USER_ACTIVITY_FLAG,VARCHAR,USER_ACTIVITY_FLAG 항목,WALLET_USER_HISTORY 테이블,N
MAP,WALLET_USER_HISTORY,USER_FLAGS,VARCHAR,USER_FLAGS 항목,WALLET_USER_HISTORY 테이블,N
MAP,WALLET_USER_HISTORY,USER_TYPE,VARCHAR,USER_TYPE 항목,WALLET_USER_HISTORY 테이블,N
MAP,WALLET_USER_HISTORY,USERNAME,VARCHAR,USERNAME 항목,WALLET_USER_HISTORY 테이블,N
MAP,WALLET_USER_HISTORY,VERIFICATION_DATA,VARCHAR,VERIFICATION_DATA 항목,WALLET_USER_HISTORY 테이블,N
MAP,WALLET_USER_HISTORY,VERIFIER_ID,VARCHAR,VERIFIER_ID (식별자),WALLET_USER_HISTORY 테이블,N
MAP,WALLET_USER_HISTORY,WALLET_PIN,VARCHAR,WALLET_PIN 항목,WALLET_USER_HISTORY 테이블,N
MAP,WALLET_USER_HISTORY,ZIP_CODE,VARCHAR,ZIP_CODE 항목,WALLET_USER_HISTORY 테이블,N
MAP,WALLET_USER_HISTORY,RECENT_WALLET_ID,VARCHAR,RECENT_WALLET_ID (식별자),WALLET_USER_HISTORY 테이블,N
MAP,WALLET_USER_HISTORY,CITY_ADDRESS,VARCHAR,CITY_ADDRESS 항목,WALLET_USER_HISTORY 테이블,N
MAP,WALLET_USER_HISTORY,STATE_ADDRESS,VARCHAR,STATE_ADDRESS 항목,WALLET_USER_HISTORY 테이블,N
MAP,WALLET_USER_HISTORY,HOME_ZIP_CODE,VARCHAR,HOME_ZIP_CODE 항목,WALLET_USER_HISTORY 테이블,N
MAP,WALLET_USER_HISTORY,HOME_ADDRESS,VARCHAR,HOME_ADDRESS 항목,WALLET_USER_HISTORY 테이블,N
MAP,WALLET_USER_HISTORY,HOME_DETAIL_ADDRESS,VARCHAR,HOME_DETAIL_ADDRESS 항목,WALLET_USER_HISTORY 테이블,N
MAP,WALLET_USER_PROMOTION_MAPPINGS,ID,VARCHAR,ID (식별자),WALLET_USER_PROMOTION_MAPPINGS 테이블,N
MAP,WALLET_USER_PROMOTION_MAPPINGS,USER_ID,VARCHAR,USER_ID (식별자),WALLET_USER_PROMOTION_MAPPINGS 테이블,N
MAP,WALLET_USER_PROMOTION_MAPPINGS,PROMO_CODE,VARCHAR,PROMO_CODE 항목,WALLET_USER_PROMOTION_MAPPINGS 테이블,N
MAP,WALLET_USER_PROMOTION_MAPPINGS,PROMO_TYPE,VARCHAR,PROMO_TYPE 항목,WALLET_USER_PROMOTION_MAPPINGS 테이블,N
MAP,WALLET_USER_PROMOTION_MAPPINGS,VERSION,VARCHAR,VERSION 항목,WALLET_USER_PROMOTION_MAPPINGS 테이블,N
MAP,WALLET_USER_PROMOTION_MAPPINGS,PRMN_PTCP_REF_NO,BIGINT,PRMN_PTCP_REF_NO (번호),WALLET_USER_PROMOTION_MAPPINGS 테이블,N
MAP,WALLET_USER_RECOMMENDER_MAP,ID,VARCHAR,ID (식별자),WALLET_USER_RECOMMENDER_MAP 테이블,N
MAP,WALLET_USER_RECOMMENDER_MAP,WALLET_USER_ID,VARCHAR,WALLET_USER_ID (식별자),WALLET_USER_RECOMMENDER_MAP 테이블,N
MAP,WALLET_USER_RECOMMENDER_MAP,VERSION,VARCHAR,VERSION 항목,WALLET_USER_RECOMMENDER_MAP 테이블,N
MAP,WALLET_USER_RECOMMENDER_MAP,RECOMMEND_CODE,VARCHAR,RECOMMEND_CODE 항목,WALLET_USER_RECOMMENDER_MAP 테이블,N
MAP,WALLET_USER_RECOMMENDER_MAP,RECOMMEND_COUNT,VARCHAR,RECOMMEND_COUNT 항목,WALLET_USER_RECOMMENDER_MAP 테이블,N
MAP,WALLET_USER_RECOMMENDER_MAP,PROVIDED_RECOMMENDER_CODE,VARCHAR,PROVIDED_RECOMMENDER_CODE 항목,WALLET_USER_RECOMMENDER_MAP 테이블,N
MAP,WITHDRAWAL_USER,ID,VARCHAR,ID (식별자),WITHDRAWAL_USER 테이블,N
MAP,WITHDRAWAL_USER,ASP_ID,VARCHAR,ASP_ID (식별자),WITHDRAWAL_USER 테이블,N
MAP,WITHDRAWAL_USER,SOCIAL_NO,BIGINT,SOCIAL_NO (번호),WITHDRAWAL_USER 테이블,N
MAP,WITHDRAWAL_USER,GENDER,VARCHAR,GENDER 항목,WITHDRAWAL_USER 테이블,N
MAP,WITHDRAWAL_USER,DI,VARCHAR,DI 항목,WITHDRAWAL_USER 테이블,N
MAP,WITHDRAWAL_USER,CI,VARCHAR,CI 항목,WITHDRAWAL_USER 테이블,N
MAP,WITHDRAWAL_USER,NATIONALITY,VARCHAR,NATIONALITY 항목,WITHDRAWAL_USER 테이블,N
MAP,WITHDRAWAL_USER,USERNAME,VARCHAR,USERNAME 항목,WITHDRAWAL_USER 테이블,N
MAP,WITHDRAWAL_USER,GRADE_TYPE,VARCHAR,GRADE_TYPE 항목,WITHDRAWAL_USER 테이블,N
MAP,WITHDRAWAL_USER,STATUS,VARCHAR,STATUS 항목,WITHDRAWAL_USER 테이블,N
MAP,WITHDRAWAL_USER,JOIN_CHANNEL,VARCHAR,JOIN_CHANNEL 항목,WITHDRAWAL_USER 테이블,N
MAP,WITHDRAWAL_USER,MN_ACQUIRED_STATUS,VARCHAR,MN_ACQUIRED_STATUS 항목,WITHDRAWAL_USER 테이블,N
MAP,WITHDRAWAL_USER,LOCALE,VARCHAR,LOCALE 항목,WITHDRAWAL_USER 테이블,N
MAP,WITHDRAWAL_USER,ZIP_CODE,VARCHAR,ZIP_CODE 항목,WITHDRAWAL_USER 테이블,N
MAP,WITHDRAWAL_USER,ADDRESS,VARCHAR,ADDRESS 항목,WITHDRAWAL_USER 테이블,N
MAP,WITHDRAWAL_USER,HOME_ZIP_CODE,VARCHAR,HOME_ZIP_CODE 항목,WITHDRAWAL_USER 테이블,N
MAP,WITHDRAWAL_USER,HOME_ADDRESS,VARCHAR,HOME_ADDRESS 항목,WITHDRAWAL_USER 테이블,N
MAP,WITHDRAWAL_USER,COMM_ID,VARCHAR,COMM_ID (식별자),WITHDRAWAL_USER 테이블,N
MAP,WITHDRAWAL_USER,REALNAME_RENAME_YN,CHAR,REALNAME_RENAME_YN (여부),WITHDRAWAL_USER 테이블,N
MAP,WITHDRAWAL_USER,LOGIN_FAIL_COUNT,VARCHAR,LOGIN_FAIL_COUNT 항목,WITHDRAWAL_USER 테이블,N
MAP,WITHDRAWAL_USER,REGISTERED_AT,VARCHAR,REGISTERED_AT 항목,WITHDRAWAL_USER 테이블,N
MAP,WITHDRAWAL_USER,WITHDRAWAL_TIME,VARCHAR,WITHDRAWAL_TIME 항목,WITHDRAWAL_USER 테이블,N
MAP,WITHDRAWAL_USER,PORTAL_USE_STATUS,VARCHAR,PORTAL_USE_STATUS 항목,WITHDRAWAL_USER 테이블,N
MAP,WITHDRAWAL_USER,PORTAL_LOGIN_TRY_COUNT,VARCHAR,PORTAL_LOGIN_TRY_COUNT 항목,WITHDRAWAL_USER 테이블,N
MAP,WITHDRAWAL_USER,RECENT_WALLET_ID,VARCHAR,RECENT_WALLET_ID (식별자),WITHDRAWAL_USER 테이블,N
MAP,WITHDRAWAL_USER,REWARD_ID,VARCHAR,REWARD_ID (식별자),WITHDRAWAL_USER 테이블,N
MAP,WITHDRAWAL_USER,EMAIL_SUBSCRIPTION,VARCHAR,EMAIL_SUBSCRIPTION 항목,WITHDRAWAL_USER 테이블,N
MAP,WITHDRAWAL_USER,PUSH_SUBSCRIPTION,VARCHAR,PUSH_SUBSCRIPTION 항목,WITHDRAWAL_USER 테이블,N
MAP,WITHDRAWAL_USER,SMS_SUBSCRIPTION,VARCHAR,SMS_SUBSCRIPTION 항목,WITHDRAWAL_USER 테이블,N
MAP,WITHDRAWAL_USER,ARS_SUBSCRIPTION,VARCHAR,ARS_SUBSCRIPTION 항목,WITHDRAWAL_USER 테이블,N
MAP,WITHDRAWAL_USER,USER_TYPE,VARCHAR,USER_TYPE 항목,WITHDRAWAL_USER 테이블,N
MAP,WITHDRAWAL_USER,USER_FLAGS,VARCHAR,USER_FLAGS 항목,WITHDRAWAL_USER 테이블,N
MAP,WITHDRAWAL_USER,USER_ACTIVITY_FLAG,VARCHAR,USER_ACTIVITY_FLAG 항목,WITHDRAWAL_USER 테이블,N
MAP,WITHDRAWAL_USER,VERIFICATION_DATA,VARCHAR,VERIFICATION_DATA 항목,WITHDRAWAL_USER 테이블,N
MAP,WITHDRAWAL_USER,VERSION,VARCHAR,VERSION 항목,WITHDRAWAL_USER 테이블,N
MYDS,OP0031,ID,VARCHAR,ID (식별자),OP0031 테이블,N
MYDS,OP0031,TR_CD,VARCHAR,TR_CD (코드),OP0031 테이블,N
MYDS,OP0031,RECORD_TYPE,VARCHAR,RECORD_TYPE 항목,OP0031 테이블,N
MYDS,OP0031,TRG,VARCHAR,TRG 항목,OP0031 테이블,N
MYDS,OP0031,MAIN_TR_CODE,VARCHAR,MAIN_TR_CODE 항목,OP0031 테이블,N
MYDS,OP0031,USE_INST,VARCHAR,USE_INST (상태),OP0031 테이블,N
MYDS,OP0031,CORP_NO,BIGINT,CORP_NO (번호),OP0031 테이블,N
MYDS,OP0031,CORP_REG_NO,BIGINT,CORP_REG_NO (번호),OP0031 테이블,N
MYDS,OP0031,COMPANY_NAME,VARCHAR,COMPANY_NAME 항목,OP0031 테이블,N
MYDS,OP0031,REQ_TYPE,VARCHAR,REQ_TYPE 항목,OP0031 테이블,N
MYDS,OP0031,SVC_DATE,TIMESTAMP,SVC_DATE 항목,OP0031 테이블,N
MYDS,OP0031,SVC_NAME,VARCHAR,SVC_NAME 항목,OP0031 테이블,N
MYDS,OP0031,DEPO_CNT,BIGINT,DEPO_CNT (건수),OP0031 테이블,N
MYDS,OP0031,DEPO_TYPE,VARCHAR,DEPO_TYPE 항목,OP0031 테이블,N
MYDS,OP0031,WITH_CNT,BIGINT,WITH_CNT (건수),OP0031 테이블,N
MYDS,OP0031,WITH_TYPE,VARCHAR,WITH_TYPE 항목,OP0031 테이블,N
MYDS,OP0031,CHARGE_TYPE,VARCHAR,CHARGE_TYPE 항목,OP0031 테이블,N
MYDS,OP0031,CHARGE_SUB_CD,VARCHAR,CHARGE_SUB_CD (코드),OP0031 테이블,N
MYDS,OP0031,MONTH_LIMIT_AMT,BIGINT,MONTH_LIMIT_AMT (금액),OP0031 테이블,N
MYDS,OP0031,DAY_LIMIT_AMT,BIGINT,DAY_LIMIT_AMT (금액),OP0031 테이블,N
MYDS,OP0031,PER_LIMIT_AMT,BIGINT,PER_LIMIT_AMT (금액),OP0031 테이블,N
MYDS,OP0031,AUTH_YN,CHAR,AUTH_YN (여부),OP0031 테이블,N
MYDS,OP0031,SUBMIT_INST_CLS,VARCHAR,SUBMIT_INST_CLS 항목,OP0031 테이블,N
MYDS,OP0031,WITH_LIMIT_TYPE,VARCHAR,WITH_LIMIT_TYPE 항목,OP0031 테이블,N
MYDS,OP0031,APPLY_SVC,VARCHAR,APPLY_SVC 항목,OP0031 테이블,N
MYDS,OP0031,CHARGE_GENERAL,VARCHAR,CHARGE_GENERAL 항목,OP0031 테이블,N
MYDS,OP0031,CHARGE_REDU,VARCHAR,CHARGE_REDU 항목,OP0031 테이블,N
MYDS,OP0031,SVC_INFO,VARCHAR,SVC_INFO 항목,OP0031 테이블,N
MYDS,OP0031,FILLER,VARCHAR,FILLER 항목,OP0031 테이블,N
MYDS,OP0031,CRLF,VARCHAR,CRLF 항목,OP0031 테이블,N
MYDS,OP0039,ID,VARCHAR,ID (식별자),OP0039 테이블,N
MYDS,OP0039,TR_CD,VARCHAR,TR_CD (코드),OP0039 테이블,N
MYDS,OP0039,RECORD_TYPE,VARCHAR,RECORD_TYPE 항목,OP0039 테이블,N
MYDS,OP0039,TRG,VARCHAR,TRG 항목,OP0039 테이블,N
MYDS,OP0039,TRAN_TYPE,VARCHAR,TRAN_TYPE 항목,OP0039 테이블,N
MYDS,OP0039,TRAN_NO,BIGINT,TRAN_NO (번호),OP0039 테이블,N
MYDS,OP0039,USE_INST,VARCHAR,USE_INST (상태),OP0039 테이블,N
MYDS,OP0039,REDU_YN,CHAR,REDU_YN (여부),OP0039 테이블,N
MYDS,OP0039,AGENCY,VARCHAR,AGENCY 항목,OP0039 테이블,N
MYDS,OP0039,SVC_PROV,VARCHAR,SVC_PROV 항목,OP0039 테이블,N
MYDS,OP0039,FINANCE_CODE,VARCHAR,FINANCE_CODE 항목,OP0039 테이블,N
MYDS,OP0039,PROXY_AMT,BIGINT,PROXY_AMT (금액),OP0039 테이블,N
MYDS,OP0039,MAIN_TR_CODE,VARCHAR,MAIN_TR_CODE 항목,OP0039 테이블,N
MYDS,OP0039,FILLER,VARCHAR,FILLER 항목,OP0039 테이블,N
MYDS,OP0039,CRLF,VARCHAR,CRLF 항목,OP0039 테이블,N
ODS,DLVR_MC_PMON_AGG2,mbr_cnt,BIGINT,mbr_cnt (건수),DLVR_MC_PMON_AGG2 테이블,N
ODS,DLVR_MC_PMON_AGG2,mc_cnt,BIGINT,mc_cnt (건수),DLVR_MC_PMON_AGG2 테이블,N
ODS,DLVR_MC_PMON_AGG2,apv_ccnt,BIGINT,apv_ccnt (건수),DLVR_MC_PMON_AGG2 테이블,N
ODS,DLVR_MC_PMON_AGG2,dc_ccnt,BIGINT,dc_ccnt (건수),DLVR_MC_PMON_AGG2 테이블,N
ODS,DLVR_MC_PMON_AGG2,mc_dc_ccnt,BIGINT,mc_dc_ccnt (건수),DLVR_MC_PMON_AGG2 테이블,N
ODS,DLVR_MC_PMON_AGG2,cpn_dc_ccnt,BIGINT,cpn_dc_ccnt (건수),DLVR_MC_PMON_AGG2 테이블,N
ODS,DLVR_MC_PMON_AGG2,bala_use_ccnt,BIGINT,bala_use_ccnt (건수),DLVR_MC_PMON_AGG2 테이블,N
ODS,DLVR_MC_PMON_AGG2,pnt_ccnt,BIGINT,pnt_ccnt (건수),DLVR_MC_PMON_AGG2 테이블,N
ODS,DLVR_MC_PMON_AGG2,bala_use_amt,BIGINT,bala_use_amt (금액),DLVR_MC_PMON_AGG2 테이블,N
ODS,DLVR_MC_PMON_AGG2,dc_amt,BIGINT,dc_amt (금액),DLVR_MC_PMON_AGG2 테이블,N
ODS,DLVR_MC_PMON_AGG2,mc_dc_amt,BIGINT,mc_dc_amt (금액),DLVR_MC_PMON_AGG2 테이블,N
ODS,DLVR_MC_PMON_AGG2,cpn_dc_amt,BIGINT,cpn_dc_amt (금액),DLVR_MC_PMON_AGG2 테이블,N
ODS,DLVR_MC_PMON_AGG2,tr_user_pnt_amt,BIGINT,tr_user_pnt_amt (금액),DLVR_MC_PMON_AGG2 테이블,N
ODS,DLVR_MC_PMON_AGG2,tr_crd_pnt_amt,BIGINT,tr_crd_pnt_amt (금액),DLVR_MC_PMON_AGG2 테이블,N
ODS,DLVR_MC_PMON_AGG2,tot_mc_cnt,BIGINT,tot_mc_cnt (건수),DLVR_MC_PMON_AGG2 테이블,N
ODS,dlvr_svc_dtl_pmon_agg2,mbr_cnt,BIGINT,mbr_cnt (건수),dlvr_svc_dtl_pmon_agg2 테이블,N
ODS,dlvr_svc_dtl_pmon_agg2,apv_ccnt,BIGINT,apv_ccnt (건수),dlvr_svc_dtl_pmon_agg2 테이블,N
ODS,dlvr_svc_dtl_pmon_agg2,dc_ccnt,BIGINT,dc_ccnt (건수),dlvr_svc_dtl_pmon_agg2 테이블,N
ODS,dlvr_svc_dtl_pmon_agg2,mc_dc_ccnt,BIGINT,mc_dc_ccnt (건수),dlvr_svc_dtl_pmon_agg2 테이블,N
ODS,dlvr_svc_dtl_pmon_agg2,cpn_dc_ccnt,BIGINT,cpn_dc_ccnt (건수),dlvr_svc_dtl_pmon_agg2 테이블,N
ODS,dlvr_svc_dtl_pmon_agg2,bala_use_ccnt,BIGINT,bala_use_ccnt (건수),dlvr_svc_dtl_pmon_agg2 테이블,N
ODS,dlvr_svc_dtl_pmon_agg2,pnt_ccnt,BIGINT,pnt_ccnt (건수),dlvr_svc_dtl_pmon_agg2 테이블,N
ODS,dlvr_svc_dtl_pmon_agg2,gm_tr_amt,BIGINT,gm_tr_amt (금액),dlvr_svc_dtl_pmon_agg2 테이블,N
ODS,dlvr_svc_dtl_pmon_agg2,bala_use_amt,BIGINT,bala_use_amt (금액),dlvr_svc_dtl_pmon_agg2 테이블,N
ODS,dlvr_svc_dtl_pmon_agg2,dc_amt,BIGINT,dc_amt (금액),dlvr_svc_dtl_pmon_agg2 테이블,N
ODS,dlvr_svc_dtl_pmon_agg2,mc_dc_amt,BIGINT,mc_dc_amt (금액),dlvr_svc_dtl_pmon_agg2 테이블,N
ODS,dlvr_svc_dtl_pmon_agg2,cpn_dc_amt,BIGINT,cpn_dc_amt (금액),dlvr_svc_dtl_pmon_agg2 테이블,N
ODS,dlvr_svc_dtl_pmon_agg2,tr_svfe,VARCHAR,tr_svfe 항목,dlvr_svc_dtl_pmon_agg2 테이블,N
ODS,dlvr_svc_dtl_pmon_agg2,tr_user_pnt_amt,BIGINT,tr_user_pnt_amt (금액),dlvr_svc_dtl_pmon_agg2 테이블,N
ODS,dlvr_svc_dtl_pmon_agg2,tr_crd_pnt_amt,BIGINT,tr_crd_pnt_amt (금액),dlvr_svc_dtl_pmon_agg2 테이블,N
ODS,dlvr_svc_dtl_pmon_agg2,fee,VARCHAR,fee 항목,dlvr_svc_dtl_pmon_agg2 테이블,N
ODS,dlvr_svc_mbr_pmon_agg2,fst_ordr_mbr_cnt,BIGINT,fst_ordr_mbr_cnt (건수),dlvr_svc_mbr_pmon_agg2 테이블,N
ODS,dlvr_svc_mbr_pmon_agg2,mbr_cnt,BIGINT,mbr_cnt (건수),dlvr_svc_mbr_pmon_agg2 테이블,N
ODS,dlvr_svc_mbr_pmon_agg2,tot_mbr_cnt,BIGINT,tot_mbr_cnt (건수),dlvr_svc_mbr_pmon_agg2 테이블,N
ODS,dlvr_svc_mbr_pmon_agg2,gm_tr_amt,BIGINT,gm_tr_amt (금액),dlvr_svc_mbr_pmon_agg2 테이블,N
ODS,dlvr_svc_mbr_pmon_agg2,bala_use_amt,BIGINT,bala_use_amt (금액),dlvr_svc_mbr_pmon_agg2 테이블,N
ODS,dlvr_svc_mbr_pmon_agg2,dc_amt,BIGINT,dc_amt (금액),dlvr_svc_mbr_pmon_agg2 테이블,N
ODS,dlvr_svc_mbr_pmon_agg2,mc_dc_amt,BIGINT,mc_dc_amt (금액),dlvr_svc_mbr_pmon_agg2 테이블,N
ODS,dlvr_svc_mbr_pmon_agg2,cpn_dc_amt,BIGINT,cpn_dc_amt (금액),dlvr_svc_mbr_pmon_agg2 테이블,N
ODS,dlvr_svc_mbr_pmon_agg2,tr_svfe,VARCHAR,tr_svfe 항목,dlvr_svc_mbr_pmon_agg2 테이블,N
ODS,dlvr_svc_mbr_pmon_agg2,tr_user_pnt_amt,BIGINT,tr_user_pnt_amt (금액),dlvr_svc_mbr_pmon_agg2 테이블,N
ODS,dlvr_svc_mbr_pmon_agg2,tr_crd_pnt_amt,BIGINT,tr_crd_pnt_amt (금액),dlvr_svc_mbr_pmon_agg2 테이블,N
ODS,dlvr_svc_mbr_pmon_agg2,fee,VARCHAR,fee 항목,dlvr_svc_mbr_pmon_agg2 테이블,N
ODS,dlvr_svc_mbr_pmon_agg2,tot_ccnt,BIGINT,tot_ccnt (건수),dlvr_svc_mbr_pmon_agg2 테이블,N
ODS,dlvr_svc_mbr_pmon_agg2,apv_ccnt,BIGINT,apv_ccnt (건수),dlvr_svc_mbr_pmon_agg2 테이블,N
ODS,dlvr_svc_mbr_pmon_agg2,dc_ccnt,BIGINT,dc_ccnt (건수),dlvr_svc_mbr_pmon_agg2 테이블,N
ODS,dlvr_svc_mbr_pmon_agg2,bala_use_ccnt,BIGINT,bala_use_ccnt (건수),dlvr_svc_mbr_pmon_agg2 테이블,N
ODS,dlvr_svc_mbr_pmon_agg2,pnt_ccnt,BIGINT,pnt_ccnt (건수),dlvr_svc_mbr_pmon_agg2 테이블,N
ODS,dlvr_svc_mbr_pmon_agg2,mc_dc_ccnt,BIGINT,mc_dc_ccnt (건수),dlvr_svc_mbr_pmon_agg2 테이블,N
ODS,dlvr_svc_mbr_pmon_agg2,cpn_dc_ccnt,BIGINT,cpn_dc_ccnt (건수),dlvr_svc_mbr_pmon_agg2 테이블,N
ODS,dlvr_svc_mbr_pmon_agg2,tot_cncl_ccnt,BIGINT,tot_cncl_ccnt (건수),dlvr_svc_mbr_pmon_agg2 테이블,N
ODS,dlvr_svc_mbr_pmon_agg2,auto_cncl_ccnt,BIGINT,auto_cncl_ccnt (건수),dlvr_svc_mbr_pmon_agg2 테이블,N
ODS,dlvr_svc_mbr_pmon_agg2,mc_cncl_ccnt,BIGINT,mc_cncl_ccnt (건수),dlvr_svc_mbr_pmon_agg2 테이블,N
ODS,dlvr_svc_mbr_pmon_agg2,mbr_cncl_ccnt,BIGINT,mbr_cncl_ccnt (건수),dlvr_svc_mbr_pmon_agg2 테이블,N
ODS,dlvr_svc_mbr_pmon_agg2,ctc_cncl_ccnt,BIGINT,ctc_cncl_ccnt (건수),dlvr_svc_mbr_pmon_agg2 테이블,N
ODS,dlvr_svc_mbr_pmon_agg2,fail_cncl_ccnt,BIGINT,fail_cncl_ccnt (건수),dlvr_svc_mbr_pmon_agg2 테이블,N
PORTAL,ADMIN_BALANCE_MAPPING,GROUP_ID,VARCHAR,GROUP_ID (식별자),ADMIN_BALANCE_MAPPING 테이블,N
PORTAL,ADMIN_BALANCE_MAPPING,BATCH_ID,VARCHAR,BATCH_ID (식별자),ADMIN_BALANCE_MAPPING 테이블,N
PORTAL,ADMIN_BALANCE_MAPPING,PAR,VARCHAR,PAR 항목,ADMIN_BALANCE_MAPPING 테이블,N
PORTAL,ADMIN_BALANCE_MAPPING,RQ_AMOUNT,BIGINT,RQ_AMOUNT 항목,ADMIN_BALANCE_MAPPING 테이블,N
PORTAL,ADMIN_BALANCE_MAPPING,AMOUNT,BIGINT,AMOUNT 항목,ADMIN_BALANCE_MAPPING 테이블,N
PORTAL,ADMIN_BALANCE_MAPPING,STATUS,VARCHAR,STATUS 항목,ADMIN_BALANCE_MAPPING 테이블,N
PORTAL,ADMIN_BALANCE_MAPPING,STATUS_REASON,VARCHAR,STATUS_REASON 항목,ADMIN_BALANCE_MAPPING 테이블,N
PORTAL,ADMIN_BALANCE_MAPPING,RQ_TOKEN,VARCHAR,RQ_TOKEN 항목,ADMIN_BALANCE_MAPPING 테이블,N
PORTAL,ADMIN_BALANCE_MAPPING,DE_CODE,VARCHAR,DE_CODE 항목,ADMIN_BALANCE_MAPPING 테이블,N
PORTAL,AGENT,PLAYER_NO,BIGINT,PLAYER_NO (번호),AGENT 테이블,N
PORTAL,AGENT,AGENT_NO,BIGINT,AGENT_NO (번호),AGENT 테이블,N
PORTAL,AGENT,AGENT_NAME,VARCHAR,AGENT_NAME 항목,AGENT 테이블,N
PORTAL,AGENT,BIRTH_DATE,TIMESTAMP,BIRTH_DATE 항목,AGENT 테이블,N
PORTAL,AGENT,GENDER,VARCHAR,GENDER 항목,AGENT 테이블,N
PORTAL,AGENT,USE_YN,CHAR,USE_YN (여부),AGENT 테이블,N
PORTAL,AGENT,FOREIGNER_YN,CHAR,FOREIGNER_YN (여부),AGENT 테이블,N
PORTAL,AGENT,ITNC_TEL_ZON_CD,VARCHAR,ITNC_TEL_ZON_CD (코드),AGENT 테이블,N
PORTAL,AGENT,HPNM_ITNC_TEL_ZON_CD,VARCHAR,HPNM_ITNC_TEL_ZON_CD (코드),AGENT 테이블,N
PORTAL,BC_MERCHANT_CODE,CODE_GROUP_IDX,VARCHAR,CODE_GROUP_IDX 항목,BC_MERCHANT_CODE 테이블,N
PORTAL,BC_MERCHANT_CODE,CODE,VARCHAR,CODE 항목,BC_MERCHANT_CODE 테이블,N
PORTAL,BC_MERCHANT_CODE,CODE_NM,VARCHAR,CODE_NM (명),BC_MERCHANT_CODE 테이블,N
PORTAL,BC_MERCHANT_CODE,CODE_DETAIL,VARCHAR,CODE_DETAIL 항목,BC_MERCHANT_CODE 테이블,N
PORTAL,CMN_BIZTYPE_MAP_CD,CMN_BIZTYPE_MAP_CD_ID,VARCHAR,CMN_BIZTYPE_MAP_CD_ID (식별자),CMN_BIZTYPE_MAP_CD 테이블,N
PORTAL,CMN_BIZTYPE_MAP_CD,BZTP_CD,VARCHAR,BZTP_CD (코드),CMN_BIZTYPE_MAP_CD 테이블,N
PORTAL,CMN_BIZTYPE_MAP_CD,BZTP_NM,VARCHAR,BZTP_NM (명),CMN_BIZTYPE_MAP_CD 테이블,N
PORTAL,CMN_BIZTYPE_MAP_CD,BZTP_MAP_CD,VARCHAR,BZTP_MAP_CD (코드),CMN_BIZTYPE_MAP_CD 테이블,N
PORTAL,CMN_BIZTYPE_MAP_CD,BZTP_DESC,VARCHAR,BZTP_DESC 항목,CMN_BIZTYPE_MAP_CD 테이블,N
PORTAL,CMN_BIZTYPE_MAP_CD,ACR_BZTP_DV_CD,VARCHAR,ACR_BZTP_DV_CD (코드),CMN_BIZTYPE_MAP_CD 테이블,N
PORTAL,CMN_BIZTYPE_MAP_CD,BZTP_CD_DEPTH,VARCHAR,BZTP_CD_DEPTH 항목,CMN_BIZTYPE_MAP_CD 테이블,N
PORTAL,CMN_BIZTYPE_MAP_CD,BZTP_UPPR_CD,VARCHAR,BZTP_UPPR_CD (코드),CMN_BIZTYPE_MAP_CD 테이블,N
PORTAL,CMN_BIZTYPE_MAP_CD,SYS_CRE_ID,VARCHAR,SYS_CRE_ID (식별자),CMN_BIZTYPE_MAP_CD 테이블,N
PORTAL,CMN_BIZTYPE_MAP_CD,SYS_UPD_ID,VARCHAR,SYS_UPD_ID (식별자),CMN_BIZTYPE_MAP_CD 테이블,N
PORTAL,COMMON,LCLAS_CD,VARCHAR,LCLAS_CD (코드),COMMON 테이블,N
PORTAL,COMMON,MCLAS_CD,VARCHAR,MCLAS_CD (코드),COMMON 테이블,N
PORTAL,COMMON,SCLAS_CD,VARCHAR,SCLAS_CD (코드),COMMON 테이블,N
PORTAL,COMMON,CLAS_NM,VARCHAR,CLAS_NM (명),COMMON 테이블,N
PORTAL,COMMON,CLAS_NM1,VARCHAR,CLAS_NM1 항목,COMMON 테이블,N
PORTAL,COMMON,CLAS_NM2,VARCHAR,CLAS_NM2 항목,COMMON 테이블,N
PORTAL,COMMON,CLAS_NM3,VARCHAR,CLAS_NM3 항목,COMMON 테이블,N
PORTAL,COMMON,SORT_NO,BIGINT,SORT_NO (번호),COMMON 테이블,N
PORTAL,COMMON,REMARK,VARCHAR,REMARK 항목,COMMON 테이블,N
PORTAL,COMMON,USE_YN,CHAR,USE_YN (여부),COMMON 테이블,N
PORTAL,COMMON,KONA_CD,VARCHAR,KONA_CD (코드),COMMON 테이블,N
PORTAL,COMMON,KO,VARCHAR,KO 항목,COMMON 테이블,N
PORTAL,COMMON,EN,VARCHAR,EN 항목,COMMON 테이블,N
PORTAL,COMMON,ZH,VARCHAR,ZH 항목,COMMON 테이블,N
PORTAL,COMMON,JA,VARCHAR,JA 항목,COMMON 테이블,N
PORTAL,COMMON,VI_NM,VARCHAR,VI_NM (명),COMMON 테이블,N
PORTAL,COMMON,TH_NM,VARCHAR,TH_NM (명),COMMON 테이블,N
PORTAL,COMMON,RU_NM,VARCHAR,RU_NM (명),COMMON 테이블,N
PORTAL,COMMON,BN_NM,VARCHAR,BN_NM (명),COMMON 테이블,N
PORTAL,COMMON,IN_NM,VARCHAR,IN_NM (명),COMMON 테이블,N
PORTAL,CONTRACT,CONTRACT_NO,BIGINT,CONTRACT_NO (번호),CONTRACT 테이블,N
PORTAL,CONTRACT,CONTRACT_TYPE,VARCHAR,CONTRACT_TYPE 항목,CONTRACT 테이블,N
PORTAL,CONTRACT,SC_YN,CHAR,SC_YN (여부),CONTRACT 테이블,N
PORTAL,CONTRACT,PLAYER_NO,BIGINT,PLAYER_NO (번호),CONTRACT 테이블,N
PORTAL,CONTRACT,CONTRACT_NAME,VARCHAR,CONTRACT_NAME 항목,CONTRACT 테이블,N
PORTAL,CONTRACT,DISCOUNT_RATE,VARCHAR,DISCOUNT_RATE 항목,CONTRACT 테이블,N
PORTAL,CONTRACT,AMOUNT_ISSUED,BIGINT,AMOUNT_ISSUED 항목,CONTRACT 테이블,N
PORTAL,CONTRACT,PLAYER_OTHER_INFO,VARCHAR,PLAYER_OTHER_INFO 항목,CONTRACT 테이블,N
PORTAL,CONTRACT,CONTRACT_DATE_START,TIMESTAMP,CONTRACT_DATE_START 항목,CONTRACT 테이블,N
PORTAL,CONTRACT,CONTRACT_DATE_END,TIMESTAMP,CONTRACT_DATE_END 항목,CONTRACT 테이블,N
PORTAL,CONTRACT,SAFE_STOCK_RATE,VARCHAR,SAFE_STOCK_RATE 항목,CONTRACT 테이블,N
PORTAL,CONTRACT,USE_YN,CHAR,USE_YN (여부),CONTRACT 테이블,N
PORTAL,CONTRACT,BASED_AMOUNT,BIGINT,BASED_AMOUNT 항목,CONTRACT 테이블,N
PORTAL,CONTRACT,KONA_ROLE_ID,VARCHAR,KONA_ROLE_ID (식별자),CONTRACT 테이블,N
PORTAL,CONTRACT,ASP_ID,VARCHAR,ASP_ID (식별자),CONTRACT 테이블,N
PORTAL,CONTRACT,KONA_PARTNER_YN,CHAR,KONA_PARTNER_YN (여부),CONTRACT 테이블,N
PORTAL,CONTRACT,PLAYER_NAME,VARCHAR,PLAYER_NAME 항목,CONTRACT 테이블,N
PORTAL,CONTRACT,BIZ_LICENSE_NUMBER,VARCHAR,BIZ_LICENSE_NUMBER 항목,CONTRACT 테이블,N
PORTAL,CONTRACT,CONTRACT_CLASS,VARCHAR,CONTRACT_CLASS 항목,CONTRACT 테이블,N
PORTAL,CONTRACT,YIELD_BASIS,VARCHAR,YIELD_BASIS 항목,CONTRACT 테이블,N
PORTAL,CONTRACT,PACQ_CLR_TYPE_CD,VARCHAR,PACQ_CLR_TYPE_CD (코드),CONTRACT 테이블,N
PORTAL,CONTRACT_HISTORY,HISTORY_NO,BIGINT,HISTORY_NO (번호),CONTRACT_HISTORY 테이블,N
PORTAL,CONTRACT_HISTORY,CONTRACT_NO,BIGINT,CONTRACT_NO (번호),CONTRACT_HISTORY 테이블,N
PORTAL,CONTRACT_HISTORY,CONTRACT_CONTENT,VARCHAR,CONTRACT_CONTENT 항목,CONTRACT_HISTORY 테이블,N
PORTAL,CONTRACT_HISTORY,DESCRIPTION,VARCHAR,DESCRIPTION 항목,CONTRACT_HISTORY 테이블,N
PORTAL,CONTRACT_HISTORY,STOCK_AMOUNT,BIGINT,STOCK_AMOUNT 항목,CONTRACT_HISTORY 테이블,N
PORTAL,CONTRACT_HISTORY,ADDTIONAL_AMOUNT,BIGINT,ADDTIONAL_AMOUNT 항목,CONTRACT_HISTORY 테이블,N
PORTAL,CONTRACT_HISTORY,EFFECTIVE_DATE,TIMESTAMP,EFFECTIVE_DATE 항목,CONTRACT_HISTORY 테이블,N
PORTAL,CONTRACT_HISTORY,USE_YN,CHAR,USE_YN (여부),CONTRACT_HISTORY 테이블,N
PORTAL,COUPON_DISCOUNT,PRODUCT_NO,BIGINT,PRODUCT_NO (번호),COUPON_DISCOUNT 테이블,N
PORTAL,COUPON_DISCOUNT,DISCOUNT_NO,BIGINT,DISCOUNT_NO (번호),COUPON_DISCOUNT 테이블,N
PORTAL,COUPON_DISCOUNT,DISCOUNT_SEQ,VARCHAR,DISCOUNT_SEQ 항목,COUPON_DISCOUNT 테이블,N
PORTAL,COUPON_DISCOUNT,PRIORITY,VARCHAR,PRIORITY 항목,COUPON_DISCOUNT 테이블,N
PORTAL,COUPON_DISCOUNT,DISCOUNT_TYPE,VARCHAR,DISCOUNT_TYPE 항목,COUPON_DISCOUNT 테이블,N
PORTAL,COUPON_DISCOUNT,DISCOUNT_SUB_TYPE,VARCHAR,DISCOUNT_SUB_TYPE 항목,COUPON_DISCOUNT 테이블,N
PORTAL,COUPON_DISCOUNT,RESALE,VARCHAR,RESALE 항목,COUPON_DISCOUNT 테이블,N
PORTAL,COUPON_DISCOUNT,DISCOUNT_VALUE_TYPE,VARCHAR,DISCOUNT_VALUE_TYPE 항목,COUPON_DISCOUNT 테이블,N
PORTAL,COUPON_DISCOUNT,DISCOUNT_VALUE,VARCHAR,DISCOUNT_VALUE 항목,COUPON_DISCOUNT 테이블,N
PORTAL,COUPON_DISCOUNT,DISCOUNT_PERIOD_START,VARCHAR,DISCOUNT_PERIOD_START 항목,COUPON_DISCOUNT 테이블,N
PORTAL,COUPON_DISCOUNT,DISCOUNT_PERIOD_END,VARCHAR,DISCOUNT_PERIOD_END 항목,COUPON_DISCOUNT 테이블,N
PORTAL,COUPON_DISCOUNT,DCNT_LIMIT_TYPE,VARCHAR,DCNT_LIMIT_TYPE 항목,COUPON_DISCOUNT 테이블,N
PORTAL,COUPON_DISCOUNT,DCNT_LIMIT,VARCHAR,DCNT_LIMIT 항목,COUPON_DISCOUNT 테이블,N
PORTAL,COUPON_DISCOUNT,MIN_CONDITION_AMT,BIGINT,MIN_CONDITION_AMT (금액),COUPON_DISCOUNT 테이블,N
PORTAL,COUPON_DISCOUNT,ONETIME_DCNT_LIMIT,VARCHAR,ONETIME_DCNT_LIMIT 항목,COUPON_DISCOUNT 테이블,N
PORTAL,COUPON_DISCOUNT,GRP_ID,VARCHAR,GRP_ID (식별자),COUPON_DISCOUNT 테이블,N
PORTAL,COUPON_DISCOUNT,EXCEPT_GRP_ID,VARCHAR,EXCEPT_GRP_ID (식별자),COUPON_DISCOUNT 테이블,N
PORTAL,COUPON_DISCOUNT,CONTRACT_NO,BIGINT,CONTRACT_NO (번호),COUPON_DISCOUNT 테이블,N
PORTAL,COUPON_DISCOUNT,OFFER_BENEFIT_PLATFORM_VALUE,VARCHAR,OFFER_BENEFIT_PLATFORM_VALUE 항목,COUPON_DISCOUNT 테이블,N
PORTAL,COUPON_DISCOUNT,OFFER_BENEFIT_MR_PLAYER_NO,BIGINT,OFFER_BENEFIT_MR_PLAYER_NO (번호),COUPON_DISCOUNT 테이블,N
PORTAL,COUPON_DISCOUNT,OFFER_BENEFIT_MR_VALUE,VARCHAR,OFFER_BENEFIT_MR_VALUE 항목,COUPON_DISCOUNT 테이블,N
PORTAL,COUPON_DISCOUNT,OFFER_BENEFIT_ROLE_TYPE,VARCHAR,OFFER_BENEFIT_ROLE_TYPE 항목,COUPON_DISCOUNT 테이블,N
PORTAL,COUPON_DISCOUNT,OFFER_BENEFIT_PLAYER_NO,BIGINT,OFFER_BENEFIT_PLAYER_NO (번호),COUPON_DISCOUNT 테이블,N
PORTAL,COUPON_DISCOUNT,OFFER_BENEFIT_VALUE,VARCHAR,OFFER_BENEFIT_VALUE 항목,COUPON_DISCOUNT 테이블,N
PORTAL,COUPON_DISCOUNT,CHANNEL,VARCHAR,CHANNEL 항목,COUPON_DISCOUNT 테이블,N
PORTAL,DISCOUNT,DISCOUNT_NO,BIGINT,DISCOUNT_NO (번호),DISCOUNT 테이블,N
PORTAL,DISCOUNT,DISCOUNT_TYPE,VARCHAR,DISCOUNT_TYPE 항목,DISCOUNT 테이블,N
PORTAL,DISCOUNT,DISCOUNT_VALUE_TYPE,VARCHAR,DISCOUNT_VALUE_TYPE 항목,DISCOUNT 테이블,N
PORTAL,DISCOUNT,DISCOUNT_VALUE,VARCHAR,DISCOUNT_VALUE 항목,DISCOUNT 테이블,N
PORTAL,DISCOUNT,DISCOUNT_CONDITION_TYPE,VARCHAR,DISCOUNT_CONDITION_TYPE 항목,DISCOUNT 테이블,N
PORTAL,DISCOUNT,DISCOUNT_QUANTITY_LIMIT,VARCHAR,DISCOUNT_QUANTITY_LIMIT 항목,DISCOUNT 테이블,N
PORTAL,DISCOUNT,DISCOUNT_PERIOD_START,VARCHAR,DISCOUNT_PERIOD_START 항목,DISCOUNT 테이블,N
PORTAL,DISCOUNT,DISCOUNT_PERIOD_END,VARCHAR,DISCOUNT_PERIOD_END 항목,DISCOUNT 테이블,N
PORTAL,DISCOUNT,DISCOUNT_DAY_IN_WEEK_MON,VARCHAR,DISCOUNT_DAY_IN_WEEK_MON 항목,DISCOUNT 테이블,N
PORTAL,DISCOUNT,DISCOUNT_DAY_IN_WEEK_TUE,VARCHAR,DISCOUNT_DAY_IN_WEEK_TUE 항목,DISCOUNT 테이블,N
PORTAL,DISCOUNT,DISCOUNT_DAY_IN_WEEK_WED,VARCHAR,DISCOUNT_DAY_IN_WEEK_WED 항목,DISCOUNT 테이블,N
PORTAL,DISCOUNT,DISCOUNT_DAY_IN_WEEK_THUR,VARCHAR,DISCOUNT_DAY_IN_WEEK_THUR 항목,DISCOUNT 테이블,N
PORTAL,DISCOUNT,DISCOUNT_DAY_IN_WEEK_FRI,VARCHAR,DISCOUNT_DAY_IN_WEEK_FRI 항목,DISCOUNT 테이블,N
PORTAL,DISCOUNT,DISCOUNT_DAY_IN_WEEK_SAT,VARCHAR,DISCOUNT_DAY_IN_WEEK_SAT 항목,DISCOUNT 테이블,N
PORTAL,DISCOUNT,DISCOUNT_DAY_IN_WEEK_SUN,VARCHAR,DISCOUNT_DAY_IN_WEEK_SUN 항목,DISCOUNT 테이블,N
PORTAL,DISCOUNT,USE_YN,CHAR,USE_YN (여부),DISCOUNT 테이블,N
PORTAL,DISCOUNT,REG_ID,VARCHAR,REG_ID (식별자),DISCOUNT 테이블,N
PORTAL,DISCOUNT,REG_IP,VARCHAR,REG_IP 항목,DISCOUNT 테이블,N
PORTAL,DISCOUNT,MOD_ID,VARCHAR,MOD_ID (식별자),DISCOUNT 테이블,N
PORTAL,DISCOUNT,MOD_IP,VARCHAR,MOD_IP 항목,DISCOUNT 테이블,N
PORTAL,DISCOUNT,DISCOUNT_TIME_BENEFIT_TYPE,VARCHAR,DISCOUNT_TIME_BENEFIT_TYPE 항목,DISCOUNT 테이블,N
PORTAL,DISCOUNT,DISCOUNT_SEQ,VARCHAR,DISCOUNT_SEQ 항목,DISCOUNT 테이블,N
PORTAL,DISCOUNT,PRIORITY,VARCHAR,PRIORITY 항목,DISCOUNT 테이블,N
PORTAL,DISCOUNT,CONTRACT_NO,BIGINT,CONTRACT_NO (번호),DISCOUNT 테이블,N
PORTAL,DISCOUNT,DISCOUNT_START,VARCHAR,DISCOUNT_START 항목,DISCOUNT 테이블,N
PORTAL,DISCOUNT,DISCOUNT_SUB_TYPE,VARCHAR,DISCOUNT_SUB_TYPE 항목,DISCOUNT 테이블,N
PORTAL,DISCOUNT,VALIDITY_PERIOD,VARCHAR,VALIDITY_PERIOD 항목,DISCOUNT 테이블,N
PORTAL,DISCOUNT,ASP_NO,BIGINT,ASP_NO (번호),DISCOUNT 테이블,N
PORTAL,DISCOUNT,PERIOD_TYPE,VARCHAR,PERIOD_TYPE 항목,DISCOUNT 테이블,N
PORTAL,DISCOUNT,POINT_BUDGET,VARCHAR,POINT_BUDGET 항목,DISCOUNT 테이블,N
PORTAL,DISCOUNT,POINT_POLICY_ID,VARCHAR,POINT_POLICY_ID (식별자),DISCOUNT 테이블,N
PORTAL,DISCOUNT,EXP_DATE,TIMESTAMP,EXP_DATE 항목,DISCOUNT 테이블,N
PORTAL,DISCOUNT,POINT_TYPE,VARCHAR,POINT_TYPE 항목,DISCOUNT 테이블,N
PORTAL,DISCOUNT,PROVIDER_GRP_ID,VARCHAR,PROVIDER_GRP_ID (식별자),DISCOUNT 테이블,N
PORTAL,DISCOUNT_GROUP,GROUP_NO,BIGINT,GROUP_NO (번호),DISCOUNT_GROUP 테이블,N
PORTAL,DISCOUNT_GROUP,GROUP_NAME,VARCHAR,GROUP_NAME 항목,DISCOUNT_GROUP 테이블,N
PORTAL,DISCOUNT_GROUP,ASP_NO,BIGINT,ASP_NO (번호),DISCOUNT_GROUP 테이블,N
PORTAL,DISCOUNT_GROUP,USE_YN,CHAR,USE_YN (여부),DISCOUNT_GROUP 테이블,N
PORTAL,DISCOUNT_GROUP,REG_ID,VARCHAR,REG_ID (식별자),DISCOUNT_GROUP 테이블,N
PORTAL,DISCOUNT_GROUP,REG_IP,VARCHAR,REG_IP 항목,DISCOUNT_GROUP 테이블,N
PORTAL,DISCOUNT_GROUP,MOD_ID,VARCHAR,MOD_ID (식별자),DISCOUNT_GROUP 테이블,N
PORTAL,DISCOUNT_GROUP,MOD_IP,VARCHAR,MOD_IP 항목,DISCOUNT_GROUP 테이블,N
PORTAL,DISCOUNT_GROUP,GROUP_TYPE,VARCHAR,GROUP_TYPE 항목,DISCOUNT_GROUP 테이블,N
PORTAL,DISCOUNT_GROUP_MAP,GROUP_NO,BIGINT,GROUP_NO (번호),DISCOUNT_GROUP_MAP 테이블,N
PORTAL,DISCOUNT_GROUP_MAP,DISCOUNT_NO,BIGINT,DISCOUNT_NO (번호),DISCOUNT_GROUP_MAP 테이블,N
PORTAL,DISCOUNT_GROUP_MAP,MOD_IP,VARCHAR,MOD_IP 항목,DISCOUNT_GROUP_MAP 테이블,N
PORTAL,DISCOUNT_GROUP_MAP,MOD_ID,VARCHAR,MOD_ID (식별자),DISCOUNT_GROUP_MAP 테이블,N
PORTAL,DISCOUNT_GROUP_MAP,ORDER_NO,BIGINT,ORDER_NO (번호),DISCOUNT_GROUP_MAP 테이블,N
PORTAL,DISCOUNT_GROUP_MAP,EMPHASIZE_DISCOUNT_YN,CHAR,EMPHASIZE_DISCOUNT_YN (여부),DISCOUNT_GROUP_MAP 테이블,N
PORTAL,DISCOUNT_MERCHANT,DISCOUNT_NO,BIGINT,DISCOUNT_NO (번호),DISCOUNT_MERCHANT 테이블,N
PORTAL,DISCOUNT_MERCHANT,MERCHANT_VALUE,VARCHAR,MERCHANT_VALUE 항목,DISCOUNT_MERCHANT 테이블,N
PORTAL,DISCOUNT_MERCHANT,MERCHANT_INFO,VARCHAR,MERCHANT_INFO 항목,DISCOUNT_MERCHANT 테이블,N
PORTAL,DISCOUNT_MERCHANT,TYPE,VARCHAR,TYPE 항목,DISCOUNT_MERCHANT 테이블,N
PORTAL,DISCOUNT_MERCHANT,USE_YN,CHAR,USE_YN (여부),DISCOUNT_MERCHANT 테이블,N
PORTAL,DISCOUNT_MERCHANT,DISCOUNT_SEQ,VARCHAR,DISCOUNT_SEQ 항목,DISCOUNT_MERCHANT 테이블,N
PORTAL,DISCOUNT_MERCHANT,PRIORITY,VARCHAR,PRIORITY 항목,DISCOUNT_MERCHANT 테이블,N
PORTAL,DISCOUNT_MERCHANT,BLOCK_MERCHANT_VALUE,VARCHAR,BLOCK_MERCHANT_VALUE 항목,DISCOUNT_MERCHANT 테이블,N
PORTAL,DISCOUNT_MERCHANT,CHANNEL,VARCHAR,CHANNEL 항목,DISCOUNT_MERCHANT 테이블,N
PORTAL,DISCOUNT_POLICY,DISCOUNT_NO,BIGINT,DISCOUNT_NO (번호),DISCOUNT_POLICY 테이블,N
PORTAL,DISCOUNT_POLICY,NAME,VARCHAR,NAME 항목,DISCOUNT_POLICY 테이블,N
PORTAL,DISCOUNT_POLICY,RESALE,VARCHAR,RESALE 항목,DISCOUNT_POLICY 테이블,N
PORTAL,DISCOUNT_POLICY,CONTRACT_NO,BIGINT,CONTRACT_NO (번호),DISCOUNT_POLICY 테이블,N
PORTAL,DISCOUNT_POLICY,OFFER_BENEFIT_PLATFORM_VALUE,VARCHAR,OFFER_BENEFIT_PLATFORM_VALUE 항목,DISCOUNT_POLICY 테이블,N
PORTAL,DISCOUNT_POLICY,OFFER_BENEFIT_MR_VALUE,VARCHAR,OFFER_BENEFIT_MR_VALUE 항목,DISCOUNT_POLICY 테이블,N
PORTAL,DISCOUNT_POLICY,DCNT_LIMIT_TYPE,VARCHAR,DCNT_LIMIT_TYPE 항목,DISCOUNT_POLICY 테이블,N
PORTAL,DISCOUNT_POLICY,DCNT_LIMIT,VARCHAR,DCNT_LIMIT 항목,DISCOUNT_POLICY 테이블,N
PORTAL,DISCOUNT_POLICY,DCNT_LIMIT_SEL,VARCHAR,DCNT_LIMIT_SEL 항목,DISCOUNT_POLICY 테이블,N
PORTAL,DISCOUNT_POLICY,MIN_CONDITION_AMT,BIGINT,MIN_CONDITION_AMT (금액),DISCOUNT_POLICY 테이블,N
PORTAL,DISCOUNT_POLICY,PREV_CONDITION_AMT,BIGINT,PREV_CONDITION_AMT (금액),DISCOUNT_POLICY 테이블,N
PORTAL,DISCOUNT_POLICY,BENEFIT_DESCRIPTION,VARCHAR,BENEFIT_DESCRIPTION 항목,DISCOUNT_POLICY 테이블,N
PORTAL,DISCOUNT_POLICY,USE_YN,CHAR,USE_YN (여부),DISCOUNT_POLICY 테이블,N
PORTAL,DISCOUNT_POLICY,DISCOUNT_SEQ,VARCHAR,DISCOUNT_SEQ 항목,DISCOUNT_POLICY 테이블,N
PORTAL,DISCOUNT_POLICY,PRIORITY,VARCHAR,PRIORITY 항목,DISCOUNT_POLICY 테이블,N
PORTAL,DISCOUNT_POLICY,OFFER_BENEFIT_ROLE_TYPE,VARCHAR,OFFER_BENEFIT_ROLE_TYPE 항목,DISCOUNT_POLICY 테이블,N
PORTAL,DISCOUNT_POLICY,OFFER_BENEFIT_PLAYER_NO,BIGINT,OFFER_BENEFIT_PLAYER_NO (번호),DISCOUNT_POLICY 테이블,N
PORTAL,DISCOUNT_POLICY,OFFER_BENEFIT_VALUE,VARCHAR,OFFER_BENEFIT_VALUE 항목,DISCOUNT_POLICY 테이블,N
PORTAL,DISCOUNT_POLICY,PERIOD_RESTRICTION_YN,CHAR,PERIOD_RESTRICTION_YN (여부),DISCOUNT_POLICY 테이블,N
PORTAL,DISCOUNT_POLICY,NOTICE,VARCHAR,NOTICE 항목,DISCOUNT_POLICY 테이블,N
PORTAL,DISCOUNT_POLICY,CATEGORY,VARCHAR,CATEGORY 항목,DISCOUNT_POLICY 테이블,N
PORTAL,DISCOUNT_POLICY,TAG,VARCHAR,TAG 항목,DISCOUNT_POLICY 테이블,N
PORTAL,DISCOUNT_POLICY,FILE_NO,BIGINT,FILE_NO (번호),DISCOUNT_POLICY 테이블,N
PORTAL,DISCOUNT_POLICY,SN,VARCHAR,SN 항목,DISCOUNT_POLICY 테이블,N
PORTAL,DISCOUNT_POLICY,ORDER_NO,BIGINT,ORDER_NO (번호),DISCOUNT_POLICY 테이블,N
PORTAL,DISCOUNT_POLICY,PREV_CONDITION_RECHARGE_AMT,BIGINT,PREV_CONDITION_RECHARGE_AMT (금액),DISCOUNT_POLICY 테이블,N
PORTAL,DISCOUNT_POLICY,DISPLAY_MERCHANT_NAME,VARCHAR,DISPLAY_MERCHANT_NAME 항목,DISCOUNT_POLICY 테이블,N
PORTAL,DISCOUNT_POLICY,DISPLAY_DISCOUNT_NAME,VARCHAR,DISPLAY_DISCOUNT_NAME 항목,DISCOUNT_POLICY 테이블,N
PORTAL,DISCOUNT_POLICY,TAG2,VARCHAR,TAG2 항목,DISCOUNT_POLICY 테이블,N
PORTAL,DISCOUNT_POLICY,INCLUDE_PREV_CONDITION,VARCHAR,INCLUDE_PREV_CONDITION 항목,DISCOUNT_POLICY 테이블,N
PORTAL,DISCOUNT_POLICY,ONETIME_DCNT_LIMIT,VARCHAR,ONETIME_DCNT_LIMIT 항목,DISCOUNT_POLICY 테이블,N
PORTAL,DISCOUNT_POLICY,PAYMENT_TYPE,VARCHAR,PAYMENT_TYPE 항목,DISCOUNT_POLICY 테이블,N
PORTAL,DISCOUNT_POLICY,BENEFIT_INTRODUCTION,VARCHAR,BENEFIT_INTRODUCTION 항목,DISCOUNT_POLICY 테이블,N
PORTAL,DISCOUNT_POLICY,APPLY_CARD_DCNT_LIMIT,VARCHAR,APPLY_CARD_DCNT_LIMIT 항목,DISCOUNT_POLICY 테이블,N
PORTAL,DIY_COUPON_MAPPING,DIY_ID,VARCHAR,DIY_ID (식별자),DIY_COUPON_MAPPING 테이블,N
PORTAL,DIY_COUPON_MAPPING,TOKEN,VARCHAR,TOKEN 항목,DIY_COUPON_MAPPING 테이블,N
PORTAL,DIY_COUPON_MAPPING,COUPON_NO,BIGINT,COUPON_NO (번호),DIY_COUPON_MAPPING 테이블,N
PORTAL,DIY_ORDER,ID,VARCHAR,ID (식별자),DIY_ORDER 테이블,N
PORTAL,DIY_ORDER,GROUP_ID,VARCHAR,GROUP_ID (식별자),DIY_ORDER 테이블,N
PORTAL,DIY_ORDER,ORDER_NO,BIGINT,ORDER_NO (번호),DIY_ORDER 테이블,N
PORTAL,DIY_ORDER,ORDER_DATE,TIMESTAMP,ORDER_DATE 항목,DIY_ORDER 테이블,N
PORTAL,DIY_ORDER,BUYER_NAME,VARCHAR,BUYER_NAME 항목,DIY_ORDER 테이블,N
PORTAL,DIY_ORDER,PRODUCT_NAME,VARCHAR,PRODUCT_NAME 항목,DIY_ORDER 테이블,N
PORTAL,DIY_ORDER,MANUFACTURER,VARCHAR,MANUFACTURER 항목,DIY_ORDER 테이블,N
PORTAL,DIY_ORDER,PRODUCT_COUNT,VARCHAR,PRODUCT_COUNT 항목,DIY_ORDER 테이블,N
PORTAL,DIY_ORDER,OPTION_INFO,VARCHAR,OPTION_INFO 항목,DIY_ORDER 테이블,N
PORTAL,DIY_ORDER,OPTION_CODE,VARCHAR,OPTION_CODE 항목,DIY_ORDER 테이블,N
PORTAL,DIY_ORDER,OPTION_PURCHASE_PRICE,VARCHAR,OPTION_PURCHASE_PRICE 항목,DIY_ORDER 테이블,N
PORTAL,DIY_ORDER,OPTION_AMOUNT,BIGINT,OPTION_AMOUNT 항목,DIY_ORDER 테이블,N
PORTAL,DIY_ORDER,TOTAL_PAYMENT_AMOUNT,BIGINT,TOTAL_PAYMENT_AMOUNT 항목,DIY_ORDER 테이블,N
PORTAL,DIY_ORDER,RECEIVER_ZIP_CODE,VARCHAR,RECEIVER_ZIP_CODE 항목,DIY_ORDER 테이블,N
PORTAL,DIY_ORDER,RECEIVER_ADDRESS,VARCHAR,RECEIVER_ADDRESS 항목,DIY_ORDER 테이블,N
PORTAL,DIY_ORDER,MEMO,VARCHAR,MEMO 항목,DIY_ORDER 테이블,N
PORTAL,DIY_ORDER,PRICE,VARCHAR,PRICE 항목,DIY_ORDER 테이블,N
PORTAL,DIY_ORDER,PAR_VALUE,VARCHAR,PAR_VALUE 항목,DIY_ORDER 테이블,N
PORTAL,DIY_ORDER,PURCHASE_PRICE,VARCHAR,PURCHASE_PRICE 항목,DIY_ORDER 테이블,N
PORTAL,DIY_ORDER,BENEFIT_COUPON,VARCHAR,BENEFIT_COUPON 항목,DIY_ORDER 테이블,N
PORTAL,DIY_ORDER,IMG_PNG,VARCHAR,IMG_PNG 항목,DIY_ORDER 테이블,N
PORTAL,DIY_ORDER,IMG_JPG,VARCHAR,IMG_JPG 항목,DIY_ORDER 테이블,N
PORTAL,DIY_ORDER,TOKEN,VARCHAR,TOKEN 항목,DIY_ORDER 테이블,N
PORTAL,DIY_ORDER,IMG_JPG_HORIZONTAL,VARCHAR,IMG_JPG_HORIZONTAL 항목,DIY_ORDER 테이블,N
PORTAL,HANA_MERCHANT_CODE,CODE_GROUP_IDX,VARCHAR,CODE_GROUP_IDX 항목,HANA_MERCHANT_CODE 테이블,N
PORTAL,HANA_MERCHANT_CODE,CODE,VARCHAR,CODE 항목,HANA_MERCHANT_CODE 테이블,N
PORTAL,HANA_MERCHANT_CODE,CODE_NM,VARCHAR,CODE_NM (명),HANA_MERCHANT_CODE 테이블,N
PORTAL,HANA_MERCHANT_CODE,CODE_DETAIL,VARCHAR,CODE_DETAIL 항목,HANA_MERCHANT_CODE 테이블,N
PORTAL,HANA_MERCHANT_CODE,CODE_NM_TYPE,VARCHAR,CODE_NM_TYPE 항목,HANA_MERCHANT_CODE 테이블,N
PORTAL,KA_ADDRESS_MAPPING,ID,VARCHAR,ID (식별자),KA_ADDRESS_MAPPING 테이블,N
PORTAL,KA_ADDRESS_MAPPING,ASP_ID,VARCHAR,ASP_ID (식별자),KA_ADDRESS_MAPPING 테이블,N
PORTAL,KA_ADDRESS_MAPPING,KA_ID,VARCHAR,KA_ID (식별자),KA_ADDRESS_MAPPING 테이블,N
PORTAL,KA_ADDRESS_MAPPING,CODE,VARCHAR,CODE 항목,KA_ADDRESS_MAPPING 테이블,N
PORTAL,KA_ADDRESS_MAPPING,SI_GUN_GU_NM,VARCHAR,SI_GUN_GU_NM (명),KA_ADDRESS_MAPPING 테이블,N
PORTAL,KA_ADDRESS_MAPPING,EUP_MYUN_DONG_NM,VARCHAR,EUP_MYUN_DONG_NM (명),KA_ADDRESS_MAPPING 테이블,N
PORTAL,KA_ADDRESS_MAPPING,SI_DO_NM,VARCHAR,SI_DO_NM (명),KA_ADDRESS_MAPPING 테이블,N
PORTAL,KB_MERCHANT_CODE,CODE_GROUP_IDX,VARCHAR,CODE_GROUP_IDX 항목,KB_MERCHANT_CODE 테이블,N
PORTAL,KB_MERCHANT_CODE,CODE,VARCHAR,CODE 항목,KB_MERCHANT_CODE 테이블,N
PORTAL,KB_MERCHANT_CODE,CODE_NM,VARCHAR,CODE_NM (명),KB_MERCHANT_CODE 테이블,N
PORTAL,KB_MERCHANT_CODE,CODE_DETAIL,VARCHAR,CODE_DETAIL 항목,KB_MERCHANT_CODE 테이블,N
PORTAL,KB_MERCHANT_CODE,CODE_NM_TYPE,VARCHAR,CODE_NM_TYPE 항목,KB_MERCHANT_CODE 테이블,N
PORTAL,KONA_BIZ_CODE,BIZ_CODE,VARCHAR,BIZ_CODE 항목,KONA_BIZ_CODE 테이블,N
PORTAL,KONA_BIZ_CODE,BIZ_MCODE,VARCHAR,BIZ_MCODE 항목,KONA_BIZ_CODE 테이블,N
PORTAL,KONA_BIZ_CODE,BIZ_LTYPE_NAME,VARCHAR,BIZ_LTYPE_NAME 항목,KONA_BIZ_CODE 테이블,N
PORTAL,KONA_BIZ_CODE,BIZ_MTYPE_NAME,VARCHAR,BIZ_MTYPE_NAME 항목,KONA_BIZ_CODE 테이블,N
PORTAL,KONA_BIZ_CODE,BIZ_STYPE_NAME,VARCHAR,BIZ_STYPE_NAME 항목,KONA_BIZ_CODE 테이블,N
PORTAL,LUCKY_EVENT_REWARD_HISTORY,ID,VARCHAR,ID (식별자),LUCKY_EVENT_REWARD_HISTORY 테이블,N
PORTAL,LUCKY_EVENT_REWARD_HISTORY,USER_ID,VARCHAR,USER_ID (식별자),LUCKY_EVENT_REWARD_HISTORY 테이블,N
PORTAL,LUCKY_EVENT_REWARD_HISTORY,GAME_ID,VARCHAR,GAME_ID (식별자),LUCKY_EVENT_REWARD_HISTORY 테이블,N
PORTAL,LUCKY_EVENT_REWARD_HISTORY,ROUND_NUMBER,VARCHAR,ROUND_NUMBER 항목,LUCKY_EVENT_REWARD_HISTORY 테이블,N
PORTAL,LUCKY_EVENT_REWARD_HISTORY,PURCHASED_CNT,BIGINT,PURCHASED_CNT (건수),LUCKY_EVENT_REWARD_HISTORY 테이블,N
PORTAL,LUCKY_EVENT_REWARD_HISTORY,EVENT_TYPE,VARCHAR,EVENT_TYPE 항목,LUCKY_EVENT_REWARD_HISTORY 테이블,N
PORTAL,LUCKY_EVENT_REWARD_HISTORY,PAYMENT_AMT,BIGINT,PAYMENT_AMT (금액),LUCKY_EVENT_REWARD_HISTORY 테이블,N
PORTAL,LUCKY_EVENT_REWARD_HISTORY,TRANSACTION_ID,VARCHAR,TRANSACTION_ID (식별자),LUCKY_EVENT_REWARD_HISTORY 테이블,N
PORTAL,LUCKY_EVENT_REWARD_HISTORY,STATUS,VARCHAR,STATUS 항목,LUCKY_EVENT_REWARD_HISTORY 테이블,N
PORTAL,LUCKY_EVENT_REWARD_PRICE,ID,VARCHAR,ID (식별자),LUCKY_EVENT_REWARD_PRICE 테이블,N
PORTAL,LUCKY_EVENT_REWARD_PRICE,PRICE,VARCHAR,PRICE 항목,LUCKY_EVENT_REWARD_PRICE 테이블,N
PORTAL,LUCKY_EVENT_REWARD_PRICE,WEIGHT,VARCHAR,WEIGHT 항목,LUCKY_EVENT_REWARD_PRICE 테이블,N
PORTAL,LUCKY_EVENT_REWARD_PRICE,USE_YN,CHAR,USE_YN (여부),LUCKY_EVENT_REWARD_PRICE 테이블,N
PORTAL,LUCKY_EVENT_REWARD_PRICE,EVENT_REWARD_RANGE_ID,VARCHAR,EVENT_REWARD_RANGE_ID (식별자),LUCKY_EVENT_REWARD_PRICE 테이블,N
PORTAL,LUCKY_EVENT_REWARD_RANGE,ID,VARCHAR,ID (식별자),LUCKY_EVENT_REWARD_RANGE 테이블,N
PORTAL,LUCKY_EVENT_REWARD_RANGE,START_RANGE,VARCHAR,START_RANGE 항목,LUCKY_EVENT_REWARD_RANGE 테이블,N
PORTAL,LUCKY_EVENT_REWARD_RANGE,END_RANGE,VARCHAR,END_RANGE 항목,LUCKY_EVENT_REWARD_RANGE 테이블,N
PORTAL,LUCKY_EVENT_REWARD_RANGE,USE_YN,CHAR,USE_YN (여부),LUCKY_EVENT_REWARD_RANGE 테이블,N
PORTAL,LUCKY_EVENT_REWARD_RANGE,EVENT_REWARD_ID,VARCHAR,EVENT_REWARD_ID (식별자),LUCKY_EVENT_REWARD_RANGE 테이블,N
PORTAL,LUCKY_EVENT_REWARD_SETTING,ID,VARCHAR,ID (식별자),LUCKY_EVENT_REWARD_SETTING 테이블,N
PORTAL,LUCKY_EVENT_REWARD_SETTING,EVENT_NAME,VARCHAR,EVENT_NAME 항목,LUCKY_EVENT_REWARD_SETTING 테이블,N
PORTAL,LUCKY_EVENT_REWARD_SETTING,GAME_ID,VARCHAR,GAME_ID (식별자),LUCKY_EVENT_REWARD_SETTING 테이블,N
PORTAL,LUCKY_EVENT_REWARD_SETTING,START_ROUND_NUMBER,VARCHAR,START_ROUND_NUMBER 항목,LUCKY_EVENT_REWARD_SETTING 테이블,N
PORTAL,LUCKY_EVENT_REWARD_SETTING,END_ROUND_NUMBER,VARCHAR,END_ROUND_NUMBER 항목,LUCKY_EVENT_REWARD_SETTING 테이블,N
PORTAL,LUCKY_EVENT_REWARD_SETTING,RECIEVE_TIMES,VARCHAR,RECIEVE_TIMES 항목,LUCKY_EVENT_REWARD_SETTING 테이블,N
PORTAL,LUCKY_EVENT_REWARD_SETTING,EVENT_TYPE,VARCHAR,EVENT_TYPE 항목,LUCKY_EVENT_REWARD_SETTING 테이블,N
PORTAL,LUCKY_EVENT_REWARD_SETTING,USE_YN,CHAR,USE_YN (여부),LUCKY_EVENT_REWARD_SETTING 테이블,N
PORTAL,LUCKY_NEW_EVENT_REWARD_SETTING,ID,VARCHAR,ID (식별자),LUCKY_NEW_EVENT_REWARD_SETTING 테이블,N
PORTAL,LUCKY_NEW_EVENT_REWARD_SETTING,EVENT_NAME,VARCHAR,EVENT_NAME 항목,LUCKY_NEW_EVENT_REWARD_SETTING 테이블,N
PORTAL,LUCKY_NEW_EVENT_REWARD_SETTING,GAME_ID,VARCHAR,GAME_ID (식별자),LUCKY_NEW_EVENT_REWARD_SETTING 테이블,N
PORTAL,LUCKY_NEW_EVENT_REWARD_SETTING,START_ROUND_NUMBER,VARCHAR,START_ROUND_NUMBER 항목,LUCKY_NEW_EVENT_REWARD_SETTING 테이블,N
PORTAL,LUCKY_NEW_EVENT_REWARD_SETTING,END_ROUND_NUMBER,VARCHAR,END_ROUND_NUMBER 항목,LUCKY_NEW_EVENT_REWARD_SETTING 테이블,N
PORTAL,LUCKY_NEW_EVENT_REWARD_SETTING,USE_YN,CHAR,USE_YN (여부),LUCKY_NEW_EVENT_REWARD_SETTING 테이블,N
PORTAL,MERCHANT_INTRO,PLACE_NO,BIGINT,PLACE_NO (번호),MERCHANT_INTRO 테이블,N
PORTAL,MERCHANT_INTRO,REG_ID,VARCHAR,REG_ID (식별자),MERCHANT_INTRO 테이블,N
PORTAL,MERCHANT_INTRO,REG_IP,VARCHAR,REG_IP 항목,MERCHANT_INTRO 테이블,N
PORTAL,MERCHANT_INTRO,MOD_ID,VARCHAR,MOD_ID (식별자),MERCHANT_INTRO 테이블,N
PORTAL,MERCHANT_INTRO,MOD_IP,VARCHAR,MOD_IP 항목,MERCHANT_INTRO 테이블,N
PORTAL,MERCHANT_INTRO,PLACE_ZIP,VARCHAR,PLACE_ZIP 항목,MERCHANT_INTRO 테이블,N
PORTAL,MERCHANT_INTRO,PLACE_ADRS1,VARCHAR,PLACE_ADRS1 항목,MERCHANT_INTRO 테이블,N
PORTAL,MERCHANT_INTRO,PLACE_ADRS2,VARCHAR,PLACE_ADRS2 항목,MERCHANT_INTRO 테이블,N
PORTAL,MERCHANT_INTRO,TELNO1,VARCHAR,TELNO1 항목,MERCHANT_INTRO 테이블,N
PORTAL,MERCHANT_INTRO,TELNO2,VARCHAR,TELNO2 항목,MERCHANT_INTRO 테이블,N
PORTAL,MERCHANT_INTRO,PLACE_HOMEPAGE_URL,VARCHAR,PLACE_HOMEPAGE_URL 항목,MERCHANT_INTRO 테이블,N
PORTAL,MERCHANT_INTRO,TAG_INFO,VARCHAR,TAG_INFO 항목,MERCHANT_INTRO 테이블,N
PORTAL,MERCHANT_INTRO,OFF_MON_YN,CHAR,OFF_MON_YN (여부),MERCHANT_INTRO 테이블,N
PORTAL,MERCHANT_INTRO,OFF_TUE_YN,CHAR,OFF_TUE_YN (여부),MERCHANT_INTRO 테이블,N
PORTAL,MERCHANT_INTRO,OFF_WED_YN,CHAR,OFF_WED_YN (여부),MERCHANT_INTRO 테이블,N
PORTAL,MERCHANT_INTRO,OFF_THU_YN,CHAR,OFF_THU_YN (여부),MERCHANT_INTRO 테이블,N
PORTAL,MERCHANT_INTRO,OFF_FRI_YN,CHAR,OFF_FRI_YN (여부),MERCHANT_INTRO 테이블,N
PORTAL,MERCHANT_INTRO,OFF_SAT_YN,CHAR,OFF_SAT_YN (여부),MERCHANT_INTRO 테이블,N
PORTAL,MERCHANT_INTRO,OFF_SUN_YN,CHAR,OFF_SUN_YN (여부),MERCHANT_INTRO 테이블,N
PORTAL,MERCHANT_INTRO,EVERY_YN,CHAR,EVERY_YN (여부),MERCHANT_INTRO 테이블,N
PORTAL,MERCHANT_INTRO,OFF_ETC,VARCHAR,OFF_ETC 항목,MERCHANT_INTRO 테이블,N
PORTAL,MERCHANT_INTRO,ON_START_TIME,VARCHAR,ON_START_TIME 항목,MERCHANT_INTRO 테이블,N
PORTAL,MERCHANT_INTRO,ON_END_TIME,VARCHAR,ON_END_TIME 항목,MERCHANT_INTRO 테이블,N
PORTAL,MERCHANT_INTRO,OFF_START_TIME,VARCHAR,OFF_START_TIME 항목,MERCHANT_INTRO 테이블,N
PORTAL,MERCHANT_INTRO,OFF_END_TIME,VARCHAR,OFF_END_TIME 항목,MERCHANT_INTRO 테이블,N
PORTAL,MERCHANT_INTRO,RESERVATION_YN,CHAR,RESERVATION_YN (여부),MERCHANT_INTRO 테이블,N
PORTAL,MERCHANT_INTRO,PARKING_YN,CHAR,PARKING_YN (여부),MERCHANT_INTRO 테이블,N
PORTAL,MERCHANT_INTRO,VALET_PARKING_YN,CHAR,VALET_PARKING_YN (여부),MERCHANT_INTRO 테이블,N
PORTAL,MERCHANT_INTRO,DELIVERY_YN,CHAR,DELIVERY_YN (여부),MERCHANT_INTRO 테이블,N
PORTAL,MERCHANT_INTRO,USE_YN,CHAR,USE_YN (여부),MERCHANT_INTRO 테이블,N
PORTAL,MERCHANT_INTRO,OFF_ALL_YN,CHAR,OFF_ALL_YN (여부),MERCHANT_INTRO 테이블,N
PORTAL,MERCHANT_INTRO,ON_TIME24_YN,CHAR,ON_TIME24_YN (여부),MERCHANT_INTRO 테이블,N
PORTAL,MERCHANT_INTRO,RPR_IMG_FILE_NO,BIGINT,RPR_IMG_FILE_NO (번호),MERCHANT_INTRO 테이블,N
PORTAL,MERCHANT_INTRO,RPR_IMG_SN,VARCHAR,RPR_IMG_SN 항목,MERCHANT_INTRO 테이블,N
PORTAL,MERCHANT_INTRO,MC_TYPE,VARCHAR,MC_TYPE 항목,MERCHANT_INTRO 테이블,N
PORTAL,MERCHANT_INTRO,VIEWING_PLAYER_NM,VARCHAR,VIEWING_PLAYER_NM (명),MERCHANT_INTRO 테이블,N
PORTAL,MERCHANT_INTRO,VIEWING_STATUS,VARCHAR,VIEWING_STATUS 항목,MERCHANT_INTRO 테이블,N
PORTAL,MERCHANT_INTRO,TEL_ORDER_CTRY,VARCHAR,TEL_ORDER_CTRY 항목,MERCHANT_INTRO 테이블,N
PORTAL,MERCHANT_INTRO,SEARCH_KEY_WORD,VARCHAR,SEARCH_KEY_WORD 항목,MERCHANT_INTRO 테이블,N
PORTAL,MERCHANT_INTRO,LATITUDE,VARCHAR,LATITUDE 항목,MERCHANT_INTRO 테이블,N
PORTAL,MERCHANT_INTRO,LONGITUDE,VARCHAR,LONGITUDE 항목,MERCHANT_INTRO 테이블,N
PORTAL,MERCHANT_INTRO,INTRO,VARCHAR,INTRO 항목,MERCHANT_INTRO 테이블,N
PORTAL,MERCHANT_INTRO,OFF_DAY_YN,CHAR,OFF_DAY_YN (여부),MERCHANT_INTRO 테이블,N
PORTAL,MERCHANT_INTRO,ON_TIME_REASON,VARCHAR,ON_TIME_REASON 항목,MERCHANT_INTRO 테이블,N
PORTAL,MERCHANT_INTRO,OFF_TIME_REASON,VARCHAR,OFF_TIME_REASON 항목,MERCHANT_INTRO 테이블,N
PORTAL,MERCHANT_INTRO,OFF_DAY_REASON,VARCHAR,OFF_DAY_REASON 항목,MERCHANT_INTRO 테이블,N
PORTAL,MERCHANT_INTRO,MENU_TYPE,VARCHAR,MENU_TYPE 항목,MERCHANT_INTRO 테이블,N
PORTAL,MERCHANT_INTRO,MENU_FILE_NO,BIGINT,MENU_FILE_NO (번호),MERCHANT_INTRO 테이블,N
PORTAL,MERCHANT_INTRO,MC_FILE_NO,BIGINT,MC_FILE_NO (번호),MERCHANT_INTRO 테이블,N
PORTAL,MERCHANT_INTRO,TAG,VARCHAR,TAG 항목,MERCHANT_INTRO 테이블,N
PORTAL,MERCHANT_INTRO,LOCALE,VARCHAR,LOCALE 항목,MERCHANT_INTRO 테이블,N
PORTAL,MERCHANT_INTRO,UPPER_PLACE_NO,BIGINT,UPPER_PLACE_NO (번호),MERCHANT_INTRO 테이블,N
PORTAL,MERCHANT_INTRO,MERCHANT_TAG,VARCHAR,MERCHANT_TAG 항목,MERCHANT_INTRO 테이블,N
PORTAL,MERCHANT_INTRO,REGION_TAG,VARCHAR,REGION_TAG 항목,MERCHANT_INTRO 테이블,N
PORTAL,MERCHANT_INTRO,MOD_NAME,VARCHAR,MOD_NAME 항목,MERCHANT_INTRO 테이블,N
PORTAL,MERCHANT_INTRO,DISPLAY_CATEGORY,VARCHAR,DISPLAY_CATEGORY 항목,MERCHANT_INTRO 테이블,N
PORTAL,MERCHANT_INTRO,MC_MAIN_LOGO_FILE_NO,BIGINT,MC_MAIN_LOGO_FILE_NO (번호),MERCHANT_INTRO 테이블,N
PORTAL,MERCHANT_INTRO,ADDITIONAL_PLACE_GUIDE,VARCHAR,ADDITIONAL_PLACE_GUIDE 항목,MERCHANT_INTRO 테이블,N
PORTAL,MERCHANT_INTRO,PLACE_INTRODUCE,VARCHAR,PLACE_INTRODUCE 항목,MERCHANT_INTRO 테이블,N
PORTAL,MERCHANT_INTRO,LOP_YN,CHAR,LOP_YN (여부),MERCHANT_INTRO 테이블,N
PORTAL,MERCHANT_INTRO,KA_ID,VARCHAR,KA_ID (식별자),MERCHANT_INTRO 테이블,N
PORTAL,MERCHANT_INTRO,MERCHANT_ID,VARCHAR,MERCHANT_ID (식별자),MERCHANT_INTRO 테이블,N
PORTAL,MERCHANT_INTRO,OPEN,VARCHAR,OPEN 항목,MERCHANT_INTRO 테이블,N
PORTAL,MERCHANT_INTRO,LOP_PLACE_ID,VARCHAR,LOP_PLACE_ID (식별자),MERCHANT_INTRO 테이블,N
PORTAL,MERCHANT_INTRO,SGG_NM,VARCHAR,SGG_NM (명),MERCHANT_INTRO 테이블,N
PORTAL,MERCHANT_INTRO,EMD_NM,VARCHAR,EMD_NM (명),MERCHANT_INTRO 테이블,N
PORTAL,MERCHANT_INTRO,STAMP_ID,VARCHAR,STAMP_ID (식별자),MERCHANT_INTRO 테이블,N
PORTAL,MERCHANT_INTRO,STAMP_YN,CHAR,STAMP_YN (여부),MERCHANT_INTRO 테이블,N
PORTAL,MERCHANT_INTRO,DELIVERY_AGENCY,VARCHAR,DELIVERY_AGENCY 항목,MERCHANT_INTRO 테이블,N
PORTAL,MERCHANT_INTRO,MADE_IN_MEMO,VARCHAR,MADE_IN_MEMO 항목,MERCHANT_INTRO 테이블,N
PORTAL,MERCHANT_INTRO,HYGIENE,VARCHAR,HYGIENE 항목,MERCHANT_INTRO 테이블,N
PORTAL,MERCHANT_INTRO,RECOMMEND,VARCHAR,RECOMMEND 항목,MERCHANT_INTRO 테이블,N
PORTAL,MERCHANT_INTRO,ORDER_TYPE,VARCHAR,ORDER_TYPE 항목,MERCHANT_INTRO 테이블,N
PORTAL,MERCHANT_INTRO,MILEAGE_ID,VARCHAR,MILEAGE_ID (식별자),MERCHANT_INTRO 테이블,N
PORTAL,MERCHANT_INTRO,MILEAGE_YN,CHAR,MILEAGE_YN (여부),MERCHANT_INTRO 테이블,N
PORTAL,MERCHANT_INTRO,QR_YN,CHAR,QR_YN (여부),MERCHANT_INTRO 테이블,N
PORTAL,MERCHANT_INTRO,CEO_SHOW_YN,CHAR,CEO_SHOW_YN (여부),MERCHANT_INTRO 테이블,N
PORTAL,MERCHANT_INTRO_ASP_MAPPING,ASP_NO,BIGINT,ASP_NO (번호),MERCHANT_INTRO_ASP_MAPPING 테이블,N
PORTAL,MERCHANT_INTRO_ASP_MAPPING,DC_ASP_NO,BIGINT,DC_ASP_NO (번호),MERCHANT_INTRO_ASP_MAPPING 테이블,N
PORTAL,MERCHANT_INTRO_ASP_MAPPING,PLAYER_NO,BIGINT,PLAYER_NO (번호),MERCHANT_INTRO_ASP_MAPPING 테이블,N
PORTAL,MERCHANT_INTRO_ASP_MAPPING,PLACE_NO,BIGINT,PLACE_NO (번호),MERCHANT_INTRO_ASP_MAPPING 테이블,N
PORTAL,MERCHANT_INTRO_ASP_MAPPING,USE_YN,CHAR,USE_YN (여부),MERCHANT_INTRO_ASP_MAPPING 테이블,N
PORTAL,MERCHANT_INTRO_ASP_MAPPING,REG_ID,VARCHAR,REG_ID (식별자),MERCHANT_INTRO_ASP_MAPPING 테이블,N
PORTAL,MERCHANT_INTRO_ASP_MAPPING,REG_IP,VARCHAR,REG_IP 항목,MERCHANT_INTRO_ASP_MAPPING 테이블,N
PORTAL,MERCHANT_INTRO_ASP_MAPPING,MOD_ID,VARCHAR,MOD_ID (식별자),MERCHANT_INTRO_ASP_MAPPING 테이블,N
PORTAL,MERCHANT_INTRO_ASP_MAPPING,MOD_IP,VARCHAR,MOD_IP 항목,MERCHANT_INTRO_ASP_MAPPING 테이블,N
PORTAL,MERCHANT_INTRO_ASP_MAPPING,PLAYER_ID,VARCHAR,PLAYER_ID (식별자),MERCHANT_INTRO_ASP_MAPPING 테이블,N
PORTAL,MERCHANT_INTRODUCE,ASP_NO,BIGINT,ASP_NO (번호),MERCHANT_INTRODUCE 테이블,N
PORTAL,MERCHANT_INTRODUCE,PLACE_NO,BIGINT,PLACE_NO (번호),MERCHANT_INTRODUCE 테이블,N
PORTAL,MERCHANT_INTRODUCE,PLAYER_NO,BIGINT,PLAYER_NO (번호),MERCHANT_INTRODUCE 테이블,N
PORTAL,MERCHANT_INTRODUCE,SN,VARCHAR,SN 항목,MERCHANT_INTRODUCE 테이블,N
PORTAL,MERCHANT_INTRODUCE,SUBJECT,VARCHAR,SUBJECT 항목,MERCHANT_INTRODUCE 테이블,N
PORTAL,MERCHANT_INTRODUCE,INTRODUCE,VARCHAR,INTRODUCE 항목,MERCHANT_INTRODUCE 테이블,N
PORTAL,MERCHANT_INTRODUCE,USE_YN,CHAR,USE_YN (여부),MERCHANT_INTRODUCE 테이블,N
PORTAL,MERCHANT_INTRODUCE,LOCALE,VARCHAR,LOCALE 항목,MERCHANT_INTRODUCE 테이블,N
PORTAL,NH_MERCHANT_CODE,CODE_GROUP_IDX,VARCHAR,CODE_GROUP_IDX 항목,NH_MERCHANT_CODE 테이블,N
PORTAL,NH_MERCHANT_CODE,CODE,VARCHAR,CODE 항목,NH_MERCHANT_CODE 테이블,N
PORTAL,NH_MERCHANT_CODE,CODE_NM,VARCHAR,CODE_NM (명),NH_MERCHANT_CODE 테이블,N
PORTAL,NH_MERCHANT_CODE,CODE_DETAIL,VARCHAR,CODE_DETAIL 항목,NH_MERCHANT_CODE 테이블,N
PORTAL,NH_MERCHANT_CODE,CODE_NM_TYPE,VARCHAR,CODE_NM_TYPE 항목,NH_MERCHANT_CODE 테이블,N
PORTAL,PLAYER,PLAYER_NO,BIGINT,PLAYER_NO (번호),PLAYER 테이블,N
PORTAL,PLAYER,ASP_NO,BIGINT,ASP_NO (번호),PLAYER 테이블,N
PORTAL,PLAYER,PLAYER_NAME,VARCHAR,PLAYER_NAME 항목,PLAYER 테이블,N
PORTAL,PLAYER,ASP_YN,CHAR,ASP_YN (여부),PLAYER 테이블,N
PORTAL,PLAYER,MERCHANT_YN,CHAR,MERCHANT_YN (여부),PLAYER 테이블,N
PORTAL,PLAYER,RECHARGER_YN,CHAR,RECHARGER_YN (여부),PLAYER 테이블,N
PORTAL,PLAYER,MP_YN,CHAR,MP_YN (여부),PLAYER 테이블,N
PORTAL,PLAYER,MA_YN,CHAR,MA_YN (여부),PLAYER 테이블,N
PORTAL,PLAYER,PLACE_YN,CHAR,PLACE_YN (여부),PLAYER 테이블,N
PORTAL,PLAYER,PLAYER_STATE_CD,VARCHAR,PLAYER_STATE_CD (코드),PLAYER 테이블,N
PORTAL,PLAYER,USE_YN,CHAR,USE_YN (여부),PLAYER 테이블,N
PORTAL,PLAYER,REG_ID,VARCHAR,REG_ID (식별자),PLAYER 테이블,N
PORTAL,PLAYER,REG_IP,VARCHAR,REG_IP 항목,PLAYER 테이블,N
PORTAL,PLAYER,MOD_ID,VARCHAR,MOD_ID (식별자),PLAYER 테이블,N
PORTAL,PLAYER,MOD_IP,VARCHAR,MOD_IP 항목,PLAYER 테이블,N
PORTAL,PLAYER,BIZ_TYPE,VARCHAR,BIZ_TYPE 항목,PLAYER 테이블,N
PORTAL,PLAYER,BIZ_LICENSE_NUMBER,VARCHAR,BIZ_LICENSE_NUMBER 항목,PLAYER 테이블,N
PORTAL,PLAYER,CORPORRATION_NUMBER,VARCHAR,CORPORRATION_NUMBER 항목,PLAYER 테이블,N
PORTAL,PLAYER,BIRTH_DATE,TIMESTAMP,BIRTH_DATE 항목,PLAYER 테이블,N
PORTAL,PLAYER,GENDER,VARCHAR,GENDER 항목,PLAYER 테이블,N
PORTAL,PLAYER,SETTLEMENT_TYPE,VARCHAR,SETTLEMENT_TYPE 항목,PLAYER 테이블,N
PORTAL,PLAYER,SETTLEMENT_INFO,VARCHAR,SETTLEMENT_INFO 항목,PLAYER 테이블,N
PORTAL,PLAYER,SETTLEMENT_AGENT,VARCHAR,SETTLEMENT_AGENT 항목,PLAYER 테이블,N
PORTAL,PLAYER,TEMPORARY_YN,CHAR,TEMPORARY_YN (여부),PLAYER 테이블,N
PORTAL,PLAYER,ADMINISTRATOR_YN,CHAR,ADMINISTRATOR_YN (여부),PLAYER 테이블,N
PORTAL,PLAYER,FAIL_CNT,BIGINT,FAIL_CNT (건수),PLAYER 테이블,N
PORTAL,PLAYER,PW_MODIFY_DATE,TIMESTAMP,PW_MODIFY_DATE 항목,PLAYER 테이블,N
PORTAL,PLAYER,USER_ID,VARCHAR,USER_ID (식별자),PLAYER 테이블,N
PORTAL,PLAYER,HP_NO1,VARCHAR,HP_NO1 항목,PLAYER 테이블,N
PORTAL,PLAYER,HP_NO2,VARCHAR,HP_NO2 항목,PLAYER 테이블,N
PORTAL,PLAYER,TEMPORARY_NO,BIGINT,TEMPORARY_NO (번호),PLAYER 테이블,N
PORTAL,PLAYER,KONA_PLAYER_NO,BIGINT,KONA_PLAYER_NO (번호),PLAYER 테이블,N
PORTAL,PLAYER,USER_ID_MASK,VARCHAR,USER_ID_MASK 항목,PLAYER 테이블,N
PORTAL,PLAYER,HP_NO2_MASK,VARCHAR,HP_NO2_MASK 항목,PLAYER 테이블,N
PORTAL,PLAYER,BUSINESS_TYPE,VARCHAR,BUSINESS_TYPE 항목,PLAYER 테이블,N
PORTAL,PLAYER,CASE_LIST,VARCHAR,CASE_LIST (상태),PLAYER 테이블,N
PORTAL,PLAYER,ZIP_CODE,VARCHAR,ZIP_CODE 항목,PLAYER 테이블,N
PORTAL,PLAYER,ADDRESS,VARCHAR,ADDRESS 항목,PLAYER 테이블,N
PORTAL,PLAYER,OPEN_DATE,TIMESTAMP,OPEN_DATE 항목,PLAYER 테이블,N
PORTAL,PLAYER,INCOME_DEDUCTION_YN,CHAR,INCOME_DEDUCTION_YN (여부),PLAYER 테이블,N
PORTAL,PLAYER,FILE_NO,BIGINT,FILE_NO (번호),PLAYER 테이블,N
PORTAL,PLAYER,SN,VARCHAR,SN 항목,PLAYER 테이블,N
PORTAL,PLAYER,SPOT_CHECK_NO,BIGINT,SPOT_CHECK_NO (번호),PLAYER 테이블,N
PORTAL,PLAYER,SPOT_CHECK_ADDR_YN,CHAR,SPOT_CHECK_ADDR_YN (여부),PLAYER 테이블,N
PORTAL,PLAYER,SPOT_CHECK_DATE,TIMESTAMP,SPOT_CHECK_DATE 항목,PLAYER 테이블,N
PORTAL,PLAYER,SPOT_CHECK_STAT,VARCHAR,SPOT_CHECK_STAT 항목,PLAYER 테이블,N
PORTAL,PLAYER,SPOT_CHECK_ITEM,VARCHAR,SPOT_CHECK_ITEM 항목,PLAYER 테이블,N
PORTAL,PLAYER,TERMINAL_KONA_YN,CHAR,TERMINAL_KONA_YN (여부),PLAYER 테이블,N
PORTAL,PLAYER,CERTIFICATION_CI,VARCHAR,CERTIFICATION_CI 항목,PLAYER 테이블,N
PORTAL,PLAYER,CERTIFICATION_DI,VARCHAR,CERTIFICATION_DI 항목,PLAYER 테이블,N
PORTAL,PLAYER,BUSINESS_CODE,VARCHAR,BUSINESS_CODE 항목,PLAYER 테이블,N
PORTAL,PLAYER,BRAND_CODE,VARCHAR,BRAND_CODE 항목,PLAYER 테이블,N
PORTAL,PLAYER,SERIAL_CODE,VARCHAR,SERIAL_CODE 항목,PLAYER 테이블,N
PORTAL,PLAYER,AUTHENTICATED_EMAIL_YN,CHAR,AUTHENTICATED_EMAIL_YN (여부),PLAYER 테이블,N
PORTAL,PLAYER,MEMO,VARCHAR,MEMO 항목,PLAYER 테이블,N
PORTAL,PLAYER,KA_YN,CHAR,KA_YN (여부),PLAYER 테이블,N
PORTAL,PLAYER,SP_YN,CHAR,SP_YN (여부),PLAYER 테이블,N
PORTAL,PLAYER,PARTNER_NAME,VARCHAR,PARTNER_NAME 항목,PLAYER 테이블,N
PORTAL,PLAYER,ADDRESS2,VARCHAR,ADDRESS2 항목,PLAYER 테이블,N
PORTAL,PLAYER,BIZ_LICENSE_TYPE,VARCHAR,BIZ_LICENSE_TYPE 항목,PLAYER 테이블,N
PORTAL,PLAYER,ptn_rsg_dt,TIMESTAMP,ptn_rsg_dt (일자),PLAYER 테이블,N
PORTAL,PLAYER_ASP,IN_PLAYER_NO,BIGINT,IN_PLAYER_NO (번호),PLAYER_ASP 테이블,N
PORTAL,PLAYER_ASP,IN_ROLE_TYPE,VARCHAR,IN_ROLE_TYPE 항목,PLAYER_ASP 테이블,N
PORTAL,PLAYER_ASP,PLAYER_NO,BIGINT,PLAYER_NO (번호),PLAYER_ASP 테이블,N
PORTAL,PLAYER_ASP,ROLE_TYPE,VARCHAR,ROLE_TYPE 항목,PLAYER_ASP 테이블,N
PORTAL,POR_ALT_AGG,URL,VARCHAR,URL 항목,POR_ALT_AGG 테이블,N
PORTAL,POR_ALT_AGG,CRI_YMDH,VARCHAR,CRI_YMDH 항목,POR_ALT_AGG 테이블,N
PORTAL,POR_ALT_AGG,CLICK_CNT,BIGINT,CLICK_CNT (건수),POR_ALT_AGG 테이블,N
PORTAL,POR_DTL_SPPS,DTL_SPPS_ID,VARCHAR,DTL_SPPS_ID (식별자),POR_DTL_SPPS 테이블,N
PORTAL,POR_DTL_SPPS,ASP_ID,VARCHAR,ASP_ID (식별자),POR_DTL_SPPS 테이블,N
PORTAL,POR_DTL_SPPS,ASP_NM,VARCHAR,ASP_NM (명),POR_DTL_SPPS 테이블,N
PORTAL,POR_DTL_SPPS,KA_ID,VARCHAR,KA_ID (식별자),POR_DTL_SPPS 테이블,N
PORTAL,POR_DTL_SPPS,KA_NM,VARCHAR,KA_NM (명),POR_DTL_SPPS 테이블,N
PORTAL,POR_DTL_SPPS,DTL_SPPS_NM,VARCHAR,DTL_SPPS_NM (명),POR_DTL_SPPS 테이블,N
PORTAL,POR_DTL_SPPS,SPPS_ID,VARCHAR,SPPS_ID (식별자),POR_DTL_SPPS 테이블,N
PORTAL,POR_DTL_SPPS,EAS_AFC_SVC_ID,VARCHAR,EAS_AFC_SVC_ID (식별자),POR_DTL_SPPS 테이블,N
PORTAL,POR_DTL_SPPS,ICN_IMG_FILE_NO,BIGINT,ICN_IMG_FILE_NO (번호),POR_DTL_SPPS 테이블,N
PORTAL,POR_DTL_SPPS,LK_OPT_CD,VARCHAR,LK_OPT_CD (코드),POR_DTL_SPPS 테이블,N
PORTAL,POR_DTL_SPPS,LK_OPT_CD_URL,VARCHAR,LK_OPT_CD_URL 항목,POR_DTL_SPPS 테이블,N
PORTAL,POR_DTL_SPPS,TG_OPT_CD,VARCHAR,TG_OPT_CD (코드),POR_DTL_SPPS 테이블,N
PORTAL,POR_DTL_SPPS,EXHB_STRT_DT,TIMESTAMP,EXHB_STRT_DT (일자),POR_DTL_SPPS 테이블,N
PORTAL,POR_DTL_SPPS,EXHB_END_DT,TIMESTAMP,EXHB_END_DT (일자),POR_DTL_SPPS 테이블,N
PORTAL,POR_DTL_SPPS,EXHB_EXPS_YN,CHAR,EXHB_EXPS_YN (여부),POR_DTL_SPPS 테이블,N
PORTAL,POR_DTL_SPPS,USE_YN,CHAR,USE_YN (여부),POR_DTL_SPPS 테이블,N
PORTAL,POR_MPTY_CRD,MPTY_CRD_SNO,BIGINT,MPTY_CRD_SNO (번호),POR_MPTY_CRD 테이블,N
PORTAL,POR_MPTY_CRD,AL_ENP_NM,VARCHAR,AL_ENP_NM (명),POR_MPTY_CRD 테이블,N
PORTAL,POR_MPTY_CRD,SVC_ID,VARCHAR,SVC_ID (식별자),POR_MPTY_CRD 테이블,N
PORTAL,POR_MPTY_CRD,PAR_NO,BIGINT,PAR_NO (번호),POR_MPTY_CRD 테이블,N
PORTAL,POR_SPPS,SPPS_ID,VARCHAR,SPPS_ID (식별자),POR_SPPS 테이블,N
PORTAL,POR_SPPS,SPPS_NM,VARCHAR,SPPS_NM (명),POR_SPPS 테이블,N
PORTAL,POR_SPPS,AP_EXHB_LOC_CD,VARCHAR,AP_EXHB_LOC_CD (코드),POR_SPPS 테이블,N
PORTAL,POR_SPPS_CNTS,SPPS_CNTS_ID,VARCHAR,SPPS_CNTS_ID (식별자),POR_SPPS_CNTS 테이블,N
PORTAL,POR_SPPS_CNTS,DTL_SPPS_ID,VARCHAR,DTL_SPPS_ID (식별자),POR_SPPS_CNTS 테이블,N
PORTAL,POR_SPPS_CNTS,CNTS_DV_CD,VARCHAR,CNTS_DV_CD (코드),POR_SPPS_CNTS 테이블,N
PORTAL,POR_SPPS_CNTS,FILE_NM,VARCHAR,FILE_NM (명),POR_SPPS_CNTS 테이블,N
PORTAL,POR_SPPS_CNTS,EXHB_VW_EXPS_LOC_TYPE_CD,VARCHAR,EXHB_VW_EXPS_LOC_TYPE_CD (코드),POR_SPPS_CNTS 테이블,N
PORTAL,POR_SPPS_CNTS,LK_OPT_CD,VARCHAR,LK_OPT_CD (코드),POR_SPPS_CNTS 테이블,N
PORTAL,POR_SPPS_CNTS,LK_OPT_CD_URL,VARCHAR,LK_OPT_CD_URL 항목,POR_SPPS_CNTS 테이블,N
PORTAL,POR_SPPS_CNTS,EXHB_STRT_DT,TIMESTAMP,EXHB_STRT_DT (일자),POR_SPPS_CNTS 테이블,N
PORTAL,POR_SPPS_CNTS,EXHB_END_DT,TIMESTAMP,EXHB_END_DT (일자),POR_SPPS_CNTS 테이블,N
PORTAL,POR_SPPS_CNTS,EXHB_EXPS_YN,CHAR,EXHB_EXPS_YN (여부),POR_SPPS_CNTS 테이블,N
PORTAL,POR_SPPS_CNTS,USE_YN,CHAR,USE_YN (여부),POR_SPPS_CNTS 테이블,N
PORTAL,PRODUCT,PRODUCT_NO,BIGINT,PRODUCT_NO (번호),PRODUCT 테이블,N
PORTAL,PRODUCT,TYPE,VARCHAR,TYPE 항목,PRODUCT 테이블,N
PORTAL,PRODUCT,REQ_PRODUCT_NO,BIGINT,REQ_PRODUCT_NO (번호),PRODUCT 테이블,N
PORTAL,PRODUCT,PRODUCT_NAME,VARCHAR,PRODUCT_NAME 항목,PRODUCT 테이블,N
PORTAL,PRODUCT,PRODUCT_IMAGE_URL,VARCHAR,PRODUCT_IMAGE_URL 항목,PRODUCT 테이블,N
PORTAL,PRODUCT,PRODUCT_TYPE,VARCHAR,PRODUCT_TYPE 항목,PRODUCT 테이블,N
PORTAL,PRODUCT,CARD_TYPE,VARCHAR,CARD_TYPE 항목,PRODUCT 테이블,N
PORTAL,PRODUCT,RECHARGE_TYPE,VARCHAR,RECHARGE_TYPE 항목,PRODUCT 테이블,N
PORTAL,PRODUCT,CURRENCY,VARCHAR,CURRENCY 항목,PRODUCT 테이블,N
PORTAL,PRODUCT,FACE_VALUE,VARCHAR,FACE_VALUE 항목,PRODUCT 테이블,N
PORTAL,PRODUCT,USE_LIMIT,VARCHAR,USE_LIMIT 항목,PRODUCT 테이블,N
PORTAL,PRODUCT,ISSUER,VARCHAR,ISSUER 항목,PRODUCT 테이블,N
PORTAL,PRODUCT,ISSUE_LIMEIT,VARCHAR,ISSUE_LIMEIT 항목,PRODUCT 테이블,N
PORTAL,PRODUCT,VAILD_DATE_START,TIMESTAMP,VAILD_DATE_START 항목,PRODUCT 테이블,N
PORTAL,PRODUCT,VAILD_DATE_END,TIMESTAMP,VAILD_DATE_END 항목,PRODUCT 테이블,N
PORTAL,PRODUCT,SALE_DATE_START,TIMESTAMP,SALE_DATE_START 항목,PRODUCT 테이블,N
PORTAL,PRODUCT,SALE_DATE_END,TIMESTAMP,SALE_DATE_END 항목,PRODUCT 테이블,N
PORTAL,PRODUCT,REFUND_POLICY_TYPE,VARCHAR,REFUND_POLICY_TYPE 항목,PRODUCT 테이블,N
PORTAL,PRODUCT,ACCOUNT_REFUND_BOUNDARY,VARCHAR,ACCOUNT_REFUND_BOUNDARY 항목,PRODUCT 테이블,N
PORTAL,PRODUCT,SERVICE_PROVIDER,VARCHAR,SERVICE_PROVIDER 항목,PRODUCT 테이블,N
PORTAL,PRODUCT,USE_YN,CHAR,USE_YN (여부),PRODUCT 테이블,N
PORTAL,PRODUCT,REG_ID,VARCHAR,REG_ID (식별자),PRODUCT 테이블,N
PORTAL,PRODUCT,REG_IP,VARCHAR,REG_IP 항목,PRODUCT 테이블,N
PORTAL,PRODUCT,MOD_ID,VARCHAR,MOD_ID (식별자),PRODUCT 테이블,N
PORTAL,PRODUCT,MOD_IP,VARCHAR,MOD_IP 항목,PRODUCT 테이블,N
PORTAL,PRODUCT,USER_NO,BIGINT,USER_NO (번호),PRODUCT 테이블,N
PORTAL,PRODUCT,ROLE_TYPE,VARCHAR,ROLE_TYPE 항목,PRODUCT 테이블,N
PORTAL,PRODUCT,KONA_PRODUCT_NO,BIGINT,KONA_PRODUCT_NO (번호),PRODUCT 테이블,N
PORTAL,PRODUCT,ASP_NO,BIGINT,ASP_NO (번호),PRODUCT 테이블,N
PORTAL,PRODUCT,ISSUE_LIMEIT_FOR_USER,VARCHAR,ISSUE_LIMEIT_FOR_USER 항목,PRODUCT 테이블,N
PORTAL,PRODUCT,COPYABLE_YN,CHAR,COPYABLE_YN (여부),PRODUCT 테이블,N
PORTAL,PRODUCT,SIBLING_YN,CHAR,SIBLING_YN (여부),PRODUCT 테이블,N
PORTAL,PRODUCT,EFTV_PERIOD_TYPE,VARCHAR,EFTV_PERIOD_TYPE 항목,PRODUCT 테이블,N
PORTAL,PRODUCT,EFTV_DURATION,VARCHAR,EFTV_DURATION 항목,PRODUCT 테이블,N
PORTAL,PRODUCT,EXPIRY_DATE_START,TIMESTAMP,EXPIRY_DATE_START 항목,PRODUCT 테이블,N
PORTAL,PRODUCT,EXPIRY_DATE_END,TIMESTAMP,EXPIRY_DATE_END 항목,PRODUCT 테이블,N
PORTAL,PRODUCT,STATUS,VARCHAR,STATUS 항목,PRODUCT 테이블,N
PORTAL,PRODUCT,CATEGORY_CD,VARCHAR,CATEGORY_CD (코드),PRODUCT 테이블,N
PORTAL,PRODUCT,MARKETING_MSG,VARCHAR,MARKETING_MSG 항목,PRODUCT 테이블,N
PORTAL,PRODUCT,BENEFITS_MSG,VARCHAR,BENEFITS_MSG 항목,PRODUCT 테이블,N
PORTAL,PRODUCT,NOTICE,VARCHAR,NOTICE 항목,PRODUCT 테이블,N
PORTAL,PRODUCT,AGREEMENT,VARCHAR,AGREEMENT 항목,PRODUCT 테이블,N
PORTAL,PRODUCT,USE_AREA,VARCHAR,USE_AREA 항목,PRODUCT 테이블,N
PORTAL,PRODUCT,BENEFIT_NAME,VARCHAR,BENEFIT_NAME 항목,PRODUCT 테이블,N
PORTAL,PRODUCT,BENEFIT_DISCRIPTION,VARCHAR,BENEFIT_DISCRIPTION 항목,PRODUCT 테이블,N
PORTAL,PRODUCT,DISPLAY_VALUE,VARCHAR,DISPLAY_VALUE 항목,PRODUCT 테이블,N
PORTAL,PRODUCT,DISPLAY_DISCOUNT_RATE,VARCHAR,DISPLAY_DISCOUNT_RATE 항목,PRODUCT 테이블,N
PORTAL,PRODUCT,CARD_IMG_FILE_NO,BIGINT,CARD_IMG_FILE_NO (번호),PRODUCT 테이블,N
PORTAL,PRODUCT,CARD_IMG_SN,VARCHAR,CARD_IMG_SN 항목,PRODUCT 테이블,N
PORTAL,PRODUCT,MEMO,VARCHAR,MEMO 항목,PRODUCT 테이블,N
PORTAL,PRODUCT,THUMBNAIL_IMG_FILE_NO,BIGINT,THUMBNAIL_IMG_FILE_NO (번호),PRODUCT 테이블,N
PORTAL,PRODUCT,THUMBNAIL_IMG_SN,VARCHAR,THUMBNAIL_IMG_SN 항목,PRODUCT 테이블,N
PORTAL,PRODUCT,OFFER_BENEFIT_PLATFORM_VALUE,VARCHAR,OFFER_BENEFIT_PLATFORM_VALUE 항목,PRODUCT 테이블,N
PORTAL,PRODUCT,OFFER_BENEFIT_MR_VALUE,VARCHAR,OFFER_BENEFIT_MR_VALUE 항목,PRODUCT 테이블,N
PORTAL,PRODUCT,OFFER_BENEFIT_ROLE_TYPE,VARCHAR,OFFER_BENEFIT_ROLE_TYPE 항목,PRODUCT 테이블,N
PORTAL,PRODUCT,OFFER_BENEFIT_PLAYER_NO,BIGINT,OFFER_BENEFIT_PLAYER_NO (번호),PRODUCT 테이블,N
PORTAL,PRODUCT,OFFER_BENEFIT_VALUE,VARCHAR,OFFER_BENEFIT_VALUE 항목,PRODUCT 테이블,N
PORTAL,PRODUCT,BOOKMARK_CNT,BIGINT,BOOKMARK_CNT (건수),PRODUCT 테이블,N
PORTAL,PRODUCT,CATEGORY_NO,BIGINT,CATEGORY_NO (번호),PRODUCT 테이블,N
PORTAL,PRODUCT,RESALE,VARCHAR,RESALE 항목,PRODUCT 테이블,N
PORTAL,PRODUCT,PRE_PURCHASE_AMT,BIGINT,PRE_PURCHASE_AMT (금액),PRODUCT 테이블,N
PORTAL,PRODUCT,ATTACH_FILE_NO,BIGINT,ATTACH_FILE_NO (번호),PRODUCT 테이블,N
PORTAL,PRODUCT,ATTACH_FILE_SN,VARCHAR,ATTACH_FILE_SN 항목,PRODUCT 테이블,N
PORTAL,PRODUCT,TEMPLATE_TYPE,VARCHAR,TEMPLATE_TYPE 항목,PRODUCT 테이블,N
PORTAL,PRODUCT,OFFLINE_RECHARGE_YN,CHAR,OFFLINE_RECHARGE_YN (여부),PRODUCT 테이블,N
PORTAL,PRODUCT,CARD_DCNT_CONDITION_AMT,BIGINT,CARD_DCNT_CONDITION_AMT (금액),PRODUCT 테이블,N
PORTAL,PRODUCT,CARD_DCNT_LIMIT,VARCHAR,CARD_DCNT_LIMIT 항목,PRODUCT 테이블,N
PORTAL,PRODUCT,CONDITION_GRACE_PERIOD,VARCHAR,CONDITION_GRACE_PERIOD 항목,PRODUCT 테이블,N
PORTAL,PRODUCT,CARD_DCNT_CONDITION_TYPE,VARCHAR,CARD_DCNT_CONDITION_TYPE 항목,PRODUCT 테이블,N
PORTAL,PRODUCT,TRAFFIC_CARD_YN,CHAR,TRAFFIC_CARD_YN (여부),PRODUCT 테이블,N
PORTAL,PRODUCT,ACCESS_CARD_YN,CHAR,ACCESS_CARD_YN (여부),PRODUCT 테이블,N
PORTAL,PRODUCT,PARTNER_NAME,VARCHAR,PARTNER_NAME 항목,PRODUCT 테이블,N
PORTAL,PRODUCT,CARD_DCNT_LIMIT_TYPE,VARCHAR,CARD_DCNT_LIMIT_TYPE 항목,PRODUCT 테이블,N
PORTAL,PRODUCT,SALES_TYPE,VARCHAR,SALES_TYPE 항목,PRODUCT 테이블,N
PORTAL,PRODUCT,PREV_CONDITION_RECHARGE_AMT,BIGINT,PREV_CONDITION_RECHARGE_AMT (금액),PRODUCT 테이블,N
PORTAL,PRODUCT,MERCHANT_TYPE,VARCHAR,MERCHANT_TYPE 항목,PRODUCT 테이블,N
PORTAL,PRODUCT,MERCHANT_QUERY_ID,VARCHAR,MERCHANT_QUERY_ID (식별자),PRODUCT 테이블,N
PORTAL,PRODUCT,MERCHANT_BLOCK_TYPE,VARCHAR,MERCHANT_BLOCK_TYPE 항목,PRODUCT 테이블,N
PORTAL,PRODUCT,MERCHANT_BLOCK_QUERY_ID,VARCHAR,MERCHANT_BLOCK_QUERY_ID (식별자),PRODUCT 테이블,N
PORTAL,PRODUCT,TRANSFER_TO_OPTION,VARCHAR,TRANSFER_TO_OPTION 항목,PRODUCT 테이블,N
PORTAL,PRODUCT,TRANSFER_TO_BASIC,VARCHAR,TRANSFER_TO_BASIC 항목,PRODUCT 테이블,N
PORTAL,PRODUCT,COUPON_TYPE,VARCHAR,COUPON_TYPE 항목,PRODUCT 테이블,N
PORTAL,PRODUCT,ISP_IMG_FILE_NO,BIGINT,ISP_IMG_FILE_NO (번호),PRODUCT 테이블,N
PORTAL,PRODUCT,ISP_IMG_SN,VARCHAR,ISP_IMG_SN 항목,PRODUCT 테이블,N
PORTAL,PRODUCT,SHOW_IN_SHOP,VARCHAR,SHOW_IN_SHOP 항목,PRODUCT 테이블,N
PORTAL,PRODUCT,COUPON_ISSUE_TYPE,VARCHAR,COUPON_ISSUE_TYPE 항목,PRODUCT 테이블,N
PORTAL,PRODUCT,COUPON_ISSUER,VARCHAR,COUPON_ISSUER 항목,PRODUCT 테이블,N
PORTAL,PRODUCT,SERVICE_GROUP_NAME,VARCHAR,SERVICE_GROUP_NAME 항목,PRODUCT 테이블,N
PORTAL,PRODUCT,ONLINE_SUPPORT,VARCHAR,ONLINE_SUPPORT 항목,PRODUCT 테이블,N
PORTAL,PRODUCT,COMMODITY_COST,VARCHAR,COMMODITY_COST (상태),PRODUCT 테이블,N
PORTAL,PRODUCT,SALE_DISCOUNT_RATE,VARCHAR,SALE_DISCOUNT_RATE 항목,PRODUCT 테이블,N
PORTAL,PRODUCT,EXTENDABLE_YN,CHAR,EXTENDABLE_YN (여부),PRODUCT 테이블,N
PORTAL,PRODUCT,USE_GUIDE,VARCHAR,USE_GUIDE 항목,PRODUCT 테이블,N
PORTAL,PRODUCT,NOTIFICATION_INFO,VARCHAR,NOTIFICATION_INFO 항목,PRODUCT 테이블,N
PORTAL,PRODUCT,REFUND_GUIDE,VARCHAR,REFUND_GUIDE 항목,PRODUCT 테이블,N
PORTAL,PRODUCT,CARD_POINT_POLICY_ID,VARCHAR,CARD_POINT_POLICY_ID (식별자),PRODUCT 테이블,N
PORTAL,PRODUCT,TAGS,VARCHAR,TAGS 항목,PRODUCT 테이블,N
PORTAL,PRODUCT,AFFILIATE_TYPE,VARCHAR,AFFILIATE_TYPE 항목,PRODUCT 테이블,N
PORTAL,PRODUCT,MULTI_AFFILIATE_YN,CHAR,MULTI_AFFILIATE_YN (여부),PRODUCT 테이블,N
PORTAL,PRODUCT,AFFILIATE_RECHARGE_YN,CHAR,AFFILIATE_RECHARGE_YN (여부),PRODUCT 테이블,N
PORTAL,PRODUCT,OPERATION_TYPE,VARCHAR,OPERATION_TYPE 항목,PRODUCT 테이블,N
PORTAL,PRODUCT,PERSONAL_RECHARGEABLE_YN,CHAR,PERSONAL_RECHARGEABLE_YN (여부),PRODUCT 테이블,N
PORTAL,PRODUCT,REMITTABLE_YN,CHAR,REMITTABLE_YN (여부),PRODUCT 테이블,N
PORTAL,PRODUCT,MOBILE_PAY,VARCHAR,MOBILE_PAY 항목,PRODUCT 테이블,N
PORTAL,PRODUCT,REISSUANCE_YN,CHAR,REISSUANCE_YN (여부),PRODUCT 테이블,N
PORTAL,PRODUCT,TOKEN_BIN_MAPPING_DT,TIMESTAMP,TOKEN_BIN_MAPPING_DT (일자),PRODUCT 테이블,N
PORTAL,PRODUCT,AUTO_REALNAME_YN,CHAR,AUTO_REALNAME_YN (여부),PRODUCT 테이블,N
PORTAL,PRODUCT,AUTO_COMPOSITE_PAYMENT_YN,CHAR,AUTO_COMPOSITE_PAYMENT_YN (여부),PRODUCT 테이블,N
PORTAL,PRODUCT,AUTO_INCOMEDEDUCTION_YN,CHAR,AUTO_INCOMEDEDUCTION_YN (여부),PRODUCT 테이블,N
PORTAL,PRODUCT,ORG_TR_AMT_YN,CHAR,ORG_TR_AMT_YN (여부),PRODUCT 테이블,N
PORTAL,PRODUCT,COUPON_CODE,VARCHAR,COUPON_CODE 항목,PRODUCT 테이블,N
PORTAL,PRODUCT,COUPON_TOKEN_TYPE,VARCHAR,COUPON_TOKEN_TYPE 항목,PRODUCT 테이블,N
PORTAL,PRODUCT,TC_YN,CHAR,TC_YN (여부),PRODUCT 테이블,N
PORTAL,PRODUCT,CHARGE_CARD_COST,VARCHAR,CHARGE_CARD_COST (상태),PRODUCT 테이블,N
PORTAL,PRODUCT,MIN_RECHARGE_AMT,BIGINT,MIN_RECHARGE_AMT (금액),PRODUCT 테이블,N
PORTAL,PRODUCT,RECHARGE_UNIT_AMT,BIGINT,RECHARGE_UNIT_AMT (금액),PRODUCT 테이블,N
PORTAL,PRODUCT,CHARGE_CARD_COST_AMT,BIGINT,CHARGE_CARD_COST_AMT (금액),PRODUCT 테이블,N
PORTAL,PRODUCT,CHANNEL,VARCHAR,CHANNEL 항목,PRODUCT 테이블,N
PORTAL,PRODUCT,FACE_AMT_TYPE,VARCHAR,FACE_AMT_TYPE 항목,PRODUCT 테이블,N
PORTAL,PRODUCT,REISSUE_GROUP_ID,VARCHAR,REISSUE_GROUP_ID (식별자),PRODUCT 테이블,N
PORTAL,PRODUCT,OWNER_KA,VARCHAR,OWNER_KA 항목,PRODUCT 테이블,N
PORTAL,PRODUCT,BEFORE_GRANT_QUERY_ID,VARCHAR,BEFORE_GRANT_QUERY_ID (식별자),PRODUCT 테이블,N
PORTAL,PRODUCT,COUPON_CANCEL_RULE,VARCHAR,COUPON_CANCEL_RULE 항목,PRODUCT 테이블,N
PORTAL,PRODUCT,MULTI_DCNT_COUPON,VARCHAR,MULTI_DCNT_COUPON 항목,PRODUCT 테이블,N
PORTAL,PRODUCT,COUPON_GIFT_YN,CHAR,COUPON_GIFT_YN (여부),PRODUCT 테이블,N
PORTAL,PRODUCT,COUPON_REMIND_PERIOD,VARCHAR,COUPON_REMIND_PERIOD 항목,PRODUCT 테이블,N
PORTAL,PRODUCT,COUPON_REMIND_YN,CHAR,COUPON_REMIND_YN (여부),PRODUCT 테이블,N
PORTAL,PRODUCT,TRANSACTION_TYPE,VARCHAR,TRANSACTION_TYPE 항목,PRODUCT 테이블,N
PORTAL,PRODUCT,USE_MOBILITY,VARCHAR,USE_MOBILITY 항목,PRODUCT 테이블,N
PORTAL,PRODUCT,SIBLING_PRODUCT_NO,BIGINT,SIBLING_PRODUCT_NO (번호),PRODUCT 테이블,N
PORTAL,PRODUCT,KEYIN_YN,CHAR,KEYIN_YN (여부),PRODUCT 테이블,N
PORTAL,PRODUCT,PAYCO_YN,CHAR,PAYCO_YN (여부),PRODUCT 테이블,N
PORTAL,PRODUCT,MOBILE_PRE_ISSUE_YN,CHAR,MOBILE_PRE_ISSUE_YN (여부),PRODUCT 테이블,N
PORTAL,PRODUCT,USE_BAR_CODE,VARCHAR,USE_BAR_CODE 항목,PRODUCT 테이블,N
PORTAL,PRODUCT,CUSTOM_COUPON_YN,CHAR,CUSTOM_COUPON_YN (여부),PRODUCT 테이블,N
PORTAL,PRODUCT,ATTRIBUTES,VARCHAR,ATTRIBUTES 항목,PRODUCT 테이블,N
PORTAL,PRODUCT,EXT_PRODUCT_CODE,VARCHAR,EXT_PRODUCT_CODE 항목,PRODUCT 테이블,N
PORTAL,PRODUCT,E_PAY,VARCHAR,E_PAY 항목,PRODUCT 테이블,N
PORTAL,PRODUCT,REISSUE_COST,VARCHAR,REISSUE_COST (상태),PRODUCT 테이블,N
PORTAL,PRODUCT,EXTERNAL_APPROVE_TYPE,VARCHAR,EXTERNAL_APPROVE_TYPE 항목,PRODUCT 테이블,N
PORTAL,PRODUCT,RANDOM_NO_COUPON,VARCHAR,RANDOM_NO_COUPON 항목,PRODUCT 테이블,N
PORTAL,PRODUCT,EXPIRY_REISSUE_COST,VARCHAR,EXPIRY_REISSUE_COST (상태),PRODUCT 테이블,N
PORTAL,PRODUCT,OVRS_STLM_PSBL_YN,CHAR,OVRS_STLM_PSBL_YN (여부),PRODUCT 테이블,N
PORTAL,PRODUCT,OVRS_STLM_BRDC_NM,VARCHAR,OVRS_STLM_BRDC_NM (명),PRODUCT 테이블,N
PORTAL,PRODUCT,CARD_EXTEND_PERIOD,VARCHAR,CARD_EXTEND_PERIOD 항목,PRODUCT 테이블,N
PORTAL,PRODUCT,BANK_ACN_RMT_PSBL_YN,CHAR,BANK_ACN_RMT_PSBL_YN (여부),PRODUCT 테이블,N
PORTAL,PRODUCT,CNVG_CRD_EXCU_CD,VARCHAR,CNVG_CRD_EXCU_CD (코드),PRODUCT 테이블,N
PORTAL,PRODUCT,MBR_HLD_LMT_INCL_YN,CHAR,MBR_HLD_LMT_INCL_YN (여부),PRODUCT 테이블,N
PORTAL,PRODUCT,BNF_ARSL_CND_CD,VARCHAR,BNF_ARSL_CND_CD (코드),PRODUCT 테이블,N
PORTAL,PRODUCT,CNVG_CRD_RISU_SVC_GRP_ID,VARCHAR,CNVG_CRD_RISU_SVC_GRP_ID (식별자),PRODUCT 테이블,N
PORTAL,PRODUCT,CRD_APL_LM_DV_CD,VARCHAR,CRD_APL_LM_DV_CD (코드),PRODUCT 테이블,N
PORTAL,PRODUCT_BANKCODE_MAPPING,PRODUCT_NO,BIGINT,PRODUCT_NO (번호),PRODUCT_BANKCODE_MAPPING 테이블,N
PORTAL,PRODUCT_BANKCODE_MAPPING,BANK_CODE,VARCHAR,BANK_CODE 항목,PRODUCT_BANKCODE_MAPPING 테이블,N
PORTAL,PRODUCT_BANKCODE_MAPPING,EXT_PRODUCT_CODE,VARCHAR,EXT_PRODUCT_CODE 항목,PRODUCT_BANKCODE_MAPPING 테이블,N
PORTAL,PRODUCT_BENEFIT,PRODUCT_NO,BIGINT,PRODUCT_NO (번호),PRODUCT_BENEFIT 테이블,N
PORTAL,PRODUCT_BENEFIT,BENEFIT_NO,BIGINT,BENEFIT_NO (번호),PRODUCT_BENEFIT 테이블,N
PORTAL,PRODUCT_BENEFIT,BENEFIT_TYPE,VARCHAR,BENEFIT_TYPE 항목,PRODUCT_BENEFIT 테이블,N
PORTAL,PRODUCT_BENEFIT,BENEFIT_ACCUMULATE_TYPE,VARCHAR,BENEFIT_ACCUMULATE_TYPE 항목,PRODUCT_BENEFIT 테이블,N
PORTAL,PRODUCT_BENEFIT,BENEFIT_ACCUMULATE_VALUE,VARCHAR,BENEFIT_ACCUMULATE_VALUE 항목,PRODUCT_BENEFIT 테이블,N
PORTAL,PRODUCT_BENEFIT,BENEFIT_REDEMPTION_VALUE,VARCHAR,BENEFIT_REDEMPTION_VALUE 항목,PRODUCT_BENEFIT 테이블,N
PORTAL,PRODUCT_BENEFIT,USE_YN,CHAR,USE_YN (여부),PRODUCT_BENEFIT 테이블,N
PORTAL,PRODUCT_BENEFIT,REG_ID,VARCHAR,REG_ID (식별자),PRODUCT_BENEFIT 테이블,N
PORTAL,PRODUCT_BENEFIT,REG_IP,VARCHAR,REG_IP 항목,PRODUCT_BENEFIT 테이블,N
PORTAL,PRODUCT_BENEFIT,MOD_ID,VARCHAR,MOD_ID (식별자),PRODUCT_BENEFIT 테이블,N
PORTAL,PRODUCT_BENEFIT,MOD_IP,VARCHAR,MOD_IP 항목,PRODUCT_BENEFIT 테이블,N
PORTAL,PRODUCT_BENEFIT,BENEFIT_NAME,VARCHAR,BENEFIT_NAME 항목,PRODUCT_BENEFIT 테이블,N
PORTAL,PRODUCT_BENEFIT,BENEFIT_DISCRIPTION,VARCHAR,BENEFIT_DISCRIPTION 항목,PRODUCT_BENEFIT 테이블,N
PORTAL,PRODUCT_BENEFIT,VALID_DATE,TIMESTAMP,VALID_DATE 항목,PRODUCT_BENEFIT 테이블,N
PORTAL,PRODUCT_BENEFIT,CUPON_NAME,VARCHAR,CUPON_NAME 항목,PRODUCT_BENEFIT 테이블,N
PORTAL,PRODUCT_BENEFIT,CUPON_DISCRIPTION,VARCHAR,CUPON_DISCRIPTION 항목,PRODUCT_BENEFIT 테이블,N
PORTAL,PRODUCT_BENEFIT,CUPON_CNT,BIGINT,CUPON_CNT (건수),PRODUCT_BENEFIT 테이블,N
PORTAL,PRODUCT_BENEFIT,CUPON_VALID_DATE,TIMESTAMP,CUPON_VALID_DATE 항목,PRODUCT_BENEFIT 테이블,N
PORTAL,PRODUCT_BENEFIT,BENEFIT_ACCUMULATE_VALUE2,VARCHAR,BENEFIT_ACCUMULATE_VALUE2 항목,PRODUCT_BENEFIT 테이블,N
PORTAL,PRODUCT_BENEFIT,BENEFIT_ID,VARCHAR,BENEFIT_ID (식별자),PRODUCT_BENEFIT 테이블,N
PORTAL,PRODUCT_CATEGORY,CATEGORY_NO,BIGINT,CATEGORY_NO (번호),PRODUCT_CATEGORY 테이블,N
PORTAL,PRODUCT_CATEGORY,ASP_NO,BIGINT,ASP_NO (번호),PRODUCT_CATEGORY 테이블,N
PORTAL,PRODUCT_CATEGORY,CATEGORY_NAME,VARCHAR,CATEGORY_NAME 항목,PRODUCT_CATEGORY 테이블,N
PORTAL,PRODUCT_CATEGORY_KEYWORD,KEYWORD_NO,BIGINT,KEYWORD_NO (번호),PRODUCT_CATEGORY_KEYWORD 테이블,N
PORTAL,PRODUCT_CATEGORY_KEYWORD,CATEGORY_NO,BIGINT,CATEGORY_NO (번호),PRODUCT_CATEGORY_KEYWORD 테이블,N
PORTAL,PRODUCT_CATEGORY_KEYWORD,ASP_NO,BIGINT,ASP_NO (번호),PRODUCT_CATEGORY_KEYWORD 테이블,N
PORTAL,PRODUCT_CATEGORY_KEYWORD,KEYWORD_NAME,VARCHAR,KEYWORD_NAME 항목,PRODUCT_CATEGORY_KEYWORD 테이블,N
PORTAL,PRODUCT_DISCOUNT,PRODUCT_NO,BIGINT,PRODUCT_NO (번호),PRODUCT_DISCOUNT 테이블,N
PORTAL,PRODUCT_DISCOUNT,DISCOUNT_NO,BIGINT,DISCOUNT_NO (번호),PRODUCT_DISCOUNT 테이블,N
PORTAL,PRODUCT_DISCOUNT,DISCOUNT_TYPE,VARCHAR,DISCOUNT_TYPE 항목,PRODUCT_DISCOUNT 테이블,N
PORTAL,PRODUCT_DISCOUNT,DISCOUNT_VALUE_TYPE,VARCHAR,DISCOUNT_VALUE_TYPE 항목,PRODUCT_DISCOUNT 테이블,N
PORTAL,PRODUCT_DISCOUNT,DISCOUNT_VALUE,VARCHAR,DISCOUNT_VALUE 항목,PRODUCT_DISCOUNT 테이블,N
PORTAL,PRODUCT_DISCOUNT,DISCOUNT_CONDITION_TYPE,VARCHAR,DISCOUNT_CONDITION_TYPE 항목,PRODUCT_DISCOUNT 테이블,N
PORTAL,PRODUCT_DISCOUNT,DISCOUNT_QUANTITY_LIMIT,VARCHAR,DISCOUNT_QUANTITY_LIMIT 항목,PRODUCT_DISCOUNT 테이블,N
PORTAL,PRODUCT_DISCOUNT,DISCOUNT_DAY_IN_WEEK_MON,VARCHAR,DISCOUNT_DAY_IN_WEEK_MON 항목,PRODUCT_DISCOUNT 테이블,N
PORTAL,PRODUCT_DISCOUNT,DISCOUNT_DAY_IN_WEEK_TUE,VARCHAR,DISCOUNT_DAY_IN_WEEK_TUE 항목,PRODUCT_DISCOUNT 테이블,N
PORTAL,PRODUCT_DISCOUNT,DISCOUNT_DAY_IN_WEEK_WED,VARCHAR,DISCOUNT_DAY_IN_WEEK_WED 항목,PRODUCT_DISCOUNT 테이블,N
PORTAL,PRODUCT_DISCOUNT,DISCOUNT_DAY_IN_WEEK_THUR,VARCHAR,DISCOUNT_DAY_IN_WEEK_THUR 항목,PRODUCT_DISCOUNT 테이블,N
PORTAL,PRODUCT_DISCOUNT,DISCOUNT_DAY_IN_WEEK_FRI,VARCHAR,DISCOUNT_DAY_IN_WEEK_FRI 항목,PRODUCT_DISCOUNT 테이블,N
PORTAL,PRODUCT_DISCOUNT,DISCOUNT_DAY_IN_WEEK_SAT,VARCHAR,DISCOUNT_DAY_IN_WEEK_SAT 항목,PRODUCT_DISCOUNT 테이블,N
PORTAL,PRODUCT_DISCOUNT,DISCOUNT_DAY_IN_WEEK_SUN,VARCHAR,DISCOUNT_DAY_IN_WEEK_SUN 항목,PRODUCT_DISCOUNT 테이블,N
PORTAL,PRODUCT_DISCOUNT,USE_YN,CHAR,USE_YN (여부),PRODUCT_DISCOUNT 테이블,N
PORTAL,PRODUCT_DISCOUNT,REG_ID,VARCHAR,REG_ID (식별자),PRODUCT_DISCOUNT 테이블,N
PORTAL,PRODUCT_DISCOUNT,REG_IP,VARCHAR,REG_IP 항목,PRODUCT_DISCOUNT 테이블,N
PORTAL,PRODUCT_DISCOUNT,MOD_ID,VARCHAR,MOD_ID (식별자),PRODUCT_DISCOUNT 테이블,N
PORTAL,PRODUCT_DISCOUNT,MOD_IP,VARCHAR,MOD_IP 항목,PRODUCT_DISCOUNT 테이블,N
PORTAL,PRODUCT_DISCOUNT,DISCOUNT_TIME_BENEFIT_TYPE,VARCHAR,DISCOUNT_TIME_BENEFIT_TYPE 항목,PRODUCT_DISCOUNT 테이블,N
PORTAL,PRODUCT_DISCOUNT,DISCOUNT_SEQ,VARCHAR,DISCOUNT_SEQ 항목,PRODUCT_DISCOUNT 테이블,N
PORTAL,PRODUCT_DISCOUNT,PRIORITY,VARCHAR,PRIORITY 항목,PRODUCT_DISCOUNT 테이블,N
PORTAL,PRODUCT_DISCOUNT,CONTRACT_NO,BIGINT,CONTRACT_NO (번호),PRODUCT_DISCOUNT 테이블,N
PORTAL,PRODUCT_DISCOUNT,DISCOUNT_SUB_TYPE,VARCHAR,DISCOUNT_SUB_TYPE 항목,PRODUCT_DISCOUNT 테이블,N
PORTAL,PRODUCT_DISCOUNT,VALIDITY_PERIOD,VARCHAR,VALIDITY_PERIOD 항목,PRODUCT_DISCOUNT 테이블,N
PORTAL,PRODUCT_DISCOUNT_MERCHANT,PRODUCT_NO,BIGINT,PRODUCT_NO (번호),PRODUCT_DISCOUNT_MERCHANT 테이블,N
PORTAL,PRODUCT_DISCOUNT_MERCHANT,DISCOUNT_NO,BIGINT,DISCOUNT_NO (번호),PRODUCT_DISCOUNT_MERCHANT 테이블,N
PORTAL,PRODUCT_DISCOUNT_MERCHANT,MERCHANT_VALUE,VARCHAR,MERCHANT_VALUE 항목,PRODUCT_DISCOUNT_MERCHANT 테이블,N
PORTAL,PRODUCT_DISCOUNT_MERCHANT,MERCHANT_INFO,VARCHAR,MERCHANT_INFO 항목,PRODUCT_DISCOUNT_MERCHANT 테이블,N
PORTAL,PRODUCT_DISCOUNT_MERCHANT,TYPE,VARCHAR,TYPE 항목,PRODUCT_DISCOUNT_MERCHANT 테이블,N
PORTAL,PRODUCT_DISCOUNT_MERCHANT,USE_YN,CHAR,USE_YN (여부),PRODUCT_DISCOUNT_MERCHANT 테이블,N
PORTAL,PRODUCT_DISCOUNT_MERCHANT,DISCOUNT_SEQ,VARCHAR,DISCOUNT_SEQ 항목,PRODUCT_DISCOUNT_MERCHANT 테이블,N
PORTAL,PRODUCT_DISCOUNT_MERCHANT,PRIORITY,VARCHAR,PRIORITY 항목,PRODUCT_DISCOUNT_MERCHANT 테이블,N
PORTAL,PRODUCT_DISCOUNT_MERCHANT,BLOCK_MERCHANT_VALUE,VARCHAR,BLOCK_MERCHANT_VALUE 항목,PRODUCT_DISCOUNT_MERCHANT 테이블,N
PORTAL,PRODUCT_DISCOUNT_MERCHANT,BIZTYPE_GRP_ID,VARCHAR,BIZTYPE_GRP_ID (식별자),PRODUCT_DISCOUNT_MERCHANT 테이블,N
PORTAL,PRODUCT_DISCOUNT_MERCHANT,CHANNEL,VARCHAR,CHANNEL 항목,PRODUCT_DISCOUNT_MERCHANT 테이블,N
PORTAL,PRODUCT_DISCOUNT_POLICY,PRODUCT_NO,BIGINT,PRODUCT_NO (번호),PRODUCT_DISCOUNT_POLICY 테이블,N
PORTAL,PRODUCT_DISCOUNT_POLICY,DISCOUNT_NO,BIGINT,DISCOUNT_NO (번호),PRODUCT_DISCOUNT_POLICY 테이블,N
PORTAL,PRODUCT_DISCOUNT_POLICY,NAME,VARCHAR,NAME 항목,PRODUCT_DISCOUNT_POLICY 테이블,N
PORTAL,PRODUCT_DISCOUNT_POLICY,RESALE,VARCHAR,RESALE 항목,PRODUCT_DISCOUNT_POLICY 테이블,N
PORTAL,PRODUCT_DISCOUNT_POLICY,CONTRACT_NO,BIGINT,CONTRACT_NO (번호),PRODUCT_DISCOUNT_POLICY 테이블,N
PORTAL,PRODUCT_DISCOUNT_POLICY,OFFER_BENEFIT_PLATFORM_VALUE,VARCHAR,OFFER_BENEFIT_PLATFORM_VALUE 항목,PRODUCT_DISCOUNT_POLICY 테이블,N
PORTAL,PRODUCT_DISCOUNT_POLICY,OFFER_BENEFIT_MR_VALUE,VARCHAR,OFFER_BENEFIT_MR_VALUE 항목,PRODUCT_DISCOUNT_POLICY 테이블,N
PORTAL,PRODUCT_DISCOUNT_POLICY,DCNT_LIMIT_TYPE,VARCHAR,DCNT_LIMIT_TYPE 항목,PRODUCT_DISCOUNT_POLICY 테이블,N
PORTAL,PRODUCT_DISCOUNT_POLICY,DCNT_LIMIT,VARCHAR,DCNT_LIMIT 항목,PRODUCT_DISCOUNT_POLICY 테이블,N
PORTAL,PRODUCT_DISCOUNT_POLICY,DCNT_LIMIT_SEL,VARCHAR,DCNT_LIMIT_SEL 항목,PRODUCT_DISCOUNT_POLICY 테이블,N
PORTAL,PRODUCT_DISCOUNT_POLICY,MIN_CONDITION_AMT,BIGINT,MIN_CONDITION_AMT (금액),PRODUCT_DISCOUNT_POLICY 테이블,N
PORTAL,PRODUCT_DISCOUNT_POLICY,PREV_CONDITION_AMT,BIGINT,PREV_CONDITION_AMT (금액),PRODUCT_DISCOUNT_POLICY 테이블,N
PORTAL,PRODUCT_DISCOUNT_POLICY,BENEFIT_DESCRIPTION,VARCHAR,BENEFIT_DESCRIPTION 항목,PRODUCT_DISCOUNT_POLICY 테이블,N
PORTAL,PRODUCT_DISCOUNT_POLICY,USE_YN,CHAR,USE_YN (여부),PRODUCT_DISCOUNT_POLICY 테이블,N
PORTAL,PRODUCT_DISCOUNT_POLICY,DISCOUNT_SEQ,VARCHAR,DISCOUNT_SEQ 항목,PRODUCT_DISCOUNT_POLICY 테이블,N
PORTAL,PRODUCT_DISCOUNT_POLICY,PRIORITY,VARCHAR,PRIORITY 항목,PRODUCT_DISCOUNT_POLICY 테이블,N
PORTAL,PRODUCT_DISCOUNT_POLICY,OFFER_BENEFIT_ROLE_TYPE,VARCHAR,OFFER_BENEFIT_ROLE_TYPE 항목,PRODUCT_DISCOUNT_POLICY 테이블,N
PORTAL,PRODUCT_DISCOUNT_POLICY,OFFER_BENEFIT_PLAYER_NO,BIGINT,OFFER_BENEFIT_PLAYER_NO (번호),PRODUCT_DISCOUNT_POLICY 테이블,N
PORTAL,PRODUCT_DISCOUNT_POLICY,OFFER_BENEFIT_VALUE,VARCHAR,OFFER_BENEFIT_VALUE 항목,PRODUCT_DISCOUNT_POLICY 테이블,N
PORTAL,PRODUCT_DISCOUNT_POLICY,PERIOD_RESTRICTION_YN,CHAR,PERIOD_RESTRICTION_YN (여부),PRODUCT_DISCOUNT_POLICY 테이블,N
PORTAL,PRODUCT_DISCOUNT_POLICY,NOTICE,VARCHAR,NOTICE 항목,PRODUCT_DISCOUNT_POLICY 테이블,N
PORTAL,PRODUCT_DISCOUNT_POLICY,CATEGORY,VARCHAR,CATEGORY 항목,PRODUCT_DISCOUNT_POLICY 테이블,N
PORTAL,PRODUCT_DISCOUNT_POLICY,TAG,VARCHAR,TAG 항목,PRODUCT_DISCOUNT_POLICY 테이블,N
PORTAL,PRODUCT_DISCOUNT_POLICY,FILE_NO,BIGINT,FILE_NO (번호),PRODUCT_DISCOUNT_POLICY 테이블,N
PORTAL,PRODUCT_DISCOUNT_POLICY,SN,VARCHAR,SN 항목,PRODUCT_DISCOUNT_POLICY 테이블,N
PORTAL,PRODUCT_DISCOUNT_POLICY,ORDER_NO,BIGINT,ORDER_NO (번호),PRODUCT_DISCOUNT_POLICY 테이블,N
PORTAL,PRODUCT_DISCOUNT_POLICY,PREV_CONDITION_RECHARGE_AMT,BIGINT,PREV_CONDITION_RECHARGE_AMT (금액),PRODUCT_DISCOUNT_POLICY 테이블,N
PORTAL,PRODUCT_DISCOUNT_POLICY,DISPLAY_MERCHANT_NAME,VARCHAR,DISPLAY_MERCHANT_NAME 항목,PRODUCT_DISCOUNT_POLICY 테이블,N
PORTAL,PRODUCT_DISCOUNT_POLICY,DISPLAY_DISCOUNT_NAME,VARCHAR,DISPLAY_DISCOUNT_NAME 항목,PRODUCT_DISCOUNT_POLICY 테이블,N
PORTAL,PRODUCT_DISCOUNT_POLICY,TAG2,VARCHAR,TAG2 항목,PRODUCT_DISCOUNT_POLICY 테이블,N
PORTAL,PRODUCT_DISCOUNT_POLICY,INCLUDE_PREV_CONDITION,VARCHAR,INCLUDE_PREV_CONDITION 항목,PRODUCT_DISCOUNT_POLICY 테이블,N
PORTAL,PRODUCT_DISCOUNT_POLICY,ONETIME_DCNT_LIMIT,VARCHAR,ONETIME_DCNT_LIMIT 항목,PRODUCT_DISCOUNT_POLICY 테이블,N
PORTAL,PRODUCT_DISCOUNT_POLICY,PAYMENT_TYPE,VARCHAR,PAYMENT_TYPE 항목,PRODUCT_DISCOUNT_POLICY 테이블,N
PORTAL,PRODUCT_DISCOUNT_POLICY,BENEFIT_INTRODUCTION,VARCHAR,BENEFIT_INTRODUCTION 항목,PRODUCT_DISCOUNT_POLICY 테이블,N
PORTAL,PRODUCT_DISCOUNT_POLICY,APPLY_CARD_DCNT_LIMIT,VARCHAR,APPLY_CARD_DCNT_LIMIT 항목,PRODUCT_DISCOUNT_POLICY 테이블,N
PORTAL,PRODUCT_DISCOUNT_TIME,PRODUCT_NO,BIGINT,PRODUCT_NO (번호),PRODUCT_DISCOUNT_TIME 테이블,N
PORTAL,PRODUCT_DISCOUNT_TIME,DISCOUNT_NO,BIGINT,DISCOUNT_NO (번호),PRODUCT_DISCOUNT_TIME 테이블,N
PORTAL,PRODUCT_DISCOUNT_TIME,TIME_NO,BIGINT,TIME_NO (번호),PRODUCT_DISCOUNT_TIME 테이블,N
PORTAL,PRODUCT_DISCOUNT_TIME,TIME_START,VARCHAR,TIME_START 항목,PRODUCT_DISCOUNT_TIME 테이블,N
PORTAL,PRODUCT_DISCOUNT_TIME,TIME_END,VARCHAR,TIME_END 항목,PRODUCT_DISCOUNT_TIME 테이블,N
PORTAL,PRODUCT_DISCOUNT_TIME,USE_YN,CHAR,USE_YN (여부),PRODUCT_DISCOUNT_TIME 테이블,N
PORTAL,PRODUCT_DISCOUNT_TIME,REG_ID,VARCHAR,REG_ID (식별자),PRODUCT_DISCOUNT_TIME 테이블,N
PORTAL,PRODUCT_DISCOUNT_TIME,REG_IP,VARCHAR,REG_IP 항목,PRODUCT_DISCOUNT_TIME 테이블,N
PORTAL,PRODUCT_DISCOUNT_TIME,MOD_ID,VARCHAR,MOD_ID (식별자),PRODUCT_DISCOUNT_TIME 테이블,N
PORTAL,PRODUCT_DISCOUNT_TIME,MOD_IP,VARCHAR,MOD_IP 항목,PRODUCT_DISCOUNT_TIME 테이블,N
PORTAL,PRODUCT_DISCOUNT_TIME,DISCOUNT_DAY_IN_WEEK_MON,VARCHAR,DISCOUNT_DAY_IN_WEEK_MON 항목,PRODUCT_DISCOUNT_TIME 테이블,N
PORTAL,PRODUCT_DISCOUNT_TIME,DISCOUNT_DAY_IN_WEEK_TUE,VARCHAR,DISCOUNT_DAY_IN_WEEK_TUE 항목,PRODUCT_DISCOUNT_TIME 테이블,N
PORTAL,PRODUCT_DISCOUNT_TIME,DISCOUNT_DAY_IN_WEEK_WED,VARCHAR,DISCOUNT_DAY_IN_WEEK_WED 항목,PRODUCT_DISCOUNT_TIME 테이블,N
PORTAL,PRODUCT_DISCOUNT_TIME,DISCOUNT_DAY_IN_WEEK_THUR,VARCHAR,DISCOUNT_DAY_IN_WEEK_THUR 항목,PRODUCT_DISCOUNT_TIME 테이블,N
PORTAL,PRODUCT_DISCOUNT_TIME,DISCOUNT_DAY_IN_WEEK_FRI,VARCHAR,DISCOUNT_DAY_IN_WEEK_FRI 항목,PRODUCT_DISCOUNT_TIME 테이블,N
PORTAL,PRODUCT_DISCOUNT_TIME,DISCOUNT_DAY_IN_WEEK_SAT,VARCHAR,DISCOUNT_DAY_IN_WEEK_SAT 항목,PRODUCT_DISCOUNT_TIME 테이블,N
PORTAL,PRODUCT_DISCOUNT_TIME,DISCOUNT_DAY_IN_WEEK_SUN,VARCHAR,DISCOUNT_DAY_IN_WEEK_SUN 항목,PRODUCT_DISCOUNT_TIME 테이블,N
PORTAL,PRODUCT_DISCOUNTGROUP_MAP,GROUP_NO,BIGINT,GROUP_NO (번호),PRODUCT_DISCOUNTGROUP_MAP 테이블,N
PORTAL,PRODUCT_DISCOUNTGROUP_MAP,PRODUCT_NO,BIGINT,PRODUCT_NO (번호),PRODUCT_DISCOUNTGROUP_MAP 테이블,N
PORTAL,PRODUCT_DISCOUNTGROUP_MAP,MOD_IP,VARCHAR,MOD_IP 항목,PRODUCT_DISCOUNTGROUP_MAP 테이블,N
PORTAL,PRODUCT_DISCOUNTGROUP_MAP,MOD_ID,VARCHAR,MOD_ID (식별자),PRODUCT_DISCOUNTGROUP_MAP 테이블,N
PORTAL,RETAIL_ASP_MAPPING,RETAIL_TYPE,VARCHAR,RETAIL_TYPE 항목,RETAIL_ASP_MAPPING 테이블,N
PORTAL,RETAIL_ASP_MAPPING,ASP_ID,VARCHAR,ASP_ID (식별자),RETAIL_ASP_MAPPING 테이블,N
PORTAL,ROLE,PLAYER_NO,BIGINT,PLAYER_NO (번호),ROLE 테이블,N
PORTAL,ROLE,ROLE_TYPE,VARCHAR,ROLE_TYPE 항목,ROLE 테이블,N
PORTAL,ROLE,USE_YN,CHAR,USE_YN (여부),ROLE 테이블,N
PORTAL,ROLE,REG_ID,VARCHAR,REG_ID (식별자),ROLE 테이블,N
PORTAL,ROLE,REG_IP,VARCHAR,REG_IP 항목,ROLE 테이블,N
PORTAL,ROLE,MOD_ID,VARCHAR,MOD_ID (식별자),ROLE 테이블,N
PORTAL,ROLE,MOD_IP,VARCHAR,MOD_IP 항목,ROLE 테이블,N
PORTAL,ROLE,ASP_MANAGER_DEPARTMENT,VARCHAR,ASP_MANAGER_DEPARTMENT 항목,ROLE 테이블,N
PORTAL,ROLE,ASP_MANAGER_FAX_NUMBER,VARCHAR,ASP_MANAGER_FAX_NUMBER 항목,ROLE 테이블,N
PORTAL,ROLE,ASP_BRAND_COUNT,VARCHAR,ASP_BRAND_COUNT 항목,ROLE 테이블,N
PORTAL,ROLE,ASP_BRAND_HOMEPAGE_URL,VARCHAR,ASP_BRAND_HOMEPAGE_URL 항목,ROLE 테이블,N
PORTAL,ROLE,MERCHANT_ON_OFF_TYPE,VARCHAR,MERCHANT_ON_OFF_TYPE 항목,ROLE 테이블,N
PORTAL,ROLE,MERCHANT_ITEM,VARCHAR,MERCHANT_ITEM 항목,ROLE 테이블,N
PORTAL,ROLE,ZIP_CODE,VARCHAR,ZIP_CODE 항목,ROLE 테이블,N
PORTAL,ROLE,ADDRESS,VARCHAR,ADDRESS 항목,ROLE 테이블,N
PORTAL,ROLE,MERCHANT_HOMEPAGE_URL,VARCHAR,MERCHANT_HOMEPAGE_URL 항목,ROLE 테이블,N
PORTAL,ROLE,MERCHANT_MA_NO,BIGINT,MERCHANT_MA_NO (번호),ROLE 테이블,N
PORTAL,ROLE,RECHARGE_REFUND_YN,CHAR,RECHARGE_REFUND_YN (여부),ROLE 테이블,N
PORTAL,ROLE,RECHARGE_ITEM,VARCHAR,RECHARGE_ITEM 항목,ROLE 테이블,N
PORTAL,ROLE,RECHARGE_HOMEPAGE_URL,VARCHAR,RECHARGE_HOMEPAGE_URL 항목,ROLE 테이블,N
PORTAL,ROLE,RECHARGE_FAX_NUMBER,VARCHAR,RECHARGE_FAX_NUMBER 항목,ROLE 테이블,N
PORTAL,ROLE,RECHARGE_AMOUNT_MIN,BIGINT,RECHARGE_AMOUNT_MIN 항목,ROLE 테이블,N
PORTAL,ROLE,RECHARGE_AMOUNT_MAX,BIGINT,RECHARGE_AMOUNT_MAX 항목,ROLE 테이블,N
PORTAL,ROLE,RECHARGE_LIMIT_DAILY,VARCHAR,RECHARGE_LIMIT_DAILY 항목,ROLE 테이블,N
PORTAL,ROLE,RECHARGE_LIMIT_ONE_TIME,VARCHAR,RECHARGE_LIMIT_ONE_TIME 항목,ROLE 테이블,N
PORTAL,ROLE,MP_MA_AREA,VARCHAR,MP_MA_AREA 항목,ROLE 테이블,N
PORTAL,ROLE,ROLE_NAME,VARCHAR,ROLE_NAME 항목,ROLE 테이블,N
PORTAL,ROLE,KONA_ROLE_ID,VARCHAR,KONA_ROLE_ID (식별자),ROLE 테이블,N
PORTAL,ROLE,MERCHANT_TYPE_CD,VARCHAR,MERCHANT_TYPE_CD (코드),ROLE 테이블,N
PORTAL,ROLE,UPPER_NO,BIGINT,UPPER_NO (번호),ROLE 테이블,N
PORTAL,ROLE,TEL_NO1,VARCHAR,TEL_NO1 항목,ROLE 테이블,N
PORTAL,ROLE,TEL_NO2,VARCHAR,TEL_NO2 항목,ROLE 테이블,N
PORTAL,ROLE,ASP_MANAGER_RANK,VARCHAR,ASP_MANAGER_RANK 항목,ROLE 테이블,N
PORTAL,ROLE,RECOMMENDER,VARCHAR,RECOMMENDER 항목,ROLE 테이블,N
PORTAL,ROLE,ASP_BASIC_PRODUCT_NAME,VARCHAR,ASP_BASIC_PRODUCT_NAME 항목,ROLE 테이블,N
PORTAL,ROLE,ASP_BASIC_IMAGE_FILE,VARCHAR,ASP_BASIC_IMAGE_FILE 항목,ROLE 테이블,N
PORTAL,ROLE,ASP_BASIC_THUMBNAIL_IMAGE_FILE,VARCHAR,ASP_BASIC_THUMBNAIL_IMAGE_FILE 항목,ROLE 테이블,N
PORTAL,ROLE,LATITUDE,VARCHAR,LATITUDE 항목,ROLE 테이블,N
PORTAL,ROLE,LONGITUDE,VARCHAR,LONGITUDE 항목,ROLE 테이블,N
PORTAL,ROLE,TAX_TYPE_CODE,VARCHAR,TAX_TYPE_CODE 항목,ROLE 테이블,N
PORTAL,ROLE,INCOME_DEDUCTION_YN,CHAR,INCOME_DEDUCTION_YN (여부),ROLE 테이블,N
PORTAL,ROLE,INCOME_DEDUCTION_TYPE,VARCHAR,INCOME_DEDUCTION_TYPE 항목,ROLE 테이블,N
PORTAL,ROLE,HIDE_FROM_LIST,VARCHAR,HIDE_FROM_LIST (상태),ROLE 테이블,N
PORTAL,ROLE,SETTLE_PLAYER_ID,VARCHAR,SETTLE_PLAYER_ID (식별자),ROLE 테이블,N
PORTAL,ROLE,SETTLE_ROLE_CD,VARCHAR,SETTLE_ROLE_CD (코드),ROLE 테이블,N
PORTAL,ROLE,SETTLEMENT_TYPE,VARCHAR,SETTLEMENT_TYPE 항목,ROLE 테이블,N
PORTAL,ROLE,USE_PARENT_DEPOSIT_YN,CHAR,USE_PARENT_DEPOSIT_YN (여부),ROLE 테이블,N
PORTAL,ROLE,EMV_QR_USED_YN,CHAR,EMV_QR_USED_YN (여부),ROLE 테이블,N
PORTAL,ROLE,EMV_QR_STRING,VARCHAR,EMV_QR_STRING 항목,ROLE 테이블,N
PORTAL,ROLE,PROD_WELFARE_YN,CHAR,PROD_WELFARE_YN (여부),ROLE 테이블,N
PORTAL,ROLE,PROD_CORPORATION_YN,CHAR,PROD_CORPORATION_YN (여부),ROLE 테이블,N
PORTAL,ROLE,PROD_ALLIANCE_YN,CHAR,PROD_ALLIANCE_YN (여부),ROLE 테이블,N
PORTAL,ROLE,AUTH_SEARCH,VARCHAR,AUTH_SEARCH 항목,ROLE 테이블,N
PORTAL,ROLE,APP_DISPLAY_YN,CHAR,APP_DISPLAY_YN (여부),ROLE 테이블,N
PORTAL,ROLE,CARD_CASH_USE_YN,CHAR,CARD_CASH_USE_YN (여부),ROLE 테이블,N
PORTAL,ROLE,PROD_PUBLIC_WELFARE_YN,CHAR,PROD_PUBLIC_WELFARE_YN (여부),ROLE 테이블,N
PORTAL,ROLE,EMV_QR_IMAGE,VARCHAR,EMV_QR_IMAGE 항목,ROLE 테이블,N
PORTAL,ROLE,EMV_QR_PANEL_YN,CHAR,EMV_QR_PANEL_YN (여부),ROLE 테이블,N
PORTAL,ROLE,DISPLAY_START_DATE,TIMESTAMP,DISPLAY_START_DATE 항목,ROLE 테이블,N
PORTAL,ROLE,DISPLAY_END_DATE,TIMESTAMP,DISPLAY_END_DATE 항목,ROLE 테이블,N
PORTAL,ROLE,POINT_RECHARGE,VARCHAR,POINT_RECHARGE 항목,ROLE 테이블,N
PORTAL,ROLE,ADDRESS2,VARCHAR,ADDRESS2 항목,ROLE 테이블,N
PORTAL,ROLE,BIZ_CODE,VARCHAR,BIZ_CODE 항목,ROLE 테이블,N
PORTAL,ROLE,EXTERNAL_ID,VARCHAR,EXTERNAL_ID (식별자),ROLE 테이블,N
PORTAL,ROLE,LICENSE_KEY,VARCHAR,LICENSE_KEY 항목,ROLE 테이블,N
PORTAL,ROLE,TRUST_RATIO,VARCHAR,TRUST_RATIO 항목,ROLE 테이블,N
PORTAL,ROLE,OPEN_DATE,TIMESTAMP,OPEN_DATE 항목,ROLE 테이블,N
PORTAL,ROLE,CLOSE_DATE,TIMESTAMP,CLOSE_DATE 항목,ROLE 테이블,N
PORTAL,ROLE,GS_RETAIL_TYPE,VARCHAR,GS_RETAIL_TYPE 항목,ROLE 테이블,N
PORTAL,ROLE,RETAIL_TYPE,VARCHAR,RETAIL_TYPE 항목,ROLE 테이블,N
PORTAL,ROLE,SALES_CD,VARCHAR,SALES_CD (코드),ROLE 테이블,N
PORTAL,ROLE,MAP_USER_ID,VARCHAR,MAP_USER_ID (식별자),ROLE 테이블,N
PORTAL,ROLE,SERVICE_AGENT,VARCHAR,SERVICE_AGENT 항목,ROLE 테이블,N
PORTAL,ROLE,UCONN_CRD_CHRG_PMSN_YN,CHAR,UCONN_CRD_CHRG_PMSN_YN (여부),ROLE 테이블,N
PORTAL,ROLE,RC_CL_CD,VARCHAR,RC_CL_CD (코드),ROLE 테이블,N
PORTAL,ROLE,MM_MAX_CHRG_LMT_AMT,BIGINT,MM_MAX_CHRG_LMT_AMT (금액),ROLE 테이블,N
PORTAL,ROLE,CRD_APL_LM_CNT,BIGINT,CRD_APL_LM_CNT (건수),ROLE 테이블,N
PORTAL,ROLE,ITNC_TEL_ZON_CD,VARCHAR,ITNC_TEL_ZON_CD (코드),ROLE 테이블,N
PORTAL,ROLE,MC_CON_TYPE_CD,VARCHAR,MC_CON_TYPE_CD (코드),ROLE 테이블,N
PORTAL,SH_MERCHANT_CODE,CODE_GROUP_IDX,VARCHAR,CODE_GROUP_IDX 항목,SH_MERCHANT_CODE 테이블,N
PORTAL,SH_MERCHANT_CODE,CODE,VARCHAR,CODE 항목,SH_MERCHANT_CODE 테이블,N
PORTAL,SH_MERCHANT_CODE,CODE_NM,VARCHAR,CODE_NM (명),SH_MERCHANT_CODE 테이블,N
PORTAL,SH_MERCHANT_CODE,CODE_DETAIL,VARCHAR,CODE_DETAIL 항목,SH_MERCHANT_CODE 테이블,N
PORTAL,SH_MERCHANT_CODE,CODE_NM_TYPE,VARCHAR,CODE_NM_TYPE 항목,SH_MERCHANT_CODE 테이블,N
PORTAL,SHOP_CATEGORY_MAPPING,CATEGORY_NO,BIGINT,CATEGORY_NO (번호),SHOP_CATEGORY_MAPPING 테이블,N
PORTAL,SHOP_CATEGORY_MAPPING,KEYWORD_NO,BIGINT,KEYWORD_NO (번호),SHOP_CATEGORY_MAPPING 테이블,N
PORTAL,SHOP_CATEGORY_MAPPING,ASP_NO,BIGINT,ASP_NO (번호),SHOP_CATEGORY_MAPPING 테이블,N
PORTAL,SHOP_CATEGORY_MAPPING,TEMP_FLAG,VARCHAR,TEMP_FLAG 항목,SHOP_CATEGORY_MAPPING 테이블,N
PORTAL,SS_BIZTYPE_CD,CD_GRP_IDX,VARCHAR,CD_GRP_IDX 항목,SS_BIZTYPE_CD 테이블,N
PORTAL,SS_BIZTYPE_CD,BZTP_CD,VARCHAR,BZTP_CD (코드),SS_BIZTYPE_CD 테이블,N
PORTAL,SS_BIZTYPE_CD,MCL_BZTP_NM,VARCHAR,MCL_BZTP_NM (명),SS_BIZTYPE_CD 테이블,N
PORTAL,SS_BIZTYPE_CD,BZTP_NM,VARCHAR,BZTP_NM (명),SS_BIZTYPE_CD 테이블,N
PORTAL,SS_BIZTYPE_CD,MCL_BZTP_CD,VARCHAR,MCL_BZTP_CD (코드),SS_BIZTYPE_CD 테이블,N
PORTAL,SSUM_MERCHANT_CODE,CODE_GROUP_IDX,VARCHAR,CODE_GROUP_IDX 항목,SSUM_MERCHANT_CODE 테이블,N
PORTAL,SSUM_MERCHANT_CODE,CODE,VARCHAR,CODE 항목,SSUM_MERCHANT_CODE 테이블,N
PORTAL,SSUM_MERCHANT_CODE,CODE_NM,VARCHAR,CODE_NM (명),SSUM_MERCHANT_CODE 테이블,N
PORTAL,SSUM_MERCHANT_CODE,CODE_DETAIL,VARCHAR,CODE_DETAIL 항목,SSUM_MERCHANT_CODE 테이블,N
PORTAL,SSUM_MERCHANT_CODE,CODE_NM_TYPE,VARCHAR,CODE_NM_TYPE 항목,SSUM_MERCHANT_CODE 테이블,N
PORTAL,TBL_AREA_SERVICE_MAPPING,REG_SEQ,VARCHAR,REG_SEQ 항목,TBL_AREA_SERVICE_MAPPING 테이블,N
PORTAL,TBL_AREA_SERVICE_MAPPING,UPT_SEQ,VARCHAR,UPT_SEQ 항목,TBL_AREA_SERVICE_MAPPING 테이블,N
PORTAL,TBL_AREA_SERVICE_MAPPING,AREA_CODE,VARCHAR,AREA_CODE 항목,TBL_AREA_SERVICE_MAPPING 테이블,N
PORTAL,TBL_AREA_SERVICE_MAPPING,SERVICE_TYPE,VARCHAR,SERVICE_TYPE 항목,TBL_AREA_SERVICE_MAPPING 테이블,N
PORTAL,TBL_ASP_SERVICE_MAPPING,REG_SEQ,VARCHAR,REG_SEQ 항목,TBL_ASP_SERVICE_MAPPING 테이블,N
PORTAL,TBL_ASP_SERVICE_MAPPING,UPT_SEQ,VARCHAR,UPT_SEQ 항목,TBL_ASP_SERVICE_MAPPING 테이블,N
PORTAL,TBL_ASP_SERVICE_MAPPING,ASP_ID,VARCHAR,ASP_ID (식별자),TBL_ASP_SERVICE_MAPPING 테이블,N
PORTAL,TBL_ASP_SERVICE_MAPPING,SERVICE_TYPE,VARCHAR,SERVICE_TYPE 항목,TBL_ASP_SERVICE_MAPPING 테이블,N
PORTAL,TBL_ASP_SERVICE_MAPPING,USE_YN,CHAR,USE_YN (여부),TBL_ASP_SERVICE_MAPPING 테이블,N
PORTAL,TBL_KA_SERVICE_MAPPING,REG_SEQ,VARCHAR,REG_SEQ 항목,TBL_KA_SERVICE_MAPPING 테이블,N
PORTAL,TBL_KA_SERVICE_MAPPING,UPT_SEQ,VARCHAR,UPT_SEQ 항목,TBL_KA_SERVICE_MAPPING 테이블,N
PORTAL,TBL_KA_SERVICE_MAPPING,ASP_ID,VARCHAR,ASP_ID (식별자),TBL_KA_SERVICE_MAPPING 테이블,N
PORTAL,TBL_KA_SERVICE_MAPPING,KA_ID,VARCHAR,KA_ID (식별자),TBL_KA_SERVICE_MAPPING 테이블,N
PORTAL,TBL_KA_SERVICE_MAPPING,SERVICE_TYPE,VARCHAR,SERVICE_TYPE 항목,TBL_KA_SERVICE_MAPPING 테이블,N
PORTAL,TBL_KA_SERVICE_MAPPING,USE_YN,CHAR,USE_YN (여부),TBL_KA_SERVICE_MAPPING 테이블,N
PORTAL,TBL_MILEAGE_IMAGE_MAPPING,MILEAGE_ID,VARCHAR,MILEAGE_ID (식별자),TBL_MILEAGE_IMAGE_MAPPING 테이블,N
PORTAL,TBL_MILEAGE_IMAGE_MAPPING,FILE_NO,BIGINT,FILE_NO (번호),TBL_MILEAGE_IMAGE_MAPPING 테이블,N
PORTAL,TBL_MILEAGE_IMAGE_MAPPING,PRIORITY,VARCHAR,PRIORITY 항목,TBL_MILEAGE_IMAGE_MAPPING 테이블,N
PORTAL,TBL_MILEAGE_IMAGE_MAPPING,ORI_FILE_NM,VARCHAR,ORI_FILE_NM (명),TBL_MILEAGE_IMAGE_MAPPING 테이블,N
PORTAL,TBL_MILEAGE_IMAGE_MAPPING,FILE_SIZE,VARCHAR,FILE_SIZE 항목,TBL_MILEAGE_IMAGE_MAPPING 테이블,N
PORTAL,TBL_MILEAGE_IMAGE_MAPPING,URL,VARCHAR,URL 항목,TBL_MILEAGE_IMAGE_MAPPING 테이블,N
PORTAL,TBL_MILEAGE_IMAGE_MAPPING,FILE_NM,VARCHAR,FILE_NM (명),TBL_MILEAGE_IMAGE_MAPPING 테이블,N
PORTAL,TBL_MILEAGE_IMAGE_MAPPING,USE_YN,CHAR,USE_YN (여부),TBL_MILEAGE_IMAGE_MAPPING 테이블,N
PORTAL,TBL_MILEAGE_IMAGE_MAPPING,REG_SEQ,VARCHAR,REG_SEQ 항목,TBL_MILEAGE_IMAGE_MAPPING 테이블,N
PORTAL,TBL_SUM_DISCOUNT_APPLICATION,ASP_NO,BIGINT,ASP_NO (번호),TBL_SUM_DISCOUNT_APPLICATION 테이블,N
PORTAL,TBL_SUM_DISCOUNT_APPLICATION,PLAYER_ID,VARCHAR,PLAYER_ID (식별자),TBL_SUM_DISCOUNT_APPLICATION 테이블,N
PORTAL,TBL_SUM_DISCOUNT_APPLICATION,DISCOUNT_SUB_TYPE,VARCHAR,DISCOUNT_SUB_TYPE 항목,TBL_SUM_DISCOUNT_APPLICATION 테이블,N
PORTAL,TBL_SUM_DISCOUNT_APPLICATION,DISCOUNT_VALUE_TYPE,VARCHAR,DISCOUNT_VALUE_TYPE 항목,TBL_SUM_DISCOUNT_APPLICATION 테이블,N
PORTAL,TBL_SUM_DISCOUNT_APPLICATION,DISCOUNT_VALUE,VARCHAR,DISCOUNT_VALUE 항목,TBL_SUM_DISCOUNT_APPLICATION 테이블,N
PORTAL,TBL_SUM_DISCOUNT_APPLICATION,DISPLAY_DISCOUNT_NAME,VARCHAR,DISPLAY_DISCOUNT_NAME 항목,TBL_SUM_DISCOUNT_APPLICATION 테이블,N
PORTAL,TBL_SUM_DISCOUNT_APPLICATION,CHANNEL,VARCHAR,CHANNEL 항목,TBL_SUM_DISCOUNT_APPLICATION 테이블,N
PORTAL,TBL_SUM_DISCOUNT_APPLICATION,AQ_ID,VARCHAR,AQ_ID (식별자),TBL_SUM_DISCOUNT_APPLICATION 테이블,N
PORTAL,TBL_TAXI_FILE,FILE_NO,BIGINT,FILE_NO (번호),TBL_TAXI_FILE 테이블,N
PORTAL,TBL_TAXI_FILE,SN,VARCHAR,SN 항목,TBL_TAXI_FILE 테이블,N
PORTAL,TBL_TAXI_FILE,ORI_FILE_NM,VARCHAR,ORI_FILE_NM (명),TBL_TAXI_FILE 테이블,N
PORTAL,TBL_TAXI_FILE,URL,VARCHAR,URL 항목,TBL_TAXI_FILE 테이블,N
PORTAL,TBL_TAXI_FILE,USE_YN,CHAR,USE_YN (여부),TBL_TAXI_FILE 테이블,N
PORTAL,TBL_TAXI_FILE,GUBUN_CD,VARCHAR,GUBUN_CD (코드),TBL_TAXI_FILE 테이블,N
PORTAL,TBL_TAXI_FILE,WIDTH,VARCHAR,WIDTH 항목,TBL_TAXI_FILE 테이블,N
PORTAL,TBL_TAXI_FILE,HEIGHT,VARCHAR,HEIGHT 항목,TBL_TAXI_FILE 테이블,N
PORTAL,TBL_TAXI_FILE,FILE_NM,VARCHAR,FILE_NM (명),TBL_TAXI_FILE 테이블,N
PORTAL,TBL_TAXI_FILE,DEL_YN,CHAR,DEL_YN (여부),TBL_TAXI_FILE 테이블,N
PORTAL,TMP_HANA_M,KA_NM,VARCHAR,KA_NM (명),TMP_HANA_M 테이블,N
PORTAL,TMP_HANA_M,BATCH_DATE,TIMESTAMP,BATCH_DATE 항목,TMP_HANA_M 테이블,N
PORTAL,TMP_HANA_M,SEQ,VARCHAR,SEQ 항목,TMP_HANA_M 테이블,N
PORTAL,TMP_HANA_M,SIMPLE_NM,VARCHAR,SIMPLE_NM (명),TMP_HANA_M 테이블,N
PORTAL,TMP_HANA_M,ZIP_CD,VARCHAR,ZIP_CD (코드),TMP_HANA_M 테이블,N
PORTAL,TMP_HANA_M,ADDR1,VARCHAR,ADDR1 항목,TMP_HANA_M 테이블,N
PORTAL,TMP_HANA_M,ADDR2,VARCHAR,ADDR2 항목,TMP_HANA_M 테이블,N
PORTAL,TMP_HANA_M,TEL_NO,BIGINT,TEL_NO (번호),TMP_HANA_M 테이블,N
PORTAL,TMP_HANA_M,BIZ_TYPE,VARCHAR,BIZ_TYPE 항목,TMP_HANA_M 테이블,N
PORTAL,TMP_HANA_M,SALES_CD,VARCHAR,SALES_CD (코드),TMP_HANA_M 테이블,N
PORTAL,TMP_HANA_M,LATITUDE,VARCHAR,LATITUDE 항목,TMP_HANA_M 테이블,N
PORTAL,TMP_HANA_M,LONGITUDE,VARCHAR,LONGITUDE 항목,TMP_HANA_M 테이블,N
PORTAL,TMP_HANA_M,DISTANCE,VARCHAR,DISTANCE 항목,TMP_HANA_M 테이블,N
PORTAL,TMP_HANA_M,LEGAL_DONG_NAME,VARCHAR,LEGAL_DONG_NAME 항목,TMP_HANA_M 테이블,N
PP,BAS_EPAY_MAPPING,ACQUIRER_MERCHANT_TYPE,VARCHAR,ACQUIRER_MERCHANT_TYPE 항목,BAS_EPAY_MAPPING 테이블,N
PP,BAS_EPAY_MAPPING,NAME,VARCHAR,NAME 항목,BAS_EPAY_MAPPING 테이블,N
PP,BAS_EPAY_MAPPING,EPAY_ID,VARCHAR,EPAY_ID (식별자),BAS_EPAY_MAPPING 테이블,N
PP,BAS_EPAY_MAPPING,ACQUIRER_ID_ON,VARCHAR,ACQUIRER_ID_ON 항목,BAS_EPAY_MAPPING 테이블,N
PP,BAS_EPAY_MAPPING,ACQUIRER_ID_OFF,VARCHAR,ACQUIRER_ID_OFF 항목,BAS_EPAY_MAPPING 테이블,N
PP,BAS_EPAY_MAPPING,UPDATABLE,VARCHAR,UPDATABLE 항목,BAS_EPAY_MAPPING 테이블,N
PRS,PRS_SPPS_APH_HIST,SPPS_APH_HIST_SNO,BIGINT,SPPS_APH_HIST_SNO (번호),PRS_SPPS_APH_HIST 테이블,N
PRS,PRS_SPPS_APH_HIST,APH_DT,TIMESTAMP,APH_DT (일자),PRS_SPPS_APH_HIST 테이블,N
PRS,PRS_SPPS_APH_HIST,MBR_ID,VARCHAR,MBR_ID (식별자),PRS_SPPS_APH_HIST 테이블,N
PRS,PRS_SPPS_APH_HIST,SPPS_ID,VARCHAR,SPPS_ID (식별자),PRS_SPPS_APH_HIST 테이블,N
PRS,PRS_SPPS_APH_HIST,KA_ID,VARCHAR,KA_ID (식별자),PRS_SPPS_APH_HIST 테이블,N
PRS,PRS_SPPS_APH_HIST,ASP_ID,VARCHAR,ASP_ID (식별자),PRS_SPPS_APH_HIST 테이블,N
PRS,PRS_SPPS_APH_HIST,EXHB_VW_EXPS_LOC_TYPE_CD,VARCHAR,EXHB_VW_EXPS_LOC_TYPE_CD (코드),PRS_SPPS_APH_HIST 테이블,N
PRS,PRS_SPPS_APH_HIST,SPPS_APH_DV_CD,VARCHAR,SPPS_APH_DV_CD (코드),PRS_SPPS_APH_HIST 테이블,N
PRS,PRS_SPPS_APH_HIST,CNTS_ID,VARCHAR,CNTS_ID (식별자),PRS_SPPS_APH_HIST 테이블,N
PRS,PRS_SPPS_APH_HIST,DTL_SPPS_ID,VARCHAR,DTL_SPPS_ID (식별자),PRS_SPPS_APH_HIST 테이블,N
PRS,PRS_SPPS_BYGRP_NTST,SPPS_BYGRP_NTST_SNO,BIGINT,SPPS_BYGRP_NTST_SNO (번호),PRS_SPPS_BYGRP_NTST 테이블,N
PRS,PRS_SPPS_BYGRP_NTST,APH_DT,TIMESTAMP,APH_DT (일자),PRS_SPPS_BYGRP_NTST 테이블,N
PRS,PRS_SPPS_BYGRP_NTST,SPPS_ID,VARCHAR,SPPS_ID (식별자),PRS_SPPS_BYGRP_NTST 테이블,N
PRS,PRS_SPPS_BYGRP_NTST,KA_ID,VARCHAR,KA_ID (식별자),PRS_SPPS_BYGRP_NTST 테이블,N
PRS,PRS_SPPS_BYGRP_NTST,ASP_ID,VARCHAR,ASP_ID (식별자),PRS_SPPS_BYGRP_NTST 테이블,N
PRS,PRS_SPPS_BYGRP_NTST,AGEG_CD,VARCHAR,AGEG_CD (코드),PRS_SPPS_BYGRP_NTST 테이블,N
PRS,PRS_SPPS_BYGRP_NTST,SEX_DV_CD,VARCHAR,SEX_DV_CD (코드),PRS_SPPS_BYGRP_NTST 테이블,N
PRS,PRS_SPPS_BYGRP_NTST,NTST,VARCHAR,NTST (상태),PRS_SPPS_BYGRP_NTST 테이블,N
PRS,PRS_SPPS_EXPS_PRITY,SPPS_EXPS_PRITY_SNO,BIGINT,SPPS_EXPS_PRITY_SNO (번호),PRS_SPPS_EXPS_PRITY 테이블,N
PRS,PRS_SPPS_EXPS_PRITY,SPPS_ID,VARCHAR,SPPS_ID (식별자),PRS_SPPS_EXPS_PRITY 테이블,N
PRS,PRS_SPPS_EXPS_PRITY,STN_DT,TIMESTAMP,STN_DT (일자),PRS_SPPS_EXPS_PRITY 테이블,N
PRS,PRS_SPPS_EXPS_PRITY,KA_ID,VARCHAR,KA_ID (식별자),PRS_SPPS_EXPS_PRITY 테이블,N
PRS,PRS_SPPS_EXPS_PRITY,ASP_ID,VARCHAR,ASP_ID (식별자),PRS_SPPS_EXPS_PRITY 테이블,N
PRS,PRS_SPPS_EXPS_PRITY,TOPLVL_FIX_YN,CHAR,TOPLVL_FIX_YN (여부),PRS_SPPS_EXPS_PRITY 테이블,N
PRS,PRS_SPPS_EXPS_PRITY,EXPS_PRITY,VARCHAR,EXPS_PRITY 항목,PRS_SPPS_EXPS_PRITY 테이블,N
PRS,PRS_SPPS_EXPS_PRITY,WGHT,VARCHAR,WGHT 항목,PRS_SPPS_EXPS_PRITY 테이블,N
PRS,PRS_SPPS_EXPS_PRITY,ACT_YN,CHAR,ACT_YN (여부),PRS_SPPS_EXPS_PRITY 테이블,N
PRS,PRS_SPPS_U_YN,SPPS_U_YN_SNO,BIGINT,SPPS_U_YN_SNO (번호),PRS_SPPS_U_YN 테이블,N
PRS,PRS_SPPS_U_YN,SPPS_ID,VARCHAR,SPPS_ID (식별자),PRS_SPPS_U_YN 테이블,N
PRS,PRS_SPPS_U_YN,MBR_ID,VARCHAR,MBR_ID (식별자),PRS_SPPS_U_YN 테이블,N
PRS,PRS_SPPS_U_YN,APH_DT,TIMESTAMP,APH_DT (일자),PRS_SPPS_U_YN 테이블,N
PRS,PRS_SPPS_U_YN,KA_ID,VARCHAR,KA_ID (식별자),PRS_SPPS_U_YN 테이블,N
PRS,PRS_SPPS_U_YN,ASP_ID,VARCHAR,ASP_ID (식별자),PRS_SPPS_U_YN 테이블,N
PRS,PRS_SPPS_U_YN,AGEG_CD,VARCHAR,AGEG_CD (코드),PRS_SPPS_U_YN 테이블,N
PRS,PRS_SPPS_U_YN,SEX_DV_CD,VARCHAR,SEX_DV_CD (코드),PRS_SPPS_U_YN 테이블,N
PRS,PRS_SPPS_U_YN,APH_CNT,BIGINT,APH_CNT (건수),PRS_SPPS_U_YN 테이블,N
PRS,PRS_SPPS_U_YN,SPPS_U_YN,CHAR,SPPS_U_YN (여부),PRS_SPPS_U_YN 테이블,N
RFS,USER_QUAL,USER_ID,VARCHAR,USER_ID (식별자),USER_QUAL 테이블,N
RFS,USER_QUAL,TID,VARCHAR,TID (식별자),USER_QUAL 테이블,N
RFS,USER_QUAL,YYYYMMDD,VARCHAR,YYYYMMDD 항목,USER_QUAL 테이블,N
RFS,USER_QUAL,BIRTHDAY,VARCHAR,BIRTHDAY 항목,USER_QUAL 테이블,N
RFS,USER_QUAL,AREA_CD,VARCHAR,AREA_CD (코드),USER_QUAL 테이블,N
RFS,USER_QUAL,INCOME_SCALE_TYPE,VARCHAR,INCOME_SCALE_TYPE 항목,USER_QUAL 테이블,N
SAS,PNT_TRAN_TYPE,tran_type,VARCHAR,tran_type 항목,PNT_TRAN_TYPE 테이블,N
SAS,PNT_TRAN_TYPE,type_name,VARCHAR,type_name 항목,PNT_TRAN_TYPE 테이블,N
SAS,PNT_TRAN_TYPE,sas_name,VARCHAR,sas_name 항목,PNT_TRAN_TYPE 테이블,N
SAS,PNT_TRAN_TYPE,portal_name,VARCHAR,portal_name 항목,PNT_TRAN_TYPE 테이블,N
SAS,PNT_TRAN_TYPE,description,VARCHAR,description 항목,PNT_TRAN_TYPE 테이블,N
SAS,prcs_cd,prcs_cd,VARCHAR,prcs_cd (코드),prcs_cd 테이블,N
SAS,prcs_cd,prcs_type,VARCHAR,prcs_type 항목,prcs_cd 테이블,N
SAS,prcs_cd,prcs_sub_type,VARCHAR,prcs_sub_type 항목,prcs_cd 테이블,N
SAS,prcs_cd,prcs_nm,VARCHAR,prcs_nm (명),prcs_cd 테이블,N
SAS,prcs_cd,is_cancellable,VARCHAR,is_cancellable 항목,prcs_cd 테이블,N
SAS,prcs_cd,count_ref,VARCHAR,count_ref 항목,prcs_cd 테이블,N
SAS,prcs_cd,org_amt_ref,VARCHAR,org_amt_ref 항목,prcs_cd 테이블,N
SAS,prcs_cd,description,VARCHAR,description 항목,prcs_cd 테이블,N
SMS,IMC_AT_BIZ_MSG_LOG,ID,VARCHAR,ID (식별자),IMC_AT_BIZ_MSG_LOG 테이블,N
SMS,IMC_AT_BIZ_MSG_LOG,STATUS,VARCHAR,STATUS 항목,IMC_AT_BIZ_MSG_LOG 테이블,N
SMS,IMC_AT_BIZ_MSG_LOG,PRIORITY,VARCHAR,PRIORITY 항목,IMC_AT_BIZ_MSG_LOG 테이블,N
SMS,IMC_AT_BIZ_MSG_LOG,RESERVED_DATE,TIMESTAMP,RESERVED_DATE 항목,IMC_AT_BIZ_MSG_LOG 테이블,N
SMS,IMC_AT_BIZ_MSG_LOG,TEMPLATE_CODE,VARCHAR,TEMPLATE_CODE 항목,IMC_AT_BIZ_MSG_LOG 테이블,N
SMS,IMC_AT_BIZ_MSG_LOG,BILL_CODE,VARCHAR,BILL_CODE 항목,IMC_AT_BIZ_MSG_LOG 테이블,N
SMS,IMC_AT_BIZ_MSG_LOG,RESEND_MT_TYPE,VARCHAR,RESEND_MT_TYPE 항목,IMC_AT_BIZ_MSG_LOG 테이블,N
SMS,IMC_AT_BIZ_MSG_LOG,RESEND_MT_TITLE,VARCHAR,RESEND_MT_TITLE 항목,IMC_AT_BIZ_MSG_LOG 테이블,N
SMS,IMC_AT_BIZ_MSG_LOG,RESEND_MT_MESSAGE_REUSE,VARCHAR,RESEND_MT_MESSAGE_REUSE 항목,IMC_AT_BIZ_MSG_LOG 테이블,N
SMS,IMC_AT_BIZ_MSG_LOG,REQUEST_DATE,TIMESTAMP,REQUEST_DATE 항목,IMC_AT_BIZ_MSG_LOG 테이블,N
SMS,IMC_AT_BIZ_MSG_LOG,RESPONSE_DATE,TIMESTAMP,RESPONSE_DATE 항목,IMC_AT_BIZ_MSG_LOG 테이블,N
SMS,IMC_AT_BIZ_MSG_LOG,RESPONSE_CODE,VARCHAR,RESPONSE_CODE 항목,IMC_AT_BIZ_MSG_LOG 테이블,N
SMS,IMC_AT_BIZ_MSG_LOG,REPORT_TYPE,VARCHAR,REPORT_TYPE 항목,IMC_AT_BIZ_MSG_LOG 테이블,N
SMS,IMC_AT_BIZ_MSG_LOG,REPORT_DATE,TIMESTAMP,REPORT_DATE 항목,IMC_AT_BIZ_MSG_LOG 테이블,N
SMS,IMC_AT_BIZ_MSG_LOG,REPORT_CODE,VARCHAR,REPORT_CODE 항목,IMC_AT_BIZ_MSG_LOG 테이블,N
SMS,IMC_AT_BIZ_MSG_LOG,ARRIVAL_DATE,TIMESTAMP,ARRIVAL_DATE 항목,IMC_AT_BIZ_MSG_LOG 테이블,N
SMS,IMC_AT_BIZ_MSG_LOG,RESEND_REPORT_CODE,VARCHAR,RESEND_REPORT_CODE 항목,IMC_AT_BIZ_MSG_LOG 테이블,N
SMS,IMC_AT_BIZ_MSG_LOG,RESEND_ARRIVAL_DATE,TIMESTAMP,RESEND_ARRIVAL_DATE 항목,IMC_AT_BIZ_MSG_LOG 테이블,N
SMS,IMC_AT_BIZ_MSG_LOG,MBR_ID,VARCHAR,MBR_ID (식별자),IMC_AT_BIZ_MSG_LOG 테이블,N
SMS,IMC_AT_BIZ_MSG_LOG,ASP_ID,VARCHAR,ASP_ID (식별자),IMC_AT_BIZ_MSG_LOG 테이블,N
TBL,TMS_SNDNG_CMPGN_RPRT_PS,SITE_ID,VARCHAR,SITE_ID (식별자),TMS_SNDNG_CMPGN_RPRT_PS 테이블,N
TBL,TMS_SNDNG_CMPGN_RPRT_PS,ASP_ID,VARCHAR,ASP_ID (식별자),TMS_SNDNG_CMPGN_RPRT_PS 테이블,N
TBL,TMS_SNDNG_CMPGN_RPRT_PS,msgid,VARCHAR,msgid (식별자),TMS_SNDNG_CMPGN_RPRT_PS 테이블,N
TBL,TMS_SNDNG_CMPGN_RPRT_PS,campid,VARCHAR,campid (식별자),TMS_SNDNG_CMPGN_RPRT_PS 테이블,N
TBL,TMS_SNDNG_CMPGN_RPRT_PS,channeltype,VARCHAR,channeltype 항목,TMS_SNDNG_CMPGN_RPRT_PS 테이블,N
TBL,TMS_SNDNG_CMPGN_RPRT_PS,msgname,VARCHAR,msgname 항목,TMS_SNDNG_CMPGN_RPRT_PS 테이블,N
TBL,TMS_SNDNG_CMPGN_RPRT_PS,campname,VARCHAR,campname 항목,TMS_SNDNG_CMPGN_RPRT_PS 테이블,N
TBL,TMS_SNDNG_CMPGN_RPRT_PS,jobstatus,VARCHAR,jobstatus 항목,TMS_SNDNG_CMPGN_RPRT_PS 테이블,N
TBL,TMS_SNDNG_CMPGN_RPRT_PS,jobstatusname,VARCHAR,jobstatusname 항목,TMS_SNDNG_CMPGN_RPRT_PS 테이블,N
TBL,TMS_SNDNG_CMPGN_RPRT_PS,channelmsgname,VARCHAR,channelmsgname 항목,TMS_SNDNG_CMPGN_RPRT_PS 테이블,N
TBL,TMS_SNDNG_CMPGN_RPRT_PS,targetCnt,BIGINT,targetCnt (건수),TMS_SNDNG_CMPGN_RPRT_PS 테이블,N
TBL,TMS_SNDNG_CMPGN_RPRT_PS,pushedCnt,BIGINT,pushedCnt (건수),TMS_SNDNG_CMPGN_RPRT_PS 테이블,N
TBL,TMS_SNDNG_CMPGN_RPRT_PS,deliveredCnt,BIGINT,deliveredCnt (건수),TMS_SNDNG_CMPGN_RPRT_PS 테이블,N
TBL,TMS_SNDNG_CMPGN_RPRT_PS,openCnt,BIGINT,openCnt (건수),TMS_SNDNG_CMPGN_RPRT_PS 테이블,N
TBL,TMS_SNDNG_CMPGN_RPRT_PS,clickCnt,BIGINT,clickCnt (건수),TMS_SNDNG_CMPGN_RPRT_PS 테이블,N
TBL,TMS_SNDNG_CMPGN_RPRT_PS,failCnt,BIGINT,failCnt (건수),TMS_SNDNG_CMPGN_RPRT_PS 테이블,N
TBL,TMS_SNDNG_CMPGN_RPRT_PS,switchedCnt,BIGINT,switchedCnt (건수),TMS_SNDNG_CMPGN_RPRT_PS 테이블,N
TBL,TMS_SNDNG_CMPGN_RPRT_PS,deliveredRate,VARCHAR,deliveredRate 항목,TMS_SNDNG_CMPGN_RPRT_PS 테이블,N
TBL,TMS_SNDNG_CMPGN_RPRT_PS,openRate,VARCHAR,openRate 항목,TMS_SNDNG_CMPGN_RPRT_PS 테이블,N
TBL,TMS_SNDNG_CMPGN_RPRT_PS,clickRate,VARCHAR,clickRate 항목,TMS_SNDNG_CMPGN_RPRT_PS 테이블,N
TBL,TMS_SNDNG_CMPGN_RPRT_PS,failRate,VARCHAR,failRate 항목,TMS_SNDNG_CMPGN_RPRT_PS 테이블,N
TBL,TMS_SNDNG_CMPGN_RPRT_PS,switchedRate,VARCHAR,switchedRate 항목,TMS_SNDNG_CMPGN_RPRT_PS 테이블,N
TBL,TMS_SNDNG_CMPGN_RPRT_PS,regDate,TIMESTAMP,regDate 항목,TMS_SNDNG_CMPGN_RPRT_PS 테이블,N
TBL,TMS_SNDNG_CMPGN_RPRT_PS,regId,VARCHAR,regId (식별자),TMS_SNDNG_CMPGN_RPRT_PS 테이블,N
TBL,TMS_SNDNG_CMPGN_RPRT_PS,deptId,VARCHAR,deptId (식별자),TMS_SNDNG_CMPGN_RPRT_PS 테이블,N
TGS,TB_ACCESS_KEY,ID,VARCHAR,ID (식별자),TB_ACCESS_KEY 테이블,N
TGS,TB_ACCESS_KEY,ACCESS_KEY,VARCHAR,ACCESS_KEY 항목,TB_ACCESS_KEY 테이블,N
TGS,TB_ACCESS_KEY,PROJECT_ID,VARCHAR,PROJECT_ID (식별자),TB_ACCESS_KEY 테이블,N
TGS,TB_ACCESS_KEY,ASP_ID,VARCHAR,ASP_ID (식별자),TB_ACCESS_KEY 테이블,N
TGS,TB_ACCESS_KEY,STATUS,VARCHAR,STATUS 항목,TB_ACCESS_KEY 테이블,N
TGS,TB_ACCESS_KEY,KEY_TYPE,VARCHAR,KEY_TYPE 항목,TB_ACCESS_KEY 테이블,N
TGS,TB_ACCESS_KEY,CHANGE_REASON,VARCHAR,CHANGE_REASON 항목,TB_ACCESS_KEY 테이블,N
TGS,TB_API_AUTH,ID,VARCHAR,ID (식별자),TB_API_AUTH 테이블,N
TGS,TB_API_AUTH,PROJECT_ID,VARCHAR,PROJECT_ID (식별자),TB_API_AUTH 테이블,N
TGS,TB_API_AUTH,API_URL_ID,VARCHAR,API_URL_ID (식별자),TB_API_AUTH 테이블,N
TGS,TB_API_AUTH,API_URL,VARCHAR,API_URL 항목,TB_API_AUTH 테이블,N
TGS,TB_API_AUTH,ASP_ID,VARCHAR,ASP_ID (식별자),TB_API_AUTH 테이블,N
TGS,TB_API_AUTH,REQUEST_ENC_YN,CHAR,REQUEST_ENC_YN (여부),TB_API_AUTH 테이블,N
TGS,TB_API_AUTH,RESPONSE_ENC_YN,CHAR,RESPONSE_ENC_YN (여부),TB_API_AUTH 테이블,N
TGS,TB_API_AUTH,MAX_CNT,BIGINT,MAX_CNT (건수),TB_API_AUTH 테이블,N
TGS,TB_API_AUTH,BOUND_TYPE,VARCHAR,BOUND_TYPE 항목,TB_API_AUTH 테이블,N
TGS,TB_API_HISTORY,ACCESS_KEY,VARCHAR,ACCESS_KEY 항목,TB_API_HISTORY 테이블,N
TGS,TB_API_HISTORY,API_URL_ID,VARCHAR,API_URL_ID (식별자),TB_API_HISTORY 테이블,N
TGS,TB_API_HISTORY,HTTP_STATUS,VARCHAR,HTTP_STATUS 항목,TB_API_HISTORY 테이블,N
TGS,TB_API_HISTORY,TID,VARCHAR,TID (식별자),TB_API_HISTORY 테이블,N
TGS,TB_API_HISTORY,REQUEST_DT,TIMESTAMP,REQUEST_DT (일자),TB_API_HISTORY 테이블,N
TSS,PREV_BALANCE,ID,VARCHAR,ID (식별자),PREV_BALANCE 테이블,N
TSS,PREV_BALANCE,ASP_ID,VARCHAR,ASP_ID (식별자),PREV_BALANCE 테이블,N
TSS,PREV_BALANCE,PREV_USER_ID,VARCHAR,PREV_USER_ID (식별자),PREV_BALANCE 테이블,N
TSS,PREV_BALANCE,PREV_BALANCE_ID,VARCHAR,PREV_BALANCE_ID (식별자),PREV_BALANCE 테이블,N
TSS,PREV_BALANCE,AMOUNT,BIGINT,AMOUNT 항목,PREV_BALANCE 테이블,N
TSS,PREV_BALANCE,TYPE,VARCHAR,TYPE 항목,PREV_BALANCE 테이블,N
TSS,PREV_BALANCE,NAME,VARCHAR,NAME 항목,PREV_BALANCE 테이블,N
TSS,PREV_BALANCE,TRANSFER_YN,CHAR,TRANSFER_YN (여부),PREV_BALANCE 테이블,N
TSS,PREV_BALANCE_POLICY,ID,VARCHAR,ID (식별자),PREV_BALANCE_POLICY 테이블,N
TSS,PREV_BALANCE_POLICY,PREV_POLICY_ID,VARCHAR,PREV_POLICY_ID (식별자),PREV_BALANCE_POLICY 테이블,N
TSS,PREV_BALANCE_POLICY,PREV_POLICY_NAME,VARCHAR,PREV_POLICY_NAME 항목,PREV_BALANCE_POLICY 테이블,N
TSS,PREV_BALANCE_POLICY,PREV_POLICY_TYPE,VARCHAR,PREV_POLICY_TYPE 항목,PREV_BALANCE_POLICY 테이블,N
TSS,PREV_BALANCE_POLICY,KONA_POLICY_ID,VARCHAR,KONA_POLICY_ID (식별자),PREV_BALANCE_POLICY 테이블,N
TSS,PREV_BALANCE_POLICY,KA_ID,VARCHAR,KA_ID (식별자),PREV_BALANCE_POLICY 테이블,N
TSS,TRANSFER_EXECUTE_HISTORY,ID,VARCHAR,ID (식별자),TRANSFER_EXECUTE_HISTORY 테이블,N
TSS,TRANSFER_EXECUTE_HISTORY,ASP_ID,VARCHAR,ASP_ID (식별자),TRANSFER_EXECUTE_HISTORY 테이블,N
TSS,TRANSFER_EXECUTE_HISTORY,PREV_USER_ID,VARCHAR,PREV_USER_ID (식별자),TRANSFER_EXECUTE_HISTORY 테이블,N
TSS,TRANSFER_EXECUTE_HISTORY,TYPE,VARCHAR,TYPE 항목,TRANSFER_EXECUTE_HISTORY 테이블,N
TSS,TRANSFER_EXECUTE_HISTORY,RESULT,VARCHAR,RESULT 항목,TRANSFER_EXECUTE_HISTORY 테이블,N
TSS,TRANSFER_EXECUTE_HISTORY,REASON,VARCHAR,REASON 항목,TRANSFER_EXECUTE_HISTORY 테이블,N
VCC,VCC_CHTBT_CNSL,CHTBT_CNSL_ID,VARCHAR,CHTBT_CNSL_ID (식별자),VCC_CHTBT_CNSL 테이블,N
VCC,VCC_CHTBT_CNSL,TID,VARCHAR,TID (식별자),VCC_CHTBT_CNSL 테이블,N
VCC,VCC_CHTBT_CNSL,CRE_DT,TIMESTAMP,CRE_DT (일자),VCC_CHTBT_CNSL 테이블,N
VCC,VCC_CHTBT_CNSL,CHTBT_CNSL_NED_TM,VARCHAR,CHTBT_CNSL_NED_TM 항목,VCC_CHTBT_CNSL 테이블,N
VCC,VCC_CHTBT_CNSL,CHTBT_IQY_ID,VARCHAR,CHTBT_IQY_ID (식별자),VCC_CHTBT_CNSL 테이블,N
VCC,VCC_CHTBT_CNSL,CHTBT_CNSL_ST_DV_CD,VARCHAR,CHTBT_CNSL_ST_DV_CD (코드),VCC_CHTBT_CNSL 테이블,N
VCC,VCC_CHTBT_CNSL,CHTBT_CNSL_DTL_ST_DV_CD,VARCHAR,CHTBT_CNSL_DTL_ST_DV_CD (코드),VCC_CHTBT_CNSL 테이블,N
VCC,VCC_CHTBT_CNSL,MBR_ID,VARCHAR,MBR_ID (식별자),VCC_CHTBT_CNSL 테이블,N
VCC,VCC_CHTBT_FAQ_BYDT_AGG,AGG_DT,TIMESTAMP,AGG_DT (일자),VCC_CHTBT_FAQ_BYDT_AGG 테이블,N
VCC,VCC_CHTBT_FAQ_BYDT_AGG,MBR_CNT,BIGINT,MBR_CNT (건수),VCC_CHTBT_FAQ_BYDT_AGG 테이블,N
VCC,VCC_CHTBT_FAQ_BYDT_AGG,IQY_CNT,BIGINT,IQY_CNT (건수),VCC_CHTBT_FAQ_BYDT_AGG 테이블,N
VCC,VCC_CHTBT_FAQ_BYDT_AGG,FDBK_RQS_CNT,BIGINT,FDBK_RQS_CNT (건수),VCC_CHTBT_FAQ_BYDT_AGG 테이블,N
VCC,VCC_CHTBT_FAQ_BYDT_AGG,FDBK_CNT,BIGINT,FDBK_CNT (건수),VCC_CHTBT_FAQ_BYDT_AGG 테이블,N
VCC,VCC_CHTBT_FAQ_BYDT_AGG,FDBK_PSTV_CNT,BIGINT,FDBK_PSTV_CNT (건수),VCC_CHTBT_FAQ_BYDT_AGG 테이블,N
VCC,VCC_CHTBT_FAQ_BYDT_AGG,FDBK_NGTV_CNT,BIGINT,FDBK_NGTV_CNT (건수),VCC_CHTBT_FAQ_BYDT_AGG 테이블,N
VCC,VCC_CHTBT_IQY,CHTBT_IQY_ID,VARCHAR,CHTBT_IQY_ID (식별자),VCC_CHTBT_IQY 테이블,N
VCC,VCC_CHTBT_IQY,CHTBT_FDBK_RS_DV_CD,VARCHAR,CHTBT_FDBK_RS_DV_CD (코드),VCC_CHTBT_IQY 테이블,N
VCC,VCC_CHTBT_IQY,ITRPT_CHTBT_BHVR_CD,VARCHAR,ITRPT_CHTBT_BHVR_CD (코드),VCC_CHTBT_IQY 테이블,N
VCC,VCC_CHTBT_IQY,ITRPT_CHTBT_BHVR_CDNM,VARCHAR,ITRPT_CHTBT_BHVR_CDNM (명),VCC_CHTBT_IQY 테이블,N
VCC,VCC_CHTBT_IQY,LAST_ANS_CHTBT_BHVR_CD,VARCHAR,LAST_ANS_CHTBT_BHVR_CD (코드),VCC_CHTBT_IQY 테이블,N
VCC,VCC_CHTBT_IQY,RCNT_PRO_CHTBT_BHVR_CD,VARCHAR,RCNT_PRO_CHTBT_BHVR_CD (코드),VCC_CHTBT_IQY 테이블,N
VCC,VCC_CHTBT_IQY,RCNT_PRO_CHTBT_BHVR_CDNM,VARCHAR,RCNT_PRO_CHTBT_BHVR_CDNM (명),VCC_CHTBT_IQY 테이블,N
VCC,VCC_CHTBT_IQY,IQY_NL_CN,VARCHAR,IQY_NL_CN (내용),VCC_CHTBT_IQY 테이블,N
VCC,VCC_CHTBT_IQY,IQY_NL_SNTMT_DV_CD,VARCHAR,IQY_NL_SNTMT_DV_CD (코드),VCC_CHTBT_IQY 테이블,N
VCC,VCC_CHTBT_IQY,CHTBT_IQY_RS_DV_CD,VARCHAR,CHTBT_IQY_RS_DV_CD (코드),VCC_CHTBT_IQY 테이블,N
VCC,VCC_CHTBT_IQY,ROOT_CHTBT_BHVR_CD,VARCHAR,ROOT_CHTBT_BHVR_CD (코드),VCC_CHTBT_IQY 테이블,N
VCC,VCC_CHTBT_IQY,ROOT_CHTBT_BHVR_CDNM,VARCHAR,ROOT_CHTBT_BHVR_CDNM (명),VCC_CHTBT_IQY 테이블,N
VCC,VCC_CHTBT_IQY,ROOT_CHTBT_BHVR_DV_CD,VARCHAR,ROOT_CHTBT_BHVR_DV_CD (코드),VCC_CHTBT_IQY 테이블,N
VCC,VCC_CHTBT_IQY,ROOT_CHTBT_ITT_DV_CD,VARCHAR,ROOT_CHTBT_ITT_DV_CD (코드),VCC_CHTBT_IQY 테이블,N
VCC,VCC_CHTBT_IQY,SESN_ID,VARCHAR,SESN_ID (식별자),VCC_CHTBT_IQY 테이블,N
VCC,VCC_CHTBT_IQY,TID,VARCHAR,TID (식별자),VCC_CHTBT_IQY 테이블,N
VCC,VCC_CHTBT_IQY,NEXT_CHTBT_BHVR_CD,VARCHAR,NEXT_CHTBT_BHVR_CD (코드),VCC_CHTBT_IQY 테이블,N
VCC,VCC_CHTBT_IQY,CRE_DT,TIMESTAMP,CRE_DT (일자),VCC_CHTBT_IQY 테이블,N
VCC,VCC_CHTBT_IQY,CHTBT_IQY_NED_TM,VARCHAR,CHTBT_IQY_NED_TM 항목,VCC_CHTBT_IQY 테이블,N
VCC,VCC_CHTBT_IQY,CHTBT_BHVR_INCTM_KWD_NM,VARCHAR,CHTBT_BHVR_INCTM_KWD_NM (명),VCC_CHTBT_IQY 테이블,N
VCC,VCC_CHTBT_IQY,CHTBT_IQY_CRER_DV_CD,VARCHAR,CHTBT_IQY_CRER_DV_CD (코드),VCC_CHTBT_IQY 테이블,N
VCC,VCC_CHTBT_IQY,FDBK_RQS_YN,CHAR,FDBK_RQS_YN (여부),VCC_CHTBT_IQY 테이블,N
VCC,VCC_CHTBT_IQY,chtbt_iqy_st_cd,VARCHAR,chtbt_iqy_st_cd (코드),VCC_CHTBT_IQY 테이블,N
VCC,VCC_CHTBT_IQY_HIST,CHTBT_IQY_HIST_ID,VARCHAR,CHTBT_IQY_HIST_ID (식별자),VCC_CHTBT_IQY_HIST 테이블,N
VCC,VCC_CHTBT_IQY_HIST,SESN_ID,VARCHAR,SESN_ID (식별자),VCC_CHTBT_IQY_HIST 테이블,N
VCC,VCC_CHTBT_IQY_HIST,CHTBT_IQY_ID,VARCHAR,CHTBT_IQY_ID (식별자),VCC_CHTBT_IQY_HIST 테이블,N
VCC,VCC_CHTBT_IQY_HIST,MBR_ID,VARCHAR,MBR_ID (식별자),VCC_CHTBT_IQY_HIST 테이블,N
VCC,VCC_CHTBT_IQY_HIST,IQY_HIST_DV_CD,VARCHAR,IQY_HIST_DV_CD (코드),VCC_CHTBT_IQY_HIST 테이블,N
VCC,VCC_CHTBT_IQY_HIST,CHTBT_BHVR_CD,VARCHAR,CHTBT_BHVR_CD (코드),VCC_CHTBT_IQY_HIST 테이블,N
VCC,VCC_CHTBT_IQY_HIST,CHTBT_BHVR_CDNM,VARCHAR,CHTBT_BHVR_CDNM (명),VCC_CHTBT_IQY_HIST 테이블,N
VCC,VCC_CHTBT_IQY_HIST,CHTBT_BHVR_DV_CD,VARCHAR,CHTBT_BHVR_DV_CD (코드),VCC_CHTBT_IQY_HIST 테이블,N
VCC,VCC_CHTBT_IQY_HIST,CRE_DT,TIMESTAMP,CRE_DT (일자),VCC_CHTBT_IQY_HIST 테이블,N
VCC,VCC_CHTBT_IQY_HIST,TID,VARCHAR,TID (식별자),VCC_CHTBT_IQY_HIST 테이블,N
VCC,VCC_CHTBT_RGL_BYDT_AGG,AGG_DT,TIMESTAMP,AGG_DT (일자),VCC_CHTBT_RGL_BYDT_AGG 테이블,N
VCC,VCC_CHTBT_RGL_BYDT_AGG,MBR_CNT,BIGINT,MBR_CNT (건수),VCC_CHTBT_RGL_BYDT_AGG 테이블,N
VCC,VCC_CHTBT_RGL_BYDT_AGG,IQY_CNT,BIGINT,IQY_CNT (건수),VCC_CHTBT_RGL_BYDT_AGG 테이블,N
VCC,VCC_CHTBT_RGL_BYDT_AGG,IQY_CPLT_CNT,BIGINT,IQY_CPLT_CNT (건수),VCC_CHTBT_RGL_BYDT_AGG 테이블,N
VCC,VCC_CHTBT_RGL_BYDT_AGG,IQY_STOP_CNT,BIGINT,IQY_STOP_CNT (건수),VCC_CHTBT_RGL_BYDT_AGG 테이블,N
VCC,VCC_CHTBT_RGL_BYDT_AGG,IQY_CHRN_CNT,BIGINT,IQY_CHRN_CNT (건수),VCC_CHTBT_RGL_BYDT_AGG 테이블,N
VCC,VCC_CHTBT_RGL_BYDT_AGG,FDBK_RQS_CNT,BIGINT,FDBK_RQS_CNT (건수),VCC_CHTBT_RGL_BYDT_AGG 테이블,N
VCC,VCC_CHTBT_RGL_BYDT_AGG,FDBK_CNT,BIGINT,FDBK_CNT (건수),VCC_CHTBT_RGL_BYDT_AGG 테이블,N
VCC,VCC_CHTBT_RGL_BYDT_AGG,FDBK_PSTV_CNT,BIGINT,FDBK_PSTV_CNT (건수),VCC_CHTBT_RGL_BYDT_AGG 테이블,N
VCC,VCC_CHTBT_RGL_BYDT_AGG,FDBK_NGTV_CNT,BIGINT,FDBK_NGTV_CNT (건수),VCC_CHTBT_RGL_BYDT_AGG 테이블,N
VCC,VCC_CHTBT_SESN_PLCY,CHTBT_SESN_PLCY_ID,VARCHAR,CHTBT_SESN_PLCY_ID (식별자),VCC_CHTBT_SESN_PLCY 테이블,N
VCC,VCC_CHTBT_SESN_PLCY,SESN_CNTU_TM,VARCHAR,SESN_CNTU_TM 항목,VCC_CHTBT_SESN_PLCY 테이블,N
VCC,VCC_CHTBT_TOKN,CHTBT_TOKN_ID,VARCHAR,CHTBT_TOKN_ID (식별자),VCC_CHTBT_TOKN 테이블,N
VCC,VCC_CHTBT_TOKN,MBR_ID,VARCHAR,MBR_ID (식별자),VCC_CHTBT_TOKN 테이블,N
VCC,VCC_CHTBT_TOKN,TOKN_CNTU_TM,VARCHAR,TOKN_CNTU_TM 항목,VCC_CHTBT_TOKN 테이블,N
VCC,VCC_CHTBT_TOKN,TOKN_EXN_YN,CHAR,TOKN_EXN_YN (여부),VCC_CHTBT_TOKN 테이블,N
VCC,VCC_CHTBT_TOKN,CHTBT_TOKN_CRE_CHNL_DV_CD,VARCHAR,CHTBT_TOKN_CRE_CHNL_DV_CD (코드),VCC_CHTBT_TOKN 테이블,N
VCC,VCC_CHTBT_TOKN,TID,VARCHAR,TID (식별자),VCC_CHTBT_TOKN 테이블,N
VCC,VCC_CHTBT_TOKN,CRE_DT,TIMESTAMP,CRE_DT (일자),VCC_CHTBT_TOKN 테이블,N
VCC,VCC_CHTBT_TOT_BYDT_AGG,AGG_DT,TIMESTAMP,AGG_DT (일자),VCC_CHTBT_TOT_BYDT_AGG 테이블,N
VCC,VCC_CHTBT_TOT_BYDT_AGG,MBR_CNT,BIGINT,MBR_CNT (건수),VCC_CHTBT_TOT_BYDT_AGG 테이블,N
VCC,VCC_CHTBT_TOT_BYDT_AGG,SESN_CNT,BIGINT,SESN_CNT (건수),VCC_CHTBT_TOT_BYDT_AGG 테이블,N
VCC,VCC_CHTBT_TOT_BYDT_AGG,IQY_CNT,BIGINT,IQY_CNT (건수),VCC_CHTBT_TOT_BYDT_AGG 테이블,N
VCC,VCC_CHTBT_TOT_BYDT_AGG,FAQ_IQY_CNT,BIGINT,FAQ_IQY_CNT (건수),VCC_CHTBT_TOT_BYDT_AGG 테이블,N
VCC,VCC_CHTBT_TOT_BYDT_AGG,RGL_IQY_CNT,BIGINT,RGL_IQY_CNT (건수),VCC_CHTBT_TOT_BYDT_AGG 테이블,N
VCC,VCC_CHTBT_TOT_BYDT_AGG,FLLBCK_IQY_CNT,BIGINT,FLLBCK_IQY_CNT (건수),VCC_CHTBT_TOT_BYDT_AGG 테이블,N
VCC,VCC_SESN,SESN_ID,VARCHAR,SESN_ID (식별자),VCC_SESN 테이블,N
VCC,VCC_SESN,SESN_ST_DV_CD,VARCHAR,SESN_ST_DV_CD (코드),VCC_SESN 테이블,N
VCC,VCC_SESN,ASP_ID,VARCHAR,ASP_ID (식별자),VCC_SESN 테이블,N
VCC,VCC_SESN,MBR_ID,VARCHAR,MBR_ID (식별자),VCC_SESN 테이블,N
VCC,VCC_SESN,FAGE,VARCHAR,FAGE 항목,VCC_SESN 테이블,N
VCC,VCC_SESN,CHTBT_INFW_CHNL_DV_CD,VARCHAR,CHTBT_INFW_CHNL_DV_CD (코드),VCC_SESN 테이블,N
VCC,VCC_SESN,CHTBT_USER_DV_CD,VARCHAR,CHTBT_USER_DV_CD (코드),VCC_SESN 테이블,N
VCC,VCC_SESN,OCP_AUTHT_YN,CHAR,OCP_AUTHT_YN (여부),VCC_SESN 테이블,N
VCC,VCC_SESN,CRNT_ANAL_CHTBT_BHVR_CD,VARCHAR,CRNT_ANAL_CHTBT_BHVR_CD (코드),VCC_SESN 테이블,N
VCC,VCC_SESN,SESN_CNTU_TM,VARCHAR,SESN_CNTU_TM 항목,VCC_SESN 테이블,N
VCC,VCC_SESN,TID,VARCHAR,TID (식별자),VCC_SESN 테이블,N
VCC,VCC_SESN,CRE_DT,TIMESTAMP,CRE_DT (일자),VCC_SESN 테이블,N
AMLS,AML_USER_INFO,TEL_NO,VARCHAR,연락처(전화번호),AML_USER_INFO 테이블,Y
AMLS,AML_USER_INFO,LEGACY_FLAG,CHAR,레거시 구분 플래그,AML_USER_INFO 테이블,N
AMLS,AML_USER_INFO,BATCH_SEQ,BIGINT,배치 일련번호,AML_USER_INFO 테이블,N
BIZ,CCP_MEMBER_LOG,RRNO,VARCHAR,주민등록번호,CCP_MEMBER_LOG 테이블,Y
BIZ,CCP_PARTNER,HOME_ADDR,VARCHAR,주소,CCP_PARTNER 테이블,Y
BIZ,CCP_PARTNER,EMAIL_ADDR,VARCHAR,이메일 주소,CCP_PARTNER 테이블,Y
BIZ,CCP_PARTNER,TMP_WORK_VAL,VARCHAR,임시 작업값,CCP_PARTNER 테이블,N
BIZ,CCP_PRODUCT,TMP_WORK_VAL,VARCHAR,임시 작업값,CCP_PRODUCT 테이블,N
BIZ,CCP_PRODUCT,INTERNAL_MEMO,VARCHAR,내부 메모,CCP_PRODUCT 테이블,N
BIZ,CCP_PRODUCT_MANAGER,BANK_ACCT_NO,VARCHAR,은행 계좌번호,CCP_PRODUCT_MANAGER 테이블,Y
BIZ,CCP_PRODUCT_MANAGER,LEGACY_FLAG,CHAR,레거시 구분 플래그,CCP_PRODUCT_MANAGER 테이블,N
BIZ,CCP_RECHARGER,CUST_NM,VARCHAR,고객 성명,CCP_RECHARGER 테이블,Y
BIZ,CCP_RECHARGER,BATCH_SEQ,BIGINT,배치 일련번호,CCP_RECHARGER 테이블,N
BIZ,CCP_RECHARGER,TMP_WORK_VAL,VARCHAR,임시 작업값,CCP_RECHARGER 테이블,N
BIZ,RCS_APPMEMBER_REG_HISTORY,INTERNAL_MEMO,VARCHAR,내부 메모,RCS_APPMEMBER_REG_HISTORY 테이블,N
BIZ,RCS_BONBU,EMAIL_ADDR,VARCHAR,이메일 주소,RCS_BONBU 테이블,Y
BIZ,RCS_BONBU_MAPPING,INTERNAL_MEMO,VARCHAR,내부 메모,RCS_BONBU_MAPPING 테이블,N
BIZD,contract,EMAIL_ADDR,VARCHAR,이메일 주소,contract 테이블,Y
BIZD,contract,RMK_CN,VARCHAR,비고 내용,contract 테이블,N
BIZD,contract,TMP_WORK_VAL,VARCHAR,임시 작업값,contract 테이블,N
BIZD,CONTRACT_HISTORY,RRNO,VARCHAR,주민등록번호,CONTRACT_HISTORY 테이블,Y
BIZD,CONTRACT_MERCHANT,CUST_NM,VARCHAR,고객 성명,CONTRACT_MERCHANT 테이블,Y
BIZD,CONTRACT_MERCHANT,TMP_WORK_VAL,VARCHAR,임시 작업값,CONTRACT_MERCHANT 테이블,N
BIZD,OWNER,EMAIL_ADDR,VARCHAR,이메일 주소,OWNER 테이블,Y
BIZD,OWNER,BATCH_SEQ,BIGINT,배치 일련번호,OWNER 테이블,N
BIZD,OWNER_MAPPED,RRNO,VARCHAR,주민등록번호,OWNER_MAPPED 테이블,Y
CAMS,CAM_CNVG_SVC_MAPNG,EMAIL_ADDR,VARCHAR,이메일 주소,CAM_CNVG_SVC_MAPNG 테이블,Y
CAMS,CAM_CRD_APL_ADD,EMAIL_ADDR,VARCHAR,이메일 주소,CAM_CRD_APL_ADD 테이블,Y
CAMS,CARD_DELIVERY,RRNO,VARCHAR,주민등록번호,CARD_DELIVERY 테이블,Y
CAMS,CARD_DELIVERY,TEL_NO,VARCHAR,연락처(전화번호),CARD_DELIVERY 테이블,Y
CAMS,CARD_DELIVERY,LEGACY_FLAG,CHAR,레거시 구분 플래그,CARD_DELIVERY 테이블,N
CAMS,EXT_CARD_MAP,RMK_CN,VARCHAR,비고 내용,EXT_CARD_MAP 테이블,N
CAMS,EXT_CARD_MAP,BATCH_SEQ,BIGINT,배치 일련번호,EXT_CARD_MAP 테이블,N
CAMS,ISSUED_CARD_REGISTER,RRNO,VARCHAR,주민등록번호,ISSUED_CARD_REGISTER 테이블,Y
CAMS,ISSUED_CARD_REGISTER,TEL_NO,VARCHAR,연락처(전화번호),ISSUED_CARD_REGISTER 테이블,Y
CAS,CAS_CRD_AUTHT,BANK_ACCT_NO,VARCHAR,은행 계좌번호,CAS_CRD_AUTHT 테이블,Y
CAS,CAS_CRD_AUTHT,EMAIL_ADDR,VARCHAR,이메일 주소,CAS_CRD_AUTHT 테이블,Y
CAS,CAS_SPPM_CRD_AUTHT,INTERNAL_MEMO,VARCHAR,내부 메모,CAS_SPPM_CRD_AUTHT 테이블,N
CAS,CAS_SPPM_CRD_AUTHT,RMK_CN,VARCHAR,비고 내용,CAS_SPPM_CRD_AUTHT 테이블,N
CAS,CAS_SPPM_ITG_CD,BATCH_SEQ,BIGINT,배치 일련번호,CAS_SPPM_ITG_CD 테이블,N
CDM,SHIPPING_INFO,BATCH_SEQ,BIGINT,배치 일련번호,SHIPPING_INFO 테이블,N
CDM,SHIPPING_INFO,INTERNAL_MEMO,VARCHAR,내부 메모,SHIPPING_INFO 테이블,N
CDM,SHIPPING_INFO_HISTORY,HOME_ADDR,VARCHAR,주소,SHIPPING_INFO_HISTORY 테이블,Y
CDM,SHIPPING_TRY,TEL_NO,VARCHAR,연락처(전화번호),SHIPPING_TRY 테이블,Y
CDM,SHIPPING_TRY,CUST_NM,VARCHAR,고객 성명,SHIPPING_TRY 테이블,Y
CDM,SHIPPING_TRY,TMP_WORK_VAL,VARCHAR,임시 작업값,SHIPPING_TRY 테이블,N
CMS,CMS_CNVG_PAR,TEL_NO,VARCHAR,연락처(전화번호),CMS_CNVG_PAR 테이블,Y
CMS,CMS_CNVG_PAR,RRNO,VARCHAR,주민등록번호,CMS_CNVG_PAR 테이블,Y
CMS,CMS_CRD_VL_PRID_EXTS,RMK_CN,VARCHAR,비고 내용,CMS_CRD_VL_PRID_EXTS 테이블,N
CMS,CMS_CRD_VL_PRID_EXTS,BATCH_SEQ,BIGINT,배치 일련번호,CMS_CRD_VL_PRID_EXTS 테이블,N
CMS,DEDUCTION_INFO,RRNO,VARCHAR,주민등록번호,DEDUCTION_INFO 테이블,Y
CMS,DEDUCTION_INFO,HOME_ADDR,VARCHAR,주소,DEDUCTION_INFO 테이블,Y
CMS,EPAR,BATCH_SEQ,BIGINT,배치 일련번호,EPAR 테이블,N
CMS,NAMED_INFO,CUST_NM,VARCHAR,고객 성명,NAMED_INFO 테이블,Y
CMS,NAMED_INFO,INTERNAL_MEMO,VARCHAR,내부 메모,NAMED_INFO 테이블,N
CMS,NAMED_INFO,BATCH_SEQ,BIGINT,배치 일련번호,NAMED_INFO 테이블,N
CMS,PAN_CHAN_HIS,RRNO,VARCHAR,주민등록번호,PAN_CHAN_HIS 테이블,Y
CMS,PAN_CHAN_HIS,LEGACY_FLAG,CHAR,레거시 구분 플래그,PAN_CHAN_HIS 테이블,N
CMS,PAN_INFO,RMK_CN,VARCHAR,비고 내용,PAN_INFO 테이블,N
CRM,TB_CONSULTING_LOG,INTERNAL_MEMO,VARCHAR,내부 메모,TB_CONSULTING_LOG 테이블,N
CRS,COUPON,INTERNAL_MEMO,VARCHAR,내부 메모,COUPON 테이블,N
CRS,LOTTERY,CUST_NM,VARCHAR,고객 성명,LOTTERY 테이블,Y
CRS,LUCKY,TMP_WORK_VAL,VARCHAR,임시 작업값,LUCKY 테이블,N
CRS,REWARD,BANK_ACCT_NO,VARCHAR,은행 계좌번호,REWARD 테이블,Y
CRS,REWARD,BATCH_SEQ,BIGINT,배치 일련번호,REWARD 테이블,N
CRS,TICKET,HOME_ADDR,VARCHAR,주소,TICKET 테이블,Y
CRS,TICKET,INTERNAL_MEMO,VARCHAR,내부 메모,TICKET 테이블,N
CS,TB_ARS_AUTH_BANK_ACC_REG,CUST_NM,VARCHAR,고객 성명,TB_ARS_AUTH_BANK_ACC_REG 테이블,Y
CS,TB_ARS_AUTH_BANK_ACC_REG,RRNO,VARCHAR,주민등록번호,TB_ARS_AUTH_BANK_ACC_REG 테이블,Y
CS,TB_ARS_AUTH_BANK_ACC_REG,TMP_WORK_VAL,VARCHAR,임시 작업값,TB_ARS_AUTH_BANK_ACC_REG 테이블,N
CS,TB_ARS_AUTH_BANK_ACC_REG,RMK_CN,VARCHAR,비고 내용,TB_ARS_AUTH_BANK_ACC_REG 테이블,N
CS,TB_AUTO_PRE_REC_PLAN,INTERNAL_MEMO,VARCHAR,내부 메모,TB_AUTO_PRE_REC_PLAN 테이블,N
CS,TB_BP_MONTHLY_LOG,EMAIL_ADDR,VARCHAR,이메일 주소,TB_BP_MONTHLY_LOG 테이블,Y
CS,TB_BP_THRESHOLD,BANK_ACCT_NO,VARCHAR,은행 계좌번호,TB_BP_THRESHOLD 테이블,Y
CS,TB_BP_THRESHOLD,TEL_NO,VARCHAR,연락처(전화번호),TB_BP_THRESHOLD 테이블,Y
CS,TB_BP_THRESHOLD,LEGACY_FLAG,CHAR,레거시 구분 플래그,TB_BP_THRESHOLD 테이블,N
CS,TB_CHARGE,BATCH_SEQ,BIGINT,배치 일련번호,TB_CHARGE 테이블,N
CS,TB_CHARGE,LEGACY_FLAG,CHAR,레거시 구분 플래그,TB_CHARGE 테이블,N
CS,TB_PG_KIBNET,HOME_ADDR,VARCHAR,주소,TB_PG_KIBNET 테이블,Y
CS,TB_PG_KIBNET,RMK_CN,VARCHAR,비고 내용,TB_PG_KIBNET 테이블,N
CS,TB_PG_OB_WITHDRAW,RRNO,VARCHAR,주민등록번호,TB_PG_OB_WITHDRAW 테이블,Y
CS,TB_PG_OB_WITHDRAW,RMK_CN,VARCHAR,비고 내용,TB_PG_OB_WITHDRAW 테이블,N
CS,TB_PG_OB_WITHDRAW,TMP_WORK_VAL,VARCHAR,임시 작업값,TB_PG_OB_WITHDRAW 테이블,N
CTI,CONTACT,HOME_ADDR,VARCHAR,주소,CONTACT 테이블,Y
CTI,CONTACT,EMAIL_ADDR,VARCHAR,이메일 주소,CONTACT 테이블,Y
CVS,CERT_VERIFICATION_INFO,HOME_ADDR,VARCHAR,주소,CERT_VERIFICATION_INFO 테이블,Y
CVS,CERT_VERIFICATION_INFO,TMP_WORK_VAL,VARCHAR,임시 작업값,CERT_VERIFICATION_INFO 테이블,N
DAP,DAP_CRTV,TEL_NO,VARCHAR,연락처(전화번호),DAP_CRTV 테이블,Y
DAP,DAP_CRTV,HOME_ADDR,VARCHAR,주소,DAP_CRTV 테이블,Y
DAP,DAP_CRTV,INTERNAL_MEMO,VARCHAR,내부 메모,DAP_CRTV 테이블,N
DAP,DAP_CRTV_AUD,CUST_NM,VARCHAR,고객 성명,DAP_CRTV_AUD 테이블,Y
DAP,DAP_CRTV_AUD,RRNO,VARCHAR,주민등록번호,DAP_CRTV_AUD 테이블,Y
DAP,DAP_MBR_APH_CRTV_AGG,BANK_ACCT_NO,VARCHAR,은행 계좌번호,DAP_MBR_APH_CRTV_AGG 테이블,Y
DAP,DAP_MBR_APH_CRTV_AGG,LEGACY_FLAG,CHAR,레거시 구분 플래그,DAP_MBR_APH_CRTV_AGG 테이블,N
DAP,DAP_MBR_APH_HIST,TEL_NO,VARCHAR,연락처(전화번호),DAP_MBR_APH_HIST 테이블,Y
DAP,DAP_MBR_APH_HIST,EMAIL_ADDR,VARCHAR,이메일 주소,DAP_MBR_APH_HIST 테이블,Y
DEFAULT,AUDIT_IMPALA,BANK_ACCT_NO,VARCHAR,은행 계좌번호,AUDIT_IMPALA 테이블,Y
DEFAULT,AUDIT_IMPALA,RRNO,VARCHAR,주민등록번호,AUDIT_IMPALA 테이블,Y
DEFAULT,AUDIT_IMPALA,LEGACY_FLAG,CHAR,레거시 구분 플래그,AUDIT_IMPALA 테이블,N
DEFAULT,AUDIT_IMPALA,INTERNAL_MEMO,VARCHAR,내부 메모,AUDIT_IMPALA 테이블,N
EAS,EAS_CRD_PKP_GM,RMK_CN,VARCHAR,비고 내용,EAS_CRD_PKP_GM 테이블,N
EAS,EAS_CRD_PKP_GM,BATCH_SEQ,BIGINT,배치 일련번호,EAS_CRD_PKP_GM 테이블,N
EAS,EAS_PNT_CVSN_CMPX_TR,TEL_NO,VARCHAR,연락처(전화번호),EAS_PNT_CVSN_CMPX_TR 테이블,Y
EAS,EAS_PNT_CVSN_CMPX_TR,LEGACY_FLAG,CHAR,레거시 구분 플래그,EAS_PNT_CVSN_CMPX_TR 테이블,N
EAS,EAS_PNT_CVSN_CMPX_TR,RMK_CN,VARCHAR,비고 내용,EAS_PNT_CVSN_CMPX_TR 테이블,N
EAS,NH_MEMBERS_PARAM,RMK_CN,VARCHAR,비고 내용,NH_MEMBERS_PARAM 테이블,N
EAS,NH_POINT_TRAN_HISTORY,TMP_WORK_VAL,VARCHAR,임시 작업값,NH_POINT_TRAN_HISTORY 테이블,N
EAS,POINT_TRAN,INTERNAL_MEMO,VARCHAR,내부 메모,POINT_TRAN 테이블,N
EDM,PARTNER,BANK_ACCT_NO,VARCHAR,은행 계좌번호,PARTNER 테이블,Y
EDM,POINT_PROVIDER,RRNO,VARCHAR,주민등록번호,POINT_PROVIDER 테이블,Y
EDM,POINT_TRANSFER,TEL_NO,VARCHAR,연락처(전화번호),POINT_TRANSFER 테이블,Y
EDM,POINT_TRANSFER,LEGACY_FLAG,CHAR,레거시 구분 플래그,POINT_TRANSFER 테이블,N
EMS,EMS_BYDT_BYMBR_STTC,RRNO,VARCHAR,주민등록번호,EMS_BYDT_BYMBR_STTC 테이블,Y
EMS,EMS_CHL,LEGACY_FLAG,CHAR,레거시 구분 플래그,EMS_CHL 테이블,N
EMS,EMS_ENV_MLG_TC_DEF,TMP_WORK_VAL,VARCHAR,임시 작업값,EMS_ENV_MLG_TC_DEF 테이블,N
EMS,EMS_ENV_MLG_TC_DEF,LEGACY_FLAG,CHAR,레거시 구분 플래그,EMS_ENV_MLG_TC_DEF 테이블,N
EMS,EMS_MLG_CVSN_HIST,BANK_ACCT_NO,VARCHAR,은행 계좌번호,EMS_MLG_CVSN_HIST 테이블,Y
EMS,EMS_MLG_CVSN_HIST,RRNO,VARCHAR,주민등록번호,EMS_MLG_CVSN_HIST 테이블,Y
EMS,MISSION_PAY_TRANSACTION,EMAIL_ADDR,VARCHAR,이메일 주소,MISSION_PAY_TRANSACTION 테이블,Y
EMS,MISSION_PAY_TRANSACTION,TMP_WORK_VAL,VARCHAR,임시 작업값,MISSION_PAY_TRANSACTION 테이블,N
EMS,MISSION_PAY_TRANSACTION,LEGACY_FLAG,CHAR,레거시 구분 플래그,MISSION_PAY_TRANSACTION 테이블,N
EMS,MISSION_PROC,BANK_ACCT_NO,VARCHAR,은행 계좌번호,MISSION_PROC 테이블,Y
EMS,MISSION_PROC,TMP_WORK_VAL,VARCHAR,임시 작업값,MISSION_PROC 테이블,N
EMS,MISSION_PROC,BATCH_SEQ,BIGINT,배치 일련번호,MISSION_PROC 테이블,N
ESIGN,ESI_BZPL,RRNO,VARCHAR,주민등록번호,ESI_BZPL 테이블,Y
ESIGN,ESI_BZPL,BATCH_SEQ,BIGINT,배치 일련번호,ESI_BZPL 테이블,N
ESIGN,ESI_EPG_MC_SVC,HOME_ADDR,VARCHAR,주소,ESI_EPG_MC_SVC 테이블,Y
ESIGN,ESI_EPG_MC_SVC,INTERNAL_MEMO,VARCHAR,내부 메모,ESI_EPG_MC_SVC 테이블,N
ESIGN,ESI_EPG_MC_SVC,LEGACY_FLAG,CHAR,레거시 구분 플래그,ESI_EPG_MC_SVC 테이블,N
IAS,IAS_CARD_LASTTX,EMAIL_ADDR,VARCHAR,이메일 주소,IAS_CARD_LASTTX 테이블,Y
IAS,IAS_CARD_PAN,TEL_NO,VARCHAR,연락처(전화번호),IAS_CARD_PAN 테이블,Y
IAS,IAS_CARD_PAN,HOME_ADDR,VARCHAR,주소,IAS_CARD_PAN 테이블,Y
IAS,IAS_CARD_PAN,RMK_CN,VARCHAR,비고 내용,IAS_CARD_PAN 테이블,N
IAS,IAS_CARD_PAN,INTERNAL_MEMO,VARCHAR,내부 메모,IAS_CARD_PAN 테이블,N
IAS,IAS_COMPLEX_TRAN,RRNO,VARCHAR,주민등록번호,IAS_COMPLEX_TRAN 테이블,Y
IAS,IAS_COMPLEX_TRAN,RMK_CN,VARCHAR,비고 내용,IAS_COMPLEX_TRAN 테이블,N
IAS,IAS_COMPLEX_TRAN,INTERNAL_MEMO,VARCHAR,내부 메모,IAS_COMPLEX_TRAN 테이블,N
IAS,ias_contract_dct_amt,LEGACY_FLAG,CHAR,레거시 구분 플래그,ias_contract_dct_amt 테이블,N
IAS,IAS_DISCOUNT_AMT,BANK_ACCT_NO,VARCHAR,은행 계좌번호,IAS_DISCOUNT_AMT 테이블,Y
IAS,IAS_DISCOUNT_AMT,HOME_ADDR,VARCHAR,주소,IAS_DISCOUNT_AMT 테이블,Y
IAS,IAS_DISCOUNT_AMT_D,TMP_WORK_VAL,VARCHAR,임시 작업값,IAS_DISCOUNT_AMT_D 테이블,N
IAS,ias_info,BATCH_SEQ,BIGINT,배치 일련번호,ias_info 테이블,N
IAS,ias_info,TMP_WORK_VAL,VARCHAR,임시 작업값,ias_info 테이블,N
IAS,IAS_KONA_DCT_AMT_D,CUST_NM,VARCHAR,고객 성명,IAS_KONA_DCT_AMT_D 테이블,Y
IAS,IAS_KONA_DCT_AMT_D,RRNO,VARCHAR,주민등록번호,IAS_KONA_DCT_AMT_D 테이블,Y
IAS,IAS_KONA_DCT_AMT_D,LEGACY_FLAG,CHAR,레거시 구분 플래그,IAS_KONA_DCT_AMT_D 테이블,N
IAS,IAS_KONA_DCT_AMT_D,BATCH_SEQ,BIGINT,배치 일련번호,IAS_KONA_DCT_AMT_D 테이블,N
IAS,IAS_KONA_DCT_AMT_M,CUST_NM,VARCHAR,고객 성명,IAS_KONA_DCT_AMT_M 테이블,Y
IAS,IAS_KONA_DCT_AMT_M,TMP_WORK_VAL,VARCHAR,임시 작업값,IAS_KONA_DCT_AMT_M 테이블,N
IAS,IAS_OVRS_TR_DTLS,INTERNAL_MEMO,VARCHAR,내부 메모,IAS_OVRS_TR_DTLS 테이블,N
IAS,IAS_PAY_AMT_M,INTERNAL_MEMO,VARCHAR,내부 메모,IAS_PAY_AMT_M 테이블,N
IAS,IAS_RCG_AMT_M,TEL_NO,VARCHAR,연락처(전화번호),IAS_RCG_AMT_M 테이블,Y
IAS,IAS_RCG_AMT_M,BATCH_SEQ,BIGINT,배치 일련번호,IAS_RCG_AMT_M 테이블,N
IAS,IAS_RCG_AMT_M,INTERNAL_MEMO,VARCHAR,내부 메모,IAS_RCG_AMT_M 테이블,N
IAS,IAS_REFUND,HOME_ADDR,VARCHAR,주소,IAS_REFUND 테이블,Y
IAS,IAS_REFUND,BANK_ACCT_NO,VARCHAR,은행 계좌번호,IAS_REFUND 테이블,Y
IAS,IAS_REP_MERCHANT_AMT,RRNO,VARCHAR,주민등록번호,IAS_REP_MERCHANT_AMT 테이블,Y
IAS,IAS_REP_MERCHANT_TMN,TEL_NO,VARCHAR,연락처(전화번호),IAS_REP_MERCHANT_TMN 테이블,Y
IAS,IAS_TRANSACTION,TEL_NO,VARCHAR,연락처(전화번호),IAS_TRANSACTION 테이블,Y
IAS,IAS_TRANSACTION,EMAIL_ADDR,VARCHAR,이메일 주소,IAS_TRANSACTION 테이블,Y
KBC,KBC_WPTL_CRD_CASH,EMAIL_ADDR,VARCHAR,이메일 주소,KBC_WPTL_CRD_CASH 테이블,Y
KBC,KBC_WPTL_CRD_ORDR,TMP_WORK_VAL,VARCHAR,임시 작업값,KBC_WPTL_CRD_ORDR 테이블,N
KBC,KBC_WPTL_PRD,EMAIL_ADDR,VARCHAR,이메일 주소,KBC_WPTL_PRD 테이블,Y
KBC,KBC_WPTL_PRD,TMP_WORK_VAL,VARCHAR,임시 작업값,KBC_WPTL_PRD 테이블,N
KBC,KBC_WPTL_PRD,BATCH_SEQ,BIGINT,배치 일련번호,KBC_WPTL_PRD 테이블,N
KCPS,CUSTOM_POLICY,HOME_ADDR,VARCHAR,주소,CUSTOM_POLICY 테이블,Y
KCPS,CUSTOM_POLICY,RRNO,VARCHAR,주민등록번호,CUSTOM_POLICY 테이블,Y
KCPS,KCON_PLCY,RRNO,VARCHAR,주민등록번호,KCON_PLCY 테이블,Y
KCPS,KCON_PLCY,TEL_NO,VARCHAR,연락처(전화번호),KCON_PLCY 테이블,Y
KCPS,KCPS_ADMIN_HISTORY,LEGACY_FLAG,CHAR,레거시 구분 플래그,KCPS_ADMIN_HISTORY 테이블,N
KCPS,KCPS_ADMIN_HISTORY_DISABLED,TEL_NO,VARCHAR,연락처(전화번호),KCPS_ADMIN_HISTORY_DISABLED 테이블,Y
KCPS,KCPS_ADMIN_HISTORY_DISABLED,RMK_CN,VARCHAR,비고 내용,KCPS_ADMIN_HISTORY_DISABLED 테이블,N
KCPS,KCPS_ADMIN_HISTORY_DISABLED,LEGACY_FLAG,CHAR,레거시 구분 플래그,KCPS_ADMIN_HISTORY_DISABLED 테이블,N
KCPS,POLICY_CONDITION_MAPPING,BATCH_SEQ,BIGINT,배치 일련번호,POLICY_CONDITION_MAPPING 테이블,N
KCPS,POLICY_CONDITION_MAPPING,LEGACY_FLAG,CHAR,레거시 구분 플래그,POLICY_CONDITION_MAPPING 테이블,N
KCPS,PROMOTION_INFO,LEGACY_FLAG,CHAR,레거시 구분 플래그,PROMOTION_INFO 테이블,N
KNOTIFY,KAKAO_SMS_TEMPLATE,EMAIL_ADDR,VARCHAR,이메일 주소,KAKAO_SMS_TEMPLATE 테이블,Y
KNOTIFY,KAKAO_SMS_TEMPLATE,HOME_ADDR,VARCHAR,주소,KAKAO_SMS_TEMPLATE 테이블,Y
KNOTIFY,KAKAO_SMS_TEMPLATE,TMP_WORK_VAL,VARCHAR,임시 작업값,KAKAO_SMS_TEMPLATE 테이블,N
KNOTIFY,KAKAO_SMS_TEMPLATE,INTERNAL_MEMO,VARCHAR,내부 메모,KAKAO_SMS_TEMPLATE 테이블,N
KNOTIFY,SMS_NOTIFICATION_DETAILS,BANK_ACCT_NO,VARCHAR,은행 계좌번호,SMS_NOTIFICATION_DETAILS 테이블,Y
KODASP,AFFILIATE_ASP,RMK_CN,VARCHAR,비고 내용,AFFILIATE_ASP 테이블,N
KODASP,AFFILIATE_ASP,LEGACY_FLAG,CHAR,레거시 구분 플래그,AFFILIATE_ASP 테이블,N
KODASP,AUTO_RECHARGE_POLICY,TMP_WORK_VAL,VARCHAR,임시 작업값,AUTO_RECHARGE_POLICY 테이블,N
KODASP,BC_ONLINE_MERCHANT,EMAIL_ADDR,VARCHAR,이메일 주소,BC_ONLINE_MERCHANT 테이블,Y
KODASP,BIZ_TYPE_GROUP,EMAIL_ADDR,VARCHAR,이메일 주소,BIZ_TYPE_GROUP 테이블,Y
KODASP,BIZ_TYPE_GROUP,TMP_WORK_VAL,VARCHAR,임시 작업값,BIZ_TYPE_GROUP 테이블,N
KODASP,BIZ_TYPE_GROUP,LEGACY_FLAG,CHAR,레거시 구분 플래그,BIZ_TYPE_GROUP 테이블,N
KODASP,CARD_POINT_POLICY,TMP_WORK_VAL,VARCHAR,임시 작업값,CARD_POINT_POLICY 테이블,N
KODASP,CARD_POINT_SVC_MAPPING,EMAIL_ADDR,VARCHAR,이메일 주소,CARD_POINT_SVC_MAPPING 테이블,Y
KODASP,CARD_POINT_SVC_MAPPING,BATCH_SEQ,BIGINT,배치 일련번호,CARD_POINT_SVC_MAPPING 테이블,N
KODASP,COMPOSITE_PAYMENT_PRIORITY,CUST_NM,VARCHAR,고객 성명,COMPOSITE_PAYMENT_PRIORITY 테이블,Y
KODASP,CONTRACT,BATCH_SEQ,BIGINT,배치 일련번호,CONTRACT 테이블,N
KODASP,COUPON_POLICY,BATCH_SEQ,BIGINT,배치 일련번호,COUPON_POLICY 테이블,N
KODASP,DCNT_BUNDLE_PRODUCT_MAPPING,BANK_ACCT_NO,VARCHAR,은행 계좌번호,DCNT_BUNDLE_PRODUCT_MAPPING 테이블,Y
KODASP,DCNT_BUNDLE_PRODUCT_MAPPING,RRNO,VARCHAR,주민등록번호,DCNT_BUNDLE_PRODUCT_MAPPING 테이블,Y
KODASP,DCNT_GROUP_MAPPING,RMK_CN,VARCHAR,비고 내용,DCNT_GROUP_MAPPING 테이블,N
KODASP,DISCOUNT_PROVIDER,TEL_NO,VARCHAR,연락처(전화번호),DISCOUNT_PROVIDER 테이블,Y
KODASP,DISCOUNT_PROVIDER,INTERNAL_MEMO,VARCHAR,내부 메모,DISCOUNT_PROVIDER 테이블,N
KODASP,DISCOUNT_PROVIDER,BATCH_SEQ,BIGINT,배치 일련번호,DISCOUNT_PROVIDER 테이블,N
KODASP,EPAY_SVC_CODE,RRNO,VARCHAR,주민등록번호,EPAY_SVC_CODE 테이블,Y
KODASP,EPAY_SVC_CODE,HOME_ADDR,VARCHAR,주소,EPAY_SVC_CODE 테이블,Y
KODASP,EPAY_SVC_CODE,LEGACY_FLAG,CHAR,레거시 구분 플래그,EPAY_SVC_CODE 테이블,N
KODASP,EXTERNAL_SERVICE,RRNO,VARCHAR,주민등록번호,EXTERNAL_SERVICE 테이블,Y
KODASP,EXTERNAL_SERVICE,HOME_ADDR,VARCHAR,주소,EXTERNAL_SERVICE 테이블,Y
KODASP,EXTERNAL_SERVICE,RMK_CN,VARCHAR,비고 내용,EXTERNAL_SERVICE 테이블,N
KODASP,FEE_RATE,HOME_ADDR,VARCHAR,주소,FEE_RATE 테이블,Y
KODASP,FRAUD_DETECTION_POLICY,RRNO,VARCHAR,주민등록번호,FRAUD_DETECTION_POLICY 테이블,Y
KODASP,FUNDAMENTAL_PLAYER,LEGACY_FLAG,CHAR,레거시 구분 플래그,FUNDAMENTAL_PLAYER 테이블,N
KODASP,FUNDAMENTAL_PLAYER,TMP_WORK_VAL,VARCHAR,임시 작업값,FUNDAMENTAL_PLAYER 테이블,N
KODASP,GIFT_POLICY,LEGACY_FLAG,CHAR,레거시 구분 플래그,GIFT_POLICY 테이블,N
KODASP,GIFT_POLICY,INTERNAL_MEMO,VARCHAR,내부 메모,GIFT_POLICY 테이블,N
KODASP,GROUP_MAPPING,HOME_ADDR,VARCHAR,주소,GROUP_MAPPING 테이블,Y
KODASP,GROUP_MAPPING,RRNO,VARCHAR,주민등록번호,GROUP_MAPPING 테이블,Y
KODASP,GROUP_MAPPING,TMP_WORK_VAL,VARCHAR,임시 작업값,GROUP_MAPPING 테이블,N
KODASP,GROUP_MAPPING_HISTORY,EMAIL_ADDR,VARCHAR,이메일 주소,GROUP_MAPPING_HISTORY 테이블,Y
KODASP,GROUP_MAPPING_HISTORY,HOME_ADDR,VARCHAR,주소,GROUP_MAPPING_HISTORY 테이블,Y
KODASP,GROUP_MAPPING_HISTORY,LEGACY_FLAG,CHAR,레거시 구분 플래그,GROUP_MAPPING_HISTORY 테이블,N
KODASP,GROUP_MAPPING_HISTORY,BATCH_SEQ,BIGINT,배치 일련번호,GROUP_MAPPING_HISTORY 테이블,N
KODASP,HANA_MERCHANT_HISTORY,LEGACY_FLAG,CHAR,레거시 구분 플래그,HANA_MERCHANT_HISTORY 테이블,N
KODASP,HANA_MERCHANT_HISTORY,INTERNAL_MEMO,VARCHAR,내부 메모,HANA_MERCHANT_HISTORY 테이블,N
KODASP,KB_MERCHANT,RRNO,VARCHAR,주민등록번호,KB_MERCHANT 테이블,Y
KODASP,KB_MERCHANT_HISTORY,TMP_WORK_VAL,VARCHAR,임시 작업값,KB_MERCHANT_HISTORY 테이블,N
KODASP,KB_MERCHANT_HISTORY,LEGACY_FLAG,CHAR,레거시 구분 플래그,KB_MERCHANT_HISTORY 테이블,N
KODASP,KOD_MB_GFCT_PLCY,RMK_CN,VARCHAR,비고 내용,KOD_MB_GFCT_PLCY 테이블,N
KODASP,KOMSCO_MERCHANT,RRNO,VARCHAR,주민등록번호,KOMSCO_MERCHANT 테이블,Y
KODASP,MERCHANT,LEGACY_FLAG,CHAR,레거시 구분 플래그,MERCHANT 테이블,N
KODASP,MERCHANT_CHANGE_NOTICE,RRNO,VARCHAR,주민등록번호,MERCHANT_CHANGE_NOTICE 테이블,Y
KODASP,NH_MERCHANT,EMAIL_ADDR,VARCHAR,이메일 주소,NH_MERCHANT 테이블,Y
KODASP,NH_MERCHANT,BANK_ACCT_NO,VARCHAR,은행 계좌번호,NH_MERCHANT 테이블,Y
KODASP,PAYCO_MERCHANT,INTERNAL_MEMO,VARCHAR,내부 메모,PAYCO_MERCHANT 테이블,N
KODASP,PAYCO_MERCHANT_HISTORY,BATCH_SEQ,BIGINT,배치 일련번호,PAYCO_MERCHANT_HISTORY 테이블,N
KODASP,PAYCO_MERCHANT_HISTORY,INTERNAL_MEMO,VARCHAR,내부 메모,PAYCO_MERCHANT_HISTORY 테이블,N
KODASP,PLATFORM_POLICY,LEGACY_FLAG,CHAR,레거시 구분 플래그,PLATFORM_POLICY 테이블,N
KODASP,PLATFORM_POLICY,RMK_CN,VARCHAR,비고 내용,PLATFORM_POLICY 테이블,N
KODASP,PLAYER_DETAIL_INFO,BATCH_SEQ,BIGINT,배치 일련번호,PLAYER_DETAIL_INFO 테이블,N
KODASP,PLAYER_DETAIL_INFO,RMK_CN,VARCHAR,비고 내용,PLAYER_DETAIL_INFO 테이블,N
KODASP,PLAYER_GROUP,RRNO,VARCHAR,주민등록번호,PLAYER_GROUP 테이블,Y
KODASP,PLAYER_GROUP,CUST_NM,VARCHAR,고객 성명,PLAYER_GROUP 테이블,Y
KODASP,PNT_DPSTS_AGG,RRNO,VARCHAR,주민등록번호,PNT_DPSTS_AGG 테이블,Y
KODASP,PNT_DPSTS_AGG,HOME_ADDR,VARCHAR,주소,PNT_DPSTS_AGG 테이블,Y
KODASP,PNT_DPSTS_AGG,TMP_WORK_VAL,VARCHAR,임시 작업값,PNT_DPSTS_AGG 테이블,N
KODASP,PNT_DPSTS_AGG,INTERNAL_MEMO,VARCHAR,내부 메모,PNT_DPSTS_AGG 테이블,N
KODASP,POINT_DISPLAY_INFO_D,EMAIL_ADDR,VARCHAR,이메일 주소,POINT_DISPLAY_INFO_D 테이블,Y
KODASP,POINT_DISPLAY_INFO_D,BATCH_SEQ,BIGINT,배치 일련번호,POINT_DISPLAY_INFO_D 테이블,N
KODASP,POINT_POLICY,TEL_NO,VARCHAR,연락처(전화번호),POINT_POLICY 테이블,Y
KODASP,POINT_POLICY,BANK_ACCT_NO,VARCHAR,은행 계좌번호,POINT_POLICY 테이블,Y
KODASP,POINT_POLICY_ALLOWANCE,RMK_CN,VARCHAR,비고 내용,POINT_POLICY_ALLOWANCE 테이블,N
KODASP,POINT_PROVIDER,TEL_NO,VARCHAR,연락처(전화번호),POINT_PROVIDER 테이블,Y
KODASP,POINT_PROVIDER,HOME_ADDR,VARCHAR,주소,POINT_PROVIDER 테이블,Y
KODASP,POLICY_LOG,INTERNAL_MEMO,VARCHAR,내부 메모,POLICY_LOG 테이블,N
KODASP,RC_DPSTS_AGG,EMAIL_ADDR,VARCHAR,이메일 주소,RC_DPSTS_AGG 테이블,Y
KODASP,RC_DPSTS_AGG,CUST_NM,VARCHAR,고객 성명,RC_DPSTS_AGG 테이블,Y
KODASP,RECHARGE_POLICY,HOME_ADDR,VARCHAR,주소,RECHARGE_POLICY 테이블,Y
KODASP,RECHARGER_POINT_POLICY,RRNO,VARCHAR,주민등록번호,RECHARGER_POINT_POLICY 테이블,Y
KODASP,RECHARGER_POINT_POLICY,CUST_NM,VARCHAR,고객 성명,RECHARGER_POINT_POLICY 테이블,Y
KODASP,RECHARGER_POINT_POLICY,RMK_CN,VARCHAR,비고 내용,RECHARGER_POINT_POLICY 테이블,N
KODASP,REFUND_POLICY,INTERNAL_MEMO,VARCHAR,내부 메모,REFUND_POLICY 테이블,N
KODASP,REMITTANCE_POLICY,RMK_CN,VARCHAR,비고 내용,REMITTANCE_POLICY 테이블,N
KODASP,SAMSUNG_MERCHANT_HISTORY,BATCH_SEQ,BIGINT,배치 일련번호,SAMSUNG_MERCHANT_HISTORY 테이블,N
KODASP,SAMSUNG_MERCHANT_HISTORY,INTERNAL_MEMO,VARCHAR,내부 메모,SAMSUNG_MERCHANT_HISTORY 테이블,N
KODASP,SERVICE,BANK_ACCT_NO,VARCHAR,은행 계좌번호,SERVICE 테이블,Y
KODASP,SERVICE,LEGACY_FLAG,CHAR,레거시 구분 플래그,SERVICE 테이블,N
KODASP,SERVICE,INTERNAL_MEMO,VARCHAR,내부 메모,SERVICE 테이블,N
KODASP,SERVICE_CATEGORY,TMP_WORK_VAL,VARCHAR,임시 작업값,SERVICE_CATEGORY 테이블,N
KODASP,SERVICE_CATEGORY,LEGACY_FLAG,CHAR,레거시 구분 플래그,SERVICE_CATEGORY 테이블,N
KODASP,SERVICE_DETAIL,TMP_WORK_VAL,VARCHAR,임시 작업값,SERVICE_DETAIL 테이블,N
KODASP,SERVICE_PROVIDER,LEGACY_FLAG,CHAR,레거시 구분 플래그,SERVICE_PROVIDER 테이블,N
KODASP,SERVICE_PROVIDER,TMP_WORK_VAL,VARCHAR,임시 작업값,SERVICE_PROVIDER 테이블,N
KODASP,SHINHAN_MERCHANT,RRNO,VARCHAR,주민등록번호,SHINHAN_MERCHANT 테이블,Y
KODASP,SHINHAN_MERCHANT,BANK_ACCT_NO,VARCHAR,은행 계좌번호,SHINHAN_MERCHANT 테이블,Y
KODASP,SSUMPASS_MERCHANT,HOME_ADDR,VARCHAR,주소,SSUMPASS_MERCHANT 테이블,Y
KODASP,SSUMPASS_MERCHANT,LEGACY_FLAG,CHAR,레거시 구분 플래그,SSUMPASS_MERCHANT 테이블,N
KODASP,SSUMPASS_MERCHANT_HISTORY,HOME_ADDR,VARCHAR,주소,SSUMPASS_MERCHANT_HISTORY 테이블,Y
KODASP,SSUMPASS_MERCHANT_HISTORY,BANK_ACCT_NO,VARCHAR,은행 계좌번호,SSUMPASS_MERCHANT_HISTORY 테이블,Y
KODASP,SSUMPASS_MERCHANT_HISTORY,TMP_WORK_VAL,VARCHAR,임시 작업값,SSUMPASS_MERCHANT_HISTORY 테이블,N
KODASP,TIMESLOT,CUST_NM,VARCHAR,고객 성명,TIMESLOT 테이블,Y
KPS,ADMIN_TRAN,TEL_NO,VARCHAR,연락처(전화번호),ADMIN_TRAN 테이블,Y
KPS,KPS_PNT_ITG_CLT_TR,HOME_ADDR,VARCHAR,주소,KPS_PNT_ITG_CLT_TR 테이블,Y
KPS,KPS_PNT_ITG_CLT_TR,CUST_NM,VARCHAR,고객 성명,KPS_PNT_ITG_CLT_TR 테이블,Y
KPS,MB_GFCT,INTERNAL_MEMO,VARCHAR,내부 메모,MB_GFCT 테이블,N
KPS,MB_GFCT_TR,BANK_ACCT_NO,VARCHAR,은행 계좌번호,MB_GFCT_TR 테이블,Y
KPS,MB_GFCT_TR,RMK_CN,VARCHAR,비고 내용,MB_GFCT_TR 테이블,N
KPS,MB_GFCT_TR,LEGACY_FLAG,CHAR,레거시 구분 플래그,MB_GFCT_TR 테이블,N
KPS,PNT_DISC_GRADE,EMAIL_ADDR,VARCHAR,이메일 주소,PNT_DISC_GRADE 테이블,Y
KPS,PNT_DISC_GRADE,HOME_ADDR,VARCHAR,주소,PNT_DISC_GRADE 테이블,Y
KPS,PNT_DISC_GRADE_HISTORY,RRNO,VARCHAR,주민등록번호,PNT_DISC_GRADE_HISTORY 테이블,Y
KPS,PNT_TRAN,TMP_WORK_VAL,VARCHAR,임시 작업값,PNT_TRAN 테이블,N
KSTS,EXPIRY_REMIND,HOME_ADDR,VARCHAR,주소,EXPIRY_REMIND 테이블,Y
KSTS,EXPIRY_REMIND,BANK_ACCT_NO,VARCHAR,은행 계좌번호,EXPIRY_REMIND 테이블,Y
KSTS,EXPIRY_REMIND,RMK_CN,VARCHAR,비고 내용,EXPIRY_REMIND 테이블,N
KSTS,EXPIRY_REMIND,TMP_WORK_VAL,VARCHAR,임시 작업값,EXPIRY_REMIND 테이블,N
KSTS,MC_MAPPING,BANK_ACCT_NO,VARCHAR,은행 계좌번호,MC_MAPPING 테이블,Y
KSTS,MC_MAPPING,TEL_NO,VARCHAR,연락처(전화번호),MC_MAPPING 테이블,Y
KSTS,MC_MAPPING,BATCH_SEQ,BIGINT,배치 일련번호,MC_MAPPING 테이블,N
KSTS,MC_MAPPING,LEGACY_FLAG,CHAR,레거시 구분 플래그,MC_MAPPING 테이블,N
KSTS,MILEAGE_CARD,CUST_NM,VARCHAR,고객 성명,MILEAGE_CARD 테이블,Y
KSTS,MILEAGE_CARD,EMAIL_ADDR,VARCHAR,이메일 주소,MILEAGE_CARD 테이블,Y
KSTS,MILEAGE_POLICY,RMK_CN,VARCHAR,비고 내용,MILEAGE_POLICY 테이블,N
KSTS,STAMP_CARD,HOME_ADDR,VARCHAR,주소,STAMP_CARD 테이블,Y
KSTS,STAMP_HISTORY,BATCH_SEQ,BIGINT,배치 일련번호,STAMP_HISTORY 테이블,N
KSTS,STAMP_VARIOUS,CUST_NM,VARCHAR,고객 성명,STAMP_VARIOUS 테이블,Y
KSTS,STAMP_VARIOUS,RRNO,VARCHAR,주민등록번호,STAMP_VARIOUS 테이블,Y
LGMS,GAME_ROUND,BANK_ACCT_NO,VARCHAR,은행 계좌번호,GAME_ROUND 테이블,Y
LGMS,GAME_ROUND,TEL_NO,VARCHAR,연락처(전화번호),GAME_ROUND 테이블,Y
LOP,BRAND_HISTORY,TEL_NO,VARCHAR,연락처(전화번호),BRAND_HISTORY 테이블,Y
LOP,BRAND_HISTORY,RRNO,VARCHAR,주민등록번호,BRAND_HISTORY 테이블,Y
LOP,BRAND_HISTORY,INTERNAL_MEMO,VARCHAR,내부 메모,BRAND_HISTORY 테이블,N
LOP,EXT_RECYCLE_INFO,CUST_NM,VARCHAR,고객 성명,EXT_RECYCLE_INFO 테이블,Y
LOP,MADE_IN_MEMO,LEGACY_FLAG,CHAR,레거시 구분 플래그,MADE_IN_MEMO 테이블,N
LOP,MADE_IN_MEMO,INTERNAL_MEMO,VARCHAR,내부 메모,MADE_IN_MEMO 테이블,N
LOP,MEMO_POLICY,LEGACY_FLAG,CHAR,레거시 구분 플래그,MEMO_POLICY 테이블,N
LOP,MENU_HISTORY,RRNO,VARCHAR,주민등록번호,MENU_HISTORY 테이블,Y
LOP,MENU_HISTORY,TMP_WORK_VAL,VARCHAR,임시 작업값,MENU_HISTORY 테이블,N
LOP,MENU_HISTORY,LEGACY_FLAG,CHAR,레거시 구분 플래그,MENU_HISTORY 테이블,N
LOP,MENU_HISTORY_OPTION,INTERNAL_MEMO,VARCHAR,내부 메모,MENU_HISTORY_OPTION 테이블,N
LOP,MENU_HISTORY_OPTION_ITEM,HOME_ADDR,VARCHAR,주소,MENU_HISTORY_OPTION_ITEM 테이블,Y
LOP,MENU_HISTORY_OPTION_ITEM,BATCH_SEQ,BIGINT,배치 일련번호,MENU_HISTORY_OPTION_ITEM 테이블,N
LOP,MENU_HISTORY_SUB_ITEM,RRNO,VARCHAR,주민등록번호,MENU_HISTORY_SUB_ITEM 테이블,Y
LOP,MENU_HISTORY_SUB_ITEM,BATCH_SEQ,BIGINT,배치 일련번호,MENU_HISTORY_SUB_ITEM 테이블,N
LOP,ORDER_INFO,BANK_ACCT_NO,VARCHAR,은행 계좌번호,ORDER_INFO 테이블,Y
LOP,ORDERER,CUST_NM,VARCHAR,고객 성명,ORDERER 테이블,Y
LOP,ORDERER,INTERNAL_MEMO,VARCHAR,내부 메모,ORDERER 테이블,N
LOP,PAYMENT,CUST_NM,VARCHAR,고객 성명,PAYMENT 테이블,Y
LOP,PAYMENT,EMAIL_ADDR,VARCHAR,이메일 주소,PAYMENT 테이블,Y
LOP,PLACE,LEGACY_FLAG,CHAR,레거시 구분 플래그,PLACE 테이블,N
LOP,PLACE_CATEGORY_LIST,BATCH_SEQ,BIGINT,배치 일련번호,PLACE_CATEGORY_LIST 테이블,N
LOP,PLACE_CATEGORY_LIST,LEGACY_FLAG,CHAR,레거시 구분 플래그,PLACE_CATEGORY_LIST 테이블,N
LOP,PLACE_HOLIDAY_LIST,CUST_NM,VARCHAR,고객 성명,PLACE_HOLIDAY_LIST 테이블,Y
LOP,PLACE_HOLIDAY_LIST,HOME_ADDR,VARCHAR,주소,PLACE_HOLIDAY_LIST 테이블,Y
LOP,PLACE_INTRO_LIST,RMK_CN,VARCHAR,비고 내용,PLACE_INTRO_LIST 테이블,N
LOP,PLACE_INTRO_LIST,BATCH_SEQ,BIGINT,배치 일련번호,PLACE_INTRO_LIST 테이블,N
LOP,PLACE_RANK_POLICY_CLASS,LEGACY_FLAG,CHAR,레거시 구분 플래그,PLACE_RANK_POLICY_CLASS 테이블,N
LOP,PLACE_REFRESH_HHMM,BATCH_SEQ,BIGINT,배치 일련번호,PLACE_REFRESH_HHMM 테이블,N
LOP,PLACE_REFRESH_HHMM,RMK_CN,VARCHAR,비고 내용,PLACE_REFRESH_HHMM 테이블,N
LOP,PLACE_REVIEW_POLICY,LEGACY_FLAG,CHAR,레거시 구분 플래그,PLACE_REVIEW_POLICY 테이블,N
LOP,PLACE_TAG_LIST,RMK_CN,VARCHAR,비고 내용,PLACE_TAG_LIST 테이블,N
LOP,PLACE_TAG_LIST,TMP_WORK_VAL,VARCHAR,임시 작업값,PLACE_TAG_LIST 테이블,N
LOP,PLACE_TIME_DATA_LIST,CUST_NM,VARCHAR,고객 성명,PLACE_TIME_DATA_LIST 테이블,Y
LOP,PLACE_TIME_DATA_LIST,RRNO,VARCHAR,주민등록번호,PLACE_TIME_DATA_LIST 테이블,Y
LOP,PLACE_TIME_DATA_LIST,BATCH_SEQ,BIGINT,배치 일련번호,PLACE_TIME_DATA_LIST 테이블,N
LOP,PLACE_TIME_DATA_LIST,INTERNAL_MEMO,VARCHAR,내부 메모,PLACE_TIME_DATA_LIST 테이블,N
LOP,PLACE_TIP_EXTRA_DONG,RRNO,VARCHAR,주민등록번호,PLACE_TIP_EXTRA_DONG 테이블,Y
LOP,PLACE_TIP_EXTRA_DONG,BANK_ACCT_NO,VARCHAR,은행 계좌번호,PLACE_TIP_EXTRA_DONG 테이블,Y
LOP,PLACE_TIP_EXTRA_DONG,TMP_WORK_VAL,VARCHAR,임시 작업값,PLACE_TIP_EXTRA_DONG 테이블,N
LOP,PLACE_TIP_EXTRA_HOUR,RRNO,VARCHAR,주민등록번호,PLACE_TIP_EXTRA_HOUR 테이블,Y
LOP,REVIEW_HISTORY,RRNO,VARCHAR,주민등록번호,REVIEW_HISTORY 테이블,Y
LOP,REVIEW_HISTORY,HOME_ADDR,VARCHAR,주소,REVIEW_HISTORY 테이블,Y
LOP,REVIEW_HISTORY,BATCH_SEQ,BIGINT,배치 일련번호,REVIEW_HISTORY 테이블,N
LOP,STATISTICS_USER,HOME_ADDR,VARCHAR,주소,STATISTICS_USER 테이블,Y
LOP,STATISTICS_USER,CUST_NM,VARCHAR,고객 성명,STATISTICS_USER 테이블,Y
LOP,STATISTICS_USER,RMK_CN,VARCHAR,비고 내용,STATISTICS_USER 테이블,N
LOP,USER_FAVORITE_PLACE,RMK_CN,VARCHAR,비고 내용,USER_FAVORITE_PLACE 테이블,N
LOP,USER_INFO,RRNO,VARCHAR,주민등록번호,USER_INFO 테이블,Y
LOP,USER_INFO,CUST_NM,VARCHAR,고객 성명,USER_INFO 테이블,Y
LOP,USER_INFO,RMK_CN,VARCHAR,비고 내용,USER_INFO 테이블,N
LOP,USER_RANK,TMP_WORK_VAL,VARCHAR,임시 작업값,USER_RANK 테이블,N
LOP,USER_RANK,INTERNAL_MEMO,VARCHAR,내부 메모,USER_RANK 테이블,N
LOP,USER_RANK_POLICY_CLASS,TMP_WORK_VAL,VARCHAR,임시 작업값,USER_RANK_POLICY_CLASS 테이블,N
LOP,USER_RANK_POLICY_CLASS,LEGACY_FLAG,CHAR,레거시 구분 플래그,USER_RANK_POLICY_CLASS 테이블,N
LSS,LSS_BYMBR_LUCK,RMK_CN,VARCHAR,비고 내용,LSS_BYMBR_LUCK 테이블,N
LSS,LSS_LOTT_PLCY,HOME_ADDR,VARCHAR,주소,LSS_LOTT_PLCY 테이블,Y
LSS,LSS_LOTT_PLCY,RMK_CN,VARCHAR,비고 내용,LSS_LOTT_PLCY 테이블,N
LSS,lss_luck_cash_pbl_dtls,TEL_NO,VARCHAR,연락처(전화번호),lss_luck_cash_pbl_dtls 테이블,Y
LSS,lss_luck_cash_pbl_dtls,EMAIL_ADDR,VARCHAR,이메일 주소,lss_luck_cash_pbl_dtls 테이블,Y
LSS,lss_luck_mfct_win,BANK_ACCT_NO,VARCHAR,은행 계좌번호,lss_luck_mfct_win 테이블,Y
LSS,lss_luck_mfct_win,EMAIL_ADDR,VARCHAR,이메일 주소,lss_luck_mfct_win 테이블,Y
LSS,lss_luck_mfct_win,INTERNAL_MEMO,VARCHAR,내부 메모,lss_luck_mfct_win 테이블,N
LSS,lss_luck_mfct_win,RMK_CN,VARCHAR,비고 내용,lss_luck_mfct_win 테이블,N
MAP,DEVICE,HOME_ADDR,VARCHAR,주소,DEVICE 테이블,Y
MAP,DORMANCY_HISTORY,RRNO,VARCHAR,주민등록번호,DORMANCY_HISTORY 테이블,Y
MAP,DORMANCY_HISTORY,INTERNAL_MEMO,VARCHAR,내부 메모,DORMANCY_HISTORY 테이블,N
MAP,DORMANCY_HISTORY,RMK_CN,VARCHAR,비고 내용,DORMANCY_HISTORY 테이블,N
MAP,TC_CONTENT,INTERNAL_MEMO,VARCHAR,내부 메모,TC_CONTENT 테이블,N
MAP,TC_CONTENT,LEGACY_FLAG,CHAR,레거시 구분 플래그,TC_CONTENT 테이블,N
MAP,TC_DEFINITION,HOME_ADDR,VARCHAR,주소,TC_DEFINITION 테이블,Y
MAP,TC_DEFINITION,BANK_ACCT_NO,VARCHAR,은행 계좌번호,TC_DEFINITION 테이블,Y
MAP,TC_VERSION,BANK_ACCT_NO,VARCHAR,은행 계좌번호,TC_VERSION 테이블,Y
MAP,TC_VERSION,LEGACY_FLAG,CHAR,레거시 구분 플래그,TC_VERSION 테이블,N
MAP,TC_VERSION,INTERNAL_MEMO,VARCHAR,내부 메모,TC_VERSION 테이블,N
MAP,TERMS_AND_CONDITIONS,TMP_WORK_VAL,VARCHAR,임시 작업값,TERMS_AND_CONDITIONS 테이블,N
MAP,TERMS_AND_CONDITIONS,BATCH_SEQ,BIGINT,배치 일련번호,TERMS_AND_CONDITIONS 테이블,N
MAP,USER_BLACKLIST_POLICY_STATUS,LEGACY_FLAG,CHAR,레거시 구분 플래그,USER_BLACKLIST_POLICY_STATUS 테이블,N
MAP,USER_BLACKLIST_POLICY_STATUS,INTERNAL_MEMO,VARCHAR,내부 메모,USER_BLACKLIST_POLICY_STATUS 테이블,N
MAP,USER_TC_MAPPINGS,HOME_ADDR,VARCHAR,주소,USER_TC_MAPPINGS 테이블,Y
MAP,WALLET,HOME_ADDR,VARCHAR,주소,WALLET 테이블,Y
MAP,WALLET,RRNO,VARCHAR,주민등록번호,WALLET 테이블,Y
MAP,WALLET_DETAILS,RRNO,VARCHAR,주민등록번호,WALLET_DETAILS 테이블,Y
MAP,WALLET_HISTORY,BATCH_SEQ,BIGINT,배치 일련번호,WALLET_HISTORY 테이블,N
MAP,WALLET_HISTORY,RMK_CN,VARCHAR,비고 내용,WALLET_HISTORY 테이블,N
MAP,WALLET_USER,LEGACY_FLAG,CHAR,레거시 구분 플래그,WALLET_USER 테이블,N
MAP,WALLET_USER,INTERNAL_MEMO,VARCHAR,내부 메모,WALLET_USER 테이블,N
MAP,WALLET_USER_HISTORY,HOME_ADDR,VARCHAR,주소,WALLET_USER_HISTORY 테이블,Y
MAP,WALLET_USER_HISTORY,BATCH_SEQ,BIGINT,배치 일련번호,WALLET_USER_HISTORY 테이블,N
MAP,WALLET_USER_RECOMMENDER_MAP,RRNO,VARCHAR,주민등록번호,WALLET_USER_RECOMMENDER_MAP 테이블,Y
MYDS,OP0031,RRNO,VARCHAR,주민등록번호,OP0031 테이블,Y
MYDS,OP0031,RMK_CN,VARCHAR,비고 내용,OP0031 테이블,N
MYDS,OP0031,TMP_WORK_VAL,VARCHAR,임시 작업값,OP0031 테이블,N
ODS,DLVR_MC_PMON_AGG2,TEL_NO,VARCHAR,연락처(전화번호),DLVR_MC_PMON_AGG2 테이블,Y
ODS,dlvr_svc_dtl_pmon_agg2,RMK_CN,VARCHAR,비고 내용,dlvr_svc_dtl_pmon_agg2 테이블,N
ODS,dlvr_svc_mbr_pmon_agg2,LEGACY_FLAG,CHAR,레거시 구분 플래그,dlvr_svc_mbr_pmon_agg2 테이블,N
PORTAL,AGENT,INTERNAL_MEMO,VARCHAR,내부 메모,AGENT 테이블,N
PORTAL,BC_MERCHANT_CODE,CUST_NM,VARCHAR,고객 성명,BC_MERCHANT_CODE 테이블,Y
PORTAL,CMN_BIZTYPE_MAP_CD,BATCH_SEQ,BIGINT,배치 일련번호,CMN_BIZTYPE_MAP_CD 테이블,N
PORTAL,COMMON,INTERNAL_MEMO,VARCHAR,내부 메모,COMMON 테이블,N
PORTAL,CONTRACT_HISTORY,LEGACY_FLAG,CHAR,레거시 구분 플래그,CONTRACT_HISTORY 테이블,N
PORTAL,COUPON_DISCOUNT,BANK_ACCT_NO,VARCHAR,은행 계좌번호,COUPON_DISCOUNT 테이블,Y
PORTAL,COUPON_DISCOUNT,RMK_CN,VARCHAR,비고 내용,COUPON_DISCOUNT 테이블,N
PORTAL,COUPON_DISCOUNT,TMP_WORK_VAL,VARCHAR,임시 작업값,COUPON_DISCOUNT 테이블,N
PORTAL,DISCOUNT,EMAIL_ADDR,VARCHAR,이메일 주소,DISCOUNT 테이블,Y
PORTAL,DISCOUNT,BANK_ACCT_NO,VARCHAR,은행 계좌번호,DISCOUNT 테이블,Y
PORTAL,DISCOUNT_GROUP,BANK_ACCT_NO,VARCHAR,은행 계좌번호,DISCOUNT_GROUP 테이블,Y
PORTAL,DISCOUNT_GROUP,LEGACY_FLAG,CHAR,레거시 구분 플래그,DISCOUNT_GROUP 테이블,N
PORTAL,DISCOUNT_GROUP,BATCH_SEQ,BIGINT,배치 일련번호,DISCOUNT_GROUP 테이블,N
PORTAL,DISCOUNT_MERCHANT,BATCH_SEQ,BIGINT,배치 일련번호,DISCOUNT_MERCHANT 테이블,N
PORTAL,DISCOUNT_MERCHANT,LEGACY_FLAG,CHAR,레거시 구분 플래그,DISCOUNT_MERCHANT 테이블,N
PORTAL,DISCOUNT_POLICY,BATCH_SEQ,BIGINT,배치 일련번호,DISCOUNT_POLICY 테이블,N
PORTAL,DIY_COUPON_MAPPING,HOME_ADDR,VARCHAR,주소,DIY_COUPON_MAPPING 테이블,Y
PORTAL,HANA_MERCHANT_CODE,TMP_WORK_VAL,VARCHAR,임시 작업값,HANA_MERCHANT_CODE 테이블,N
PORTAL,KB_MERCHANT_CODE,TMP_WORK_VAL,VARCHAR,임시 작업값,KB_MERCHANT_CODE 테이블,N
PORTAL,KONA_BIZ_CODE,BATCH_SEQ,BIGINT,배치 일련번호,KONA_BIZ_CODE 테이블,N
PORTAL,LUCKY_EVENT_REWARD_HISTORY,BATCH_SEQ,BIGINT,배치 일련번호,LUCKY_EVENT_REWARD_HISTORY 테이블,N
PORTAL,LUCKY_EVENT_REWARD_PRICE,BANK_ACCT_NO,VARCHAR,은행 계좌번호,LUCKY_EVENT_REWARD_PRICE 테이블,Y
PORTAL,LUCKY_EVENT_REWARD_PRICE,HOME_ADDR,VARCHAR,주소,LUCKY_EVENT_REWARD_PRICE 테이블,Y
PORTAL,LUCKY_EVENT_REWARD_PRICE,RMK_CN,VARCHAR,비고 내용,LUCKY_EVENT_REWARD_PRICE 테이블,N
PORTAL,LUCKY_EVENT_REWARD_PRICE,BATCH_SEQ,BIGINT,배치 일련번호,LUCKY_EVENT_REWARD_PRICE 테이블,N
PORTAL,LUCKY_EVENT_REWARD_SETTING,RMK_CN,VARCHAR,비고 내용,LUCKY_EVENT_REWARD_SETTING 테이블,N
PORTAL,LUCKY_EVENT_REWARD_SETTING,INTERNAL_MEMO,VARCHAR,내부 메모,LUCKY_EVENT_REWARD_SETTING 테이블,N
PORTAL,LUCKY_NEW_EVENT_REWARD_SETTING,RRNO,VARCHAR,주민등록번호,LUCKY_NEW_EVENT_REWARD_SETTING 테이블,Y
PORTAL,MERCHANT_INTRO,TEL_NO,VARCHAR,연락처(전화번호),MERCHANT_INTRO 테이블,Y
PORTAL,MERCHANT_INTRO,EMAIL_ADDR,VARCHAR,이메일 주소,MERCHANT_INTRO 테이블,Y
PORTAL,MERCHANT_INTRO,BATCH_SEQ,BIGINT,배치 일련번호,MERCHANT_INTRO 테이블,N
PORTAL,MERCHANT_INTRO_ASP_MAPPING,TEL_NO,VARCHAR,연락처(전화번호),MERCHANT_INTRO_ASP_MAPPING 테이블,Y
PORTAL,MERCHANT_INTRO_ASP_MAPPING,LEGACY_FLAG,CHAR,레거시 구분 플래그,MERCHANT_INTRO_ASP_MAPPING 테이블,N
PORTAL,MERCHANT_INTRODUCE,BATCH_SEQ,BIGINT,배치 일련번호,MERCHANT_INTRODUCE 테이블,N
PORTAL,PLAYER,EMAIL_ADDR,VARCHAR,이메일 주소,PLAYER 테이블,Y
PORTAL,PLAYER_ASP,TEL_NO,VARCHAR,연락처(전화번호),PLAYER_ASP 테이블,Y
PORTAL,POR_ALT_AGG,TMP_WORK_VAL,VARCHAR,임시 작업값,POR_ALT_AGG 테이블,N
PORTAL,POR_ALT_AGG,RMK_CN,VARCHAR,비고 내용,POR_ALT_AGG 테이블,N
PORTAL,POR_DTL_SPPS,RRNO,VARCHAR,주민등록번호,POR_DTL_SPPS 테이블,Y
PORTAL,POR_DTL_SPPS,TMP_WORK_VAL,VARCHAR,임시 작업값,POR_DTL_SPPS 테이블,N
PORTAL,POR_DTL_SPPS,BATCH_SEQ,BIGINT,배치 일련번호,POR_DTL_SPPS 테이블,N
PORTAL,POR_MPTY_CRD,BANK_ACCT_NO,VARCHAR,은행 계좌번호,POR_MPTY_CRD 테이블,Y
PORTAL,POR_SPPS,RRNO,VARCHAR,주민등록번호,POR_SPPS 테이블,Y
PORTAL,POR_SPPS,LEGACY_FLAG,CHAR,레거시 구분 플래그,POR_SPPS 테이블,N
PORTAL,POR_SPPS,INTERNAL_MEMO,VARCHAR,내부 메모,POR_SPPS 테이블,N
PORTAL,POR_SPPS_CNTS,TMP_WORK_VAL,VARCHAR,임시 작업값,POR_SPPS_CNTS 테이블,N
PORTAL,PRODUCT,RRNO,VARCHAR,주민등록번호,PRODUCT 테이블,Y
PORTAL,PRODUCT,CUST_NM,VARCHAR,고객 성명,PRODUCT 테이블,Y
PORTAL,PRODUCT_DISCOUNT,EMAIL_ADDR,VARCHAR,이메일 주소,PRODUCT_DISCOUNT 테이블,Y
PORTAL,PRODUCT_DISCOUNT,HOME_ADDR,VARCHAR,주소,PRODUCT_DISCOUNT 테이블,Y
PORTAL,PRODUCT_DISCOUNT,INTERNAL_MEMO,VARCHAR,내부 메모,PRODUCT_DISCOUNT 테이블,N
PORTAL,RETAIL_ASP_MAPPING,LEGACY_FLAG,CHAR,레거시 구분 플래그,RETAIL_ASP_MAPPING 테이블,N
PORTAL,ROLE,INTERNAL_MEMO,VARCHAR,내부 메모,ROLE 테이블,N
PORTAL,ROLE,RMK_CN,VARCHAR,비고 내용,ROLE 테이블,N
PORTAL,SH_MERCHANT_CODE,BANK_ACCT_NO,VARCHAR,은행 계좌번호,SH_MERCHANT_CODE 테이블,Y
PORTAL,SH_MERCHANT_CODE,INTERNAL_MEMO,VARCHAR,내부 메모,SH_MERCHANT_CODE 테이블,N
PORTAL,SH_MERCHANT_CODE,RMK_CN,VARCHAR,비고 내용,SH_MERCHANT_CODE 테이블,N
PORTAL,SHOP_CATEGORY_MAPPING,RMK_CN,VARCHAR,비고 내용,SHOP_CATEGORY_MAPPING 테이블,N
PORTAL,SHOP_CATEGORY_MAPPING,BATCH_SEQ,BIGINT,배치 일련번호,SHOP_CATEGORY_MAPPING 테이블,N
PORTAL,SS_BIZTYPE_CD,BATCH_SEQ,BIGINT,배치 일련번호,SS_BIZTYPE_CD 테이블,N
PORTAL,TBL_AREA_SERVICE_MAPPING,RMK_CN,VARCHAR,비고 내용,TBL_AREA_SERVICE_MAPPING 테이블,N
PORTAL,TBL_ASP_SERVICE_MAPPING,EMAIL_ADDR,VARCHAR,이메일 주소,TBL_ASP_SERVICE_MAPPING 테이블,Y
PORTAL,TBL_KA_SERVICE_MAPPING,RMK_CN,VARCHAR,비고 내용,TBL_KA_SERVICE_MAPPING 테이블,N
PORTAL,TBL_KA_SERVICE_MAPPING,TMP_WORK_VAL,VARCHAR,임시 작업값,TBL_KA_SERVICE_MAPPING 테이블,N
PORTAL,TBL_MILEAGE_IMAGE_MAPPING,BATCH_SEQ,BIGINT,배치 일련번호,TBL_MILEAGE_IMAGE_MAPPING 테이블,N
PORTAL,TMP_HANA_M,RMK_CN,VARCHAR,비고 내용,TMP_HANA_M 테이블,N
PP,BAS_EPAY_MAPPING,LEGACY_FLAG,CHAR,레거시 구분 플래그,BAS_EPAY_MAPPING 테이블,N
PP,BAS_EPAY_MAPPING,RMK_CN,VARCHAR,비고 내용,BAS_EPAY_MAPPING 테이블,N
PRS,PRS_SPPS_APH_HIST,HOME_ADDR,VARCHAR,주소,PRS_SPPS_APH_HIST 테이블,Y
PRS,PRS_SPPS_APH_HIST,INTERNAL_MEMO,VARCHAR,내부 메모,PRS_SPPS_APH_HIST 테이블,N
PRS,PRS_SPPS_U_YN,TEL_NO,VARCHAR,연락처(전화번호),PRS_SPPS_U_YN 테이블,Y
PRS,PRS_SPPS_U_YN,RMK_CN,VARCHAR,비고 내용,PRS_SPPS_U_YN 테이블,N
PRS,PRS_SPPS_U_YN,BATCH_SEQ,BIGINT,배치 일련번호,PRS_SPPS_U_YN 테이블,N
SAS,PNT_TRAN_TYPE,CUST_NM,VARCHAR,고객 성명,PNT_TRAN_TYPE 테이블,Y
SAS,prcs_cd,HOME_ADDR,VARCHAR,주소,prcs_cd 테이블,Y
SAS,prcs_cd,EMAIL_ADDR,VARCHAR,이메일 주소,prcs_cd 테이블,Y
SMS,IMC_AT_BIZ_MSG_LOG,TMP_WORK_VAL,VARCHAR,임시 작업값,IMC_AT_BIZ_MSG_LOG 테이블,N
SMS,IMC_AT_BIZ_MSG_LOG,LEGACY_FLAG,CHAR,레거시 구분 플래그,IMC_AT_BIZ_MSG_LOG 테이블,N
TBL,TMS_SNDNG_CMPGN_RPRT_PS,LEGACY_FLAG,CHAR,레거시 구분 플래그,TMS_SNDNG_CMPGN_RPRT_PS 테이블,N
TGS,TB_ACCESS_KEY,RRNO,VARCHAR,주민등록번호,TB_ACCESS_KEY 테이블,Y
TGS,TB_ACCESS_KEY,HOME_ADDR,VARCHAR,주소,TB_ACCESS_KEY 테이블,Y
TGS,TB_ACCESS_KEY,LEGACY_FLAG,CHAR,레거시 구분 플래그,TB_ACCESS_KEY 테이블,N
TSS,PREV_BALANCE,CUST_NM,VARCHAR,고객 성명,PREV_BALANCE 테이블,Y
TSS,PREV_BALANCE_POLICY,CUST_NM,VARCHAR,고객 성명,PREV_BALANCE_POLICY 테이블,Y
TSS,PREV_BALANCE_POLICY,BANK_ACCT_NO,VARCHAR,은행 계좌번호,PREV_BALANCE_POLICY 테이블,Y
TSS,TRANSFER_EXECUTE_HISTORY,TEL_NO,VARCHAR,연락처(전화번호),TRANSFER_EXECUTE_HISTORY 테이블,Y
TSS,TRANSFER_EXECUTE_HISTORY,BANK_ACCT_NO,VARCHAR,은행 계좌번호,TRANSFER_EXECUTE_HISTORY 테이블,Y
VCC,VCC_CHTBT_FAQ_BYDT_AGG,LEGACY_FLAG,CHAR,레거시 구분 플래그,VCC_CHTBT_FAQ_BYDT_AGG 테이블,N
VCC,VCC_CHTBT_IQY_HIST,BATCH_SEQ,BIGINT,배치 일련번호,VCC_CHTBT_IQY_HIST 테이블,N
VCC,VCC_CHTBT_SESN_PLCY,RMK_CN,VARCHAR,비고 내용,VCC_CHTBT_SESN_PLCY 테이블,N
VCC,VCC_CHTBT_TOKN,RRNO,VARCHAR,주민등록번호,VCC_CHTBT_TOKN 테이블,Y
VCC,VCC_CHTBT_TOKN,LEGACY_FLAG,CHAR,레거시 구분 플래그,VCC_CHTBT_TOKN 테이블,N
BIZ,TB_LEGACY_UNMIGRATED,RMK_CN,VARCHAR,비고 내용,TB_LEGACY_UNMIGRATED 테이블,N
BIZ,TB_LEGACY_UNMIGRATED,BATCH_SEQ,BIGINT,배치 일련번호,TB_LEGACY_UNMIGRATED 테이블,N
BIZ,TB_LEGACY_UNMIGRATED,LEGACY_FLAG,CHAR,레거시 구분 플래그,TB_LEGACY_UNMIGRATED 테이블,N
BIZD,TB_LEGACY_UNMIGRATED,RMK_CN,VARCHAR,비고 내용,TB_LEGACY_UNMIGRATED 테이블,N
BIZD,TB_LEGACY_UNMIGRATED,BATCH_SEQ,BIGINT,배치 일련번호,TB_LEGACY_UNMIGRATED 테이블,N
BIZD,TB_LEGACY_UNMIGRATED,LEGACY_FLAG,CHAR,레거시 구분 플래그,TB_LEGACY_UNMIGRATED 테이블,N
CRM,TB_LEGACY_UNMIGRATED,RMK_CN,VARCHAR,비고 내용,TB_LEGACY_UNMIGRATED 테이블,N
CRM,TB_LEGACY_UNMIGRATED,BATCH_SEQ,BIGINT,배치 일련번호,TB_LEGACY_UNMIGRATED 테이블,N
CRM,TB_LEGACY_UNMIGRATED,LEGACY_FLAG,CHAR,레거시 구분 플래그,TB_LEGACY_UNMIGRATED 테이블,N
CS,TB_LEGACY_UNMIGRATED,RMK_CN,VARCHAR,비고 내용,TB_LEGACY_UNMIGRATED 테이블,N
CS,TB_LEGACY_UNMIGRATED,BATCH_SEQ,BIGINT,배치 일련번호,TB_LEGACY_UNMIGRATED 테이블,N
CS,TB_LEGACY_UNMIGRATED,LEGACY_FLAG,CHAR,레거시 구분 플래그,TB_LEGACY_UNMIGRATED 테이블,N
CTI,TB_LEGACY_UNMIGRATED,RMK_CN,VARCHAR,비고 내용,TB_LEGACY_UNMIGRATED 테이블,N
CTI,TB_LEGACY_UNMIGRATED,BATCH_SEQ,BIGINT,배치 일련번호,TB_LEGACY_UNMIGRATED 테이블,N
CTI,TB_LEGACY_UNMIGRATED,LEGACY_FLAG,CHAR,레거시 구분 플래그,TB_LEGACY_UNMIGRATED 테이블,N
EMS,TB_LEGACY_UNMIGRATED,RMK_CN,VARCHAR,비고 내용,TB_LEGACY_UNMIGRATED 테이블,N
EMS,TB_LEGACY_UNMIGRATED,BATCH_SEQ,BIGINT,배치 일련번호,TB_LEGACY_UNMIGRATED 테이블,N
EMS,TB_LEGACY_UNMIGRATED,LEGACY_FLAG,CHAR,레거시 구분 플래그,TB_LEGACY_UNMIGRATED 테이블,N
IBF,TB_LEGACY_UNMIGRATED,RMK_CN,VARCHAR,비고 내용,TB_LEGACY_UNMIGRATED 테이블,N
IBF,TB_LEGACY_UNMIGRATED,BATCH_SEQ,BIGINT,배치 일련번호,TB_LEGACY_UNMIGRATED 테이블,N
IBF,TB_LEGACY_UNMIGRATED,LEGACY_FLAG,CHAR,레거시 구분 플래그,TB_LEGACY_UNMIGRATED 테이블,N
KBC,TB_LEGACY_UNMIGRATED,RMK_CN,VARCHAR,비고 내용,TB_LEGACY_UNMIGRATED 테이블,N
KBC,TB_LEGACY_UNMIGRATED,BATCH_SEQ,BIGINT,배치 일련번호,TB_LEGACY_UNMIGRATED 테이블,N
KBC,TB_LEGACY_UNMIGRATED,LEGACY_FLAG,CHAR,레거시 구분 플래그,TB_LEGACY_UNMIGRATED 테이블,N
KNOTIFY,TB_LEGACY_UNMIGRATED,RMK_CN,VARCHAR,비고 내용,TB_LEGACY_UNMIGRATED 테이블,N
KNOTIFY,TB_LEGACY_UNMIGRATED,BATCH_SEQ,BIGINT,배치 일련번호,TB_LEGACY_UNMIGRATED 테이블,N
KNOTIFY,TB_LEGACY_UNMIGRATED,LEGACY_FLAG,CHAR,레거시 구분 플래그,TB_LEGACY_UNMIGRATED 테이블,N
LGMS,TB_LEGACY_UNMIGRATED,RMK_CN,VARCHAR,비고 내용,TB_LEGACY_UNMIGRATED 테이블,N
LGMS,TB_LEGACY_UNMIGRATED,BATCH_SEQ,BIGINT,배치 일련번호,TB_LEGACY_UNMIGRATED 테이블,N
LGMS,TB_LEGACY_UNMIGRATED,LEGACY_FLAG,CHAR,레거시 구분 플래그,TB_LEGACY_UNMIGRATED 테이블,N
LSS,TB_LEGACY_UNMIGRATED,RMK_CN,VARCHAR,비고 내용,TB_LEGACY_UNMIGRATED 테이블,N
LSS,TB_LEGACY_UNMIGRATED,BATCH_SEQ,BIGINT,배치 일련번호,TB_LEGACY_UNMIGRATED 테이블,N
LSS,TB_LEGACY_UNMIGRATED,LEGACY_FLAG,CHAR,레거시 구분 플래그,TB_LEGACY_UNMIGRATED 테이블,N
ODS,TB_LEGACY_UNMIGRATED,RMK_CN,VARCHAR,비고 내용,TB_LEGACY_UNMIGRATED 테이블,N
ODS,TB_LEGACY_UNMIGRATED,BATCH_SEQ,BIGINT,배치 일련번호,TB_LEGACY_UNMIGRATED 테이블,N
ODS,TB_LEGACY_UNMIGRATED,LEGACY_FLAG,CHAR,레거시 구분 플래그,TB_LEGACY_UNMIGRATED 테이블,N
PRS,TB_LEGACY_UNMIGRATED,RMK_CN,VARCHAR,비고 내용,TB_LEGACY_UNMIGRATED 테이블,N
PRS,TB_LEGACY_UNMIGRATED,BATCH_SEQ,BIGINT,배치 일련번호,TB_LEGACY_UNMIGRATED 테이블,N
PRS,TB_LEGACY_UNMIGRATED,LEGACY_FLAG,CHAR,레거시 구분 플래그,TB_LEGACY_UNMIGRATED 테이블,N
RFS,TB_LEGACY_UNMIGRATED,RMK_CN,VARCHAR,비고 내용,TB_LEGACY_UNMIGRATED 테이블,N
RFS,TB_LEGACY_UNMIGRATED,BATCH_SEQ,BIGINT,배치 일련번호,TB_LEGACY_UNMIGRATED 테이블,N
RFS,TB_LEGACY_UNMIGRATED,LEGACY_FLAG,CHAR,레거시 구분 플래그,TB_LEGACY_UNMIGRATED 테이블,N
SAS,TB_LEGACY_UNMIGRATED,RMK_CN,VARCHAR,비고 내용,TB_LEGACY_UNMIGRATED 테이블,N
SAS,TB_LEGACY_UNMIGRATED,BATCH_SEQ,BIGINT,배치 일련번호,TB_LEGACY_UNMIGRATED 테이블,N
SAS,TB_LEGACY_UNMIGRATED,LEGACY_FLAG,CHAR,레거시 구분 플래그,TB_LEGACY_UNMIGRATED 테이블,N
TGS,TB_LEGACY_UNMIGRATED,RMK_CN,VARCHAR,비고 내용,TB_LEGACY_UNMIGRATED 테이블,N
TGS,TB_LEGACY_UNMIGRATED,BATCH_SEQ,BIGINT,배치 일련번호,TB_LEGACY_UNMIGRATED 테이블,N
TGS,TB_LEGACY_UNMIGRATED,LEGACY_FLAG,CHAR,레거시 구분 플래그,TB_LEGACY_UNMIGRATED 테이블,N
VCC,TB_LEGACY_UNMIGRATED,RMK_CN,VARCHAR,비고 내용,TB_LEGACY_UNMIGRATED 테이블,N
VCC,TB_LEGACY_UNMIGRATED,BATCH_SEQ,BIGINT,배치 일련번호,TB_LEGACY_UNMIGRATED 테이블,N
VCC,TB_LEGACY_UNMIGRATED,LEGACY_FLAG,CHAR,레거시 구분 플래그,TB_LEGACY_UNMIGRATED 테이블,N
